Market,Sub-Category,Year,Week_of_Year,Month,Quarter,Season,Promotion_Flag,Discount,Sales,Quantity,week_sin,week_cos,year_week,year_week_date,Sales_lag_1,Sales_lag_4,Sales_lag_12,Sales_roll_mean_4,Sales_roll_mean_12,Sales_roll_std_4,Sales_roll_std_12,Quantity_lag_1,Quantity_lag_4,Quantity_lag_12,Quantity_roll_mean_4,Quantity_roll_mean_12,Quantity_roll_std_4,Quantity_roll_std_12
APAC,Bookcases,2011,21,5,2,Autumn,0.5,0.035,715.0599,5,0.5680647467311558,-0.8229838658936564,2011-21,2011-05-23,492.9811624051472,246.4905812025736,246.4905812025736,762.5763609019302,525.3956609019302,232.94833102108075,273.65375703060437,14.0,4.0,7.0,8.5,6.666666666666667,4.358898943540674,3.8455011101128007
APAC,Bookcases,2011,22,6,2,Spring,0.5,0.035,659.8848812025735,11,0.46472317204376906,-0.8854560256532096,2011-22,2011-05-30,715.0599,1058.2005812025736,369.9405812025736,662.9974359019302,549.5576859019302,124.20787137480251,271.47167829078154,5.0,10.0,5.0,8.75,7.166666666666667,4.5,3.9962103260085007
APAC,Bookcases,2011,23,6,2,Autumn,1.0,0.235,573.1505999999999,5,0.35460488704253584,-0.9350162426854147,2011-23,2011-06-06,659.8848812025735,784.0638,592.2105812025736,610.2691359019302,547.969354135049,97.59965993192185,271.2551090090522,11.0,5.0,7.0,8.75,7.0,4.5,4.0451991747794525
APAC,Bookcases,2011,25,6,2,Summer,0.6,0.13999999999999999,1902.5971624051472,19,0.12053668025532308,-0.992708874098054,2011-25,2011-06-20,573.1505999999999,492.9811624051472,492.9811624051472,962.6731359019302,665.4373541350491,629.3324567484709,474.4164550667929,5.0,14.0,13.0,10.0,7.5,6.6332495807108,5.090097337879788
APAC,Bookcases,2011,26,6,2,Summer,1.0,0.35,566.787,2,-3.216245299353273e-16,-1.0,2011-26,2011-06-27,1902.5971624051472,715.0599,121.59,925.6049109019302,702.537104135049,652.7110969227075,444.48396551405466,19.0,5.0,1.0,9.25,7.583333333333333,7.5,4.9810245994781095
APAC,Bookcases,2011,27,7,3,Winter,1.0,0.4,180.396,2,-0.12053668025532283,-0.992708874098054,2011-27,2011-07-04,566.787,659.8848812025735,246.4905812025736,805.7326906012868,697.029222368168,753.9555950768636,451.01046268855254,2.0,11.0,4.0,7.0,7.416666666666667,8.12403840463596,5.142661732699293
APAC,Bookcases,2011,28,7,3,Summer,0.0,0.0,490.57058120257363,16,-0.23931566428755743,-0.9709418174260521,2011-28,2011-07-11,180.396,573.1505999999999,394.065,785.0876859019302,705.0713541350491,763.5170767571078,445.94909532942813,2.0,5.0,5.0,9.75,8.333333333333334,9.03234926989282,5.630006189780762
APAC,Bookcases,2011,29,7,3,Winter,1.0,0.4,246.4905812025736,7,-0.3546048870425356,-0.9350162426854148,2011-29,2011-07-18,490.57058120257363,1902.5971624051472,790.674,371.0610406012868,659.7227359019302,186.60308905943845,463.76591843230153,16.0,19.0,7.0,6.75,8.333333333333334,6.601767440112787,5.630006189780762
APAC,Bookcases,2011,31,8,3,Summer,0.5,0.1375,1255.7446624051472,17,-0.5680647467311556,-0.8229838658936566,2011-31,2011-08-01,246.4905812025736,566.787,246.4905812025736,543.3004562025735,743.8272426688113,493.33995476355926,473.42711876333163,7.0,2.0,4.0,10.5,9.416666666666666,7.234178138070235,5.961365513695564
APAC,Bookcases,2011,32,8,3,Winter,1.0,0.1,327.402,1,-0.663122658240795,-0.7485107481711013,2011-32,2011-08-08,1255.7446624051472,180.396,1058.2005812025736,580.0519562025736,682.9273609019301,461.75850143709715,476.30580743375367,17.0,2.0,10.0,10.25,8.666666666666666,7.632168761236874,6.429100507328636
APAC,Bookcases,2011,33,8,3,Summer,0.0,0.0,985.9623248102944,21,-0.7485107481711011,-0.6631226582407952,2011-33,2011-08-15,327.402,490.57058120257363,784.0638,703.8998921045038,699.7522379694547,494.9969046741578,483.7114218889172,1.0,16.0,5.0,11.5,10.0,9.146948489341495,7.211102550927978
APAC,Bookcases,2011,35,9,3,Summer,0.0,0.0,437.67,3,-0.8854560256532096,-0.4647231720437691,2011-35,2011-08-29,985.9623248102944,246.4905812025736,492.9811624051472,751.6947468038604,695.1429744356924,442.56204541218796,486.1183932082381,21.0,7.0,14.0,10.5,9.083333333333334,9.983319421247959,7.354137157636736
APAC,Bookcases,2011,36,9,3,Summer,0.75,0.205,1294.9877436077209,22,-0.9350162426854147,-0.3546048870425359,2011-36,2011-09-05,437.67,1255.7446624051472,715.0599,761.5055171045038,743.4702947363359,457.63866759018,516.1758614076099,3.0,17.0,5.0,11.75,10.5,11.29527924990495,8.096014732289865
APAC,Bookcases,2011,37,9,3,Summer,1.0,0.15000000000000002,450.153,4,-0.970941817426052,-0.23931566428755774,2011-37,2011-09-12,1294.9877436077209,327.402,659.8848812025735,792.1932671045038,725.9926379694548,421.51592479434896,522.7719484633525,22.0,1.0,11.0,12.5,9.916666666666666,10.408329997330663,8.306167843381461
APAC,Bookcases,2011,38,9,3,Spring,0.6666666666666666,0.06666666666666667,739.4717436077208,15,-0.992708874098054,-0.12053668025532357,2011-38,2011-09-19,450.153,985.9623248102944,573.1505999999999,730.5706218038604,739.8527332700982,401.27743280094137,520.551401873673,4.0,21.0,5.0,11.0,10.75,9.128709291752768,8.269604805331609
APAC,Bookcases,2011,39,9,3,Autumn,0.0,0.0,739.4717436077208,14,-1.0,-1.8369701987210297e-16,2011-39,2011-09-26,739.4717436077208,437.67,1902.5971624051472,806.0210577057906,642.9256150369793,353.3591736609537,371.2385320665157,15.0,3.0,19.0,13.75,10.333333333333334,7.4105780251385704,7.935344792111869
APAC,Bookcases,2011,40,10,4,Autumn,0.3333333333333333,0.028333333333333335,2076.8003436077206,19,-0.992708874098054,0.1205366802553232,2011-40,2011-10-03,739.4717436077208,1294.9877436077209,566.787,1001.4742077057905,768.7600603376226,729.7424100340404,554.0090647145287,14.0,22.0,2.0,13.0,11.75,6.377042156569664,7.829141367062835
APAC,Bookcases,2011,41,10,4,Autumn,0.5,0.2,514.266,3,-0.9709418174260521,0.23931566428755738,2011-41,2011-10-10,2076.8003436077206,450.153,180.396,1017.5024577057906,796.5825603376226,714.133764175017,529.6218499011338,19.0,4.0,2.0,12.75,11.833333333333334,6.849574196011507,7.720496137299764
APAC,Bookcases,2011,42,10,4,Autumn,1.0,0.12333333333333334,736.1491624051472,13,-0.9350162426854148,0.35460488704253557,2011-42,2011-10-17,514.266,739.4717436077208,490.57058120257363,1016.671812405147,817.0474421045037,714.5667541274042,521.4033049379527,3.0,15.0,16.0,12.25,11.583333333333334,6.701989754294368,7.621242243449116
APAC,Bookcases,2011,43,10,4,Autumn,0.5,0.07500000000000001,1284.1967436077207,23,-0.8854560256532101,0.464723172043768,2011-43,2011-10-24,736.1491624051472,739.4717436077208,246.4905812025736,1152.853062405147,903.522955638266,695.7885975830868,503.93295328608235,13.0,14.0,7.0,14.5,12.916666666666666,8.698658900466592,8.129165598838132
APAC,Bookcases,2011,44,11,4,Autumn,1.0,0.37,244.2069,1,-0.822983865893657,0.5680647467311548,2011-44,2011-10-31,1284.1967436077207,2076.8003436077206,1255.7446624051472,694.7047015032168,819.2281421045037,441.484203267187,523.8669833706304,23.0,19.0,17.0,10.0,11.583333333333334,10.132456102380443,8.691253004479778
APAC,Bookcases,2011,45,11,4,Autumn,0.0,0.0,492.9811624051472,7,-0.7485107481711011,0.6631226582407952,2011-45,2011-11-07,244.2069,514.266,327.402,689.3834921045036,833.026405638266,444.5019330110246,511.77607067857986,1.0,3.0,1.0,11.0,12.083333333333334,9.38083151964686,8.184889995743635
APAC,Bookcases,2011,46,11,4,Autumn,0.3333333333333333,0.07444444444444445,2380.516906012868,35,-0.6631226582407955,0.7485107481711007,2011-46,2011-11-14,492.9811624051472,736.1491624051472,985.9623248102944,1100.4754280064337,949.2392874051471,961.6833820643042,680.2629477184914,7.0,13.0,21.0,16.5,13.25,15.438048235879215,10.296733815765426
APAC,Bookcases,2011,47,11,4,Autumn,0.6666666666666666,0.2333333333333333,1063.1399999999999,9,-0.5680647467311559,0.8229838658936564,2011-47,2011-11-21,2380.516906012868,1284.1967436077207,437.67,1045.2112421045035,1001.3617874051471,953.9267395735828,661.1975110539669,35.0,23.0,3.0,13.0,13.75,15.05545305418162,9.891456368549026
APAC,Bookcases,2011,48,11,4,Autumn,1.0,0.085,541.8387,2,-0.4647231720437684,0.88545602565321,2011-48,2011-11-28,1063.1399999999999,244.2069,1294.9877436077209,1119.6191921045036,938.5993671045038,879.3100441827729,666.5160056553312,9.0,1.0,22.0,13.25,12.083333333333334,14.795832746644125,10.058540770123786
APAC,Bookcases,2011,49,12,4,Autumn,0.6666666666666666,0.10333333333333333,1651.9511436077207,21,-0.35460488704253595,0.9350162426854147,2011-49,2011-12-05,541.8387,492.9811624051472,450.153,1409.361687405147,1038.749212405147,790.4550785034505,676.6636366682361,2.0,7.0,4.0,16.75,13.5,14.476993242152645,10.013627078772569
APAC,Bookcases,2011,50,12,4,Spring,0.6666666666666666,0.06666666666666667,739.4717436077208,13,-0.2393156642875578,0.970941817426052,2011-50,2011-12-12,1651.9511436077207,2380.516906012868,739.4717436077208,999.1003968038602,1038.749212405147,485.39003742841146,676.6636366682361,21.0,35.0,15.0,11.25,13.333333333333334,7.932002689527197,10.003029844032557
APAC,Bookcases,2011,51,12,4,Winter,0.25,0.025,1037.712,7,-0.12053668025532363,0.992708874098054,2011-51,2011-12-19,739.4717436077208,1063.1399999999999,739.4717436077208,992.7433968038603,1063.6025671045038,484.4373384426243,670.1175100941044,13.0,9.0,14.0,10.75,12.75,8.180260794538684,10.163437142298589
APAC,Bookcases,2011,52,12,4,Winter,0.75,0.135,1129.3833812025737,11,6.432490598706546e-16,1.0,2011-52,2011-12-26,1037.712,541.8387,2076.8003436077206,1139.6295671045036,984.6511535707414,379.9525655773635,591.0383561993045,7.0,2.0,19.0,13.0,12.083333333333334,5.8878405775518985,9.976867183032896
APAC,Bookcases,2012,1,12,4,Summer,1.0,0.1,246.4905812025736,4,0.12053668025532305,0.992708874098054,2012-1,2012-01-02,1129.3833812025737,1651.9511436077207,514.266,788.2644265032169,962.3365353376225,397.69580440943423,614.98213241916,11.0,21.0,3.0,8.75,12.166666666666666,4.031128874149276,9.897964284119078
APAC,Bookcases,2012,2,1,1,Winter,0.8,0.22399999999999998,973.4416624051472,26,0.23931566428755774,0.970941817426052,2012-2,2012-01-09,246.4905812025736,739.4717436077208,736.1491624051472,846.7569062025735,982.1109103376226,405.2613397966062,610.8491511774553,4.0,13.0,13.0,12.0,13.25,9.76387901058454,10.678142501049853
APAC,Bookcases,2012,3,1,1,Summer,1.0,0.25,417.4185812025736,4,0.3546048870425356,0.9350162426854148,2012-3,2012-01-16,973.4416624051472,1037.712,1284.1967436077207,691.6835515032169,909.8793968038603,425.9838919947533,623.0071076341478,26.0,7.0,23.0,11.25,11.666666666666666,10.372238588334408,10.508293982575971
APAC,Bookcases,2012,4,1,1,Summer,0.0,0.0,499.5105812025736,9,0.4647231720437685,0.8854560256532099,2012-4,2012-01-23,417.4185812025736,1129.3833812025737,244.2069,534.2153515032169,931.1547035707414,311.20797026391597,602.2206968960761,4.0,11.0,1.0,10.75,12.333333333333334,10.436314802968846,10.012113874823047
APAC,Bookcases,2012,5,2,1,Winter,0.0,0.0,246.4905812025736,7,0.5680647467311558,0.8229838658936564,2012-5,2012-01-30,499.5105812025736,246.4905812025736,492.9811624051472,534.2153515032169,910.6138218038604,311.20797026391597,622.3907877813072,9.0,4.0,7.0,11.5,12.333333333333334,9.882644720249063,10.012113874823047
APAC,Bookcases,2012,6,2,1,Winter,0.0,0.0,649.7251624051472,12,0.6631226582407952,0.7485107481711011,2012-6,2012-02-06,246.4905812025736,973.4416624051472,2380.516906012868,453.2862265032169,766.3811765032169,168.10301742322318,417.66497707830655,7.0,26.0,35.0,8.0,10.416666666666666,3.366501646120696,7.038315053184157
APAC,Bookcases,2012,7,2,1,Summer,1.0,0.4,246.4905812025736,6,0.7485107481711011,0.6631226582407953,2012-7,2012-02-13,649.7251624051472,417.4185812025736,1063.1399999999999,410.5542265032169,698.3270582700981,199.12285072309356,431.22746997938765,12.0,4.0,9.0,8.5,10.166666666666666,2.645751311064595,7.145670441645485
APAC,Bookcases,2012,8,2,1,Summer,1.0,0.1,246.4905812025736,2,0.8229838658936564,0.5680647467311559,2012-8,2012-02-20,246.4905812025736,499.5105812025736,541.8387,347.2992265032169,673.7147150369792,201.61729060128738,449.0319715256853,6.0,9.0,2.0,6.75,10.166666666666666,4.112987559751025,7.145670441645485
APAC,Bookcases,2012,10,3,1,Summer,1.0,0.1,246.4905812025736,7,0.9350162426854148,0.35460488704253557,2012-10,2012-03-05,246.4905812025736,246.4905812025736,1651.9511436077207,347.2992265032169,556.5930015032169,201.61729060128738,340.9733163312697,2.0,7.0,21.0,6.75,9.0,4.112987559751025,6.310164959664821
APAC,Bookcases,2012,11,3,1,Winter,1.0,0.21,694.7901,5,0.970941817426052,0.23931566428755804,2012-11,2012-03-12,246.4905812025736,649.7251624051472,739.4717436077208,358.5654609019301,552.8695312025735,224.14975939871374,339.0331520254769,7.0,12.0,13.0,5.0,8.333333333333334,2.1602468994692923,6.271629240742253
APAC,Bookcases,2012,12,3,1,Spring,0.3333333333333333,0.13333333333333333,582.6571624051472,10,0.992708874098054,0.120536680255323,2012-12,2012-03-19,694.7901,246.4905812025736,1037.712,442.6071062025735,514.9482947363359,231.03655075848113,303.4554185045023,5.0,6.0,7.0,6.0,8.583333333333334,3.366501646120696,6.273440890457207
APAC,Bookcases,2012,13,3,1,Spring,0.0,0.0,534.4305812025736,5,1.0,-1.6081226496766366e-16,2012-13,2012-03-26,582.6571624051472,246.4905812025736,1129.3833812025737,514.5921062025735,465.3688947363358,190.94166791817915,234.77044540069116,10.0,2.0,11.0,6.75,8.083333333333334,2.3629078131263093,6.302356461649634
APAC,Bookcases,2012,14,4,2,Autumn,1.0,0.3,776.7405812025736,11,0.992708874098054,-0.12053668025532288,2012-14,2012-04-02,534.4305812025736,246.4905812025736,246.4905812025736,647.1546062025735,509.5563947363359,109.43535573513776,239.67837758365675,5.0,7.0,4.0,7.75,8.666666666666666,3.201562118716428,6.213377552190155
APAC,Bookcases,2012,15,4,2,Spring,0.0,0.0,246.4905812025736,5,0.9709418174260521,-0.2393156642875575,2012-15,2012-04-09,776.7405812025736,694.7901,973.4416624051472,535.0797265032169,448.97713796945476,219.04923135831328,200.4265669147036,11.0,5.0,26.0,7.75,6.916666666666667,3.201562118716428,3.028901190901141
APAC,Bookcases,2012,16,4,2,Spring,1.0,0.25,901.4371624051472,12,0.9350162426854148,-0.35460488704253545,2012-16,2012-04-16,246.4905812025736,582.6571624051472,417.4185812025736,614.7747265032169,489.3120197363358,288.96175272265015,238.57154347923614,5.0,10.0,4.0,8.25,7.583333333333333,3.774917217635378,3.2039275140289045
APAC,Bookcases,2012,19,5,2,Autumn,0.0,0.0,645.0105812025736,7,0.7485107481711013,-0.663122658240795,2012-19,2012-05-07,901.4371624051472,534.4305812025736,499.5105812025736,642.4197265032169,501.4370197363359,283.95934259147487,242.7969669619961,12.0,5.0,9.0,8.75,7.416666666666667,3.3040379335998384,3.1754264805429293
APAC,Bookcases,2012,20,5,2,Autumn,0.75,0.1375,1313.8395812025735,16,0.6631226582407952,-0.7485107481711012,2012-20,2012-05-14,645.0105812025736,776.7405812025736,246.4905812025736,776.6944765032168,590.3827697363358,448.1600979047692,323.1265044789306,7.0,11.0,7.0,10.0,8.166666666666666,4.9665548085837825,4.018894767409949
APAC,Bookcases,2012,21,5,2,Autumn,0.75,0.07500000000000001,873.2567436077208,12,0.5680647467311558,-0.8229838658936564,2012-21,2012-05-21,1313.8395812025735,246.4905812025736,649.7251624051472,933.3860171045036,609.010401503217,278.4131015322398,333.1462166578343,16.0,5.0,12.0,11.75,8.166666666666666,3.6855573979160003,4.018894767409949
APAC,Bookcases,2012,22,5,2,Spring,0.5,0.1,680.6505812025737,6,0.46472317204376906,-0.8854560256532096,2012-22,2012-05-28,873.2567436077208,901.4371624051472,246.4905812025736,878.1893718038602,645.190401503217,307.2509061275283,313.17352216597413,12.0,12.0,6.0,10.25,8.166666666666666,4.645786621588787,4.018894767409949
APAC,Bookcases,2012,23,6,2,Spring,0.0,0.0,1248.2805812025736,9,0.35460488704253584,-0.9350162426854147,2012-23,2012-06-04,680.6505812025737,645.0105812025736,246.4905812025736,1029.0068718038601,728.672901503217,302.66639479328,330.28616921353876,6.0,7.0,2.0,10.75,8.75,4.272001872658769,3.5194266061907804
APAC,Bookcases,2012,25,6,2,Spring,0.4,0.1,2043.81,18,0.12053668025532308,-0.992708874098054,2012-25,2012-06-18,1248.2805812025736,1313.8395812025735,246.4905812025736,1211.499476503217,878.4495197363359,602.8549723841605,469.8034272400174,9.0,16.0,7.0,11.25,9.666666666666666,5.123475382979802,4.355421560503286
APAC,Bookcases,2012,26,6,2,Summer,0.25,0.025,1557.9705812025736,11,-3.216245299353273e-16,-1.0,2012-26,2012-06-25,2043.81,873.2567436077208,694.7901,1382.6779359019301,950.381226503217,571.1766140670885,503.96571924980316,18.0,12.0,5.0,11.0,10.166666666666666,5.099019513592787,4.108380201343078
APAC,Bookcases,2012,27,7,3,Summer,1.0,0.07,160.5366,1,-0.12053668025532283,-0.992708874098054,2012-27,2012-07-02,1557.9705812025736,680.6505812025737,582.6571624051472,1252.6494406012869,915.2045129694548,798.3077044984623,545.0254906939052,11.0,6.0,10.0,9.75,9.416666666666666,6.994045086119097,4.888917584856086
APAC,Bookcases,2012,28,7,3,Winter,0.0,0.0,342.54,2,-0.23931566428755743,-0.9709418174260521,2012-28,2012-07-09,160.5366,1248.2805812025736,534.4305812025736,1026.2142953006432,899.2136312025737,919.2522649803772,559.8269211650556,1.0,9.0,5.0,8.0,9.166666666666666,8.04155872120988,5.201980974648597
APAC,Bookcases,2012,31,8,3,Winter,0.3333333333333333,0.03333333333333333,736.0411624051471,19,-0.5680647467311556,-0.8229838658936566,2012-31,2012-07-30,342.54,2043.81,776.7405812025736,699.27208590193,895.8220129694547,620.8082837990111,560.7588663408699,2.0,18.0,11.0,8.25,9.833333333333334,8.460693430998038,5.921199714636045
APAC,Bookcases,2012,32,8,3,Summer,1.0,0.07,713.6481812025736,9,-0.663122658240795,-0.7485107481711013,2012-32,2012-08-06,736.0411624051471,1557.9705812025736,246.4905812025736,488.19148590193004,934.7518129694548,283.332703842135,526.7676055428301,19.0,11.0,5.0,7.75,10.166666666666666,8.30160627027485,5.734002779802935
APAC,Bookcases,2012,33,8,3,Summer,0.5714285714285714,0.1357142857142857,1710.1546624051473,22,-0.7485107481711011,-0.6631226582407952,2012-33,2012-08-13,713.6481812025736,160.5366,901.4371624051472,875.5960015032169,1002.1449379694546,584.9044106634972,571.9156745015488,9.0,1.0,12.0,13.0,11.0,9.201449161228174,6.67423812471914
APAC,Bookcases,2012,34,8,3,Summer,0.0,0.0,294.6,2,-0.8229838658936564,-0.5680647467311559,2012-34,2012-08-20,1710.1546624051473,342.54,645.0105812025736,863.6110015032169,972.9440562025735,599.7701228984783,600.0610210377488,22.0,2.0,7.0,13.0,10.583333333333334,9.201449161228174,7.089792064309885
APAC,Bookcases,2012,35,8,3,Summer,0.75,0.25,924.7367436077208,24,-0.8854560256532096,-0.4647231720437691,2012-35,2012-08-27,294.6,736.0411624051471,1313.8395812025735,910.7848968038604,940.5188197363359,593.7826167529499,590.4007077756147,2.0,19.0,16.0,14.25,11.25,10.531698185319721,7.967262561712939
APAC,Bookcases,2012,36,9,3,Winter,1.0,0.10000000000000002,867.0585812025736,8,-0.9350162426854147,-0.3546048870425359,2012-36,2012-09-03,924.7367436077208,713.6481812025736,873.2567436077208,949.1374968038604,940.0023062025735,581.6352826886457,590.467609109852,24.0,9.0,12.0,14.0,10.916666666666666,10.708252269472675,8.016554840774894
APAC,Bookcases,2012,37,9,3,Summer,0.6666666666666666,0.04666666666666667,769.4701624051472,9,-0.970941817426052,-0.23931566428755774,2012-37,2012-09-10,867.0585812025736,1710.1546624051473,680.6505812025737,713.9663718038603,947.4039379694547,286.82758978171483,587.4701119253082,8.0,22.0,6.0,10.75,11.166666666666666,9.358596760910974,7.895146188218001
APAC,Bookcases,2012,39,9,3,Autumn,1.0,0.35666666666666663,1161.5865812025736,9,-1.0,-1.8369701987210297e-16,2012-39,2012-09-24,769.4701624051472,294.6,1248.2805812025736,930.7130171045037,940.1794379694547,166.7227877304569,583.9562239101156,9.0,2.0,9.0,12.5,11.166666666666666,7.68114574786861,7.895146188218001
APAC,Bookcases,2012,40,10,4,Autumn,1.0,0.344,1195.8942812025737,15,-0.992708874098054,0.1205366802553232,2012-40,2012-10-01,1161.5865812025736,924.7367436077208,2043.81,998.5024015032168,869.5197947363358,212.36230698263495,480.39092294210786,9.0,24.0,18.0,10.25,10.916666666666666,3.2015621187164287,7.704288455533094
APAC,Bookcases,2012,41,10,4,Autumn,1.0,0.1725,1442.7891812025737,15,-0.9709418174260521,0.23931566428755738,2012-41,2012-10-08,1195.8942812025737,867.0585812025736,1557.9705812025736,1142.435051503217,859.9213447363359,278.4122136073697,466.3297281052068,15.0,8.0,11.0,12.0,11.25,3.4641016151377584,7.794228634059941
APAC,Bookcases,2012,42,10,4,Autumn,0.25,0.025,1183.9817436077208,12,-0.9350162426854148,0.35460488704253557,2012-42,2012-10-15,1442.7891812025737,769.4701624051472,160.5366,1246.0629468038603,945.2084400369794,131.9197210988475,417.8611150207639,15.0,9.0,1.0,12.75,12.166666666666666,2.8722813232690187,7.0945988845975805
APAC,Bookcases,2012,43,10,4,Autumn,0.0,0.0,907.5017436077208,12,-0.8854560256532101,0.464723172043768,2012-43,2012-10-22,1183.9817436077208,1161.5865812025736,342.54,1182.5417374051472,992.2885853376227,218.75107179539955,373.229285033282,12.0,9.0,2.0,13.5,13.0,1.732050807568885,6.3389130126401065
APAC,Bookcases,2012,44,10,4,Spring,1.0,0.1,706.4085812025736,5,-0.822983865893657,0.5680647467311548,2012-44,2012-10-29,907.5017436077208,1195.8942812025737,736.0411624051471,1060.1703124051471,989.8192035707416,321.5491272047182,375.17178515254204,12.0,15.0,19.0,11.0,11.833333333333334,4.242640687119288,6.422026490324074
APAC,Bookcases,2012,45,11,4,Autumn,0.6666666666666666,0.145,1338.5613248102943,30,-0.7485107481711011,0.6631226582407952,2012-45,2012-11-05,706.4085812025736,1442.7891812025737,713.6481812025736,1034.1133483070773,1041.895298871385,281.99882927325325,376.7203145365442,5.0,15.0,9.0,14.75,13.583333333333334,10.688779163215978,8.195989410940104
APAC,Bookcases,2012,46,11,4,Autumn,0.5,0.105,1003.4289812025736,8,-0.6631226582407955,0.7485107481711007,2012-46,2012-11-12,1338.5613248102943,1183.9817436077208,1710.1546624051473,988.9751577057905,983.0014921045039,263.88203715930734,312.5245392791584,30.0,12.0,22.0,13.75,12.416666666666666,11.20639698267616,7.879297769048534
APAC,Bookcases,2012,47,11,4,Autumn,0.6666666666666666,0.05666666666666667,673.4383624051472,10,-0.5680647467311559,0.8229838658936564,2012-47,2012-11-19,1003.4289812025736,907.5017436077208,294.6,930.4593124051471,1014.5713556382661,309.90876290979986,249.4284932515678,8.0,12.0,2.0,13.25,13.083333333333334,11.354147553500734,7.229464123650618
APAC,Bookcases,2012,48,11,4,Autumn,0.0,0.0,583.0905812025736,7,-0.4647231720437684,0.88545602565321,2012-48,2012-11-26,673.4383624051472,706.4085812025736,924.7367436077208,899.6298124051472,986.1008421045038,343.8966884442311,278.42721673416224,10.0,5.0,24.0,13.75,11.666666666666666,10.904891868637062,6.527331813693899
APAC,Bookcases,2012,49,12,4,Autumn,0.0,0.0,1026.2011624051472,8,-0.35460488704253595,0.9350162426854147,2012-49,2012-12-03,583.0905812025736,1338.5613248102943,867.0585812025736,821.5397718038603,999.3627238713849,226.39347256700088,276.02129544215836,7.0,30.0,8.0,8.25,11.666666666666666,1.2583057392118016,6.527331813693899
APAC,Bookcases,2012,50,12,4,Autumn,0.0,0.0,700.9905812025736,9,-0.2393156642875578,0.970941817426052,2012-50,2012-12-10,1026.2011624051472,1003.4289812025736,769.4701624051472,745.9301718038603,993.6560921045038,193.51415940712008,281.8526160413753,8.0,8.0,9.0,8.5,11.666666666666666,1.2909944487358154,6.527331813693899
APAC,Bookcases,2012,51,12,4,Autumn,0.3333333333333333,0.03333333333333333,1223.868,9,-0.12053668025532363,0.992708874098054,2012-51,2012-12-17,700.9905812025736,673.4383624051472,1161.5865812025736,883.5375812025735,998.8462103376228,294.26150409591776,285.77223834628717,9.0,10.0,9.0,8.25,11.666666666666666,0.9574271077563512,6.527331813693899
APAC,Bookcases,2012,52,12,4,Winter,0.42857142857142855,0.05714285714285715,2034.3003248102943,27,6.432490598706546e-16,1.0,2012-52,2012-12-24,1223.868,583.0905812025736,1195.8942812025737,1246.3400171045037,1068.713380638266,567.8185040601873,412.6503822212605,9.0,7.0,15.0,13.25,12.666666666666666,9.178779875342912,7.866307130972434
APAC,Bookcases,2013,1,1,1,Winter,0.4166666666666667,0.08916666666666667,2965.689868418015,48,0.12053668025532305,0.992708874098054,2013-1,2012-12-31,2034.3003248102943,1026.2011624051472,1442.7891812025737,1731.2121936077206,1195.6217712395528,989.0318913521827,683.467225574672,27.0,8.0,15.0,23.25,15.416666666666666,18.553975315279473,12.90847736484779
APAC,Bookcases,2013,2,1,1,Summer,0.5,0.05,492.9811624051472,8,0.23931566428755774,0.970941817426052,2013-2,2013-01-07,2965.689868418015,700.9905812025736,1183.9817436077208,1679.209838908364,1138.0383894726717,1063.891407792519,713.0077213309778,48.0,9.0,12.0,23.0,15.083333333333334,18.81488772222678,13.05553406402701
APAC,Bookcases,2013,3,1,1,Summer,1.0,0.1,448.578,3,0.3546048870425356,0.9350162426854148,2013-3,2013-01-14,492.9811624051472,1223.868,907.5017436077208,1485.387338908364,1099.7947441720282,1231.8610134499447,738.3542931379768,8.0,9.0,12.0,21.5,14.333333333333334,20.46948949045872,13.499719413470197
APAC,Bookcases,2013,4,1,1,Winter,0.0,0.0,670.8405812025736,12,0.4647231720437685,0.8854560256532099,2013-4,2013-01-21,448.578,2034.3003248102943,706.4085812025736,1144.522403006434,1096.8307441720283,1217.903937873223,740.1462546691879,3.0,27.0,5.0,17.75,14.916666666666666,20.5,13.207837434529909
APAC,Bookcases,2013,5,1,1,Winter,0.0,0.0,504.09,3,0.5680647467311558,0.8229838658936564,2013-5,2013-01-28,670.8405812025736,2965.689868418015,1338.5613248102943,529.1224359019301,1027.2914671045037,97.47521626780672,754.432998701921,12.0,48.0,30.0,6.5,12.666666666666666,4.358898943540668,12.694546669791523
APAC,Bookcases,2013,6,2,1,Winter,1.0,0.07,611.3388812025736,5,0.6631226582407952,0.7485107481711011,2013-6,2013-02-04,504.09,492.9811624051472,1003.4289812025736,558.7118656012867,994.6172921045039,100.75625404499513,763.9905139687162,3.0,8.0,8.0,5.75,12.416666666666666,4.272001872658759,12.823687835290189
APAC,Bookcases,2013,7,2,1,Winter,0.0,0.0,246.4905812025736,3,0.7485107481711011,0.6631226582407953,2013-7,2013-02-11,611.3388812025736,448.578,673.4383624051472,508.19001090193007,959.0383103376226,187.6151193781097,789.8126281326196,5.0,3.0,10.0,5.75,11.833333333333334,4.272001872658759,13.099849640589792
APAC,Bookcases,2013,9,2,1,Winter,0.0,0.0,364.32,1,0.8854560256532099,0.4647231720437686,2013-9,2013-02-25,246.4905812025736,670.8405812025736,583.0905812025736,431.5598656012866,940.8074285707415,159.53364786191997,801.7145635871101,3.0,12.0,7.0,3.0,11.333333333333334,1.6329931618554359,13.411889795207376
APAC,Bookcases,2013,10,3,1,Winter,0.75,0.13,1031.2517436077208,14,0.9350162426854148,0.35460488704253557,2013-10,2013-03-04,364.32,504.09,1026.2011624051472,563.3503015032168,941.2283103376226,347.00999340580876,801.7647929179933,1.0,3.0,8.0,5.75,11.833333333333334,5.737304826019497,13.388144914155363
APAC,Bookcases,2013,13,3,1,Autumn,1.0,0.25,606.0585812025736,7,1.0,-1.6081226496766366e-16,2013-13,2013-03-25,1031.2517436077208,611.3388812025736,700.9905812025736,562.0302265032169,933.3173103376226,346.77655127944314,804.8132583269723,14.0,5.0,9.0,6.25,11.666666666666666,5.737304826019497,13.438975429922495
APAC,Bookcases,2013,15,4,2,Autumn,0.0,0.0,252.06,2,0.9709418174260521,-0.2393156642875575,2013-15,2013-04-08,606.0585812025736,246.4905812025736,1223.868,563.4225812025735,852.3333103376226,345.09440665193694,821.6368977463566,7.0,3.0,9.0,6.0,11.083333333333334,5.944184833375664,13.714347718113801
APAC,Bookcases,2013,16,4,2,Spring,0.5,0.175,686.526,6,0.9350162426854148,-0.35460488704253545,2013-16,2013-04-15,252.06,364.32,2034.3003248102943,643.9740812025734,740.0187832700981,319.80665293082126,732.6806642916854,2.0,1.0,27.0,7.25,9.333333333333334,4.991659710623974,12.808614525412416
APAC,Bookcases,2013,17,4,2,Spring,0.5,0.175,492.9811624051472,6,0.8854560256532099,-0.4647231720437685,2013-17,2013-04-22,686.526,1031.2517436077208,2965.689868418015,509.4064359019301,533.9597244356925,189.0414018659902,213.82284345657675,6.0,14.0,48.0,5.25,5.833333333333333,2.217355782608333,3.973396379406242
APAC,Bookcases,2013,19,5,2,Spring,0.5,0.18,1174.678062405147,14,0.7485107481711013,-0.663122658240795,2013-19,2013-05-06,492.9811624051472,606.0585812025736,492.9811624051472,651.5613062025734,590.7677994356924,391.4173501931259,281.72151782538003,6.0,7.0,8.0,7.0,6.333333333333333,5.033222956847162,4.599077641387999
APAC,Bookcases,2013,20,5,2,Autumn,1.0,0.11166666666666668,1538.8769436077207,21,0.6631226582407952,-0.7485107481711012,2013-20,2013-05-13,1174.678062405147,252.06,448.578,973.2655421045037,681.6260447363359,473.77065873471787,387.6112756350698,14.0,2.0,3.0,11.75,7.833333333333333,7.228416147400477,6.102657146065482
APAC,Bookcases,2013,21,5,2,Autumn,0.5,0.035,534.4305812025736,9,0.5680647467311558,-0.8229838658936564,2013-21,2013-05-20,1538.8769436077207,686.526,670.8405812025736,935.241687405147,670.2585447363358,509.2311901394403,389.9495361966944,21.0,6.0,12.0,12.5,7.583333333333333,6.557438524301997,5.976595767633681
APAC,Bookcases,2013,22,5,2,Spring,0.8,0.11800000000000002,1540.192143607721,13,0.46472317204376906,-0.8854560256532096,2013-22,2013-05-27,534.4305812025736,492.9811624051472,504.09,1197.0444327057905,756.6003900369792,474.04542248294604,458.49363619720395,9.0,6.0,3.0,14.25,8.416666666666666,4.991659710623974,5.976595767633682
APAC,Bookcases,2013,23,6,2,Spring,0.25,0.0925,730.0182812025736,8,0.35460488704253584,-0.9350162426854147,2013-23,2013-06-03,1540.192143607721,1174.678062405147,611.3388812025736,1085.879487405147,766.4903400369793,529.8867108932515,456.35039647540776,13.0,14.0,5.0,12.75,8.666666666666666,5.909032633745275,5.882691612354032
APAC,Bookcases,2013,24,6,2,Spring,0.5,0.08166666666666667,1865.6228436077208,16,0.23931566428755768,-0.970941817426052,2013-24,2013-06-10,730.0182812025736,1538.8769436077207,246.4905812025736,1167.5659624051473,901.4180285707416,637.2969126365286,523.1060439699637,8.0,21.0,3.0,11.5,9.75,3.696845502136466,5.940997773560803
APAC,Bookcases,2013,25,6,2,Autumn,1.0,0.1,381.915,3,0.12053668025532308,-0.992708874098054,2013-25,2013-06-17,1865.6228436077208,534.4305812025736,364.32,1129.4370671045037,902.8842785707416,690.1724030362196,521.4858641288029,16.0,9.0,1.0,10.0,9.916666666666666,5.7154760664940785,5.6962241614046025
APAC,Bookcases,2013,26,6,2,Summer,0.3333333333333333,0.03333333333333333,1737.5403248102944,26,-3.216245299353273e-16,-1.0,2013-26,2013-06-24,381.915,1540.192143607721,1031.2517436077208,1178.7741124051472,961.7416603376226,734.9256426654355,574.45822572471,3.0,13.0,14.0,13.25,10.916666666666666,10.045728777279756,7.3045232976601895
APAC,Bookcases,2013,27,7,3,Summer,0.5,0.035,561.4815812025736,9,-0.12053668025532283,-0.992708874098054,2013-27,2013-07-01,1737.5403248102944,730.0182812025736,606.0585812025736,1136.639937405147,958.0269103376227,773.0705485206498,577.1053842541205,26.0,8.0,7.0,13.5,11.083333333333334,9.88264472024906,7.229464123650618
APAC,Bookcases,2013,28,7,3,Summer,0.25,0.1,985.9623248102944,26,-0.23931566428755743,-0.9709418174260521,2013-28,2013-07-08,561.4815812025736,1865.6228436077208,252.06,916.7248077057905,1019.1854374051471,602.9790563773201,532.6659872394315,9.0,16.0,2.0,16.0,13.083333333333334,11.803954139750514,7.786448990315661
APAC,Bookcases,2013,29,7,3,Summer,1.0,0.37,537.705,5,-0.3546048870425356,-0.9350162426854148,2013-29,2013-07-15,985.9623248102944,381.915,686.526,955.6723077057904,1006.7836874051471,560.4516275526015,542.7521670365626,26.0,3.0,6.0,16.5,13.0,11.090536506409416,7.874007874011804
APAC,Bookcases,2013,30,7,3,Summer,0.5,0.05,517.0845812025736,5,-0.46472317204376806,-0.8854560256532101,2013-30,2013-07-22,537.705,1737.5403248102944,492.9811624051472,650.5583718038603,1008.792305638266,224.3372629332478,540.7186151447382,5.0,26.0,6.0,11.25,12.916666666666666,10.01249219725039,7.959652040514115
APAC,Bookcases,2013,31,8,3,Summer,0.25,0.0925,963.8437624051472,18,-0.5680647467311556,-0.8229838658936566,2013-31,2013-07-29,517.0845812025736,561.4815812025736,1174.678062405147,751.1489171045037,991.2227806382662,258.6637796741784,538.2582057931634,5.0,9.0,14.0,13.5,13.25,10.344080432788598,8.09180281070125
APAC,Bookcases,2013,32,8,3,Summer,0.5,0.0425,985.9623248102944,13,-0.663122658240795,-0.7485107481711013,2013-32,2013-08-05,963.8437624051472,985.9623248102944,1538.8769436077207,751.1489171045037,945.1465624051474,258.6637796741784,510.0416411412077,18.0,26.0,21.0,10.25,12.583333333333334,6.39661368746516,7.716079236754811
APAC,Bookcases,2013,33,8,3,Summer,0.25,0.025,1438.197162405147,17,-0.7485107481711011,-0.6631226582407952,2013-33,2013-08-12,985.9623248102944,537.705,534.4305812025736,976.2719577057906,1020.4604441720284,376.15435870995833,510.60679945814564,13.0,5.0,9.0,13.25,13.25,5.909032633745276,7.723929758166554
APAC,Bookcases,2013,34,8,3,Summer,0.16666666666666666,0.08333333333333333,2065.287324810294,37,-0.8229838658936564,-0.5680647467311559,2013-34,2013-08-19,1438.197162405147,517.0845812025736,1540.192143607721,1363.3226436077207,1064.2183759389095,516.5090492755932,577.335370645142,17.0,5.0,13.0,21.25,15.25,10.719919153924,10.3231866116128
APAC,Bookcases,2013,35,8,3,Summer,0.5,0.05,681.9405812025736,8,-0.8854560256532096,-0.4647231720437691,2013-35,2013-08-26,2065.287324810294,963.8437624051472,730.0182812025736,1292.8468483070772,1060.2119009389096,601.4359432498002,580.0259727022568,37.0,18.0,8.0,18.75,15.25,12.711543310445562,10.3231866116128
APAC,Bookcases,2013,36,9,3,Winter,0.75,0.07500000000000001,985.9623248102944,24,-0.9350162426854147,-0.3546048870425359,2013-36,2013-09-02,681.9405812025736,985.9623248102944,1865.6228436077208,1292.8468483070772,986.9068577057906,601.4359432498002,521.6297955555776,8.0,13.0,16.0,21.5,15.916666666666666,12.23383286900171,10.629789473099839
APAC,Bookcases,2013,37,9,3,Winter,0.75,0.07500000000000001,985.9623248102944,23,-0.970941817426052,-0.23931566428755774,2013-37,2013-09-09,985.9623248102944,1438.197162405147,381.915,1179.788138908364,1037.2441347733152,607.480559735086,485.8594752344556,24.0,17.0,3.0,23.0,17.583333333333332,11.860297916438128,9.96775103050134
APAC,Bookcases,2013,38,9,3,Summer,0.6666666666666666,0.125,1644.0723248102943,24,-0.992708874098054,-0.12053668025532357,2013-38,2013-09-16,985.9623248102944,2065.287324810294,1737.5403248102944,1074.484388908364,1029.4551347733152,405.87082072893884,474.2219850945674,23.0,37.0,26.0,19.75,17.416666666666668,7.847504911329031,9.829994296986536
APAC,Bookcases,2013,39,9,3,Spring,1.0,0.1,246.4905812025736,7,-1.0,-1.8369701987210297e-16,2013-39,2013-09-23,1644.0723248102943,681.9405812025736,561.4815812025736,965.6218889083642,1003.2058847733151,571.0435763767712,509.8589261583858,24.0,8.0,9.0,19.5,17.25,8.346656017032606,10.00113629907758
APAC,Bookcases,2013,40,9,3,Autumn,0.6666666666666666,0.11166666666666668,1833.264162405147,18,-0.992708874098054,0.1205366802553232,2013-40,2013-09-30,246.4905812025736,985.9623248102944,985.9623248102944,1177.4473483070774,1073.8143712395529,719.0692082573606,563.1397431922929,7.0,24.0,26.0,18.0,16.583333333333332,7.7888809636986105,9.624385064968452
APAC,Bookcases,2013,41,10,4,Autumn,1.0,0.27999999999999997,1241.8515,6,-0.9709418174260521,0.23931566428755738,2013-41,2013-10-07,1833.264162405147,985.9623248102944,537.705,1241.4196421045037,1132.493246239553,707.6470734833165,538.3387551486938,18.0,23.0,5.0,13.75,16.666666666666668,8.732124598286486,9.518721584648882
APAC,Bookcases,2013,42,10,4,Autumn,0.3333333333333333,0.09999999999999999,1718.9823248102944,27,-0.9350162426854148,0.35460488704253557,2013-42,2013-10-14,1241.8515,1644.0723248102943,517.0845812025736,1260.1471421045037,1232.6513915401963,722.6864690921157,525.0763177157188,6.0,24.0,5.0,14.5,18.5,9.949874371066196,9.180017825294632
APAC,Bookcases,2013,43,10,4,Autumn,0.75,0.21000000000000002,828.8237436077208,13,-0.8854560256532101,0.464723172043768,2013-43,2013-10-21,1718.9823248102944,246.4905812025736,963.8437624051472,1405.7304327057905,1221.3997233070772,462.09287322232086,532.7507144299647,27.0,7.0,18.0,16.0,18.083333333333332,8.831760866327842,9.317220940849584
APAC,Bookcases,2013,44,10,4,Autumn,0.75,0.1,985.9623248102944,21,-0.822983865893657,0.5680647467311548,2013-44,2013-10-28,828.8237436077208,1833.264162405147,985.9623248102944,1193.9049733070774,1221.3997233070772,389.2426594581665,532.7507144299647,13.0,18.0,13.0,16.75,18.75,9.178779875342906,9.20597631976098
APAC,Bookcases,2013,45,11,4,Spring,1.0,0.1,492.9811624051472,8,-0.7485107481711011,0.6631226582407952,2013-45,2013-11-04,985.9623248102944,1241.8515,1438.197162405147,1006.6873889083643,1142.6317233070774,517.4692156580302,566.5843640432289,21.0,6.0,17.0,17.25,18.0,8.421203397773182,9.714094726923156
APAC,Bookcases,2013,46,11,4,Autumn,0.0,0.0,901.2705812025736,7,-0.6631226582407955,0.7485107481711007,2013-46,2013-11-11,492.9811624051472,1718.9823248102944,2065.287324810294,802.2594530064339,1045.630328006434,215.95421674362768,488.52717901598106,8.0,27.0,37.0,12.25,15.5,6.396613687465157,8.107235825315103
APAC,Bookcases,2013,47,11,4,Autumn,1.0,0.135,538.4781,4,-0.5680647467311559,0.8229838658936564,2013-47,2013-11-18,901.2705812025736,828.8237436077208,681.9405812025736,729.6730421045038,1033.6751212395527,250.1389371638098,499.86042395725593,7.0,13.0,8.0,10.0,15.166666666666666,7.527726527090805,8.515582864088133
APAC,Bookcases,2013,48,11,4,Autumn,0.5,0.0425,1534.788,11,-0.4647231720437684,0.88545602565321,2013-48,2013-11-25,538.4781,985.9623248102944,985.9623248102944,866.8794609019302,1079.4105941720284,481.29407407415,519.807803845911,4.0,21.0,24.0,7.5,14.083333333333334,2.8867513459481167,8.106768589869635
APAC,Bookcases,2013,49,12,4,Autumn,1.0,0.385,776.6355812025736,11,-0.35460488704253595,0.9350162426854147,2013-49,2013-12-02,1534.788,492.9811624051472,985.9623248102944,937.7930656012868,1061.966698871385,425.50402273666623,526.6955596377227,11.0,8.0,23.0,8.25,13.083333333333334,3.4034296427770125,7.633161305458668
APAC,Bookcases,2013,50,12,4,Autumn,0.25,0.025,1242.5461624051472,17,-0.2393156642875578,0.970941817426052,2013-50,2013-12-09,776.6355812025736,901.2705812025736,1644.0723248102943,1023.1119609019303,1028.5061853376226,449.2899296515396,498.3442630143186,11.0,7.0,24.0,10.75,12.5,5.315072906367319,6.960929927426752
APAC,Bookcases,2013,51,12,4,Autumn,0.2,0.014000000000000002,1494.9617436077208,21,-0.12053668025532363,0.992708874098054,2013-51,2013-12-16,1242.5461624051472,538.4781,246.4905812025736,1262.2328718038605,1132.545448871385,348.63606661931914,448.0218553640924,17.0,4.0,7.0,15.0,13.666666666666666,4.8989794855663495,7.126561498217687
APAC,Bookcases,2013,52,12,4,Winter,0.0,0.0,1080.1517436077208,15,6.432490598706546e-16,1.0,2013-52,2013-12-23,1494.9617436077208,1534.788,1833.264162405147,1148.5738077057906,1069.7860806382662,301.0177341264904,389.92224597467947,21.0,11.0,18.0,16.0,13.416666666666666,4.163331998932257,7.012434842780528
APAC,Bookcases,2014,1,12,4,Winter,0.8571428571428571,0.23285714285714285,2387.9019812025736,26,0.12053668025532305,0.992708874098054,2014-1,2013-12-30,1080.1517436077208,776.6355812025736,1241.8515,1551.3904077057905,1165.2902874051472,583.2056392966416,545.2941919587657,15.0,11.0,6.0,19.75,15.083333333333334,4.856267428111147,7.452374037035361
APAC,Bookcases,2014,2,1,1,Winter,1.0,0.35,246.4905812025736,7,0.23931566428755774,0.970941817426052,2014-2,2014-01-06,2387.9019812025736,1242.5461624051472,1718.9823248102944,1302.376512405147,1042.5826421045037,890.6427570887249,574.2770432839826,26.0,17.0,27.0,17.25,13.416666666666666,8.18026079453868,6.7481759600560745
APAC,Bookcases,2014,4,1,1,Winter,0.5,0.105,1054.259562405147,16,0.4647231720437685,0.8854560256532099,2014-4,2014-01-20,246.4905812025736,1494.9617436077208,828.8237436077208,1192.2009671045037,1061.3689603376226,886.1248799754643,570.3223746763358,7.0,21.0,13.0,16.0,13.666666666666666,7.7888809636986105,6.78679645050638
APAC,Bookcases,2014,5,1,1,Summer,0.5,0.05000000000000001,1685.4123248102944,24,0.5680647467311558,0.8229838658936564,2014-5,2014-01-27,1054.259562405147,1080.1517436077208,985.9623248102944,1343.5161124051472,1119.6564603376228,911.9154256890514,597.0319383726335,16.0,15.0,21.0,18.25,13.916666666666666,8.655441448399186,7.128155866744637
APAC,Bookcases,2014,6,2,1,Summer,0.75,0.2875,1015.7491624051472,13,0.6631226582407952,0.7485107481711011,2014-6,2014-02-03,1685.4123248102944,2387.9019812025736,492.9811624051472,1000.4779077057906,1163.2204603376229,588.9985064678425,565.3815624047578,24.0,26.0,8.0,15.0,14.333333333333334,7.071067811865471,6.893123494842628
APAC,Bookcases,2014,7,2,1,Winter,0.8333333333333334,0.165,1869.7651624051473,19,0.7485107481711011,0.6631226582407953,2014-7,2014-02-10,1015.7491624051472,246.4905812025736,901.2705812025736,1406.296553006434,1243.9283421045038,435.57091769489756,593.0385510134116,13.0,7.0,7.0,18.0,15.333333333333334,4.690415759823422,6.596601512532907
APAC,Bookcases,2014,8,2,1,Winter,1.0,0.21333333333333335,742.8639812025735,12,0.8229838658936564,0.5680647467311559,2014-8,2014-02-17,1869.7651624051473,1054.259562405147,538.4781,1328.4476577057906,1260.960498871385,535.7664309520451,573.550843444917,19.0,16.0,4.0,17.0,16.0,5.597618541248883,5.688904671695271
APAC,Bookcases,2014,9,2,1,Summer,1.0,0.1,545.4,4,0.8854560256532099,0.4647231720437686,2014-9,2014-02-24,742.8639812025735,1685.4123248102944,1534.788,1043.444576503217,1178.511498871385,583.6579595113706,601.0625096926922,12.0,24.0,11.0,12.0,15.416666666666666,6.164414002968971,6.542981435141473
APAC,Bookcases,2014,10,3,1,Winter,1.0,0.07,227.8872,2,0.9350162426854148,0.35460488704253557,2014-10,2014-03-03,545.4,1015.7491624051472,776.6355812025736,846.4790859019301,1132.782467104504,714.4123509473723,653.0436514983568,4.0,13.0,11.0,9.25,14.666666666666666,7.8049129826453925,7.5357732707319895
APAC,Bookcases,2014,11,3,1,Winter,0.4,0.144,1228.2982624051472,17,0.970941817426052,0.23931566428755804,2014-11,2014-03-10,227.8872,1869.7651624051473,1242.5461624051472,686.1123609019302,1131.5951421045038,419.108802416826,652.8388635826938,2.0,19.0,17.0,8.75,14.666666666666666,6.99404508611909,7.5357732707319895
APAC,Bookcases,2014,12,3,1,Winter,0.25,0.0175,1135.3727436077208,17,0.992708874098054,0.120536680255323,2014-12,2014-03-17,1228.2982624051472,742.8639812025735,1494.9617436077208,784.239551503217,1101.6293921045037,478.55857450988464,642.8196430889986,17.0,12.0,21.0,10.0,14.333333333333334,8.124038404635956,7.315405082095689
APAC,Bookcases,2014,13,3,1,Spring,0.0,0.0,1230.4111624051473,15,1.0,-1.6081226496766366e-16,2014-13,2014-03-24,1135.3727436077208,545.4,1080.1517436077208,955.4923421045038,1114.1510103376227,487.08987177879584,643.8259217613554,17.0,4.0,15.0,12.75,14.333333333333334,7.228416147400475,7.315405082095689
APAC,Bookcases,2014,14,4,2,Spring,0.75,0.060000000000000005,1174.5061624051473,12,0.992708874098054,-0.12053668025532288,2014-14,2014-03-31,1230.4111624051473,227.8872,2387.9019812025736,1192.1470827057906,1013.0346921045038,45.84602940993393,506.15637932953985,15.0,2.0,26.0,15.25,13.166666666666666,2.3629078131262893,6.3365223231292305
APAC,Bookcases,2014,15,4,2,Autumn,0.0,0.0,246.4905812025736,5,0.9709418174260521,-0.2393156642875575,2014-15,2014-04-07,1174.5061624051473,1228.2982624051472,246.4905812025736,946.6951624051472,1013.0346921045038,468.42939900712344,506.15637932953985,12.0,17.0,7.0,12.25,13.0,5.251983752196237,6.5366101862718295
APAC,Bookcases,2014,16,4,2,Spring,0.0,0.0,692.94,5,0.9350162426854148,-0.35460488704253545,2014-16,2014-04-14,246.4905812025736,1135.3727436077208,1054.259562405147,836.086976503217,982.9247285707415,461.20641626328575,514.1647142192681,5.0,17.0,16.0,9.25,12.083333333333334,5.057996968497832,6.841827684223419
APAC,Bookcases,2014,17,4,2,Spring,0.25,0.0925,1443.2956624051471,23,0.8854560256532099,-0.4647231720437685,2014-17,2014-04-21,692.94,1230.4111624051473,1685.4123248102944,889.308101503217,962.7483400369792,529.1549701394151,488.1864789781529,5.0,15.0,24.0,11.25,12.0,8.499999999999996,6.687845148272547
APAC,Bookcases,2014,18,5,2,Autumn,1.0,0.1,246.4905812025736,2,0.8229838658936565,-0.5680647467311557,2014-18,2014-04-28,1443.2956624051471,1174.5061624051473,1015.7491624051472,657.3042062025736,898.6434582700981,564.6793036743053,529.3640507379487,23.0,12.0,13.0,8.75,11.083333333333334,9.60468635614927,7.267090618714341
APAC,Bookcases,2014,19,5,2,Autumn,0.8333333333333334,0.32,1572.6161436077207,24,0.7485107481711013,-0.663122658240795,2014-19,2014-05-05,246.4905812025736,246.4905812025736,1869.7651624051473,988.8355968038604,873.8810400369792,628.745842782526,484.88920650247576,2.0,5.0,19.0,13.5,11.5,11.618950038622247,7.879778492502757
APAC,Bookcases,2014,21,5,2,Autumn,0.5555555555555556,0.06666666666666668,2226.7051624051473,21,0.5680647467311558,-0.8229838658936564,2014-21,2014-05-19,1572.6161436077207,692.94,742.8639812025735,1372.2768874051471,997.5344718038605,825.1508888946739,619.0739822517523,24.0,5.0,12.0,17.5,12.25,10.40832999733066,8.346202184771876
APAC,Bookcases,2014,22,5,2,Autumn,0.5,0.09499999999999999,2283.7759624051473,26,0.46472317204376906,-0.8854560256532096,2014-22,2014-05-26,2226.7051624051473,1443.2956624051471,545.4,1582.3969624051474,1142.3991353376227,947.2428555167086,701.5528809961082,21.0,23.0,4.0,18.25,14.083333333333334,11.026483271348724,8.774532707923777
APAC,Bookcases,2014,23,6,2,Spring,0.8333333333333334,0.16333333333333333,1492.8193060128679,23,0.35460488704253584,-0.9350162426854147,2014-23,2014-06-02,2283.7759624051473,246.4905812025736,227.8872,1893.9791436077207,1247.8101441720285,419.06704181133455,644.3506484623664,26.0,2.0,2.0,23.5,15.833333333333334,2.0816659994661117,8.22229047200721
APAC,Bookcases,2014,24,6,2,Autumn,0.5,0.05,776.9159999999999,6,0.23931566428755768,-0.970941817426052,2014-24,2014-06-09,1492.8193060128679,1572.6161436077207,1228.2982624051472,1695.0541077057906,1210.1949556382663,710.1931112969521,658.6105962552634,23.0,24.0,17.0,19.0,14.916666666666666,8.90692614392492,8.680786865605015
APAC,Bookcases,2014,25,6,2,Spring,0.625,0.0925,2358.6466872154415,42,0.12053668025532308,-0.992708874098054,2014-25,2014-06-16,776.9159999999999,2226.7051624051473,1135.3727436077208,1728.039488908364,1312.1344509389094,745.3126619359047,736.0885680665262,6.0,21.0,17.0,24.25,17.0,14.750706197783659,11.700815822372851
APAC,Bookcases,2014,26,6,2,Winter,0.5,0.05,494.7105812025736,16,-3.216245299353273e-16,-1.0,2014-26,2014-06-23,2358.6466872154415,2283.7759624051473,1230.4111624051473,1280.7731436077208,1250.8260691720284,832.3743797474172,773.2157558033492,42.0,26.0,15.0,21.75,17.083333333333332,15.195942440884231,11.688831758511533
APAC,Bookcases,2014,27,7,3,Summer,0.25,0.0925,857.4805624051471,13,-0.12053668025532283,-0.992708874098054,2014-27,2014-06-30,494.7105812025736,1492.8193060128679,1174.5061624051473,1121.9384577057904,1224.4072691720285,839.0154008733133,781.4327853868232,16.0,23.0,12.0,19.25,17.166666666666668,15.734781006843827,11.652805618728854
APAC,Bookcases,2014,28,7,3,Summer,0.5,0.035,985.9623248102944,32,-0.23931566428755743,-0.9709418174260521,2014-28,2014-07-07,857.4805624051471,776.9159999999999,246.4905812025736,1174.2000389083641,1286.0299144726716,816.5709705070582,724.3791019504431,13.0,6.0,5.0,25.75,19.416666666666668,13.671747023210552,11.696606604507394
APAC,Bookcases,2014,29,7,3,Summer,1.0,0.3425,715.9951624051472,15,-0.3546048870425356,-0.9350162426854148,2014-29,2014-07-14,985.9623248102944,2358.6466872154415,692.94,763.5371577057905,1287.951178006434,210.41727416380604,722.691660243497,32.0,42.0,5.0,19.0,20.25,8.755950357709127,10.905586558357056
APAC,Bookcases,2014,30,7,3,Summer,0.6666666666666666,0.14666666666666667,1044.3697624051472,13,-0.46472317204376806,-0.8854560256532101,2014-30,2014-07-21,715.9951624051472,494.7105812025736,1443.2956624051471,900.9519530064339,1254.707353006434,145.93858018277572,724.0701728942488,15.0,16.0,23.0,18.25,19.416666666666668,9.215023964519386,11.057357347718824
APAC,Bookcases,2014,31,8,3,Winter,0.3333333333333333,0.13333333333333333,1078.4865812025737,8,-0.5680647467311556,-0.8229838658936566,2014-31,2014-07-28,1044.3697624051472,857.4805624051471,246.4905812025736,956.2034577057905,1324.0403530064339,164.63300082208434,655.3223835935974,13.0,13.0,2.0,17.0,19.916666666666668,10.424330514074589,10.308498994283864
APAC,Bookcases,2014,32,8,3,Summer,0.42857142857142855,0.17714285714285713,1963.7790812025737,22,-0.663122658240795,-0.7485107481711013,2014-32,2014-08-04,1078.4865812025737,985.9623248102944,1572.6161436077207,1200.6576468038602,1356.6372644726719,534.3543516875488,678.1422955975886,8.0,32.0,24.0,14.5,19.75,5.802298395176395,10.252494153309053
APAC,Bookcases,2014,33,8,3,Summer,1.0,0.22999999999999998,1077.7871436077207,20,-0.7485107481711011,-0.6631226582407952,2014-33,2014-08-11,1963.7790812025737,715.9951624051472,2226.7051624051473,1291.1056421045037,1260.894096239553,448.73147013136963,622.9975117122361,22.0,15.0,21.0,15.75,19.666666666666668,6.4485140407176935,10.245472022786306
APAC,Bookcases,2014,34,8,3,Summer,0.5,0.035,711.5277812025736,6,-0.8229838658936564,-0.5680647467311559,2014-34,2014-08-18,1077.7871436077207,1044.3697624051472,2283.7759624051473,1207.8951468038601,1129.8734144726716,532.7337525326977,549.2891193463366,20.0,13.0,26.0,14.0,18.0,8.164965809277254,10.736513739232452
APAC,Bookcases,2014,35,8,3,Summer,0.3333333333333333,0.08333333333333333,1431.6843248102944,17,-0.8854560256532096,-0.4647231720437691,2014-35,2014-08-25,711.5277812025736,1078.4865812025737,1492.8193060128679,1296.1945827057905,1124.7788327057906,533.405290275642,545.8898116592744,6.0,8.0,23.0,16.25,17.5,7.135591542869209,10.621590362002376
APAC,Bookcases,2014,36,9,3,Winter,0.8333333333333334,0.13333333333333333,1632.2717436077207,19,-0.9350162426854147,-0.3546048870425359,2014-36,2014-09-01,1431.6843248102944,1963.7790812025737,776.9159999999999,1213.3177483070772,1196.058478006434,405.53180220915647,552.1465221737935,17.0,22.0,6.0,15.5,18.583333333333332,6.454972243679021,9.98597501347249
APAC,Bookcases,2014,37,9,3,Summer,0.5,0.175,492.9811624051472,11,-0.970941817426052,-0.23931566428755774,2014-37,2014-09-08,1632.2717436077207,1077.7871436077207,2358.6466872154415,1067.116253006434,1040.5863509389094,550.2680774177613,447.84037146137314,19.0,20.0,42.0,13.25,16.0,5.909032633745271,6.9150691839042215
APAC,Bookcases,2014,38,9,3,Winter,1.0,0.2,1015.3245812025737,11,-0.992708874098054,-0.12053668025532357,2014-38,2014-09-15,492.9811624051472,711.5277812025736,494.7105812025736,1143.065453006434,1083.9708509389095,503.8356091494501,414.0972881252163,11.0,6.0,16.0,14.5,15.583333333333334,4.123105625617649,7.064100448855122
APAC,Bookcases,2014,39,9,3,Autumn,0.375,0.06375,2344.130206012868,40,-1.0,-1.8369701987210297e-16,2014-39,2014-09-22,1015.3245812025737,1431.6843248102944,857.4805624051471,1371.1769233070772,1207.8583212395529,798.4708885035989,542.6172843617763,11.0,17.0,13.0,20.25,17.833333333333332,13.69610650270117,9.897964284119078
APAC,Bookcases,2014,40,10,4,Autumn,0.6666666666666666,0.15666666666666668,1936.5803436077208,25,-0.992708874098054,0.1205366802553232,2014-40,2014-09-29,2344.130206012868,1632.2717436077207,985.9623248102944,1447.2540733070773,1287.0764894726717,844.7932431182064,575.6624977666347,40.0,19.0,32.0,21.75,17.25,13.841363131329706,9.1663911804334
APAC,Bookcases,2014,41,10,4,Autumn,0.5555555555555556,0.1688888888888889,2311.873743607721,38,-0.9709418174260521,0.23931566428755738,2014-41,2014-10-06,1936.5803436077208,492.9811624051472,715.9951624051472,1901.9772186077207,1420.0663712395528,619.371913354069,614.7505222603594,25.0,11.0,15.0,28.5,19.166666666666668,13.428824718989121,10.894813889964787
APAC,Bookcases,2014,42,10,4,Autumn,0.5,0.11,985.9623248102944,20,-0.9350162426854148,0.35460488704253557,2014-42,2014-10-13,2311.873743607721,1015.3245812025737,1044.3697624051472,1894.6366545096507,1415.199084773315,633.39812437143,618.2169629683036,38.0,11.0,13.0,30.75,19.75,9.776672917374972,10.720625829764703
APAC,Bookcases,2014,43,10,4,Autumn,0.7777777777777778,0.09000000000000001,2370.7816872154417,28,-0.8854560256532101,0.464723172043768,2014-43,2014-10-20,985.9623248102944,2344.130206012868,1078.4865812025737,1901.2995248102943,1522.8903436077208,639.8102885065715,665.0159437320694,20.0,40.0,8.0,27.75,21.416666666666668,7.588368291888136,10.273163037150667
APAC,Bookcases,2014,44,10,4,Autumn,1.0,0.10666666666666667,1717.7583248102944,19,-0.822983865893657,0.5680647467311548,2014-44,2014-10-27,2370.7816872154417,1936.5803436077208,1963.7790812025737,1846.5940201109377,1502.3886139083643,645.1210436244671,653.8873311142165,28.0,25.0,22.0,26.25,21.166666666666668,8.808140174482538,10.294158390548345
APAC,Bookcases,2014,45,11,4,Autumn,0.8571428571428571,0.2057142857142857,2292.2160812025736,19,-0.7485107481711011,0.6631226582407952,2014-45,2014-11-03,1717.7583248102944,2311.873743607721,1077.7871436077207,1841.679604509651,1603.5910253746017,640.4531409069859,675.8088044692912,19.0,38.0,20.0,21.5,21.083333333333332,4.358898943540665,10.308498994283864
APAC,Bookcases,2014,46,11,4,Autumn,0.42857142857142855,0.13857142857142857,1341.4630624051472,20,-0.6631226582407955,0.7485107481711007,2014-46,2014-11-10,2292.2160812025736,985.9623248102944,711.5277812025736,1930.5547889083641,1656.085632141483,488.8455821982268,622.5869033660952,19.0,20.0,6.0,21.5,22.25,4.358898943540665,9.17630347441416
APAC,Bookcases,2014,47,11,4,Autumn,0.5714285714285714,0.13857142857142857,2066.2233248102943,24,-0.5680647467311559,0.8229838658936564,2014-47,2014-11-17,1341.4630624051472,2370.7816872154417,1431.6843248102944,1854.4151983070774,1708.963882141483,415.66304074219653,628.7117162038444,20.0,28.0,17.0,20.5,22.833333333333332,2.380476142847601,9.03360728646428
APAC,Bookcases,2014,48,11,4,Autumn,0.3333333333333333,0.12333333333333334,1043.5533812025735,9,-0.4647231720437684,0.88545602565321,2014-48,2014-11-24,2066.2233248102943,1717.7583248102944,1632.2717436077207,1685.863962405147,1659.9040186077207,589.7770762994484,657.5484531845467,24.0,19.0,19.0,18.0,22.0,6.377042156569658,9.844241510095678
APAC,Bookcases,2014,49,12,4,Autumn,0.0,0.0,744.9105812025737,7,-0.35460488704253595,0.9350162426854147,2014-49,2014-12-01,1043.5533812025735,2292.2160812025736,492.9811624051472,1299.0375874051472,1680.8981368408395,566.4811839266567,619.8448965302947,9.0,19.0,11.0,15.0,21.666666666666668,8.28653526310403,10.30739657927375
APAC,Bookcases,2014,50,12,4,Autumn,0.0,0.0,246.4905812025736,8,-0.2393156642875578,0.970941817426052,2014-50,2014-12-08,744.9105812025737,1341.4630624051472,1015.3245812025737,1025.2944671045038,1616.8286368408396,767.9012286568576,725.6071264211879,7.0,20.0,11.0,12.0,21.416666666666668,8.041558721209874,10.621233735334423
APAC,Bookcases,2014,51,12,4,Autumn,0.6,0.134,1659.6931624051472,18,-0.12053668025532363,0.992708874098054,2014-51,2014-12-15,246.4905812025736,2066.2233248102943,2344.130206012868,923.661926503217,1559.7922165401963,590.6575475621278,689.2284670154123,8.0,24.0,40.0,10.5,19.583333333333332,5.0662280511902145,8.877533782566307
APAC,Bookcases,2014,52,12,4,Summer,0.75,0.07500000000000001,1300.7911624051471,13,6.432490598706546e-16,1.0,2014-52,2014-12-22,1659.6931624051472,1043.5533812025735,1936.5803436077208,987.9713718038604,1506.8097847733152,621.2725371147142,682.0304761000184,18.0,9.0,25.0,11.5,18.583333333333332,5.0662280511902145,8.8877682374387
APAC,Chairs,2011,15,4,2,Spring,0.5,0.0925,663.8445812025736,11,0.9709418174260521,-0.2393156642875575,2011-15,2011-04-11,246.4905812025736,340.86,228.31199999999998,383.8961859019302,523.025172368168,196.77236858528354,279.47513761402786,6.0,2.0,4.0,6.0,7.166666666666667,3.741657386773941,4.217567875906538
APAC,Chairs,2011,16,4,2,Spring,0.6,0.17400000000000002,879.2031812025737,16,0.9350162426854148,-0.35460488704253545,2011-16,2011-04-18,663.8445812025736,378.759,496.1955,509.0072312025736,554.9424791350491,315.6208851379928,297.42657565906035,11.0,5.0,3.0,8.75,8.25,6.075908711186061,4.692837869853089
APAC,Chairs,2011,17,4,2,Autumn,1.0,0.1,44.496,1,0.8854560256532099,-0.4647231720437685,2011-17,2011-04-25,879.2031812025737,246.4905812025736,708.1995,458.50858590193025,499.63385413504915,381.00956640797426,326.6145368661662,16.0,2.0,9.0,8.5,7.583333333333333,6.454972243679028,5.124953806148063
APAC,Chairs,2011,18,5,2,Spring,0.5,0.11750000000000001,1108.7655812025735,18,0.8229838658936565,-0.5680647467311557,2011-18,2011-05-02,44.496,246.4905812025736,304.71,674.0773359019302,566.6384859019303,457.3502854478363,363.3953915360615,1.0,6.0,7.0,11.5,8.5,7.593857166596345,5.931426319344967
APAC,Chairs,2011,19,5,2,Spring,0.75,0.2025,752.9560624051472,13,0.7485107481711013,-0.663122658240795,2011-19,2011-05-09,1108.7655812025735,663.8445812025736,1068.435,696.3552062025736,540.3485744356925,458.8535645145609,334.0167253433914,18.0,11.0,8.0,12.0,8.916666666666666,7.615773105863909,6.067174470921869
APAC,Chairs,2011,20,5,2,Autumn,1.0,0.335,277.9524,6,0.6631226582407952,-0.7485107481711012,2011-20,2011-05-16,752.9560624051472,879.2031812025737,339.68399999999997,546.0425109019302,535.2042744356925,477.10644577688885,337.8416541350127,13.0,16.0,5.0,9.5,9.0,7.505553499465135,6.0151324326084605
APAC,Chairs,2011,21,5,2,Autumn,0.0,0.0,490.7505812025736,5,0.5680647467311558,-0.8229838658936564,2011-21,2011-05-23,277.9524,44.496,989.6521624051472,657.6061562025736,493.6291426688114,358.0568804377659,306.03299954869107,6.0,1.0,13.0,10.5,8.333333333333334,6.137317546507322,5.974694109071166
APAC,Chairs,2011,22,6,2,Autumn,1.0,0.185,953.8508436077208,25,0.46472317204376906,-0.8854560256532096,2011-22,2011-05-30,490.7505812025736,1108.7655812025735,492.9811624051472,618.8774718038604,532.0349494356925,295.9902210968554,333.61950116809874,5.0,18.0,15.0,12.25,9.166666666666666,9.215023964519391,7.493431467059344
APAC,Chairs,2011,23,6,2,Autumn,0.6666666666666666,0.06666666666666667,824.0011624051472,13,0.35460488704253584,-0.9350162426854147,2011-23,2011-06-06,953.8508436077208,752.9560624051472,340.86,636.6387468038604,572.2967129694547,308.5814000576718,337.58042545389543,25.0,13.0,2.0,12.25,10.083333333333334,9.215023964519391,7.204270618981158
APAC,Chairs,2011,24,6,2,Spring,0.75,0.1925,922.3251812025736,13,0.23931566428755768,-0.970941817426052,2011-24,2011-06-13,824.0011624051472,277.9524,378.759,797.7319421045038,617.5938947363359,211.9938792449166,345.6228956885969,13.0,6.0,5.0,14.0,10.75,8.246211251235321,7.059809423129572
APAC,Chairs,2011,25,6,2,Spring,0.6666666666666666,0.12333333333333334,639.9216,12,0.12053668025532308,-0.992708874098054,2011-25,2011-06-20,922.3251812025736,490.7505812025736,246.4905812025736,835.0246968038604,650.3798129694547,141.33620016777812,325.2815432485604,13.0,5.0,2.0,15.75,11.583333333333334,6.18465843842649,6.501165396692468
APAC,Chairs,2011,26,6,2,Summer,0.75,0.1975,593.0904,11,-3.216245299353273e-16,-1.0,2011-26,2011-06-27,639.9216,953.8508436077208,246.4905812025736,744.8345859019302,679.2631312025736,154.70756372515055,300.6105179607738,12.0,25.0,6.0,12.25,12.0,0.9574271077563363,6.266795614405123
APAC,Chairs,2011,28,7,3,Summer,1.0,0.25,246.4905812025736,8,-0.23931566428755743,-0.9709418174260521,2011-28,2011-07-11,593.0904,824.0011624051472,663.8445812025736,600.4569406012868,644.4836312025735,277.19011114854817,325.65633077350554,11.0,13.0,11.0,11.0,11.75,2.160246899469286,6.36931564755444
APAC,Chairs,2011,30,7,3,Winter,1.0,0.1,267.3,4,-0.46472317204376806,-0.8854560256532101,2011-30,2011-07-25,246.4905812025736,922.3251812025736,879.2031812025737,436.70064530064343,593.4916994356925,208.67275729900524,333.37729141355595,8.0,13.0,16.0,8.75,10.75,3.5939764421413036,6.579928156557225
APAC,Chairs,2011,31,8,3,Summer,0.5,0.11750000000000001,808.0245812025736,11,-0.5680647467311556,-0.8229838658936566,2011-31,2011-08-01,267.3,639.9216,44.496,478.7263906012868,657.1190812025735,270.89420738780007,288.97803590125943,4.0,12.0,1.0,8.5,11.583333333333334,3.3166247903553994,5.822500764406576
APAC,Chairs,2011,32,8,3,Summer,0.5,0.0875,1229.1825812025736,16,-0.663122658240795,-0.7485107481711013,2011-32,2011-08-08,808.0245812025736,593.0904,1108.7655812025735,637.7494359019302,667.1538312025735,472.26513259964383,307.57927140023526,11.0,11.0,18.0,9.75,11.416666666666666,5.0579969684978385,5.648142628467801
APAC,Chairs,2011,33,8,3,Summer,0.42857142857142855,0.06714285714285714,1759.4597436077208,23,-0.7485107481711011,-0.6631226582407952,2011-33,2011-08-15,1229.1825812025736,246.4905812025736,752.9560624051472,1015.991726503217,751.0291379694548,632.9783218625032,441.2795927258421,16.0,8.0,13.0,13.5,12.25,8.020806277010642,6.56609749879153
APAC,Chairs,2011,34,8,3,Winter,0.7142857142857143,0.09571428571428572,1859.6311624051473,30,-0.8229838658936564,-0.5680647467311559,2011-34,2011-08-22,1759.4597436077208,267.3,277.9524,1414.074517104504,882.835701503217,489.657442036961,516.872208121054,23.0,4.0,6.0,20.0,14.25,8.286535263104035,7.990050631310738
APAC,Chairs,2011,35,9,3,Summer,0.6666666666666666,0.17,2168.034,21,-0.8854560256532096,-0.4647231720437691,2011-35,2011-08-29,1859.6311624051473,808.0245812025736,490.7505812025736,1754.0768718038603,1022.6093197363358,390.74510185175785,618.0827855302674,30.0,11.0,5.0,22.5,15.583333333333334,5.802298395176402,7.633161305458674
APAC,Chairs,2011,36,9,3,Summer,0.3333333333333333,0.09000000000000001,846.6179999999999,16,-0.9350162426854147,-0.3546048870425359,2011-36,2011-09-05,2168.034,1229.1825812025736,953.8508436077208,1658.4357265032172,1013.6732494356925,568.4551805479636,619.939630771445,21.0,16.0,25.0,22.5,14.833333333333334,5.802298395176402,7.043157005637504
APAC,Chairs,2011,37,9,3,Summer,1.0,0.225,583.5015000000001,6,-0.970941817426052,-0.23931566428755774,2011-37,2011-09-12,846.6179999999999,1759.4597436077208,824.0011624051472,1364.4461656012868,993.6316109019303,767.8936923980975,630.4276203804422,16.0,23.0,13.0,18.25,14.25,10.012492197250392,7.484833149291125
APAC,Chairs,2011,38,9,3,Spring,0.6666666666666666,0.06666666666666667,497.1255812025736,9,-0.992708874098054,-0.12053668025532357,2011-38,2011-09-19,583.5015000000001,1859.6311624051473,922.3251812025736,1023.8197703006433,958.1983109019302,777.1558442668577,646.5429912970484,6.0,30.0,13.0,13.0,13.916666666666666,6.782329983125267,7.633161305458671
APAC,Chairs,2011,39,9,3,Autumn,0.3333333333333333,0.16666666666666666,649.0799999999999,9,-1.0,-1.8369701987210297e-16,2011-39,2011-09-26,497.1255812025736,2168.034,639.9216,644.0812703006434,958.9615109019302,148.6741372979651,646.1384112409041,9.0,21.0,12.0,10.0,13.666666666666666,4.242640687119284,7.749877809398422
APAC,Chairs,2011,40,10,4,Autumn,0.0,0.0,667.4505812025736,9,-0.992708874098054,0.1205366802553232,2011-40,2011-10-03,649.0799999999999,846.6179999999999,593.0904,599.2894156012868,965.1581926688114,77.05356173677757,642.6577964878388,9.0,16.0,11.0,8.25,13.5,1.4999999999999976,7.833494518006403
APAC,Chairs,2011,41,10,4,Autumn,0.3333333333333333,0.13333333333333333,726.7665812025735,16,-0.9709418174260521,0.23931566428755738,2011-41,2011-10-10,667.4505812025736,583.5015000000001,246.4905812025736,635.1056859019302,1005.1811926688114,97.77815489954766,607.8445387037358,9.0,6.0,8.0,10.75,14.166666666666666,3.499999999999999,7.661394761854379
APAC,Chairs,2011,42,10,4,Autumn,0.8571428571428571,0.17714285714285713,2149.3222624051473,29,-0.9350162426854148,0.35460488704253557,2011-42,2011-10-17,726.7665812025735,497.1255812025736,267.3,1048.1548562025737,1162.0163812025737,734.8597520721803,641.988928831582,16.0,9.0,4.0,15.75,16.25,9.42956343987709,8.03543289550612
APAC,Chairs,2011,43,10,4,Autumn,0.6666666666666666,0.11666666666666665,799.7551624051472,11,-0.8854560256532101,0.464723172043768,2011-43,2011-10-24,2149.3222624051473,649.0799999999999,808.0245812025736,1085.8236468038604,1161.3272629694548,711.060822886213,642.4077528214126,29.0,9.0,11.0,16.25,16.25,8.995369179009089,8.03543289550612
APAC,Chairs,2011,44,11,4,Autumn,0.6666666666666666,0.125,1539.7231624051471,31,-0.822983865893657,0.5680647467311548,2011-44,2011-10-31,799.7551624051472,667.4505812025736,1229.1825812025736,1303.8917921045038,1187.205644736336,672.7050779734682,651.5790438701682,11.0,9.0,16.0,21.75,17.5,9.776672917374976,9.090454534090343
APAC,Chairs,2011,45,11,4,Autumn,0.25,0.0675,871.1117436077208,21,-0.7485107481711011,0.6631226582407952,2011-45,2011-11-07,1539.7231624051471,726.7665812025735,1759.4597436077208,1339.9780827057907,1113.176644736336,634.1956968304311,630.7848531848668,31.0,16.0,23.0,23.0,17.333333333333332,9.092121131323903,8.998316340832712
APAC,Chairs,2011,46,11,4,Autumn,0.6666666666666666,0.18000000000000002,686.9713624051471,16,-0.6631226582407955,0.7485107481711007,2011-46,2011-11-14,871.1117436077208,2149.3222624051473,1859.6311624051473,974.3903577057906,1015.4549947363358,384.43672322701906,594.4169936910799,21.0,29.0,30.0,19.75,16.166666666666668,8.539125638299664,8.066015500890517
APAC,Chairs,2011,47,11,4,Autumn,1.0,0.2225,853.8351812025736,19,-0.5680647467311559,0.8229838658936564,2011-47,2011-11-21,686.9713624051471,799.7551624051472,2168.034,987.9103624051472,905.9384265032171,377.1293851948463,471.01469214853313,16.0,11.0,21.0,21.75,16.0,6.499999999999998,7.977240352174658
APAC,Chairs,2011,48,11,4,Autumn,0.5,0.15,1091.9115812025736,13,-0.4647231720437684,0.88545602565321,2011-48,2011-11-28,853.8351812025736,1539.7231624051471,846.6179999999999,875.9574671045038,926.3795582700981,166.19747665057062,473.52222423325765,19.0,31.0,16.0,17.25,15.75,3.499999999999998,8.024111392320252
APAC,Chairs,2011,49,12,4,Autumn,0.6666666666666666,0.12333333333333334,796.5525812025736,6,-0.35460488704253595,0.9350162426854147,2011-49,2011-12-05,1091.9115812025736,871.1117436077208,583.5015000000001,857.3176765032171,944.1338150369792,171.03283449804098,463.38315020197956,13.0,21.0,6.0,13.5,15.75,5.567764362830021,8.024111392320252
APAC,Chairs,2011,50,12,4,Autumn,0.4,0.074,1606.6532436077207,23,-0.2393156642875578,0.970941817426052,2011-50,2011-12-12,796.5525812025736,686.9713624051471,497.1255812025736,1087.2381468038602,1036.5944535707415,369.13815217668724,476.5874315268833,6.0,16.0,9.0,15.25,16.916666666666668,7.41057802513857,7.971065097455849
APAC,Chairs,2011,51,12,4,Winter,0.16666666666666666,0.06666666666666667,1264.8585812025735,17,-0.12053668025532363,0.992708874098054,2011-51,2011-12-19,1606.6532436077207,853.8351812025736,649.0799999999999,1189.9939968038602,1087.9093353376227,338.4405125990286,464.0562107342769,23.0,19.0,9.0,14.75,17.583333333333332,7.135591542869214,7.573378414291779
APAC,Chairs,2011,52,12,4,Winter,0.75,0.16,675.8052,11,6.432490598706546e-16,1.0,2011-52,2011-12-26,1264.8585812025735,1091.9115812025736,667.4505812025736,1085.967401503217,1088.6055535707414,430.15879629656223,463.3738203974731,17.0,13.0,9.0,14.25,17.75,7.365459931328117,7.387027942155212
APAC,Chairs,2012,1,1,1,Winter,1.0,0.27,246.4905812025736,9,0.12053668025532305,0.992708874098054,2012-1,2012-01-02,675.8052,796.5525812025736,726.7665812025735,948.451901503217,1048.5825535707415,605.6478935116637,515.3001217420806,11.0,6.0,16.0,15.0,17.166666666666668,6.324555320336758,7.802486006317982
APAC,Chairs,2012,2,1,1,Winter,0.4,0.13,1282.5480812025735,18,0.23931566428755774,0.970941817426052,2012-2,2012-01-09,246.4905812025736,1606.6532436077207,2149.3222624051473,867.4256109019302,976.3513718038604,500.852048750415,393.2822498159606,9.0,23.0,29.0,13.75,16.25,4.425306015783917,6.877169079312694
APAC,Chairs,2012,3,1,1,Winter,0.6,0.188,1071.1182,16,0.3546048870425356,0.9350162426854148,2012-3,2012-01-16,1282.5480812025735,1264.8585812025735,799.7551624051472,818.9905156012867,998.964958270098,457.0602423301978,389.99280264469576,18.0,17.0,11.0,13.5,16.666666666666668,4.203173404306162,6.678776879493779
APAC,Chairs,2012,4,1,1,Winter,0.2,0.054000000000000006,971.3079812025736,18,0.4647231720437685,0.8854560256532099,2012-4,2012-01-23,1071.1182,675.8052,1539.7231624051471,892.8662109019302,951.597026503217,450.02973888976226,350.9026112993847,16.0,11.0,31.0,15.25,15.583333333333334,4.272001872658764,4.981024599478114
APAC,Chairs,2012,5,2,1,Winter,1.0,0.27,69.5544,2,0.5680647467311558,0.8229838658936564,2012-5,2012-01-30,971.3079812025736,246.4905812025736,871.1117436077208,848.6321656012867,884.8005812025735,535.3486645487222,434.05479353861017,18.0,9.0,21.0,13.5,14.0,7.724420150837644,6.015132432608464
APAC,Chairs,2012,6,2,1,Summer,1.0,0.185,652.7793812025736,10,0.6631226582407952,0.7485107481711011,2012-6,2012-02-06,69.5544,1282.5480812025735,686.9713624051471,691.1899906012867,881.9512494356924,451.1901725333431,435.58103461442767,2.0,18.0,16.0,11.5,13.5,7.187952884282607,6.082762530298223
APAC,Chairs,2012,7,2,1,Winter,0.0,0.0,622.5105812025736,8,0.7485107481711011,0.6631226582407953,2012-7,2012-02-13,652.7793812025736,1071.1182,853.8351812025736,579.0380859019302,862.6741994356925,374.5116524398463,442.00975987100463,10.0,16.0,19.0,9.5,12.583333333333334,6.608075867199668,6.00694043031337
APAC,Chairs,2012,8,2,1,Winter,0.3333333333333333,0.13333333333333333,557.5785812025736,12,0.8229838658936564,0.5680647467311559,2012-8,2012-02-20,622.5105812025736,971.3079812025736,1091.9115812025736,475.6057359019302,818.1464494356925,273.5987140054732,443.72798986217776,8.0,18.0,13.0,8.0,12.5,4.320493798938571,6.007570980929741
APAC,Chairs,2012,10,3,1,Summer,0.8,0.174,1640.2455812025735,19,0.9350162426854148,0.35460488704253557,2012-10,2012-03-05,557.5785812025736,69.5544,796.5525812025736,868.2785312025735,888.4541994356924,516.1748263633257,502.89185080295704,12.0,2.0,6.0,12.25,13.583333333333334,4.787135538781689,5.90005136084476
APAC,Chairs,2012,11,3,1,Winter,1.0,0.25,177.7275,3,0.970941817426052,0.23931566428755804,2012-11,2012-03-12,1640.2455812025735,652.7793812025736,1606.6532436077207,749.5155609019303,769.3770541350491,625.3829825792931,486.27269991323607,19.0,10.0,23.0,10.5,11.916666666666666,6.757711644237763,5.822500764406579
APAC,Chairs,2012,12,3,1,Spring,0.0,0.0,390.4905812025736,7,0.992708874098054,0.120536680255323,2012-12,2012-03-19,177.7275,622.5105812025736,1264.8585812025735,691.5105609019301,696.5130541350491,651.3120030059854,470.5331203919882,3.0,8.0,17.0,10.25,11.083333333333334,6.898067362191624,5.743903223629756
APAC,Chairs,2012,15,4,2,Spring,0.5,0.135,874.8629999999999,10,0.9709418174260521,-0.2393156642875575,2012-15,2012-04-09,390.4905812025736,557.5785812025736,675.8052,770.8316656012868,713.101204135049,648.8797954714273,473.2377336993741,7.0,12.0,11.0,9.75,11.0,6.80073525436772,5.7524698252932325
APAC,Chairs,2012,16,4,2,Spring,1.0,0.29000000000000004,795.7457999999999,7,0.9350162426854148,-0.35460488704253545,2012-16,2012-04-16,874.8629999999999,1640.2455812025735,246.4905812025736,559.7067203006434,758.8724723681679,331.4514314606794,449.99576022349646,10.0,19.0,9.0,6.75,10.833333333333334,2.8722813232690103,5.843929769557058
APAC,Chairs,2012,17,4,2,Autumn,0.25,0.0675,969.408,10,0.8854560256532099,-0.4647231720437685,2012-17,2012-04-23,795.7457999999999,177.7275,1282.5480812025735,757.6268453006435,732.7774656012867,254.84483159872116,425.2673703340815,7.0,3.0,18.0,8.5,10.166666666666666,1.7320508075688708,5.39078900167741
APAC,Chairs,2012,18,5,2,Autumn,0.5,0.135,654.432,9,0.8229838658936565,-0.5680647467311557,2012-18,2012-04-30,969.408,390.4905812025736,1071.1182,823.6122,698.0536156012868,133.26857108770795,411.93228804793375,10.0,7.0,16.0,9.0,9.583333333333334,1.4142135623730872,5.071459057282928
APAC,Chairs,2012,19,5,2,Autumn,0.7142857142857143,0.09571428571428572,1795.5587436077208,29,0.7485107481711013,-0.663122658240795,2012-19,2012-05-07,654.432,874.8629999999999,971.3079812025736,1053.7861359019303,766.741179135049,511.01689866881804,516.9670369630813,9.0,10.0,18.0,13.75,10.5,10.242883708539633,7.2550922555377415
APAC,Chairs,2012,20,5,2,Autumn,0.3333333333333333,0.03333333333333333,773.8575812025736,10,0.6631226582407952,-0.7485107481711012,2012-20,2012-05-14,1795.5587436077208,795.7457999999999,69.5544,1048.3140812025736,825.4331109019303,514.8042409267332,468.30918441613994,29.0,7.0,2.0,14.5,11.166666666666666,9.678154093971983,6.753225940693875
APAC,Chairs,2012,21,5,2,Autumn,1.0,0.1,169.128,2,0.5680647467311558,-0.8229838658936564,2012-21,2012-05-21,773.8575812025736,969.408,652.7793812025736,848.2440812025736,785.1288291350492,683.5447304451602,503.97350949191565,10.0,10.0,10.0,12.5,10.5,11.561430130683084,7.2550922555377415
APAC,Chairs,2012,22,5,2,Spring,0.5,0.07500000000000001,1193.8065812025736,18,0.46472317204376906,-0.8854560256532096,2012-22,2012-05-28,169.128,654.432,622.5105812025736,983.087726503217,832.736829135049,685.7646047618077,514.0973405770118,2.0,9.0,8.0,14.75,11.333333333333334,11.528949070347508,7.511607179841241
APAC,Chairs,2012,23,6,2,Spring,0.75,0.21750000000000003,1620.9576,28,0.35460488704253584,-0.9350162426854147,2012-23,2012-06-04,1193.8065812025736,1795.5587436077208,557.5785812025736,939.4374406012868,921.3517473681678,619.1302263323522,552.5647233901891,18.0,29.0,12.0,14.5,12.666666666666666,11.12055154507485,8.927315929044392
APAC,Chairs,2012,24,6,2,Autumn,1.0,0.185,515.007,5,0.23931566428755768,-0.970941817426052,2012-24,2012-06-11,1620.9576,773.8575812025736,1640.2455812025735,874.7247953006434,827.5818656012867,654.7112123418298,513.5792166530626,28.0,10.0,19.0,13.25,11.5,12.0381338531629,8.939188492759897
APAC,Chairs,2012,25,6,2,Spring,0.3333333333333333,0.08666666666666667,2126.6562,19,0.12053668025532308,-0.992708874098054,2012-25,2012-06-18,515.007,169.128,177.7275,1364.1068453006433,989.9925906012868,682.5019061715712,591.6199821614464,5.0,2.0,3.0,17.5,12.833333333333334,9.469248474227859,8.74729395385519
APAC,Chairs,2012,26,6,2,Summer,0.75,0.1925,446.8917812025736,7,-3.216245299353273e-16,-1.0,2012-26,2012-06-25,2126.6562,1193.8065812025736,390.4905812025736,1177.3781453006434,994.6926906012868,830.7100216130932,586.6272608453526,19.0,18.0,7.0,14.75,12.833333333333334,10.781929326423912,8.74729395385519
APAC,Chairs,2012,27,7,3,Summer,0.6666666666666666,0.19833333333333333,969.7520999999999,16,-0.12053668025532283,-0.992708874098054,2012-27,2012-07-02,446.8917812025736,1620.9576,874.8629999999999,1014.5767703006435,1002.6001156012868,776.8668078191869,585.5036312832435,7.0,28.0,10.0,11.75,13.333333333333334,6.80073525436772,8.742095997198982
APAC,Chairs,2012,28,7,3,Summer,1.0,0.175,153.054,3,-0.23931566428755743,-0.9709418174260521,2012-28,2012-07-09,969.7520999999999,515.007,795.7457999999999,924.0885203006435,949.0424656012868,869.9550076621832,633.5669841082741,16.0,5.0,7.0,11.25,13.0,7.499999999999998,9.075441386711525
APAC,Chairs,2012,30,7,3,Summer,1.0,0.25,306.3375,7,-0.46472317204376806,-0.8854560256532101,2012-30,2012-07-23,153.054,2126.6562,969.408,469.0088453006435,893.7865906012868,354.74046968739214,659.9927502374286,3.0,19.0,10.0,8.25,12.75,5.499999999999997,9.205976319760987
APAC,Chairs,2012,31,8,3,Winter,0.42857142857142855,0.042857142857142864,1189.7325812025736,25,-0.5680647467311556,-0.8229838658936566,2012-31,2012-07-30,306.3375,446.8917812025736,654.432,654.7190453006435,938.3949723681679,502.8329172246824,660.4343784517445,7.0,7.0,9.0,12.75,14.083333333333334,9.810708435174291,9.755728697757151
APAC,Chairs,2012,32,8,3,Winter,1.0,0.25666666666666665,562.4971624051472,8,-0.663122658240795,-0.7485107481711013,2012-32,2012-08-06,1189.7325812025736,969.7520999999999,1795.5587436077208,552.9053109019303,835.6398406012868,456.9163789348434,608.8569975563448,25.0,16.0,29.0,10.75,12.333333333333334,9.742518497116988,8.658504314816561
APAC,Chairs,2012,33,8,3,Winter,1.0,0.1,267.3,4,-0.7485107481711011,-0.6631226582407952,2012-33,2012-08-13,562.4971624051472,153.054,773.8575812025736,581.4668109019302,793.4267088344055,426.1236196509117,630.6983880171729,8.0,3.0,10.0,11.0,11.833333333333334,9.486832980505138,8.973023543664173
APAC,Chairs,2012,34,8,3,Summer,0.75,0.155,1028.6256812025736,17,-0.8229838658936564,-0.5680647467311559,2012-34,2012-08-20,267.3,306.3375,169.128,762.0388562025737,865.0515156012867,423.7034659083054,601.4825128977782,4.0,7.0,2.0,13.5,13.083333333333334,9.39858145324779,8.511578566691947
APAC,Chairs,2012,35,8,3,Winter,1.0,0.1,836.5097436077208,11,-0.8854560256532096,-0.4647231720437691,2012-35,2012-08-27,1028.6256812025736,1189.7325812025736,1193.8065812025736,673.7331468038606,835.276779135049,331.66563407797,592.505440477554,17.0,25.0,18.0,10.0,12.5,5.477225575051661,8.382882992904488
APAC,Chairs,2012,36,9,3,Summer,0.5,0.135,420.4305812025736,3,-0.9350162426854147,-0.3546048870425359,2012-36,2012-09-03,836.5097436077208,562.4971624051472,1620.9576,638.216501503217,735.2328609019302,354.37705701997794,547.422660017691,11.0,8.0,28.0,8.75,10.416666666666666,6.551081335677848,7.204270618981162
APAC,Chairs,2012,37,9,3,Summer,0.5,0.15000000000000002,1084.3185812025736,13,-0.970941817426052,-0.23931566428755774,2012-37,2012-09-10,420.4305812025736,267.3,515.007,842.4711468038606,782.6754926688112,300.7199525270213,551.2579850017015,3.0,4.0,5.0,11.0,11.083333333333334,5.887840577551898,7.025386865223911
APAC,Chairs,2012,38,9,3,Summer,0.6666666666666666,0.12333333333333334,765.7482812025736,13,-0.992708874098054,-0.12053668025532357,2012-38,2012-09-17,1084.3185812025736,1028.6256812025736,2126.6562,776.7517968038604,669.2664994356925,274.0159515519385,354.503778434189,13.0,17.0,19.0,10.0,10.583333333333334,4.760952285695232,6.612087187091307
APAC,Chairs,2012,39,9,3,Autumn,0.3333333333333333,0.09000000000000001,1034.6469,11,-1.0,-1.8369701987210297e-16,2012-39,2012-09-24,765.7482812025736,836.5097436077208,446.8917812025736,826.2860859019303,718.2460926688113,304.6191687858098,361.52034185608875,13.0,11.0,7.0,10.0,10.916666666666666,4.760952285695232,6.515133897086824
APAC,Chairs,2012,40,10,4,Autumn,0.75,0.23,784.9906624051472,18,-0.992708874098054,0.1205366802553232,2012-40,2012-10-01,1034.6469,420.4305812025736,969.7520999999999,917.4261062025738,702.8493062025736,165.4681460590688,353.684678106071,11.0,3.0,16.0,13.75,11.083333333333334,2.9860788111948184,6.680478117529308
APAC,Chairs,2012,41,10,4,Spring,0.8,0.17,1197.9331624051472,15,-0.9709418174260521,0.23931566428755738,2012-41,2012-10-08,784.9906624051472,1084.3185812025736,153.054,945.8297515032172,789.9225697363358,207.9608650548024,334.1030698449392,18.0,13.0,3.0,14.25,12.083333333333334,2.9860788111948184,6.244391422902978
APAC,Chairs,2012,42,10,4,Autumn,0.5,0.05000000000000001,1643.31,13,-0.9350162426854148,0.35460488704253557,2012-42,2012-10-15,1197.9331624051472,765.7482812025736,306.3375,1165.2201812025737,901.336944736336,361.1388849671022,378.1932052005326,15.0,13.0,7.0,14.25,12.583333333333334,2.9860788111948184,6.037132572419603
APAC,Chairs,2012,43,10,4,Autumn,0.3333333333333333,0.06166666666666667,1402.6893812025735,25,-0.8854560256532101,0.464723172043768,2012-43,2012-10-22,1643.31,1034.6469,1189.7325812025736,1257.230801503217,919.0833447363358,363.6584042284934,397.4617318252413,13.0,11.0,25.0,17.75,12.583333333333334,5.251983752196243,6.037132572419603
APAC,Chairs,2012,44,10,4,Autumn,0.5,0.05,410.62358120257363,3,-0.822983865893657,0.5680647467311548,2012-44,2012-10-29,1402.6893812025735,784.9906624051472,562.4971624051472,1163.6390312025737,906.4272129694549,533.9905316001482,412.000618332324,25.0,18.0,8.0,14.0,12.166666666666666,9.018499505645789,6.534291828267983
APAC,Chairs,2012,45,11,4,Autumn,0.5555555555555556,0.14555555555555555,1923.3279812025735,24,-0.7485107481711011,0.6631226582407952,2012-45,2012-11-05,410.62358120257363,1197.9331624051472,267.3,1344.9877359019301,1044.4295447363359,658.2399425864029,453.6976826604655,3.0,15.0,4.0,16.25,13.833333333333334,10.372238588334406,6.806859285554047
APAC,Chairs,2012,46,11,4,Autumn,0.6923076923076923,0.16076923076923075,2886.9982872154415,42,-0.6631226582407955,0.7485107481711007,2012-46,2012-11-12,1923.3279812025735,1643.31,1028.6256812025736,1655.9098077057906,1199.2939285707414,1033.1101416297674,698.7828079700614,24.0,13.0,17.0,23.5,15.916666666666666,15.968719422671311,10.621233735334425
APAC,Chairs,2012,47,11,4,Autumn,0.4,0.04,839.8065812025736,17,-0.5680647467311559,0.8229838658936564,2012-47,2012-11-19,2886.9982872154415,1402.6893812025735,836.5097436077208,1515.1891077057905,1199.5686650369792,1114.2477768269443,698.6278383801393,42.0,25.0,11.0,21.5,16.416666666666668,16.217274740226856,10.509375323822518
APAC,Chairs,2012,48,11,4,Spring,0.5,0.05,1321.1355812025736,21,-0.4647231720437684,0.88545602565321,2012-48,2012-11-26,839.8065812025736,410.62358120257363,420.4305812025736,1742.8171077057907,1274.6274150369793,882.2278745245604,654.2869812498101,17.0,3.0,3.0,26.0,17.916666666666668,11.045361017187261,9.671498270065436
APAC,Chairs,2012,49,12,4,Autumn,0.25,0.04625,2429.665143607721,31,-0.35460488704253595,0.9350162426854147,2012-49,2012-12-03,1321.1355812025736,1923.3279812025735,1084.3185812025736,1869.4013983070777,1386.7396285707416,950.4489792071981,729.636952891209,21.0,24.0,13.0,27.75,19.416666666666668,11.176612486199325,10.21993002407402
APAC,Chairs,2012,50,12,4,Spring,0.6,0.18,1511.574,15,-0.2393156642875578,0.970941817426052,2012-50,2012-12-10,2429.665143607721,2886.9982872154415,765.7482812025736,1525.5453265032174,1448.8917718038604,665.7448991983134,703.2179031973736,31.0,42.0,13.0,21.0,19.583333333333332,7.118052168020874,10.121609046834877
APAC,Chairs,2012,51,12,4,Summer,1.0,0.1,195.885,5,-0.12053668025532363,0.992708874098054,2012-51,2012-12-17,1511.574,839.8065812025736,1034.6469,1364.5649312025737,1378.9949468038603,917.1966380973515,785.0576108437106,15.0,17.0,11.0,18.0,19.083333333333332,10.893423092245461,10.71497111804815
APAC,Chairs,2012,52,12,4,Summer,0.8333333333333334,0.15,1703.3745812025736,13,6.432490598706546e-16,1.0,2012-52,2012-12-24,195.885,1321.1355812025736,784.9906624051472,1460.1246812025738,1455.526940036979,930.9722921087576,766.4300526259151,5.0,21.0,18.0,16.0,18.666666666666668,10.893423092245461,10.857199817576713
APAC,Chairs,2013,1,1,1,Winter,0.0,0.0,511.9905812025736,14,0.12053668025532305,0.992708874098054,2013-1,2012-12-31,1703.3745812025736,2429.665143607721,1197.9331624051472,980.706040601287,1398.3650582700982,739.3034689356327,811.6348159280452,13.0,31.0,15.0,11.75,18.583333333333332,4.573474244670748,10.891684345352092
APAC,Chairs,2013,2,1,1,Winter,0.8,0.144,1133.619162405147,21,0.23931566428755774,0.970941817426052,2013-2,2013-01-07,511.9905812025736,1511.574,1643.31,886.2173312025739,1355.8908218038603,669.7158664262256,810.9873586297397,14.0,15.0,13.0,13.25,19.25,6.551081335677848,10.762941470198053
APAC,Chairs,2013,3,1,1,Winter,0.625,0.13375,2154.0390812025735,27,0.3546048870425356,0.9350162426854148,2013-3,2013-01-14,1133.619162405147,195.885,1402.6893812025735,1375.7558515032172,1418.5032968038604,711.285089600975,843.2896692521581,21.0,5.0,25.0,18.75,19.416666666666668,6.551081335677848,10.874978230559886
APAC,Chairs,2013,4,1,1,Winter,0.4,0.06000000000000001,825.5491624051472,11,0.4647231720437685,0.8854560256532099,2013-4,2013-01-21,2154.0390812025735,1703.3745812025736,410.62358120257363,1156.2994968038606,1453.0804285707416,711.9289379970262,805.8839458985316,27.0,13.0,3.0,18.25,20.083333333333332,7.182153808805081,9.98597501347249
APAC,Chairs,2013,5,1,1,Winter,0.75,0.155,1036.2861812025735,15,0.5680647467311558,0.8229838658936564,2013-5,2013-01-28,825.5491624051472,511.9905812025736,1923.3279812025735,1287.3733968038605,1379.1602785707416,591.9110818431512,799.4857834768522,11.0,14.0,24.0,18.5,19.333333333333332,7.0,10.003029844032557
APAC,Chairs,2013,6,2,1,Winter,0.7142857142857143,0.1685714285714286,2430.5316812025735,32,0.6631226582407952,0.7485107481711011,2013-6,2013-02-04,1036.2861812025735,1133.619162405147,2886.9982872154415,1611.6015265032172,1341.1213947363358,798.6970983350934,728.971603359864,15.0,21.0,42.0,21.25,18.5,9.878427675158296,8.196451560389905
APAC,Chairs,2013,7,2,1,Winter,0.5,0.135,354.89558120257357,7,0.7485107481711011,0.6631226582407953,2013-7,2013-02-11,2430.5316812025735,2154.0390812025735,839.8065812025736,1161.8156515032172,1300.7121447363359,892.4858847575491,771.487671894712,32.0,27.0,17.0,16.25,17.666666666666668,10.996211468804457,8.8454747889768
APAC,Chairs,2013,8,2,1,Winter,0.0,0.0,262.86,2,0.8229838658936564,0.5680647467311559,2013-8,2013-02-18,354.89558120257357,825.5491624051472,1321.1355812025736,1021.1433609019304,1212.5225129694547,1000.9136662372658,827.4009982251287,7.0,11.0,21.0,14.0,16.083333333333332,13.140268896284683,9.839238083337854
APAC,Chairs,2013,9,2,1,Winter,0.5714285714285714,0.10571428571428572,1548.5817812025737,22,0.8854560256532099,0.4647231720437686,2013-9,2013-02-25,262.86,1036.2861812025735,2429.665143607721,1149.2172609019303,1139.0988994356924,1035.6696366022188,744.5147202073313,2.0,15.0,31.0,15.75,15.333333333333334,13.768926368215256,8.896713727636461
APAC,Chairs,2013,10,3,1,Winter,0.4,0.04,1011.6705812025737,16,0.9350162426854148,0.35460488704253557,2013-10,2013-03-04,1548.5817812025737,2430.5316812025735,1511.574,794.5019859019305,1097.4402812025735,603.2400099164388,735.712323023169,22.0,32.0,15.0,11.75,15.416666666666666,8.958236433584458,8.897990920665311
APAC,Chairs,2013,11,3,1,Summer,1.0,0.175,747.7905812025735,11,0.970941817426052,0.23931566428755804,2013-11,2013-03-11,1011.6705812025737,354.89558120257357,195.885,892.7257359019306,1143.4324129694548,536.0447968568792,690.0637993009262,16.0,7.0,5.0,12.75,15.916666666666666,8.460693430998036,8.414903805784471
APAC,Chairs,2013,12,3,1,Autumn,0.75,0.11750000000000001,978.1222624051472,13,0.992708874098054,0.120536680255323,2013-12,2013-03-18,747.7905812025735,262.86,1703.3745812025736,1071.5413015032175,1082.9947197363358,338.96596101590166,667.9703419597322,11.0,2.0,13.0,15.5,15.916666666666666,4.795831523312719,8.414903805784471
APAC,Chairs,2013,13,3,1,Spring,0.2,0.054000000000000006,1180.5807812025737,13,1.0,-1.6081226496766366e-16,2013-13,2013-03-25,978.1222624051472,1548.5817812025737,511.9905812025736,979.5410515032174,1138.7105697363359,178.10069534148852,643.4462891331164,13.0,22.0,14.0,13.25,15.833333333333334,2.06155281280883,8.440522746988137
APAC,Chairs,2013,14,4,2,Autumn,0.8,0.11400000000000002,1561.6579624051471,23,0.992708874098054,-0.12053668025532288,2013-14,2013-04-01,1180.5807812025737,1011.6705812025737,1133.619162405147,1117.0378968038608,1174.3804697363357,345.14047113803446,654.900746840561,13.0,16.0,21.0,15.0,16.0,5.41602560309064,8.570562726831032
APAC,Chairs,2013,15,4,2,Spring,1.0,0.5,246.4905812025736,6,0.9709418174260521,-0.2393156642875575,2013-15,2013-04-08,1561.6579624051471,747.7905812025735,2154.0390812025735,991.7128968038608,1015.418094736336,552.5846724180234,626.3795741888547,23.0,11.0,27.0,13.75,14.25,6.994045086119096,8.25860432848949
APAC,Chairs,2013,16,4,2,Spring,0.5,0.125,391.15058120257356,10,0.9350162426854148,-0.35460488704253545,2013-16,2013-04-15,246.4905812025736,978.1222624051472,825.5491624051472,844.9699765032174,979.2182129694548,629.9221940095931,650.4403837038499,6.0,13.0,11.0,13.0,14.166666666666666,7.2571803523590805,8.299324543526886
APAC,Chairs,2013,17,4,2,Spring,0.25,0.0675,1028.7705812025736,10,0.8854560256532099,-0.4647231720437685,2013-17,2013-04-22,391.15058120257356,1180.5807812025737,1036.2861812025735,807.0174265032173,978.5919129694547,607.1222769120093,650.3840541948273,10.0,13.0,15.0,12.25,13.75,7.41057802513857,8.37881527750465
APAC,Chairs,2013,18,5,2,Spring,0.2,0.054000000000000006,1059.2833624051473,26,0.8229838658936565,-0.5680647467311557,2013-18,2013-04-29,1028.7705812025736,1561.6579624051471,2430.5316812025735,681.4237765032174,864.3212197363359,423.0260361086149,466.5815841075441,10.0,23.0,32.0,13.0,13.25,8.86942313043338,7.300373589444201
APAC,Chairs,2013,19,5,2,Spring,0.5,0.15833333333333333,1537.2917436077207,33,0.7485107481711013,-0.663122658240795,2013-19,2013-05-06,1059.2833624051473,246.4905812025736,354.89558120257357,1004.1240671045041,962.8542332700981,470.3382698306441,474.01111500614144,26.0,6.0,7.0,19.75,15.416666666666666,11.615363389350618,8.948929172439195
APAC,Chairs,2013,20,5,2,Spring,0.625,0.1925,1518.4242812025736,26,0.6631226582407952,-0.7485107481711012,2013-20,2013-05-13,1537.2917436077207,391.15058120257356,262.86,1285.9424921045043,1067.4845900369794,279.7236620467222,443.0111758805091,33.0,10.0,2.0,23.75,17.416666666666668,9.742518497116988,8.33893750953194
APAC,Chairs,2013,21,5,2,Spring,0.6666666666666666,0.1711111111111111,1836.7339624051472,35,0.5680647467311558,-0.8229838658936564,2013-21,2013-05-20,1518.4242812025736,1028.7705812025736,1548.5817812025737,1487.9333374051475,1091.4972718038605,320.81595294104255,477.894882357568,26.0,10.0,22.0,30.0,18.5,4.690415759823431,9.718772836862966
APAC,Chairs,2013,22,5,2,Spring,0.8,0.20800000000000002,1722.3255812025736,15,0.46472317204376906,-0.8854560256532096,2013-22,2013-05-27,1836.7339624051472,1059.2833624051473,1011.6705812025737,1653.693892104504,1150.7185218038605,152.81939655722869,510.0539082388367,35.0,26.0,16.0,27.25,18.416666666666668,9.03234926989282,9.746405708897214
APAC,Chairs,2013,23,6,2,Spring,0.3333333333333333,0.08333333333333333,1809.342162405147,25,0.35460488704253584,-0.9350162426854147,2013-23,2013-06-03,1722.3255812025736,1537.2917436077207,747.7905812025735,1721.7064968038608,1239.1811535707413,144.03167495762645,525.6365327710304,15.0,33.0,11.0,25.25,19.583333333333332,8.180260794538684,9.614934721409693
APAC,Chairs,2013,24,6,2,Spring,0.5555555555555556,0.17555555555555558,2222.515962405147,29,0.23931566428755768,-0.970941817426052,2013-24,2013-06-10,1809.342162405147,1518.4242812025736,978.1222624051472,1897.7294171045041,1342.8806285707417,221.95011297189475,588.4481933360086,25.0,26.0,13.0,26.0,20.916666666666668,8.406346808612328,9.727732925959055
APAC,Chairs,2013,25,6,2,Spring,0.5,0.08375,1780.2123812025736,25,0.12053668025532308,-0.992708874098054,2013-25,2013-06-17,2222.515962405147,1836.7339624051472,1180.5807812025737,1883.5990218038608,1392.8499285707414,228.8206676945179,598.7819977207488,29.0,35.0,13.0,23.5,21.916666666666668,5.972157622389639,9.452833469709528
APAC,Chairs,2013,26,6,2,Winter,0.7777777777777778,0.09666666666666668,1742.8613436077208,30,-3.216245299353273e-16,-1.0,2013-26,2013-06-24,1780.2123812025736,1722.3255812025736,1561.6579624051471,1888.7329624051474,1407.9502103376226,224.17941916299114,605.6712508369866,25.0,15.0,23.0,27.25,22.5,2.6299556396765835,9.73746280188951
APAC,Chairs,2013,27,7,3,Summer,0.0,0.0,925.2811624051471,13,-0.12053668025532283,-0.992708874098054,2013-27,2013-07-01,1742.8613436077208,1809.342162405147,246.4905812025736,1667.7177124051475,1464.5160921045037,540.7755988075884,511.7526796977033,30.0,25.0,6.0,24.25,23.083333333333332,7.804912982645397,8.826183498631515
APAC,Chairs,2013,28,7,3,Summer,0.2,0.08,1171.26,11,-0.23931566428755743,-0.9709418174260521,2013-28,2013-07-08,925.2811624051471,2222.515962405147,391.15058120257356,1404.9037218038607,1529.5252103376226,424.14586020122573,400.45091029043914,13.0,29.0,10.0,19.75,23.166666666666668,9.215023964519391,8.695174558688326
APAC,Chairs,2013,29,7,3,Summer,0.5,0.0925,933.5737624051472,15,-0.3546048870425356,-0.9350162426854148,2013-29,2013-07-15,1171.26,1780.2123812025736,1028.7705812025736,1193.2440671045042,1521.5921421045039,383.75132367843037,412.04787606984706,11.0,25.0,10.0,17.25,23.583333333333332,8.65544144839919,8.106768589869645
APAC,Chairs,2013,30,7,3,Summer,0.5,0.13,1531.8285812025738,22,-0.46472317204376806,-0.8854560256532101,2013-30,2013-07-22,933.5737624051472,1742.8613436077208,1059.2833624051473,1140.4858765032172,1560.9709103376226,284.7348773443861,385.5792693123616,15.0,30.0,26.0,15.25,23.25,4.787135538781691,8.080560286604799
APAC,Chairs,2013,31,8,3,Winter,0.4,0.134,1150.4325812025736,18,-0.5680647467311556,-0.8229838658936566,2013-31,2013-07-29,1531.8285812025738,925.2811624051471,1537.2917436077207,1196.773731202574,1528.7326468038602,247.88063575485188,403.4954602968582,22.0,13.0,33.0,16.5,22.0,4.654746681256315,7.579877667518488
APAC,Chairs,2013,32,8,3,Summer,0.2857142857142857,0.05285714285714286,1536.6407436077207,35,-0.663122658240795,-0.7485107481711013,2013-32,2013-08-05,1150.4325812025736,1171.26,1518.4242812025736,1288.1189171045041,1530.2506853376226,297.667203678974,403.48741938072834,18.0,11.0,26.0,22.5,22.75,8.812869377601524,8.411301920630367
APAC,Chairs,2013,33,8,3,Summer,0.42857142857142855,0.06714285714285714,1915.5310624051472,23,-0.7485107481711011,-0.6631226582407952,2013-33,2013-08-12,1536.6407436077207,933.5737624051472,1836.7339624051472,1533.6082421045041,1536.8171103376226,312.35716257318984,409.5246277606619,35.0,15.0,35.0,24.5,21.75,7.325753658611972,7.484833149291126
APAC,Chairs,2013,34,8,3,Summer,0.25,0.037500000000000006,1746.342162405147,24,-0.8229838658936564,-0.5680647467311559,2013-34,2013-08-19,1915.5310624051472,1531.8285812025738,1722.3255812025736,1587.2366374051473,1538.8184921045038,329.873473499456,410.5709900415983,23.0,22.0,15.0,25.0,22.5,7.164728420068227,7.19216745684309
APAC,Chairs,2013,35,8,3,Winter,0.5714285714285714,0.05714285714285715,1519.9757436077207,24,-0.8854560256532096,-0.4647231720437691,2013-35,2013-08-26,1746.342162405147,1150.4325812025736,1809.342162405147,1679.6224280064341,1514.7046238713847,188.00286580714456,401.63848124504966,24.0,18.0,25.0,26.5,22.416666666666668,5.6862407030773285,7.166314297186572
APAC,Chairs,2013,36,9,3,Summer,0.5,0.125,825.66,14,-0.9350162426854147,-0.3546048870425359,2013-36,2013-09-02,1519.9757436077207,1536.6407436077207,2222.515962405147,1501.8772421045041,1398.2999603376227,479.0511088192994,379.66890123385247,24.0,35.0,29.0,21.25,21.166666666666668,4.856267428111158,7.221600594848429
APAC,Chairs,2013,37,9,3,Summer,0.3,0.081,2255.170662405147,36,-0.970941817426052,-0.23931566428755774,2013-37,2013-09-09,825.66,1915.5310624051472,1780.2123812025736,1586.787142104504,1437.8798171045037,593.2881885812003,442.6372147107558,14.0,23.0,25.0,24.5,22.083333333333332,9.0,8.360712598308545
APAC,Chairs,2013,38,9,3,Summer,0.14285714285714285,0.014285714285714287,2097.6723248102944,21,-0.992708874098054,-0.12053668025532357,2013-38,2013-09-16,2255.170662405147,1746.342162405147,1742.8613436077208,1674.6196827057909,1467.447398871385,648.2438504094915,475.4926881508201,36.0,24.0,30.0,23.75,21.333333333333332,9.17877987534291,7.9810381340380605
APAC,Chairs,2013,39,9,3,Spring,0.75,0.07500000000000001,1111.6351624051472,10,-1.0,-1.8369701987210297e-16,2013-39,2013-09-23,2097.6723248102944,1519.9757436077207,925.2811624051471,1572.5345374051476,1482.976898871385,709.9322933480661,458.9306143382744,21.0,24.0,13.0,20.25,21.083333333333332,11.4418821295566,8.306167843381463
APAC,Chairs,2013,40,10,4,Spring,0.6666666666666666,0.17777777777777778,2182.2255812025737,29,-0.992708874098054,0.1205366802553232,2013-40,2013-09-30,1111.6351624051472,825.66,1171.26,1911.675932705791,1567.2240306382657,537.2291980313146,488.35537923585224,10.0,14.0,11.0,24.0,22.583333333333332,11.165422816296152,7.936776690976275
APAC,Chairs,2013,41,10,4,Autumn,0.5555555555555556,0.12111111111111111,1996.4100812025736,29,-0.9709418174260521,0.23931566428755738,2013-41,2013-10-07,2182.2255812025737,2255.170662405147,933.5737624051472,1846.9857874051477,1655.7937238713848,496.08387081429265,458.4513117371557,29.0,36.0,15.0,22.25,23.75,8.995369179009092,7.747433592663276
APAC,Chairs,2013,42,10,4,Spring,0.6666666666666666,0.16666666666666666,833.2785812025736,16,-0.9350162426854148,0.35460488704253557,2013-42,2013-10-14,1996.4100812025736,2097.6723248102944,1531.8285812025738,1530.8873515032174,1597.581223871385,659.1366312074537,516.3202951495322,29.0,21.0,22.0,21.0,23.25,9.556847457887637,8.058028181994544
APAC,Chairs,2013,43,10,4,Autumn,0.375,0.125,2133.114,24,-0.8854560256532101,0.464723172043768,2013-43,2013-10-21,833.2785812025736,1111.6351624051472,1150.4325812025736,1786.2570609019306,1679.4713421045037,640.1648433492592,516.881792984972,16.0,10.0,18.0,24.5,23.75,6.137317546507326,7.886985828220156
APAC,Chairs,2013,44,10,4,Autumn,0.625,0.14,2310.2155624051475,32,-0.822983865893657,0.5680647467311548,2013-44,2013-10-28,2133.114,2182.2255812025737,1536.6407436077207,1818.2545562025741,1743.9359103376228,669.098688133896,544.9273673034437,24.0,29.0,35.0,25.25,23.5,6.994045086119098,7.537783614444098
APAC,Chairs,2013,45,11,4,Autumn,0.75,0.155,963.7563,14,-0.7485107481711011,0.6631226582407952,2013-45,2013-11-04,2310.2155624051475,1996.4100812025736,1915.5310624051472,1560.0911109019305,1664.6213468038602,769.1799928483842,585.4407756949813,32.0,29.0,23.0,21.5,22.75,8.225975119502046,8.024111392320256
APAC,Chairs,2013,46,11,4,Autumn,0.25,0.0625,833.6311624051472,12,-0.6631226582407955,0.7485107481711007,2013-46,2013-11-11,963.7563,833.2785812025736,1746.342162405147,1560.179256202574,1588.5620968038604,769.0689515161207,631.3474911969471,14.0,16.0,24.0,20.5,21.75,9.291573243177572,8.582487454642212
APAC,Chairs,2013,47,11,4,Autumn,0.5,0.05,975.7919999999999,15,-0.5680647467311559,0.8229838658936564,2013-47,2013-11-18,833.6311624051472,2133.114,1519.9757436077207,1270.8487562025741,1543.213451503217,695.8943521826343,655.7924636493756,12.0,24.0,24.0,18.25,21.0,9.25112605758528,8.759410523960659
APAC,Chairs,2013,48,11,4,Autumn,0.3333333333333333,0.05,2129.197743607721,31,-0.4647231720437684,0.88545602565321,2013-48,2013-11-25,975.7919999999999,2310.2155624051475,825.66,1225.5943015032174,1651.84159680386,605.8312779045067,633.7188261354946,15.0,32.0,14.0,18.0,22.416666666666668,8.755950357709134,8.897990920665322
APAC,Chairs,2013,49,12,4,Autumn,0.6666666666666666,0.14833333333333334,1483.6185812025735,19,-0.35460488704253595,0.9350162426854147,2013-49,2013-12-02,2129.197743607721,963.7563,2255.170662405147,1355.5598718038607,1587.5455900369795,586.3866198709717,605.4510234924575,31.0,14.0,36.0,19.25,21.0,8.34166250416147,7.827689778774276
APAC,Chairs,2013,50,12,4,Autumn,0.6666666666666666,0.21166666666666667,1688.952,26,-0.2393156642875578,0.970941817426052,2013-50,2013-12-09,1483.6185812025735,833.6311624051472,2097.6723248102944,1569.390081202574,1553.4855629694546,478.67703222307256,585.3059269579941,19.0,12.0,21.0,22.75,21.416666666666668,7.135591542869218,7.959652040514122
APAC,Chairs,2013,51,12,4,Autumn,0.25,0.1,807.0271624051472,19,-0.12053668025532363,0.992708874098054,2013-51,2013-12-16,1688.952,975.7919999999999,1111.6351624051472,1527.1988718038608,1528.1015629694548,550.4886462291222,612.1979409008694,26.0,15.0,10.0,23.75,22.166666666666668,5.8523499553598155,7.171069824248156
APAC,Chairs,2013,52,12,4,Summer,0.875,0.18,2910.5023624051473,32,6.432490598706546e-16,1.0,2013-52,2013-12-23,807.0271624051472,2129.197743607721,2182.2255812025737,1722.5250265032173,1588.7912947363359,877.0461651664546,711.0558297875631,19.0,31.0,29.0,24.0,22.416666666666668,6.2716292407422625,7.476731582149731
APAC,Chairs,2014,1,12,4,Summer,0.75,0.155,3337.070562405147,44,0.12053668025532305,0.992708874098054,2014-1,2013-12-30,2910.5023624051473,1483.6185812025735,1996.4100812025736,2185.8880218038607,1700.5130015032173,1154.4825484083449,868.7582972448356,32.0,19.0,29.0,30.25,23.666666666666668,10.594810050208547,9.623204279555782
APAC,Chairs,2014,2,1,1,Winter,0.6666666666666666,0.19833333333333333,1340.8682436077208,27,0.23931566428755774,0.970941817426052,2014-2,2014-01-06,3337.070562405147,1688.952,833.2785812025736,2098.867082705791,1742.8121400369791,1215.9101260850716,834.3712371942853,44.0,26.0,16.0,30.5,24.583333333333332,10.47218538160334,9.346446415941235
APAC,Chairs,2014,3,1,1,Winter,0.4,0.12000000000000002,1731.4877436077209,28,0.3546048870425356,0.9350162426854148,2014-3,2014-01-13,1340.8682436077208,807.0271624051472,2133.114,2329.9822280064345,1709.3432853376228,946.5327361327865,825.2977261831359,27.0,19.0,24.0,32.75,24.916666666666668,7.804912982645399,9.394953513198013
APAC,Chairs,2014,4,1,1,Winter,0.3333333333333333,0.08333333333333333,960.4111624051473,14,0.4647231720437685,0.8854560256532099,2014-4,2014-01-20,1731.4877436077209,2910.5023624051473,2310.2155624051475,1842.4594280064343,1596.8595853376228,1044.95295219827,827.9383235426717,28.0,32.0,32.0,28.25,23.416666666666668,12.284814474246923,9.596006113656527
APAC,Chairs,2014,5,1,1,Winter,0.25,0.1,1151.3265812025736,17,0.5680647467311558,0.8229838658936564,2014-5,2014-01-27,960.4111624051473,3337.070562405147,963.7563,1296.023432705791,1612.490442104504,329.24813233862596,816.5920616788608,14.0,44.0,14.0,21.5,23.666666666666668,7.0474581706219945,9.364666021645931
APAC,Chairs,2014,6,2,1,Winter,0.6666666666666666,0.11666666666666665,656.6025812025737,6,0.6631226582407952,0.7485107481711011,2014-6,2014-02-03,1151.3265812025736,1340.8682436077208,833.6311624051472,1124.9570171045043,1597.738060337623,452.77149940891815,833.368672044567,17.0,27.0,12.0,16.25,23.166666666666668,9.105858919765158,10.169771011396595
APAC,Chairs,2014,7,2,1,Winter,0.8571428571428571,0.15,1466.8157436077208,26,0.7485107481711011,0.6631226582407953,2014-7,2014-02-10,656.6025812025737,1731.4877436077209,975.7919999999999,1058.7890171045042,1638.6567056382662,339.8436610310104,811.8311794751493,6.0,28.0,15.0,15.75,24.083333333333332,8.261355820929156,9.85769965175662
APAC,Chairs,2014,8,2,1,Winter,0.8571428571428571,0.21285714285714286,2086.7784812025734,28,0.8229838658936564,0.5680647467311559,2014-8,2014-02-17,1466.8157436077208,960.4111624051473,2129.197743607721,1340.3808468038605,1635.121767104504,598.9962280394719,809.5903099697256,26.0,14.0,31.0,19.25,23.833333333333332,10.04572877727976,9.703170365994575
APAC,Chairs,2014,9,2,1,Winter,0.3333333333333333,0.03333333333333333,1092.366,10,0.8854560256532099,0.4647231720437686,2014-9,2014-02-24,2086.7784812025734,1151.3265812025736,1483.6185812025735,1325.6407015032173,1602.5173853376227,605.8850839820229,823.9966476557797,28.0,17.0,19.0,17.5,23.083333333333332,11.120551545074854,10.431232240756897
APAC,Chairs,2014,10,3,1,Summer,1.0,0.175,305.90999999999997,6,0.9350162426854148,0.35460488704253557,2014-10,2014-03-03,1092.366,656.6025812025737,1688.952,1237.9675562025739,1487.2638853376227,744.4869778401999,903.6790745100541,10.0,6.0,26.0,17.5,21.416666666666668,11.120551545074854,11.468996415897896
APAC,Chairs,2014,11,3,1,Winter,0.6666666666666666,0.14,2703.4899248102943,59,0.970941817426052,0.23931566428755804,2014-11,2014-03-10,305.90999999999997,1466.8157436077208,807.0271624051472,1547.136101503217,1645.3024488713852,1060.7899796721629,939.040327136773,6.0,26.0,19.0,25.75,24.75,24.14366721661535,15.725630497549366
APAC,Chairs,2014,12,3,1,Winter,0.6666666666666666,0.15166666666666667,1473.1626812025736,26,0.992708874098054,0.120536680255323,2014-12,2014-03-17,2703.4899248102943,2086.7784812025734,2910.5023624051473,1393.7321515032172,1525.5241421045037,999.3253097898241,850.4813215320783,59.0,28.0,32.0,25.25,24.25,24.102212899787162,15.568762431110693
APAC,Chairs,2014,13,3,1,Spring,0.25,0.0675,1002.3963812025736,15,1.0,-1.6081226496766366e-16,2014-13,2014-03-24,1473.1626812025736,1092.366,3337.070562405147,1371.2397468038607,1330.9679603376228,1009.3317457816473,639.192685984875,26.0,10.0,44.0,26.5,21.833333333333332,23.15887159024233,14.433756729740644
APAC,Chairs,2014,14,3,1,Autumn,0.5,0.05,588.096,5,0.992708874098054,-0.12053668025532288,2014-14,2014-03-31,1002.3963812025736,305.90999999999997,1340.8682436077208,1441.7862468038606,1268.2369400369791,915.5565053036861,674.1175208396978,15.0,6.0,27.0,26.25,20.0,23.457408211479805,15.099668870541496
APAC,Chairs,2014,15,4,2,Spring,0.625,0.12375,1336.0818812025736,19,0.9709418174260521,-0.2393156642875575,2014-15,2014-04-07,588.096,2703.4899248102943,1731.4877436077209,1099.9342359019306,1235.286451503217,394.35905618827826,658.9076058578889,5.0,59.0,28.0,16.25,19.25,8.770214744615256,14.88821987039051
APAC,Chairs,2014,16,4,2,Spring,1.0,0.27,356.6196,6,0.9350162426854148,-0.35460488704253545,2014-16,2014-04-14,1336.0818812025736,1473.1626812025736,960.4111624051473,820.7984656012873,1184.9704879694548,435.1655846197236,703.3601315225097,19.0,26.0,14.0,11.25,18.583333333333332,6.8495741960115195,15.31759732721773
APAC,Chairs,2014,17,4,2,Autumn,0.6666666666666666,0.06666666666666667,715.0755812025736,19,0.8854560256532099,-0.4647231720437685,2014-17,2014-04-21,356.6196,1002.3963812025736,1151.3265812025736,748.9682656012872,1148.6162379694547,418.59625452973523,716.4102401300497,6.0,15.0,17.0,12.25,18.75,7.8049129826454084,15.309682022705877
APAC,Chairs,2014,18,5,2,Autumn,0.5,0.07833333333333334,1617.8616812025737,27,0.8229838658936565,-0.5680647467311557,2014-18,2014-04-28,715.0755812025736,588.096,656.6025812025737,1006.4096859019306,1228.7211629694546,574.357616591179,710.1083280505364,19.0,5.0,6.0,17.75,20.5,8.693867570496662,14.914910172526866
APAC,Chairs,2014,19,5,2,Autumn,0.5,0.14375,1321.3531624051473,21,0.7485107481711013,-0.663122658240795,2014-19,2014-05-05,1617.8616812025737,1336.0818812025736,1466.8157436077208,1002.727506202574,1216.5992812025736,571.5800960078801,706.9088015638812,27.0,19.0,26.0,18.25,20.083333333333332,8.845903006477077,14.81681068205566
APAC,Chairs,2014,20,5,2,Autumn,1.0,0.25,615.789,9,0.6631226582407952,-0.7485107481711012,2014-20,2014-05-12,1321.3531624051473,356.6196,2086.7784812025734,1067.519856202574,1094.0168244356923,481.5202332570764,668.8092702989078,21.0,6.0,28.0,19.0,18.5,7.483314773547896,14.908813744652091
APAC,Chairs,2014,21,5,2,Autumn,0.8571428571428571,0.2342857142857143,1690.2323999999999,20,0.5680647467311558,-0.8229838658936564,2014-21,2014-05-19,615.789,715.0755812025736,1092.366,1311.3090609019305,1143.8390244356924,490.3761974302503,690.589175887676,9.0,19.0,10.0,19.25,19.333333333333332,7.500000000000012,14.66804401246175
APAC,Chairs,2014,22,5,2,Spring,0.2857142857142857,0.05285714285714286,2042.8423624051472,25,0.46472317204376906,-0.8854560256532096,2014-22,2014-05-26,1690.2323999999999,1617.8616812025737,305.90999999999997,1417.5542312025739,1288.5833879694546,610.3061424030323,680.9564323786441,20.0,27.0,6.0,18.75,20.916666666666668,6.8495741960115195,14.11291048736023
APAC,Chairs,2014,23,6,2,Autumn,0.8,0.11400000000000002,994.7431624051471,18,0.35460488704253584,-0.9350162426854147,2014-23,2014-06-02,2042.8423624051472,1321.3531624051473,2703.4899248102943,1335.901731202574,1146.1878244356924,648.142678119426,517.1409077164673,25.0,21.0,59.0,18.0,17.5,6.683312551921155,7.440674456232858
APAC,Chairs,2014,24,6,2,Spring,0.5,0.12833333333333333,1616.5855624051471,29,0.23931566428755768,-0.970941817426052,2014-24,2014-06-09,994.7431624051471,615.789,1473.1626812025736,1586.1008718038606,1158.1397312025736,435.92408407408954,526.9491264729467,18.0,9.0,26.0,23.0,17.75,4.966554808583799,7.794228634059934
APAC,Chairs,2014,25,6,2,Autumn,0.6,0.10700000000000001,2644.552743607721,38,0.12053668025532308,-0.992708874098054,2014-25,2014-06-16,1616.5855624051471,1690.2323999999999,1002.3963812025736,1824.680957705791,1294.9860947363359,695.6734342664537,675.2019042563736,29.0,20.0,15.0,27.5,19.666666666666668,8.346656017032622,9.660917830792952
APAC,Chairs,2014,26,6,2,Winter,0.42857142857142855,0.1285714285714286,1621.3157436077208,27,-3.216245299353273e-16,-1.0,2014-26,2014-06-23,2644.552743607721,2042.8423624051472,588.096,1719.2993030064342,1381.087740036979,683.4292015632891,641.9224847313383,38.0,25.0,5.0,28.0,21.5,8.205689083394125,8.660254037844386
APAC,Chairs,2014,27,6,2,Summer,0.0,0.0,931.62,8,-0.12053668025532283,-0.992708874098054,2014-27,2014-06-30,1621.3157436077208,994.7431624051471,1336.0818812025736,1703.5185124051475,1347.3825832700982,706.0895530412479,654.985947894552,27.0,18.0,19.0,25.5,20.583333333333332,12.609520212918499,9.491224016602562
APAC,Chairs,2014,28,7,3,Summer,0.5,0.135,807.5766000000001,10,-0.23931566428755743,-0.9709418174260521,2014-28,2014-07-07,931.62,1616.5855624051471,356.6196,1501.2662718038607,1384.9623332700983,842.064539893369,603.9193858430683,8.0,29.0,6.0,20.75,20.916666666666668,14.314910641239324,8.989471956717257
APAC,Chairs,2014,29,7,3,Summer,0.5,0.135,389.80679999999995,4,-0.3546048870425356,-0.9350162426854148,2014-29,2014-07-14,807.5766000000001,2644.552743607721,715.0755812025736,937.5797859019304,1357.856601503217,511.36629120309306,642.7691864138858,10.0,38.0,19.0,12.25,19.666666666666668,10.14478519568881,10.236595077850772
APAC,Chairs,2014,30,7,3,Summer,0.6666666666666666,0.12333333333333334,958.7925812025736,16,-0.46472317204376806,-0.8854560256532101,2014-30,2014-07-21,389.80679999999995,1621.3157436077208,1617.8616812025737,771.9489953006437,1302.934176503217,263.12692690043576,646.6786664916307,4.0,27.0,27.0,9.5,18.75,5.000000000000018,10.01022204821378
APAC,Chairs,2014,31,7,3,Summer,0.0,0.0,576.0,8,-0.5680647467311556,-0.8229838658936566,2014-31,2014-07-28,958.7925812025736,931.62,1321.3531624051473,683.0439953006437,1240.8214129694545,250.99277672065318,679.7007608867618,16.0,8.0,21.0,9.5,17.666666666666668,5.000000000000018,10.438855156083772
APAC,Chairs,2014,32,8,3,Summer,0.6666666666666666,0.17833333333333334,1196.9007812025736,17,-0.663122658240795,-0.7485107481711013,2014-32,2014-08-04,576.0,807.5766000000001,615.789,780.375040601287,1289.2473947363358,364.9836613534108,651.2259043849406,8.0,10.0,9.0,11.25,18.333333333333332,6.291528696058973,10.084491543799793
APAC,Chairs,2014,33,8,3,Summer,0.625,0.19,2531.0544812025737,25,-0.7485107481711011,-0.6631226582407952,2014-33,2014-08-11,1196.9007812025736,389.80679999999995,1690.2323999999999,1315.6869609019304,1359.315901503217,849.6545894810484,737.7747674180787,17.0,4.0,20.0,16.5,18.75,6.952217871538084,10.261357344204246
APAC,Chairs,2014,34,8,3,Summer,0.2222222222222222,0.04111111111111111,2302.8876812025737,28,-0.8229838658936564,-0.5680647467311559,2014-34,2014-08-18,2531.0544812025737,958.7925812025736,2042.8423624051472,1651.7107359019305,1380.986344736336,923.991796269272,763.0627083250318,25.0,16.0,25.0,19.5,19.0,8.962886439832513,10.462052640593303
APAC,Chairs,2014,35,8,3,Summer,0.625,0.18,2154.8164872154416,41,-0.8854560256532096,-0.4647231720437691,2014-35,2014-08-25,2302.8876812025737,576.0,994.7431624051471,2046.4148577057908,1477.6591218038604,587.1055990515345,782.9079505164298,28.0,8.0,18.0,27.75,20.916666666666668,9.979144919948478,12.221131723619566
APAC,Chairs,2014,36,9,3,Summer,0.8333333333333334,0.15833333333333333,1387.2048248102944,24,-0.9350162426854147,-0.3546048870425359,2014-36,2014-09-01,2154.8164872154416,1196.9007812025736,1616.5855624051471,2093.990868607721,1458.5440603376226,495.9532059084434,782.007338133924,41.0,17.0,29.0,29.5,20.5,7.852812659593177,12.003787281142106
APAC,Chairs,2014,37,9,3,Summer,0.14285714285714285,0.03571428571428571,2355.208662405147,31,-0.970941817426052,-0.23931566428755774,2014-37,2014-09-08,1387.2048248102944,2531.0544812025737,2644.552743607721,2050.0294139083644,1434.4320535707413,449.95868095392393,745.7335858196208,24.0,25.0,38.0,31.0,19.916666666666668,7.257180352359094,11.220584438945906
APAC,Chairs,2014,38,9,3,Summer,0.6,0.144,2561.5824812025735,40,-0.992708874098054,-0.12053668025532357,2014-38,2014-09-15,2355.208662405147,2302.8876812025737,1621.3157436077208,2114.7031139083642,1512.7876150369793,512.6424781234675,813.4758104449528,31.0,28.0,27.0,34.0,21.0,8.04155872120989,12.519076352801457
APAC,Chairs,2014,39,9,3,Autumn,0.5384615384615384,0.14923076923076922,3698.449306012868,48,-1.0,-1.8369701987210297e-16,2014-39,2014-09-22,2561.5824812025735,2154.8164872154416,931.62,2500.611318607721,1743.356723871385,948.5689712403683,1003.656392633605,40.0,41.0,8.0,35.75,24.333333333333332,10.468205831628147,13.982673260687728
APAC,Chairs,2014,40,10,4,Autumn,0.2,0.054000000000000006,1462.9387624051471,19,-0.992708874098054,0.1205366802553232,2014-40,2014-09-29,3698.449306012868,1387.2048248102944,807.5766000000001,2519.544803006434,1797.9702374051474,919.2398464201879,965.2011501034581,48.0,24.0,10.0,34.5,25.083333333333332,12.44989959798874,13.372008303190892
APAC,Chairs,2014,41,10,4,Spring,0.75,0.1125,2146.5137436077207,32,-0.9709418174260521,0.23931566428755738,2014-41,2014-10-06,1462.9387624051471,2355.208662405147,389.80679999999995,2467.3710733070775,1944.3624827057904,937.4189916334577,859.658277627737,19.0,31.0,4.0,34.75,27.416666666666668,12.365947867699704,11.696606604507405
APAC,Chairs,2014,42,10,4,Autumn,0.45454545454545453,0.07636363636363637,3216.713862405147,37,-0.9350162426854148,0.35460488704253557,2014-42,2014-10-13,2146.5137436077207,2561.5824812025735,958.7925812025736,2631.153918607721,2132.522589472672,1013.5091912363682,871.3529287349264,32.0,40.0,16.0,34.0,29.166666666666668,12.027745701779152,11.400425297755222
APAC,Chairs,2014,43,10,4,Autumn,0.5,0.12333333333333334,1788.8235812025737,25,-0.8854560256532101,0.464723172043768,2014-43,2014-10-20,3216.713862405147,3698.449306012868,576.0,2153.7474874051477,2233.591221239553,761.6508371697721,733.8939239293533,37.0,48.0,8.0,28.25,30.583333333333332,7.889866919029761,9.414286371190766
APAC,Chairs,2014,44,10,4,Autumn,0.5384615384615384,0.13692307692307693,3242.8316436077207,56,-0.822983865893657,0.5680647467311548,2014-44,2014-10-27,1788.8235812025737,1462.9387624051471,1196.9007812025736,2598.7207077057906,2404.085459773315,743.2404121818395,708.3670687243227,25.0,19.0,17.0,37.5,33.833333333333336,13.279056191361398,10.911489635270085
APAC,Chairs,2014,45,11,4,Autumn,0.4166666666666667,0.07500000000000001,2710.396743607721,43,-0.7485107481711011,0.6631226582407952,2014-45,2014-11-03,3242.8316436077207,2146.5137436077207,2531.0544812025737,2739.691457705791,2419.0306483070776,679.6342938410378,713.1650396049383,56.0,32.0,25.0,40.25,35.333333333333336,12.893796958227634,10.823655350735981
APAC,Chairs,2014,46,11,4,Autumn,0.5454545454545454,0.0990909090909091,3015.110124810294,47,-0.6631226582407955,0.7485107481711007,2014-46,2014-11-10,2710.396743607721,3216.713862405147,2302.8876812025737,2689.2905233070774,2478.3825186077206,638.7102553703646,732.0083165364712,43.0,37.0,28.0,42.75,36.916666666666664,13.02241657041171,11.040901917484627
APAC,Chairs,2014,47,11,4,Autumn,0.6666666666666666,0.08333333333333333,1848.429162405147,30,-0.5680647467311559,0.8229838658936564,2014-47,2014-11-17,3015.110124810294,1788.8235812025737,2154.8164872154416,2704.191918607721,2452.8502415401963,610.7839986588319,749.4556459989687,47.0,25.0,41.0,44.0,36.0,10.801234497346442,11.127361853475529
APAC,Chairs,2014,48,11,4,Autumn,0.6666666666666666,0.21166666666666667,1211.3061812025735,21,-0.4647231720437684,0.88545602565321,2014-48,2014-11-24,1848.429162405147,3242.8316436077207,1387.2048248102944,2196.310553006434,2438.192021239553,821.7810788266618,773.5264323514888,30.0,56.0,24.0,35.25,35.75,11.954775893619539,11.45048629376224
APAC,Chairs,2014,49,12,4,Autumn,0.6,0.092,2092.1063436077206,31,-0.35460488704253595,0.9350162426854147,2014-49,2014-12-01,1211.3061812025735,2710.396743607721,2355.208662405147,2041.737953006434,2416.266828006434,747.6575811066996,779.7957218662154,21.0,43.0,31.0,32.25,35.75,10.812801055539069,11.45048629376224
APAC,Chairs,2014,50,12,4,Autumn,0.5,0.13,998.7639812025736,15,-0.2393156642875578,0.970941817426052,2014-50,2014-12-08,2092.1063436077206,3015.110124810294,2561.5824812025735,1537.6514171045037,2286.031953006434,516.6894470461871,877.6807897618799,31.0,47.0,40.0,24.25,33.666666666666664,7.6321687612368825,12.801515061850619
APAC,Chairs,2014,51,12,4,Autumn,0.7692307692307693,0.19153846153846155,3522.9124624051474,48,-0.12053668025532363,0.992708874098054,2014-51,2014-12-15,998.7639812025736,1848.429162405147,3698.449306012868,1956.2722421045041,2271.4038827057907,1146.6776624355566,853.1195219500703,15.0,30.0,48.0,28.75,33.666666666666664,14.430869689661817,12.801515061850619
APAC,Chairs,2014,52,12,4,Summer,1.0,0.2175,1008.0701999999999,13,6.432490598706546e-16,1.0,2014-52,2014-12-22,3522.9124624051474,1211.3061812025735,1462.9387624051471,1905.4632468038606,2233.498169172028,1194.207610276592,901.0648312741217,48.0,21.0,19.0,26.75,33.166666666666664,16.29672768789285,13.523268387442004
APAC,Furnishings,2011,15,4,2,Autumn,0.5,0.05,537.336,5,0.9709418174260521,-0.2393156642875575,2011-15,2011-04-11,457.68,146.496,48.78,275.082,310.9165,258.92511753014617,257.9744398845112,12.0,7.0,1.0,5.25,7.416666666666667,4.787135538781691,6.653206107971668
APAC,Furnishings,2011,16,4,2,Spring,0.75,0.155,1026.6571624051471,26,0.9350162426854148,-0.35460488704253545,2011-16,2011-04-18,537.336,47.142,505.611,519.9607906012868,354.3370135337623,397.5645617435101,328.0539844036872,5.0,3.0,13.0,11.0,8.5,10.98483803552272,8.458454619222978
APAC,Furnishings,2011,17,4,2,Autumn,1.0,0.1,182.088,8,0.8854560256532099,-0.4647231720437685,2011-17,2011-04-25,1026.6571624051471,58.17,138.753,550.9402906012867,357.94826353376226,351.7769714494622,325.69510920599566,26.0,1.0,3.0,12.75,8.916666666666666,9.287087810503355,8.284249385357002
APAC,Furnishings,2011,18,5,2,Spring,0.0,0.0,407.7,11,0.8229838658936565,-0.5680647467311557,2011-18,2011-05-02,182.088,457.68,219.96,538.4452906012868,373.59326353376224,357.04197319781696,322.9618085887532,8.0,12.0,2.0,12.5,9.666666666666666,9.327379053088816,8.00378698246062
APAC,Furnishings,2011,19,5,2,Spring,0.3333333333333333,0.09000000000000001,470.454,11,0.7485107481711013,-0.663122658240795,2011-19,2011-05-09,407.7,537.336,34.02,521.7247906012868,409.96276353376226,358.6735732603126,305.33837302765284,11.0,5.0,2.0,14.0,10.416666666666666,8.12403840463596,7.633161305458671
APAC,Furnishings,2011,20,5,2,Spring,1.0,0.26,184.53359999999998,9,0.6631226582407952,-0.7485107481711012,2011-20,2011-05-16,470.454,1026.6571624051471,396.216,311.1939,392.3225635337623,149.87591734511597,312.2414504057445,11.0,26.0,11.0,9.75,10.25,1.5,7.641097017860959
APAC,Furnishings,2011,22,5,2,Autumn,0.0,0.0,69.84,4,0.46472317204376906,-0.8854560256532096,2011-22,2011-05-30,184.53359999999998,182.088,296.64,283.13190000000003,373.4225635337623,187.8135955804053,325.15664584169383,9.0,8.0,6.0,8.75,10.083333333333334,3.304037933599835,7.763063281666041
APAC,Furnishings,2011,23,6,2,Autumn,1.0,0.1,190.89,5,0.35460488704253584,-0.9350162426854147,2011-23,2011-06-06,69.84,407.7,892.9739999999999,228.9294,314.9155635337623,170.35409456728667,283.69364089282584,4.0,11.0,24.0,7.25,8.5,3.304037933599835,6.50174801670499
APAC,Furnishings,2011,25,6,2,Winter,1.0,0.14250000000000002,558.654,24,0.12053668025532308,-0.992708874098054,2011-25,2011-06-20,190.89,470.454,146.496,250.9794,349.2620635337623,212.52523148049985,286.3865778972076,5.0,11.0,7.0,10.5,9.916666666666666,9.255628917943215,7.856188450495378
APAC,Furnishings,2011,26,6,2,Summer,0.5,0.125,348.66,10,-3.216245299353273e-16,-1.0,2011-26,2011-06-27,558.654,184.53359999999998,47.142,292.011,374.38856353376224,211.26050942852532,270.241933637967,24.0,9.0,3.0,10.75,10.5,9.215023964519391,7.54983443527075
APAC,Furnishings,2011,27,7,3,Winter,0.6666666666666666,0.22333333333333336,340.7814,7,-0.12053668025532283,-0.992708874098054,2011-27,2011-07-04,348.66,69.84,58.17,359.74635,397.9395135337623,151.1724144243586,251.86887357347095,10.0,4.0,1.0,11.5,11.0,8.582928793055823,7.04530791636275
APAC,Furnishings,2011,28,7,3,Winter,1.0,0.4,52.812,2,-0.23931566428755743,-0.9709418174260521,2011-28,2011-07-11,340.7814,190.89,457.68,325.22685,364.20051353376226,207.75718311069303,269.6296209870183,7.0,5.0,12.0,10.75,10.166666666666666,9.429563439877091,7.493431467059344
APAC,Furnishings,2011,29,7,3,Winter,1.0,0.1,36.882,1,-0.3546048870425356,-0.9350162426854148,2011-29,2011-07-18,52.812,558.654,537.336,194.78385,322.4960135337622,173.28411599708167,278.9577658543063,2.0,24.0,5.0,5.0,9.833333333333334,4.242640687119285,7.825753908884706
APAC,Furnishings,2011,30,7,3,Summer,1.0,0.27,82.8258,2,-0.46472317204376806,-0.8854560256532101,2011-30,2011-07-25,36.882,348.66,1026.6571624051471,128.3253,243.8434,142.91248431498232,176.67532387297842,1.0,10.0,26.0,3.0,7.833333333333333,2.708012801545319,6.220688844249464
APAC,Furnishings,2011,31,8,3,Summer,1.0,0.2,160.992,4,-0.5680647467311556,-0.8229838658936566,2011-31,2011-08-01,82.8258,340.7814,182.088,83.37795,242.08540000000002,55.13739291633287,177.44894502789452,2.0,7.0,8.0,2.25,7.5,1.2583057392117893,6.317364237487889
APAC,Furnishings,2011,32,8,3,Summer,0.0,0.0,278.19,6,-0.663122658240795,-0.7485107481711013,2011-32,2011-08-08,160.992,52.812,407.7,139.72244999999998,231.29290000000003,105.57626484778699,170.2530252673783,4.0,2.0,11.0,3.25,7.083333333333333,2.217355782608344,6.22981589299444
APAC,Furnishings,2011,33,8,3,Summer,0.3333333333333333,0.08333333333333333,331.2525,15,-0.7485107481711011,-0.6631226582407952,2011-33,2011-08-15,278.19,36.882,470.454,213.315075,219.69277499999998,112.37310944181684,156.6774781687187,6.0,1.0,11.0,6.75,7.416666666666667,5.737304826019502,6.556860852757536
APAC,Furnishings,2011,34,8,3,Summer,0.75,0.1975,503.74289999999996,17,-0.8229838658936564,-0.5680647467311559,2011-34,2011-08-22,331.2525,82.8258,184.53359999999998,318.54435,246.29354999999998,142.49118867842324,176.06384301182806,15.0,2.0,9.0,10.5,8.083333333333334,6.454972243679028,7.115390915388129
APAC,Furnishings,2011,35,9,3,Summer,0.5714285714285714,0.10285714285714286,1028.4888,24,-0.8854560256532096,-0.4647231720437691,2011-35,2011-08-29,503.74289999999996,160.992,69.84,535.4185500000001,326.18095,342.5258730595836,277.1761564333592,17.0,4.0,4.0,15.5,9.75,7.416198487095663,8.313461154274817
APAC,Furnishings,2011,36,9,3,Summer,1.0,0.2,160.704,4,-0.9350162426854147,-0.3546048870425359,2011-36,2011-09-05,1028.4888,278.19,190.89,506.04705,323.66545,375.3956349165903,278.64866859269057,24.0,6.0,5.0,15.0,9.666666666666666,8.286535263104035,8.370221386594627
APAC,Furnishings,2011,37,9,3,Summer,0.3333333333333333,0.13333333333333333,659.8679999999999,11,-0.970941817426052,-0.23931566428755774,2011-37,2011-09-12,160.704,331.2525,558.654,588.200925,332.09995,360.03535075620346,287.7901274612314,4.0,15.0,24.0,14.0,8.583333333333334,8.524474568362947,7.089792064309894
APAC,Furnishings,2011,38,9,3,Autumn,0.5,0.135,129.0444,8,-0.992708874098054,-0.12053668025532357,2011-38,2011-09-19,659.8679999999999,503.74289999999996,348.66,494.52630000000005,313.79865,431.07160131082634,293.56628526004295,11.0,17.0,10.0,11.75,8.416666666666666,8.65544144839919,7.076957915187385
APAC,Furnishings,2011,39,9,3,Autumn,0.3333333333333333,0.09000000000000001,328.71758120257357,9,-1.0,-1.8369701987210297e-16,2011-39,2011-09-26,129.0444,1028.4888,340.7814,319.58349530064345,312.7933317668811,243.1904716669119,293.48612790337165,8.0,24.0,7.0,8.0,8.583333333333334,2.94392028877595,7.064100448855126
APAC,Furnishings,2011,40,10,4,Autumn,0.14285714285714285,0.05714285714285715,1028.886,25,-0.992708874098054,0.1205366802553232,2011-40,2011-10-03,328.71758120257357,160.704,52.812,536.6289953006435,394.1328317668811,394.48581275440847,345.5272947376362,9.0,4.0,2.0,13.25,10.5,7.932002689527196,8.151965741742632
APAC,Furnishings,2011,41,10,4,Autumn,0.0,0.0,44.46,2,-0.9709418174260521,0.23931566428755738,2011-41,2011-10-10,1028.886,659.8679999999999,36.882,382.7769953006435,394.76433176688107,446.92202356170793,344.8212148697224,25.0,11.0,1.0,11.0,10.583333333333334,9.83192080250175,8.05050346628123
APAC,Furnishings,2011,42,10,4,Autumn,1.0,0.21285714285714286,1136.5674,26,-0.9350162426854148,0.35460488704253557,2011-42,2011-10-17,44.46,129.0444,82.8258,634.6577453006435,482.57613176688113,532.059514481242,389.44641016271186,2.0,8.0,2.0,15.5,12.583333333333334,11.902380714238083,8.680786865605022
APAC,Furnishings,2011,43,10,4,Autumn,0.3333333333333333,0.08333333333333333,730.38,10,-0.8854560256532101,0.464723172043768,2011-43,2011-10-24,1136.5674,328.71758120257357,160.992,735.0733500000001,530.0251317668811,491.42384022276525,381.30482704069686,26.0,9.0,4.0,15.75,13.083333333333334,11.729592206608606,8.306167843381465
APAC,Furnishings,2011,44,11,4,Autumn,0.25,0.0625,264.9825,12,-0.822983865893657,0.5680647467311548,2011-44,2011-10-31,730.38,1028.886,278.19,544.0974750000001,528.9245067668811,487.60112347543094,382.1160234235239,10.0,25.0,6.0,12.5,13.583333333333334,9.983319421247957,8.016554840774905
APAC,Furnishings,2011,46,11,4,Autumn,0.5,0.135,412.878,5,-0.6631226582407955,0.7485107481711007,2011-46,2011-11-14,264.9825,44.46,331.2525,636.2019750000001,535.726631766881,385.9674232183364,378.99107108052993,12.0,2.0,15.0,13.25,12.75,8.995369179009089,8.367958369442771
APAC,Furnishings,2011,47,11,4,Autumn,0.5,0.2,309.18600000000004,8,-0.5680647467311559,0.8229838658936564,2011-47,2011-11-21,412.878,1136.5674,503.74289999999996,429.3566250000001,519.5135567668812,210.03686141618698,384.60367850065353,5.0,26.0,17.0,8.75,12.0,2.9860788111948167,8.355727485873498
APAC,Furnishings,2011,48,12,4,Autumn,0.6666666666666666,0.22333333333333336,523.4808,14,-0.4647231720437684,0.88545602565321,2011-48,2011-11-28,309.18600000000004,730.38,1028.4888,377.63182500000016,477.42955676688103,115.30960894271807,349.91259542416554,8.0,10.0,24.0,9.75,11.166666666666666,4.031128874149273,7.505553499465138
APAC,Furnishings,2011,49,12,4,Autumn,0.6666666666666666,0.12,1154.9484,35,-0.35460488704253595,0.9350162426854147,2011-49,2011-12-05,523.4808,264.9825,160.704,600.1233000000001,560.2832567668811,380.0922165736625,384.13621473539416,14.0,12.0,4.0,15.5,13.75,13.527749258468683,9.79911869877732
APAC,Furnishings,2011,50,12,4,Spring,0.6666666666666666,0.06666666666666667,434.364,10,-0.2393156642875578,0.970941817426052,2011-50,2011-12-12,1154.9484,412.878,659.8679999999999,605.4948,541.4912567668811,376.70068153864537,384.3374243310313,35.0,5.0,11.0,16.75,13.666666666666666,12.419742348374221,9.82883821242677
APAC,Furnishings,2011,51,12,4,Winter,0.2,0.054000000000000006,387.636,12,-0.12053668025532363,0.992708874098054,2011-51,2011-12-19,434.364,309.18600000000004,129.0444,625.1073000000001,563.0405567668812,357.69407858766675,365.9178218184025,10.0,8.0,8.0,17.75,14.0,11.615363389350618,9.685978619539787
APAC,Furnishings,2011,52,12,4,Winter,0.4,0.074,510.3414,13,6.432490598706546e-16,1.0,2011-52,2011-12-26,387.636,523.4808,328.71758120257357,621.8224500000001,578.175875,358.99640987643585,359.0360054770377,12.0,14.0,9.0,17.5,14.333333333333334,11.73314393786536,9.566355184455132
APAC,Furnishings,2012,1,1,1,Summer,1.0,0.1,54.351,3,0.12053668025532305,0.992708874098054,2012-1,2012-01-02,510.3414,1154.9484,1028.886,346.6731000000001,496.964625,201.33485845933416,358.03568421578035,13.0,35.0,25.0,9.5,12.5,4.509249752822895,9.443612559916794
APAC,Furnishings,2012,2,1,1,Summer,0.5,0.2,216.93,9,0.23931566428755774,0.970941817426052,2012-2,2012-01-09,54.351,434.364,44.46,292.31460000000004,511.337125,199.1074815757563,341.28969211293764,3.0,10.0,2.0,9.25,13.083333333333334,4.500000000000001,8.93876474416433
APAC,Furnishings,2012,3,1,1,Summer,0.6666666666666666,0.16666666666666666,363.996,10,0.3546048870425356,0.9350162426854148,2012-3,2012-01-16,216.93,387.636,1136.5674,286.4046000000001,446.95617500000003,195.65591316247037,279.9874709912508,9.0,12.0,26.0,8.75,11.75,4.193248541803043,7.978664732214969
APAC,Furnishings,2012,4,1,1,Winter,0.0,0.0,235.17000000000002,9,0.4647231720437685,0.8854560256532099,2012-4,2012-01-23,363.996,510.3414,730.38,217.61175000000006,405.68867500000005,127.00548290625164,270.7583732779505,10.0,13.0,10.0,7.75,11.666666666666666,3.2015621187164265,8.003786982460621
APAC,Furnishings,2012,7,2,1,Summer,1.0,0.185,319.7241812025736,8,0.7485107481711011,0.6631226582407953,2012-7,2012-02-13,235.17000000000002,54.351,264.9825,283.95504530064346,410.25048176688114,69.66185674359336,268.6249513287859,9.0,3.0,12.0,9.0,11.333333333333334,0.8164965809277329,8.071648849616489
APAC,Furnishings,2012,8,2,1,Summer,0.8333333333333334,0.18333333333333335,521.226,18,0.8229838658936564,0.5680647467311559,2012-8,2012-02-20,319.7241812025736,216.93,412.878,360.0290453006435,419.27948176688113,120.02007914967876,270.5353945828972,8.0,9.0,5.0,11.25,12.416666666666666,4.5734742446707495,8.016554840774905
APAC,Furnishings,2012,9,2,1,Winter,0.3333333333333333,0.03333333333333333,458.262,11,0.8854560256532099,0.4647231720437686,2012-9,2012-02-27,521.226,363.996,309.18600000000004,383.5955453006435,431.7024817668812,129.90626770568656,268.4349401108723,18.0,10.0,8.0,11.5,12.666666666666666,4.509249752822896,7.9123991687768545
APAC,Furnishings,2012,10,3,1,Winter,1.0,0.27,215.99970000000002,9,0.9350162426854148,0.35460488704253557,2012-10,2012-03-05,458.262,235.17000000000002,523.4808,378.80297030064344,406.07905676688114,137.34781266476466,273.5052266834979,11.0,9.0,14.0,11.5,12.25,4.509249752822896,7.967262561712948
APAC,Furnishings,2012,12,3,1,Autumn,1.0,0.1,524.232,8,0.992708874098054,0.120536680255323,2012-12,2012-03-19,215.99970000000002,319.7241812025736,1154.9484,429.929925,353.5193567668812,145.82718345364333,148.58751912785365,9.0,8.0,35.0,11.5,10.0,4.509249752822895,3.541956316141489
APAC,Furnishings,2012,13,3,1,Spring,1.0,0.27,82.8258,2,1.0,-1.6081226496766366e-16,2012-13,2012-03-26,524.232,521.226,434.364,320.329875,324.2245067668811,206.47382299270438,164.9522370934903,8.0,18.0,10.0,7.5,9.333333333333334,3.8729833462074184,4.228331571528884
APAC,Furnishings,2012,15,4,2,Spring,0.0,0.0,554.25,6,0.9709418174260521,-0.2393156642875575,2012-15,2012-04-09,82.8258,458.262,387.636,344.32687500000003,338.1090067668811,231.86508180453262,177.32328045991008,2.0,11.0,12.0,6.25,8.833333333333334,3.0956959368344537,4.239067936433316
APAC,Furnishings,2012,16,4,2,Autumn,1.0,0.335,167.22299999999998,4,0.9350162426854148,-0.35460488704253545,2012-16,2012-04-16,554.25,215.99970000000002,510.3414,332.1327,309.5158067668811,241.92793387114298,174.67012564435075,6.0,9.0,13.0,5.0,8.083333333333334,2.5819888974716134,4.2310182168734745
APAC,Furnishings,2012,17,4,2,Spring,0.5,0.135,235.755,12,0.8854560256532099,-0.4647231720437685,2012-17,2012-04-23,167.22299999999998,524.232,54.351,260.01345000000003,324.6328067668812,205.88763171208262,157.59426456259223,4.0,8.0,3.0,6.0,8.833333333333334,4.320493798938575,4.041451884327386
APAC,Furnishings,2012,18,5,2,Autumn,1.0,0.185,456.34979999999996,6,0.8229838658936565,-0.5680647467311557,2012-18,2012-04-30,235.755,82.8258,216.93,353.39445,344.58445676688115,182.06372973113048,157.87455495410006,12.0,2.0,9.0,7.0,8.583333333333334,3.464101615137756,4.1221868276952565
APAC,Furnishings,2012,19,5,2,Autumn,0.75,0.1175,955.7967812025736,24,0.7485107481711013,-0.663122658240795,2012-19,2012-05-07,456.34979999999996,554.25,363.996,453.7811453006434,393.90118853376225,356.6871959900747,237.06273493948999,6.0,6.0,10.0,11.5,9.75,9.0,6.077155435054975
APAC,Furnishings,2012,20,5,2,Autumn,1.0,0.335,215.91,8,0.6631226582407952,-0.7485107481711012,2012-20,2012-05-14,955.7967812025736,167.22299999999998,235.17000000000002,465.95289530064343,392.29618853376223,344.26335485401825,238.2970842436391,24.0,4.0,9.0,12.5,9.666666666666666,8.062257748298551,6.095204274797949
APAC,Furnishings,2012,21,5,2,Spring,0.0,0.0,48.78,1,0.5680647467311558,-0.8229838658936564,2012-21,2012-05-21,215.91,235.755,319.7241812025736,419.2091453006434,369.7175067668811,394.9067457018415,257.8335645407966,8.0,12.0,8.0,9.75,9.083333333333334,9.945685831890463,6.584531920042657
APAC,Furnishings,2012,22,5,2,Autumn,1.0,0.1,51.354,2,0.46472317204376906,-0.8854560256532096,2012-22,2012-05-28,48.78,456.34979999999996,521.226,317.9601953006434,330.5615067668811,432.35270848028216,268.2030790835862,1.0,6.0,18.0,8.75,7.75,10.626225419530055,6.224949798994369
APAC,Furnishings,2012,23,6,2,Autumn,0.0,0.0,549.6,9,0.35460488704253584,-0.9350162426854147,2012-23,2012-06-04,51.354,955.7967812025736,458.262,216.41100000000006,338.1730067668811,235.48469598680973,273.4023066817525,2.0,24.0,11.0,5.0,7.583333333333333,4.082482904638633,6.156420644458531
APAC,Furnishings,2012,24,6,2,Spring,0.3333333333333333,0.16666666666666666,512.145,10,0.23931566428755768,-0.970941817426052,2012-24,2012-06-11,549.6,215.91,215.99970000000002,290.4697500000001,362.85178176688106,278.0159947921165,274.7343292917187,9.0,8.0,9.0,5.5,7.666666666666667,4.6547466812563165,6.184045944397913
APAC,Furnishings,2012,25,6,2,Autumn,1.0,0.15000000000000002,312.552,5,0.12053668025532308,-0.992708874098054,2012-25,2012-06-18,512.145,48.78,524.232,356.4127500000001,345.21178176688113,228.44288388621374,270.18864228432267,10.0,1.0,8.0,6.5,7.416666666666667,3.6968455021364757,6.229815892994439
APAC,Furnishings,2012,26,6,2,Summer,1.0,0.23200000000000004,891.156,21,-3.216245299353273e-16,-1.0,2012-26,2012-06-25,312.552,51.354,82.8258,566.3632500000001,412.5726317668811,240.2298248641288,298.14270580250565,5.0,2.0,2.0,11.25,9.0,6.849574196011507,7.083912632282969
APAC,Furnishings,2012,27,7,3,Summer,0.0,0.0,840.3299999999999,22,-0.12053668025532283,-0.992708874098054,2012-27,2012-07-02,891.156,549.6,554.25,639.04575,436.4126317668811,274.94053696072166,321.058412338131,21.0,9.0,6.0,14.5,10.333333333333334,8.346656017032611,7.923880286064324
APAC,Furnishings,2012,28,7,3,Summer,0.0,0.0,47.7,2,-0.23931566428755743,-0.9709418174260521,2012-28,2012-07-09,840.3299999999999,512.145,167.22299999999998,522.9345000000001,426.45238176688116,410.8672140643495,331.84162689554336,22.0,10.0,4.0,12.5,10.166666666666666,10.47218538160334,8.088525355356344
APAC,Furnishings,2012,29,7,3,Summer,1.0,0.325,520.551,10,-0.3546048870425356,-0.9350162426854148,2012-29,2012-07-16,47.7,312.552,235.755,574.93425,450.1853817668811,387.8851168171447,327.1137575023168,2.0,5.0,12.0,13.75,10.0,9.535023160258536,8.067893720848653
APAC,Furnishings,2012,30,7,3,Summer,1.0,0.23500000000000001,160.8948,4,-0.46472317204376806,-0.8854560256532101,2012-30,2012-07-23,520.551,891.156,456.34979999999996,392.36895000000004,425.5641317668811,360.3131542938866,337.55997218652556,10.0,21.0,6.0,9.5,9.833333333333334,9.000000000000002,8.177945211285529
APAC,Furnishings,2012,31,8,3,Summer,0.5,0.05,139.785,3,-0.5680647467311556,-0.8229838658936566,2012-31,2012-07-30,160.8948,840.3299999999999,955.7967812025736,217.23270000000008,357.56314999999995,208.0988809003073,301.2772100753978,4.0,22.0,24.0,4.75,8.083333333333334,3.5939764421413076,7.038315053184166
APAC,Furnishings,2012,32,8,3,Summer,0.25,0.0625,356.67,13,-0.663122658240795,-0.7485107481711013,2012-32,2012-08-06,139.785,47.7,215.91,294.4752000000001,369.29314999999997,179.58400238039084,297.98285466708086,3.0,2.0,8.0,7.5,8.5,4.795831523312722,7.179516316957194
APAC,Furnishings,2012,33,8,3,Summer,0.25,0.025,779.361,11,-0.7485107481711011,-0.6631226582407952,2012-33,2012-08-13,356.67,520.551,48.78,359.1777000000001,430.1749,296.65331022585974,301.16131450752727,13.0,10.0,1.0,7.75,9.333333333333334,4.991659710623981,6.8001782507831585
APAC,Furnishings,2012,34,8,3,Winter,0.5,0.05,145.815,7,-0.8229838658936564,-0.5680647467311559,2012-34,2012-08-20,779.361,160.8948,51.354,355.40775,438.04665,300.08901047897467,291.43706883295175,11.0,4.0,2.0,8.5,9.75,4.434711565216693,6.454385401344651
APAC,Furnishings,2012,35,8,3,Winter,0.8571428571428571,0.14285714285714285,836.0369999999999,23,-0.8854560256532096,-0.4647231720437691,2012-35,2012-08-27,145.815,139.785,549.6,529.47075,461.91640000000007,333.40657681613004,312.3817893082291,7.0,3.0,9.0,13.5,10.916666666666666,6.806859285554047,7.488880646220327
APAC,Furnishings,2012,37,9,3,Summer,0.5,0.135,198.68099999999998,12,-0.970941817426052,-0.23931566428755774,2012-37,2012-09-10,836.0369999999999,356.67,512.145,489.97350000000006,435.7944,368.2397157952955,320.79274846609144,23.0,13.0,10.0,13.25,11.083333333333334,6.849574196011507,7.488880646220327
APAC,Furnishings,2012,38,9,3,Winter,0.6666666666666666,0.16666666666666666,560.001,18,-0.992708874098054,-0.12053668025532357,2012-38,2012-09-17,198.68099999999998,779.361,312.552,435.1335,456.41515000000004,324.51527342946446,320.1028057176985,12.0,11.0,5.0,15.0,12.166666666666666,6.976149845485451,7.469128382072358
APAC,Furnishings,2012,39,9,3,Autumn,1.0,0.266,603.2199,23,-1.0,-1.8369701987210297e-16,2012-39,2012-09-24,560.001,145.815,891.156,549.484725,432.42047500000007,263.4220446695806,294.304567557201,18.0,7.0,21.0,19.0,12.333333333333334,5.228129047119375,7.702813338860898
APAC,Furnishings,2012,40,10,4,Autumn,0.5,0.2,155.94,4,-0.992708874098054,0.1205366802553232,2012-40,2012-10-01,603.2199,836.0369999999999,840.3299999999999,379.4604750000001,375.38797500000004,234.73799775431044,273.6596697178386,23.0,23.0,22.0,14.25,10.833333333333334,8.180260794538686,7.395739969534472
APAC,Furnishings,2012,41,10,4,Autumn,1.0,0.23500000000000001,228.4164,9,-0.9709418174260521,0.23931566428755738,2012-41,2012-10-08,155.94,198.68099999999998,47.7,386.8943250000001,390.44767499999995,227.46269164938377,258.5423234668731,4.0,12.0,2.0,13.5,11.416666666666666,8.582928793055823,6.894771844512249
APAC,Furnishings,2012,42,10,4,Autumn,0.5,0.05,224.08499999999998,6,-0.9350162426854148,0.35460488704253557,2012-42,2012-10-15,228.4164,560.001,520.551,302.91532500000005,365.74217500000003,202.93586334155603,259.1438328163517,9.0,18.0,10.0,10.5,11.083333333333334,8.582928793055823,7.064100448855127
APAC,Furnishings,2012,44,11,4,Autumn,0.6,0.09,394.197,14,-0.822983865893657,0.5680647467311548,2012-44,2012-10-29,224.08499999999998,603.2199,160.8948,250.65960000000007,385.184025,101.28467658752845,251.00202653991053,6.0,23.0,4.0,8.25,11.916666666666666,4.349329450233298,6.734690832255083
APAC,Furnishings,2012,45,11,4,Autumn,1.0,0.25,714.4200000000001,12,-0.7485107481711011,0.6631226582407952,2012-45,2012-11-05,394.197,155.94,139.785,390.2796000000001,433.07027500000004,230.14682669861025,254.71565627953592,14.0,4.0,3.0,10.25,12.666666666666666,3.500000000000002,6.124961348053682
APAC,Furnishings,2012,46,11,4,Autumn,0.6,0.11000000000000001,1252.4865812025737,26,-0.6631226582407955,0.7485107481711007,2012-46,2012-11-12,714.4200000000001,228.4164,356.67,646.2971453006435,507.72165676688115,452.37297827915813,345.4131724007168,12.0,9.0,13.0,14.5,13.75,8.386497083606084,7.237842471093419
APAC,Furnishings,2012,47,11,4,Autumn,0.3333333333333333,0.09000000000000001,495.4506,11,-0.5680647467311559,0.8229838658936564,2012-47,2012-11-19,1252.4865812025737,224.08499999999998,779.361,714.1385453006435,484.0624567668812,382.97332231083425,334.6719437752814,26.0,6.0,11.0,15.75,13.75,6.946221994724904,7.237842471093419
APAC,Furnishings,2012,48,11,4,Autumn,0.2,0.054000000000000006,1022.2692,15,-0.4647231720437684,0.88545602565321,2012-48,2012-11-26,495.4506,394.197,145.815,871.1565953006435,557.1003067668811,333.65098164512887,349.45402032240935,11.0,14.0,7.0,16.0,14.416666666666666,6.879922480183432,6.921092049056652
APAC,Furnishings,2012,49,12,4,Spring,1.0,0.1,45.468,1,-0.35460488704253595,0.9350162426854147,2012-49,2012-12-03,1022.2692,714.4200000000001,836.0369999999999,703.9185953006435,491.21955676688117,541.3840393489594,366.2063371880377,15.0,12.0,23.0,13.25,12.583333333333334,10.3400515794974,7.341765125057815
APAC,Furnishings,2012,50,12,4,Autumn,0.0,0.0,110.1,1,-0.2393156642875578,0.970941817426052,2012-50,2012-12-10,45.468,1252.4865812025737,198.68099999999998,418.3219500000001,483.83780676688116,448.9699128470971,373.46015023166683,1.0,26.0,12.0,7.0,11.666666666666666,7.118052168020875,8.071648849616489
APAC,Furnishings,2012,51,12,4,Autumn,0.5,0.05,413.862,7,-0.12053668025532363,0.992708874098054,2012-51,2012-12-17,110.1,495.4506,560.001,397.92480000000006,471.65955676688117,446.1422925168157,373.1333403117335,1.0,11.0,18.0,6.0,10.75,6.633249580710801,7.910005171817644
APAC,Furnishings,2012,52,12,4,Winter,0.6666666666666666,0.18000000000000002,745.6269,18,6.432490598706546e-16,1.0,2012-52,2012-12-24,413.862,1022.2692,603.2199,328.764225,483.52680676688107,320.98126399745286,379.9011100931349,7.0,15.0,23.0,6.75,10.333333333333334,8.0156097709407,7.315405082095698
APAC,Furnishings,2013,1,1,1,Summer,0.0,0.0,217.32,2,0.12053668025532305,0.992708874098054,2013-1,2012-12-31,745.6269,45.468,155.94,371.72722500000003,488.6418067668812,279.20524244290704,375.47695453446653,18.0,1.0,4.0,7.0,10.166666666666666,7.788880963698617,7.493431467059348
APAC,Furnishings,2013,4,1,1,Winter,0.0,0.0,390.24,9,0.4647231720437685,0.8854560256532099,2013-4,2013-01-21,217.32,110.1,228.4164,441.76222500000006,502.1271067668811,220.71173907747288,368.1150747334532,2.0,1.0,9.0,9.0,10.166666666666666,6.683312551921142,7.493431467059348
APAC,Furnishings,2013,5,1,1,Winter,1.0,0.2,207.6,5,0.5680647467311558,0.8229838658936564,2013-5,2013-01-28,390.24,413.862,224.08499999999998,390.196725,500.75335676688115,251.3686119365393,369.2759436226677,9.0,7.0,6.0,8.5,10.083333333333334,6.952217871538071,7.549332701797179
APAC,Furnishings,2013,6,2,1,Winter,0.5,0.0925,562.1745,10,0.6631226582407952,0.7485107481711011,2013-6,2013-02-04,207.6,745.6269,394.197,344.333625,514.7514817668812,167.72058830853925,368.051241189071,5.0,18.0,14.0,6.5,9.75,3.696845502136475,7.448306702014411
APAC,Furnishings,2013,7,2,1,Winter,0.0,0.0,56.97,3,0.7485107481711011,0.6631226582407953,2013-7,2013-02-11,562.1745,217.32,714.4200000000001,304.246125,459.9639817668811,219.39914056363696,384.2058164754507,10.0,2.0,12.0,6.75,9.0,3.3040379335998376,7.6515001500003
APAC,Furnishings,2013,8,2,1,Summer,0.5,0.05,371.74199999999996,9,0.8229838658936564,0.5680647467311559,2013-8,2013-02-18,56.97,390.24,1252.4865812025737,299.621625,386.5686,217.1659513242408,292.1400141002347,3.0,9.0,26.0,6.75,7.583333333333333,3.3040379335998376,5.48482755730145
APAC,Furnishings,2013,9,3,1,Winter,0.3333333333333333,0.09000000000000001,677.8146,13,0.8854560256532099,0.4647231720437686,2013-9,2013-02-25,371.74199999999996,207.6,495.4506,417.17527500000006,401.76559999999995,271.2745568620516,302.86529005293585,9.0,5.0,11.0,8.75,7.75,4.193248541803044,5.626641174723245
APAC,Furnishings,2013,10,3,1,Winter,1.0,0.20666666666666667,277.5372,10,0.9350162426854148,0.35460488704253557,2013-10,2013-03-04,677.8146,562.1745,1022.2692,346.01595,339.70459999999997,257.54551326150107,232.2205824815822,13.0,10.0,15.0,8.75,7.333333333333333,4.193248541803044,5.210711578231443
APAC,Furnishings,2013,12,3,1,Spring,0.0,0.0,100.92,2,0.992708874098054,0.120536680255323,2013-12,2013-03-18,277.5372,56.97,45.468,357.00345000000004,344.32559999999995,241.5440864337813,226.30973404014617,10.0,3.0,1.0,8.5,7.416666666666667,4.654746681256316,5.107184482014861
APAC,Furnishings,2013,13,3,1,Spring,0.5,0.135,470.31600000000003,8,1.0,-1.6081226496766366e-16,2013-13,2013-03-25,100.92,371.74199999999996,110.1,381.64695,374.3436,248.47799220842475,216.0757523402254,2.0,9.0,1.0,8.25,8.0,4.645786621588787,4.690415759823437
APAC,Furnishings,2013,14,4,2,Autumn,1.0,0.17833333333333334,736.0656,21,0.992708874098054,-0.12053668025532288,2013-14,2013-04-01,470.31600000000003,677.8146,413.862,396.20970000000005,401.1939,272.1965868306948,240.1147218741489,8.0,13.0,7.0,10.25,9.166666666666666,7.932002689527197,5.982297116315675
APAC,Furnishings,2013,15,4,2,Autumn,1.0,0.1,85.05,5,0.9709418174260521,-0.2393156642875575,2013-15,2013-04-08,736.0656,277.5372,745.6269,348.08790000000005,346.145825,313.9784025235494,229.45692080361505,21.0,10.0,18.0,9.0,8.083333333333334,8.366600265340756,5.384461369758753
APAC,Furnishings,2013,17,4,2,Autumn,1.0,0.185,149.4906,7,0.8854560256532099,-0.4647231720437685,2013-17,2013-04-22,85.05,100.92,217.32,360.23055000000005,340.49337499999996,301.94174533868284,233.71487010541114,5.0,2.0,2.0,10.25,8.5,7.274384280931733,5.054251135970056
APAC,Furnishings,2013,18,5,2,Spring,0.14285714285714285,0.038571428571428576,921.2667,24,0.8229838658936565,-0.5680647467311557,2013-18,2013-04-29,149.4906,470.31600000000003,390.24,472.968225,384.7456,418.4535317021502,287.96667435273866,7.0,8.0,9.0,14.25,9.75,9.639329160614171,6.757151094143963
APAC,Furnishings,2013,19,5,2,Spring,0.5,0.135,227.1132,11,0.7485107481711013,-0.663122658240795,2013-19,2013-05-06,921.2667,736.0656,207.6,345.73012500000004,386.3717,388.0620237373692,286.92864815164234,24.0,21.0,5.0,11.75,10.25,8.539125638299666,6.593729803932883
APAC,Furnishings,2013,20,5,2,Spring,0.8571428571428571,0.21571428571428572,709.0371,33,0.6631226582407952,-0.7485107481711012,2013-20,2013-05-13,227.1132,85.05,562.1745,501.72690000000006,398.61025,373.4855008669278,298.0264617640382,11.0,5.0,10.0,18.75,12.166666666666666,11.954775893619532,9.30135213370355
APAC,Furnishings,2013,21,5,2,Spring,0.0,0.0,246.4905812025736,6,0.5680647467311558,-0.8229838658936564,2013-21,2013-05-20,709.0371,149.4906,56.97,525.9768953006435,414.4036317668811,345.0590173582418,282.9144832808657,33.0,7.0,3.0,18.5,12.416666666666666,12.28820572744451,9.070013865212752
APAC,Furnishings,2013,22,5,2,Spring,0.0,0.0,118.86000000000001,5,0.46472317204376906,-0.8854560256532096,2013-22,2013-05-27,246.4905812025736,921.2667,371.74199999999996,325.3752203006435,393.33013176688115,261.8671323842582,295.5185839375213,6.0,24.0,9.0,13.75,12.083333333333334,13.098982148752375,9.27811043981119
APAC,Furnishings,2013,23,6,2,Spring,0.3333333333333333,0.09000000000000001,190.5246,4,0.35460488704253584,-0.9350162426854147,2013-23,2013-06-03,118.86000000000001,227.1132,677.8146,316.2280703006435,352.7226317668811,267.03168901766327,286.2063162938079,5.0,11.0,13.0,12.0,11.333333333333334,14.023789311975088,9.556847457887637
APAC,Furnishings,2013,24,6,2,Spring,0.8333333333333334,0.24333333333333332,592.1406,15,0.23931566428755768,-0.970941817426052,2013-24,2013-06-10,190.5246,709.0371,277.5372,287.0039453006434,378.9395817668812,210.02409474674081,293.02106395064624,4.0,33.0,10.0,7.5,11.75,5.066228051190225,9.60231979547367
APAC,Furnishings,2013,25,6,2,Spring,0.5,0.13166666666666668,433.09950000000003,15,0.12053668025532308,-0.992708874098054,2013-25,2013-06-17,592.1406,246.4905812025736,100.92,333.6561750000001,406.62120676688113,218.5766207467819,279.7592997320042,15.0,6.0,2.0,9.75,12.833333333333334,6.075908711186065,9.123728637044412
APAC,Furnishings,2013,26,6,2,Summer,0.5,0.135,755.4285,18,-3.216245299353273e-16,-1.0,2013-26,2013-06-24,433.09950000000003,118.86000000000001,470.31600000000003,492.79830000000004,430.3805817668811,240.6774127017737,297.2224954741776,15.0,5.0,8.0,13.0,13.666666666666666,6.16441400296898,9.098784467602188
APAC,Furnishings,2013,27,7,3,Summer,1.0,0.27,93.0969,3,-0.12053668025532283,-0.992708874098054,2013-27,2013-07-01,755.4285,190.5246,736.0656,468.441375,376.7998567668812,282.72226137024023,295.0530849757234,18.0,4.0,21.0,12.75,12.166666666666666,6.652067347825038,9.262174625209722
APAC,Furnishings,2013,28,7,3,Summer,0.5,0.135,1861.1901812025735,39,-0.23931566428755743,-0.9709418174260521,2013-28,2013-07-08,93.0969,592.1406,85.05,785.7037703006434,524.8115385337622,766.2944734779167,505.69724265988214,3.0,15.0,5.0,18.75,15.0,14.974979131871939,11.739598878078496
APAC,Furnishings,2013,29,7,3,Summer,0.5,0.05,65.298,3,-0.3546048870425356,-0.9350162426854148,2013-29,2013-07-15,1861.1901812025735,433.09950000000003,149.4906,693.7533953006434,517.7954885337623,841.1216473348835,511.92354713948606,39.0,15.0,7.0,15.75,14.666666666666666,17.03672503740082,12.040336248199093
APAC,Furnishings,2013,30,7,3,Summer,1.0,0.2,32.208,2,-0.46472317204376806,-0.8854560256532101,2013-30,2013-07-22,65.298,755.4285,921.2667,512.9482703006433,443.7072635337623,899.1724705610876,512.5568978446371,3.0,18.0,24.0,11.75,12.833333333333334,18.17278184538625,12.164279549965013
APAC,Furnishings,2013,31,8,3,Summer,0.5,0.1,704.94,14,-0.5680647467311556,-0.8229838658936566,2013-31,2013-07-29,32.208,93.0969,227.1132,665.9090453006434,483.52616353376226,854.8939606407354,512.7610931813929,2.0,3.0,11.0,14.5,13.083333333333334,17.214335111567145,12.153999217117674
APAC,Furnishings,2013,32,8,3,Summer,0.3333333333333333,0.09000000000000001,286.3659,6,-0.663122658240795,-0.7485107481711013,2013-32,2013-08-05,704.94,1861.1901812025735,709.0371,272.20297500000004,448.3035635337622,309.76828864782556,510.3735471493627,14.0,39.0,33.0,6.25,10.833333333333334,5.439056290693579,10.521262742511935
APAC,Furnishings,2013,33,8,3,Summer,0.5,0.05,365.18399999999997,12,-0.7485107481711011,-0.6631226582407952,2013-33,2013-08-12,286.3659,65.298,246.4905812025736,347.17447500000003,458.1946817668811,277.6220914821126,507.2473939440978,6.0,3.0,6.0,8.5,11.333333333333334,5.507570547286108,10.412696213000862
APAC,Furnishings,2013,34,8,3,Winter,0.3333333333333333,0.03333333333333333,383.586,10,-0.8229838658936564,-0.5680647467311559,2013-34,2013-08-19,365.18399999999997,32.208,118.86000000000001,435.01897499999995,480.25518176688115,184.82187018370524,496.796789123355,12.0,2.0,5.0,10.5,11.75,3.415650255319876,10.234744745229364
APAC,Furnishings,2013,35,8,3,Summer,0.5,0.125,654.5175,16,-0.8854560256532096,-0.4647231720437691,2013-35,2013-08-26,383.586,704.94,190.5246,422.41335,518.9212567668811,160.3787254263791,490.2096312052413,10.0,14.0,4.0,11.0,12.75,4.163331998932273,9.992042288286672
APAC,Furnishings,2013,36,9,3,Summer,1.0,0.248,315.42810000000003,12,-0.9350162426854147,-0.3546048870425359,2013-36,2013-09-02,654.5175,286.3659,592.1406,429.6789,495.86188176688114,152.63222563515183,492.95287282705743,16.0,6.0,15.0,12.5,12.5,2.5166114784235964,9.968131036640541
APAC,Furnishings,2013,37,9,3,Summer,0.5555555555555556,0.07444444444444445,2045.5917812025737,53,-0.970941817426052,-0.23931566428755774,2013-37,2013-09-09,315.42810000000003,365.18399999999997,433.09950000000003,849.7808453006435,630.2362385337623,810.5475636127863,664.2886772997177,12.0,12.0,15.0,22.75,15.666666666666666,20.32035104683644,15.39382009020818
APAC,Furnishings,2013,38,9,3,Summer,0.14285714285714285,0.038571428571428576,1331.4303,30,-0.992708874098054,-0.12053668025532357,2013-38,2013-09-16,2045.5917812025737,383.586,755.4285,1086.7419203006434,678.2363885337624,766.1610835419546,694.2900724270872,53.0,10.0,18.0,27.75,16.666666666666668,18.518009252256757,15.939278718329952
APAC,Furnishings,2013,39,9,3,Autumn,0.5,0.125,403.38,10,-1.0,-1.8369701987210297e-16,2013-39,2013-09-23,1331.4303,654.5175,93.0969,1023.9575453006435,704.0933135337623,821.6662890003334,676.0554440556238,30.0,16.0,3.0,26.25,17.25,19.97289830411868,15.5161206491829
APAC,Furnishings,2013,40,10,4,Autumn,0.8333333333333334,0.215,849.3015,32,-0.992708874098054,0.1205366802553232,2013-40,2013-09-30,403.38,315.42810000000003,1861.1901812025735,1157.4258953006433,619.7692567668811,703.0035630383559,574.0166528675613,10.0,12.0,39.0,31.25,16.666666666666668,17.57602533756329,14.736061724609977
APAC,Furnishings,2013,41,10,4,Autumn,0.75,0.1875,413.81850000000003,12,-0.9709418174260521,0.23931566428755738,2013-41,2013-10-07,849.3015,2045.5917812025737,65.298,749.482575,648.8126317668812,440.1076898851256,551.7988289154911,32.0,53.0,3.0,21.0,17.416666666666668,11.604596790352813,14.196403727278215
APAC,Furnishings,2013,42,10,4,Autumn,0.6666666666666666,0.22333333333333336,515.937,17,-0.9350162426854148,0.35460488704253557,2013-42,2013-10-14,413.81850000000003,1331.4303,32.208,545.60925,689.1233817668812,208.7321940280166,519.3752021184954,12.0,30.0,2.0,17.75,18.666666666666668,9.945685831890469,13.350746205453246
APAC,Furnishings,2013,43,10,4,Autumn,0.6,0.14,668.082,14,-0.8854560256532101,0.464723172043768,2013-43,2013-10-21,515.937,403.38,704.94,611.78475,686.0518817668811,189.70241099087147,519.3821479166144,17.0,10.0,14.0,18.75,18.666666666666668,9.069178573608536,13.350746205453246
APAC,Furnishings,2013,44,10,4,Autumn,0.0,0.0,102.9,2,-0.822983865893657,0.5680647467311548,2013-44,2013-10-28,668.082,849.3015,286.3659,425.184375,670.7630567668812,238.90841805922662,534.691774123438,14.0,32.0,6.0,11.25,18.333333333333332,6.5000000000000115,13.740010145115571
APAC,Furnishings,2013,45,11,4,Autumn,0.6,0.124,860.3658,27,-0.7485107481711011,0.6631226582407952,2013-45,2013-11-04,102.9,413.81850000000003,365.18399999999997,536.8212000000001,712.0282067668812,321.7837075971367,528.0310868535095,2.0,12.0,12.0,15.0,19.583333333333332,10.295630140987008,13.793663455193894
APAC,Furnishings,2013,46,11,4,Autumn,0.5,0.0925,850.7985000000001,20,-0.6631226582407955,0.7485107481711007,2013-46,2013-11-11,860.3658,515.937,383.586,620.5365750000001,750.9625817668812,356.2521590507516,518.7552759809776,27.0,17.0,10.0,15.75,20.416666666666668,10.594810050208553,13.460098158046339
APAC,Furnishings,2013,47,11,4,Autumn,0.75,0.1375,1159.6665812025735,18,-0.5680647467311559,0.8229838658936564,2013-47,2013-11-18,850.7985000000001,668.082,654.5175,743.4327203006435,793.0583385337623,450.4566381334592,530.578592622628,20.0,14.0,16.0,16.75,20.583333333333332,10.563301251660556,13.412737049219864
APAC,Furnishings,2013,48,11,4,Autumn,0.2,0.02,1312.2405812025736,22,-0.4647231720437684,0.88545602565321,2013-48,2013-11-25,1159.6665812025735,102.9,315.42810000000003,1045.7678656012868,876.1260453006435,228.30360270754696,527.0213642292098,18.0,2.0,12.0,21.75,21.416666666666668,3.8622100754188406,13.138827492542395
APAC,Furnishings,2013,50,12,4,Autumn,0.4,0.074,677.2089,18,-0.2393156642875578,0.970941817426052,2013-50,2013-12-09,1312.2405812025736,860.3658,2045.5917812025737,999.9786406012868,762.0941385337622,288.3532426955988,377.9304067741738,22.0,27.0,53.0,19.5,18.5,1.9148542155127126,8.586458683722455
APAC,Furnishings,2013,51,12,4,Autumn,0.75,0.155,279.8448,12,-0.12053668025532363,0.992708874098054,2013-51,2013-12-16,677.2089,850.7985000000001,1331.4303,857.2402156012869,674.4620135337623,470.5612889102469,355.14573241626914,18.0,20.0,30.0,17.5,17.0,4.1231056256176775,7.942978603201013
APAC,Furnishings,2013,52,12,4,Winter,0.3333333333333333,0.10833333333333334,603.036,20,6.432490598706546e-16,1.0,2013-52,2013-12-23,279.8448,1159.6665812025735,403.38,718.0825703006435,691.1000135337623,432.04261190257716,345.8464904612735,12.0,18.0,10.0,18.0,17.833333333333332,4.320493798938589,7.661394761854379
APAC,Furnishings,2014,1,1,1,Winter,0.5,0.13,420.846,9,0.12053668025532305,0.992708874098054,2014-1,2013-12-30,603.036,1312.2405812025736,849.3015,495.233925,655.3953885337623,179.5013625339434,350.1193852443204,20.0,22.0,32.0,14.75,15.916666666666666,5.123475382979813,6.598323937779867
APAC,Furnishings,2014,2,1,1,Winter,1.0,0.2333333333333333,254.9925,7,0.23931566428755774,0.970941817426052,2014-2,2014-01-06,420.846,677.2089,413.81850000000003,389.679825,642.1598885337622,159.8922513310832,362.8523819195995,9.0,18.0,12.0,12.0,15.5,5.7154760664940945,7.01297498796468
APAC,Furnishings,2014,3,1,1,Winter,0.3333333333333333,0.08333333333333333,611.9925,14,0.3546048870425356,0.9350162426854148,2014-3,2014-01-13,254.9925,279.8448,515.937,472.71675,650.1645135337623,169.77952880353303,360.8688161540208,7.0,12.0,17.0,12.5,15.25,5.8022983951764155,7.008112182580725
APAC,Furnishings,2014,4,1,1,Summer,1.0,0.4,127.296,4,0.4647231720437685,0.8854560256532099,2014-4,2014-01-20,611.9925,603.036,668.082,353.78175,605.0990135337622,209.94087732204468,390.94163501115975,14.0,20.0,14.0,8.5,14.416666666666666,4.20317340430618,7.727852028196256
APAC,Furnishings,2014,5,1,1,Winter,0.5,0.12833333333333333,1027.1868,33,0.5680647467311558,0.8229838658936564,2014-5,2014-01-27,127.296,420.846,102.9,505.36695,682.1229135337622,403.85227175851037,373.6735398315136,4.0,9.0,2.0,14.5,17.0,13.02561578838662,8.355727485873498
APAC,Furnishings,2014,6,2,1,Winter,1.0,0.27,130.3488,8,0.6631226582407952,0.7485107481711011,2014-6,2014-02-03,1027.1868,254.9925,860.3658,474.20602499999995,621.2881635337623,433.3425153550505,400.47980339176274,33.0,7.0,27.0,14.75,15.416666666666666,12.841988423397165,8.084309531806698
APAC,Furnishings,2014,7,2,1,Summer,0.6666666666666666,0.09444444444444446,1084.755,29,0.7485107481711011,0.6631226582407953,2014-7,2014-02-10,130.3488,611.9925,850.7985000000001,592.39665,640.7845385337622,535.8065725837353,417.98107965805474,8.0,14.0,20.0,18.5,16.166666666666668,14.617341299520472,8.922222851176754
APAC,Furnishings,2014,8,2,1,Summer,1.0,0.175,648.351,9,0.8229838658936564,0.5680647467311559,2014-8,2014-02-17,1084.755,127.296,1159.6665812025735,722.6604000000001,598.1749067668811,439.77408824267883,385.0409330042357,29.0,4.0,18.0,19.75,15.416666666666666,13.098982148752379,9.129954030884308
APAC,Furnishings,2014,10,3,1,Summer,1.0,0.1,501.093,11,0.9350162426854148,0.35460488704253557,2014-10,2014-03-03,648.351,1027.1868,1312.2405812025736,591.1369500000001,530.5792749999999,394.70067093736947,312.6902034955718,9.0,33.0,22.0,14.25,14.5,9.912113800799512,8.95950485644867
APAC,Furnishings,2014,11,3,1,Summer,0.6666666666666666,0.06666666666666667,447.42,9,0.970941817426052,0.23931566428755804,2014-11,2014-03-10,501.093,130.3488,677.2089,670.4047499999999,511.4302,288.9989417424387,309.9181373133792,11.0,8.0,18.0,14.5,13.75,9.712534856222318,9.01639920064848
APAC,Furnishings,2014,12,3,1,Spring,0.6,0.124,817.6221,25,0.992708874098054,0.120536680255323,2014-12,2014-03-17,447.42,1084.755,279.8448,603.621525,556.244975,166.0401426213012,312.25908293457843,9.0,29.0,12.0,13.5,14.833333333333334,7.724420150837654,9.552090045766123
APAC,Furnishings,2014,13,3,1,Spring,0.6,0.14,1021.878,24,1.0,-1.6081226496766366e-16,2014-13,2014-03-24,817.6221,648.351,603.036,697.003275,591.1484750000001,271.27177940121595,340.12948681744496,25.0,9.0,20.0,17.25,15.166666666666666,8.421203397773194,9.81495457622364
APAC,Furnishings,2014,14,3,1,Spring,0.5,0.12833333333333333,255.61860000000001,13,0.992708874098054,-0.12053668025532288,2014-14,2014-03-31,1021.878,501.093,420.846,635.634675,577.379525,347.4383926726896,350.82644013125287,24.0,11.0,9.0,17.75,15.5,7.973915809270466,9.653072991634229
APAC,Furnishings,2014,15,4,2,Spring,0.4,0.04,576.9060000000001,14,0.9709418174260521,-0.2393156642875575,2014-15,2014-04-07,255.61860000000001,447.42,254.9925,668.006175,604.20565,329.63259721587303,335.9250783074094,13.0,9.0,7.0,19.0,16.083333333333332,6.377042156569674,9.297686255029783
APAC,Furnishings,2014,16,4,2,Spring,0.6666666666666666,0.15666666666666668,352.4451,16,0.9350162426854148,-0.35460488704253545,2014-16,2014-04-14,576.9060000000001,817.6221,611.9925,551.7119250000001,582.5767,341.110639016701,343.6450656181039,14.0,25.0,14.0,16.75,16.25,4.991659710623992,9.274843786971687
APAC,Furnishings,2014,17,4,2,Autumn,0.75,0.07500000000000001,538.872,13,0.8854560256532099,-0.4647231720437685,2014-17,2014-04-21,352.4451,1021.878,127.296,430.960425,616.8747000000001,152.59361141634406,313.2708084537577,16.0,24.0,4.0,14.0,17.0,1.4142135623731427,8.52802865422442
APAC,Furnishings,2014,18,5,2,Spring,0.6,0.094,757.0134,22,0.8229838658936565,-0.5680647467311557,2014-18,2014-04-28,538.872,255.61860000000001,1027.1868,556.309125,594.3602500000001,165.9026132811117,289.94115767414075,13.0,13.0,33.0,16.25,16.083333333333332,4.031128874149291,7.1281558667446445
APAC,Furnishings,2014,19,5,2,Spring,0.7142857142857143,0.15857142857142859,961.7028,25,0.7485107481711013,-0.663122658240795,2014-19,2014-05-05,757.0134,576.9060000000001,130.3488,652.508325,663.63975,264.24337735516104,267.4395017253317,22.0,14.0,8.0,19.0,17.5,5.477225575051673,7.064636643811976
APAC,Furnishings,2014,21,5,2,Spring,0.0,0.0,51.3,3,0.5680647467311558,-0.8229838658936564,2014-21,2014-05-19,961.7028,352.4451,1084.755,577.2220500000001,577.5185,390.81756428739175,285.30402239505526,25.0,16.0,29.0,15.75,15.333333333333334,9.912113800799512,7.202693099028162
APAC,Furnishings,2014,22,5,2,Autumn,0.5,0.05,317.115,11,0.46472317204376906,-0.8854560256532096,2014-22,2014-05-26,51.3,538.872,648.351,521.7828000000001,549.9155,413.16099163604457,293.7271259319655,3.0,13.0,9.0,15.25,15.5,10.144785195688808,7.064636643811975
APAC,Furnishings,2014,23,6,2,Spring,1.0,0.16666666666666666,587.2665812025737,23,0.35460488704253584,-0.9350162426854147,2014-23,2014-06-02,317.115,757.0134,501.093,479.3460953006434,557.0966317668812,388.95467166509434,293.47828052052,11.0,22.0,11.0,15.5,16.5,10.37625494418226,7.217403209666834
APAC,Furnishings,2014,24,6,2,Spring,0.5,0.125,207.45000000000002,5,0.23931566428755768,-0.970941817426052,2014-24,2014-06-09,587.2665812025737,961.7028,447.42,290.7828953006434,537.0991317668811,225.75236013875835,309.37613411880847,23.0,25.0,9.0,10.5,16.166666666666668,9.000000000000007,7.673251454161261
APAC,Furnishings,2014,25,6,2,Autumn,1.0,0.15666666666666668,194.8152,6,0.12053668025532308,-0.992708874098054,2014-25,2014-06-16,207.45000000000002,51.3,817.6221,326.66169530064343,485.19855676688115,182.2095611895243,310.2770952201503,5.0,3.0,25.0,11.25,14.583333333333334,8.261355820929161,7.645061785032852
APAC,Furnishings,2014,26,6,2,Summer,0.8333333333333334,0.19666666666666668,822.5724,29,-3.216245299353273e-16,-1.0,2014-26,2014-06-23,194.8152,317.115,1021.878,453.02604530064343,468.58975676688107,306.35788679646976,283.07992646799676,6.0,11.0,24.0,15.75,15.0,12.09338662244783,8.312094145936337
APAC,Furnishings,2014,27,7,3,Summer,0.5,0.125,447.774,9,-0.12053668025532283,-0.992708874098054,2014-27,2014-06-30,822.5724,587.2665812025737,255.61860000000001,418.15290000000005,484.6027067668811,293.6596566634916,275.2645503978632,29.0,23.0,13.0,12.25,14.666666666666666,11.295279249904956,8.478135872866623
APAC,Furnishings,2014,28,7,3,Summer,0.5555555555555556,0.10444444444444445,1050.6882,24,-0.23931566428755743,-0.9709418174260521,2014-28,2014-07-07,447.774,207.45000000000002,576.9060000000001,628.96245,524.0845567668812,381.510379958409,320.0430922288363,9.0,5.0,14.0,17.0,15.5,11.224972160321832,8.88819441731559
APAC,Furnishings,2014,29,7,3,Summer,0.0,0.0,365.22,5,-0.3546048870425356,-0.9350162426854148,2014-29,2014-07-14,1050.6882,194.8152,352.4451,671.56365,525.1491317668812,321.6972211732167,319.44093694448713,24.0,6.0,16.0,16.75,14.583333333333334,11.55782563172388,9.385272150200725
APAC,Furnishings,2014,30,7,3,Summer,0.3333333333333333,0.08333333333333333,369.54,10,-0.46472317204376806,-0.8854560256532101,2014-30,2014-07-21,365.22,822.5724,538.872,558.30555,511.0381317668811,330.4402921618513,322.5049788312491,5.0,29.0,13.0,12.0,14.333333333333334,8.286535263104046,9.470848414844875
APAC,Furnishings,2014,31,8,3,Winter,0.0,0.0,168.21,9,-0.5680647467311556,-0.8229838658936566,2014-31,2014-07-28,369.54,447.774,757.0134,488.4145500000001,461.9711817668811,386.4326880205785,326.4465128736704,10.0,9.0,22.0,12.0,13.25,8.286535263104046,9.2552196575279
APAC,Furnishings,2014,32,8,3,Summer,0.25,0.1,665.442,12,-0.663122658240795,-0.7485107481711013,2014-32,2014-08-04,168.21,1050.6882,961.7028,392.10300000000007,437.2827817668811,204.99924311079747,294.89521435079536,9.0,24.0,25.0,9.0,12.166666666666666,2.9439202887759763,8.483495563132978
APAC,Furnishings,2014,33,8,3,Summer,1.0,0.21333333333333335,435.37620000000004,10,-0.7485107481711011,-0.6631226582407952,2014-33,2014-08-11,665.442,365.22,51.3,409.64205000000004,469.28913176688116,204.93370479062202,268.89050016463796,12.0,5.0,3.0,10.25,12.75,1.2583057392118553,8.024111392320249
APAC,Furnishings,2014,34,8,3,Summer,0.42857142857142855,0.10571428571428572,1527.7374,29,-0.8229838658936564,-0.5680647467311559,2014-34,2014-08-18,435.37620000000004,369.54,317.115,699.1914,570.1743317668811,588.5482713177563,401.1738456834445,10.0,10.0,11.0,15.0,14.25,9.416297927883697,9.255219657527903
APAC,Furnishings,2014,35,8,3,Summer,0.6666666666666666,0.12333333333333334,510.6132,9,-0.8854560256532096,-0.4647231720437691,2014-35,2014-08-25,1527.7374,168.21,587.2665812025737,784.7922000000001,563.78655,504.4725646785554,401.4870922209817,29.0,9.0,23.0,15.0,13.083333333333334,9.416297927883697,8.928588744571952
APAC,Furnishings,2014,36,9,3,Summer,0.3333333333333333,0.07833333333333334,814.2929999999999,15,-0.9350162426854147,-0.3546048870425359,2014-36,2014-09-01,510.6132,665.442,207.45000000000002,822.00495,614.3568,498.1848309782316,390.5939858757777,9.0,12.0,5.0,15.75,13.916666666666666,9.215023964519398,8.564815269815258
APAC,Furnishings,2014,37,9,3,Summer,0.3333333333333333,0.08333333333333333,904.134,23,-0.970941817426052,-0.23931566428755774,2014-37,2014-09-08,814.2929999999999,435.37620000000004,194.8152,939.1944,673.4667000000001,426.9638154896959,374.6790369465043,15.0,10.0,6.0,19.0,15.333333333333334,8.793937305515287,8.542230210530326
APAC,Furnishings,2014,38,9,3,Summer,1.0,0.22800000000000004,848.9847,23,-0.992708874098054,-0.12053668025532357,2014-38,2014-09-15,904.134,1527.7374,822.5724,769.506225,675.667725,176.51526789329526,375.71073404193936,23.0,29.0,29.0,17.5,14.833333333333334,6.806859285554057,7.8141286181253795
APAC,Furnishings,2014,39,9,3,Autumn,0.6666666666666666,0.1416666666666667,922.2255812025736,26,-1.0,-1.8369701987210297e-16,2014-39,2014-09-22,848.9847,510.6132,447.774,872.4093203006433,715.2053567668812,49.7136288281519,374.5106682628673,23.0,9.0,9.0,21.75,16.25,4.7169905660283185,8.192291276781875
APAC,Furnishings,2014,40,9,3,Autumn,0.6666666666666666,0.17333333333333334,388.0446,15,-0.992708874098054,0.1205366802553232,2014-40,2014-09-29,922.2255812025736,814.2929999999999,1050.6882,765.8472203006434,659.985056766881,253.78736876552364,369.3648961207374,26.0,15.0,24.0,21.75,15.5,4.7169905660283185,7.8218807317561545
APAC,Furnishings,2014,41,10,4,Autumn,0.6666666666666666,0.11666666666666665,602.2620000000001,14,-0.9709418174260521,0.23931566428755738,2014-41,2014-10-06,388.0446,904.134,365.22,690.3792203006434,679.7385567668812,243.63859874821117,358.341862522095,15.0,23.0,5.0,19.5,16.25,5.9160797830996295,7.123903424387505
APAC,Furnishings,2014,42,10,4,Autumn,0.2,0.054000000000000006,660.8607812025735,16,-0.9350162426854148,0.35460488704253557,2014-42,2014-10-13,602.2620000000001,848.9847,369.54,643.3482406012868,704.0152885337624,219.80846833108592,345.03737664734126,14.0,23.0,10.0,17.75,16.75,5.56027577253744,6.85068012549252
APAC,Furnishings,2014,43,10,4,Autumn,1.0,0.2475,329.1642,14,-0.8854560256532101,0.464723172043768,2014-43,2014-10-20,660.8607812025735,922.2255812025736,168.21,495.0828953006434,717.4281385337622,161.19954306118376,324.8532369230478,16.0,26.0,9.0,14.75,17.166666666666668,0.9574271077564197,6.478402347006321
APAC,Furnishings,2014,44,10,4,Autumn,0.6666666666666666,0.15166666666666667,939.2097812025736,26,-0.822983865893657,0.5680647467311548,2014-44,2014-10-27,329.1642,388.0446,665.442,632.8741906012867,740.2421203006434,250.20099115641995,330.4356196667046,14.0,15.0,12.0,17.5,18.333333333333332,5.744562646538043,6.719487714961254
APAC,Furnishings,2014,45,11,4,Spring,0.6,0.12000000000000002,595.971,24,-0.7485107481711011,0.6631226582407952,2014-45,2014-11-03,939.2097812025736,602.2620000000001,435.37620000000004,631.3014406012868,753.6250203006433,250.47717994517333,320.05488007141895,26.0,14.0,10.0,20.0,19.5,5.887840577551911,6.346079677464454
APAC,Furnishings,2014,46,11,4,Autumn,0.5,0.0925,632.8263812025735,23,-0.6631226582407955,0.7485107481711007,2014-46,2014-11-10,595.971,660.8607812025735,1527.7374,624.2928406012868,679.0491020675245,249.76558473301512,207.88762538562747,24.0,16.0,29.0,21.75,19.0,5.315072906367339,5.7366445688303696
APAC,Furnishings,2014,47,11,4,Autumn,0.625,0.185,980.5488,33,-0.5680647467311559,0.8229838658936564,2014-47,2014-11-17,632.8263812025735,329.1642,510.6132,787.1389906012868,718.2104020675246,200.7406799627474,217.32214011148983,23.0,14.0,9.0,26.5,21.0,4.509249752822912,6.10513941468394
APAC,Furnishings,2014,48,11,4,Autumn,0.6666666666666666,0.15916666666666668,1398.3966,41,-0.4647231720437684,0.88545602565321,2014-48,2014-11-24,980.5488,939.2097812025736,814.2929999999999,901.9356953006434,766.8857020675246,373.5807221249167,293.02621953431856,33.0,26.0,15.0,30.25,23.166666666666668,8.460693430998045,8.077278269468273
APAC,Furnishings,2014,49,12,4,Autumn,0.5,0.11750000000000001,737.8065812025736,15,-0.35460488704253595,0.9350162426854147,2014-49,2014-12-01,1398.3966,595.971,904.134,937.3945906012868,753.0250838344056,340.0893540088919,289.8606432897127,41.0,24.0,23.0,28.0,22.5,11.37248140615466,8.415353933031096
APAC,Furnishings,2014,50,12,4,Autumn,0.5714285714285714,0.10571428571428572,531.3588,27,-0.2393156642875578,0.970941817426052,2014-50,2014-12-08,737.8065812025736,632.8263812025735,848.9847,912.0276953006435,726.5562588344056,372.60866768172684,294.76209619767576,15.0,23.0,23.0,29.0,22.833333333333332,10.954451150103328,8.515582864088143
APAC,Furnishings,2014,51,12,4,Autumn,0.8,0.182,680.1873,12,-0.12053668025532363,0.992708874098054,2014-51,2014-12-15,531.3588,980.5488,922.2255812025736,836.9373203006435,706.3864020675246,384.27951074186905,288.3674023417691,27.0,33.0,26.0,23.75,21.666666666666668,13.20037878244409,8.988207762834529
APAC,Furnishings,2014,52,12,4,Winter,0.75,0.16,985.9284,28,6.432490598706546e-16,1.0,2014-52,2014-12-22,680.1873,1398.3966,388.0446,733.8202703006434,756.2100520675245,189.24546863327234,279.8906959607541,12.0,41.0,15.0,20.5,22.75,8.18535277187246,8.894584665044034
APAC,Tables,2011,28,7,3,Summer,0.0,0.0,246.4905812025736,2,-0.23931566428755743,-0.9709418174260521,2011-28,2011-07-11,1026.1399624051473,246.4905812025736,211.1805,564.6482171045038,385.71180620257354,328.87244017597493,244.39873944715598,10.0,3.0,1.0,8.25,4.916666666666667,4.349329450233296,3.553700589355817
APAC,Tables,2011,32,8,3,Summer,1.0,0.3,246.4905812025736,3,-0.663122658240795,-0.7485107481711013,2011-32,2011-08-08,246.4905812025736,492.9811624051472,492.9811624051472,503.02557180386043,365.17092443569237,367.59123974868675,244.92130147943837,2.0,9.0,6.0,6.75,4.666666666666667,4.9916597106239795,3.5760143718781094
APAC,Tables,2011,35,8,3,Summer,0.6666666666666666,0.19999999999999998,867.8371624051472,17,-0.8854560256532096,-0.4647231720437691,2011-35,2011-08-29,246.4905812025736,492.9811624051472,202.776,596.7395718038604,420.59268796945474,409.5637149914534,277.8641355273185,3.0,12.0,4.0,8.0,5.75,6.97614984548545,5.029458673202768
APAC,Tables,2011,40,10,4,Spring,0.3333333333333333,0.09999999999999999,1031.5411624051471,8,-0.992708874098054,0.1205366802553232,2011-40,2011-10-03,867.8371624051472,1026.1399624051473,246.4905812025736,598.0898718038604,486.0135697363358,411.4558479405021,322.05039830274774,17.0,10.0,3.0,7.5,6.166666666666667,6.855654600401044,4.987864059774272
APAC,Tables,2011,42,10,4,Autumn,1.0,0.3,246.4905812025736,9,-0.9350162426854148,0.35460488704253557,2011-42,2011-10-17,1031.5411624051471,246.4905812025736,533.799,598.0898718038604,462.07120150321697,411.4558479405021,328.7842647539681,8.0,2.0,3.0,9.25,6.666666666666667,5.795112883571236,4.942088872556059
APAC,Tables,2011,43,10,4,Spring,1.0,0.3,246.4905812025736,2,-0.8854560256532101,0.464723172043768,2011-43,2011-10-24,246.4905812025736,246.4905812025736,273.9729,598.0898718038604,459.7810082700981,411.4558479405021,330.3057967795842,9.0,3.0,1.0,9.0,6.75,6.164414002968976,4.84533515118126
APAC,Tables,2011,44,11,4,Autumn,0.0,0.0,246.4905812025736,5,-0.822983865893657,0.5680647467311548,2011-44,2011-10-31,246.4905812025736,867.8371624051472,126.948,442.753226503217,469.7428900369792,392.5252906012868,321.02750364651314,2.0,17.0,2.0,6.0,7.0,3.1622776601683795,4.651490474714921
APAC,Tables,2011,46,11,4,Autumn,1.0,0.3,246.4905812025736,5,-0.6631226582407955,0.7485107481711007,2011-46,2011-11-14,246.4905812025736,1031.5411624051471,246.4905812025736,246.4905812025736,469.7428900369792,0.0,321.02750364651314,5.0,8.0,4.0,5.25,7.083333333333333,2.8722813232690148,4.601547829181222
APAC,Tables,2011,48,11,4,Autumn,0.5,0.2,492.9811624051472,8,-0.4647231720437684,0.88545602565321,2011-48,2011-11-28,246.4905812025736,246.4905812025736,246.4905812025736,308.113226503217,490.28377180386036,123.24529060128674,313.23539349102714,5.0,9.0,3.0,5.0,7.5,2.4494897427831783,4.421024151195574
APAC,Tables,2011,49,12,4,Autumn,0.0,0.0,312.228,3,-0.35460488704253595,0.9350162426854147,2011-49,2011-12-05,492.9811624051472,246.4905812025736,492.9811624051472,324.5475812025736,475.2210082700981,116.48667142028273,317.4120449257756,8.0,2.0,9.0,5.25,7.0,2.0615528128088303,4.572645941803379
APAC,Tables,2011,50,12,4,Autumn,0.0,0.0,739.4717436077208,9,-0.2393156642875578,0.970941817426052,2011-50,2011-12-12,312.228,246.4905812025736,492.9811624051472,447.7928718038604,495.7618900369792,220.61957644533828,326.51108335219027,3.0,5.0,12.0,6.25,6.75,2.7537852736430515,4.351070923556428
APAC,Tables,2011,51,12,4,Summer,1.0,0.3,246.4905812025736,9,-0.12053668025532363,0.992708874098054,2011-51,2011-12-19,739.4717436077208,246.4905812025736,1026.1399624051473,447.7928718038604,430.79110827009816,220.61957644533828,286.49690130456236,9.0,5.0,10.0,7.25,6.666666666666667,2.8722813232690148,4.2923469599092785
APAC,Tables,2012,1,1,1,Winter,0.0,0.0,246.4905812025736,3,0.12053668025532305,0.992708874098054,2012-1,2012-01-02,246.4905812025736,492.9811624051472,246.4905812025736,386.170226503217,430.79110827009816,237.56418183389533,286.49690130456236,9.0,8.0,2.0,6.0,6.75,3.4641016151377544,4.202272112689862
APAC,Tables,2012,5,2,1,Summer,1.0,0.3,246.4905812025736,5,0.5680647467311558,0.8229838658936564,2012-5,2012-01-30,246.4905812025736,312.228,246.4905812025736,369.7358718038604,430.79110827009816,246.49058120257365,286.49690130456236,3.0,3.0,3.0,6.5,6.916666666666667,3.0,4.077841080619484
APAC,Tables,2012,9,2,1,Winter,0.0,0.0,492.9811624051472,9,0.8854560256532099,0.4647231720437686,2012-9,2012-02-27,246.4905812025736,739.4717436077208,867.8371624051472,308.113226503217,399.5531082700981,123.24529060128678,252.9882887513286,5.0,9.0,17.0,6.5,6.25,3.0,2.7010099121355595
APAC,Tables,2012,12,3,1,Autumn,0.5,0.2,757.9305812025736,6,0.992708874098054,0.120536680255323,2012-12,2012-03-19,492.9811624051472,246.4905812025736,1031.5411624051471,435.973226503217,376.75222650321706,244.07224937236995,196.98194811672832,9.0,9.0,8.0,5.75,6.083333333333333,2.5,2.64431923988467
APAC,Tables,2012,13,3,1,Autumn,1.0,0.3,246.4905812025736,5,1.0,-1.6081226496766366e-16,2012-13,2012-03-26,757.9305812025736,246.4905812025736,246.4905812025736,435.973226503217,376.75222650321706,244.07224937236995,196.98194811672832,6.0,3.0,9.0,6.25,5.75,1.8929694486000912,2.4908925016036823
APAC,Tables,2012,15,4,2,Autumn,0.0,0.0,246.4905812025736,6,0.9709418174260521,-0.2393156642875575,2012-15,2012-04-09,246.4905812025736,246.4905812025736,246.4905812025736,435.973226503217,376.75222650321706,244.07224937236995,196.98194811672832,5.0,5.0,2.0,6.5,6.083333333333333,1.7320508075688772,2.193309385519074
APAC,Tables,2012,16,4,2,Spring,0.5,0.235,1282.022262405147,14,0.9350162426854148,-0.35460488704253545,2012-16,2012-04-16,246.4905812025736,492.9811624051472,246.4905812025736,633.233501503217,463.0465332700981,495.18225290073747,321.9268719647943,6.0,9.0,5.0,7.75,6.833333333333333,4.193248541803041,3.128558579902059
APAC,Tables,2012,17,4,2,Spring,1.0,0.3,246.4905812025736,5,0.8854560256532099,-0.4647231720437685,2012-17,2012-04-23,1282.022262405147,757.9305812025736,246.4905812025736,505.37350150321697,463.0465332700981,517.7658406012869,321.9268719647943,14.0,6.0,5.0,7.5,6.833333333333333,4.358898943540674,3.128558579902059
APAC,Tables,2012,19,5,2,Autumn,0.5,0.15,492.9811624051472,7,0.7485107481711013,-0.663122658240795,2012-19,2012-05-07,246.4905812025736,246.4905812025736,492.9811624051472,566.9961468038604,463.0465332700981,490.64182423644786,321.9268719647943,5.0,5.0,8.0,8.0,6.75,4.08248290463863,3.1079078025403053
APAC,Tables,2012,21,5,2,Spring,0.0,0.0,309.9645812025736,3,0.5680647467311558,-0.8229838658936564,2012-21,2012-05-21,492.9811624051472,246.4905812025736,312.228,582.8646468038604,462.85791503697925,477.6757512634333,322.0239187858868,7.0,6.0,3.0,7.25,6.75,4.7871355387816905,3.1079078025403053
APAC,Tables,2012,23,6,2,Spring,1.0,0.385,492.9811624051472,7,0.35460488704253584,-0.9350162426854147,2012-23,2012-06-04,309.9645812025736,1282.022262405147,739.4717436077208,385.6043718038604,442.31703327009814,126.66698461889541,310.4282251932177,3.0,14.0,9.0,5.5,6.583333333333333,1.9148542155126762,3.028901190901153
APAC,Tables,2012,26,6,2,Summer,1.0,0.385,548.9721812025737,5,-3.216245299353273e-16,-1.0,2012-26,2012-06-25,492.9811624051472,246.4905812025736,246.4905812025736,461.2247718038604,467.5238332700981,104.23721313262074,305.3202850389594,7.0,5.0,9.0,5.5,6.25,1.9148542155126762,2.9580398915498076
APAC,Tables,2012,29,7,3,Winter,1.0,0.3,424.158,2,-0.3546048870425356,-0.9350162426854148,2012-29,2012-07-16,548.9721812025737,492.9811624051472,246.4905812025736,444.0189812025736,482.32945150321706,102.91988812023138,297.8437146649338,5.0,7.0,3.0,4.25,6.166666666666667,2.217355782608345,3.069892901102972
APAC,Tables,2012,34,8,3,Summer,0.0,0.0,246.4905812025736,3,-0.8229838658936564,-0.5680647467311559,2012-34,2012-08-20,424.158,309.9645812025736,246.4905812025736,428.1504812025736,482.32945150321706,131.42445179676778,297.8437146649338,2.0,3.0,5.0,4.25,6.0,2.217355782608345,3.190896140869862
APAC,Tables,2012,36,9,3,Summer,0.0,0.0,246.4905812025736,2,-0.9350162426854147,-0.3546048870425359,2012-36,2012-09-03,246.4905812025736,492.9811624051472,492.9811624051472,366.5278359019302,461.7885697363359,147.67651582390857,305.444987151218,3.0,7.0,9.0,3.0,5.416666666666667,1.4142135623730951,3.2321772378645464
APAC,Tables,2012,37,9,3,Winter,1.0,0.3,246.4905812025736,3,-0.970941817426052,-0.23931566428755774,2012-37,2012-09-10,246.4905812025736,548.9721812025737,757.9305812025736,290.90743590193017,419.1685697363359,88.83370939871311,295.89903100478836,2.0,5.0,6.0,2.5,5.166666666666667,0.5773502691896263,3.298300756266455
APAC,Tables,2012,39,9,3,Autumn,0.0,0.0,246.4905812025736,3,-1.0,-1.8369701987210297e-16,2012-39,2012-09-24,246.4905812025736,424.158,246.4905812025736,246.4905812025736,419.1685697363359,0.0,295.89903100478836,3.0,2.0,5.0,2.75,5.0,0.5000000000000007,3.357488238658069
APAC,Tables,2012,40,10,4,Autumn,0.0,0.0,246.4905812025736,8,-0.992708874098054,0.1205366802553232,2012-40,2012-10-01,246.4905812025736,246.4905812025736,246.4905812025736,246.4905812025736,419.1685697363359,0.0,295.89903100478836,3.0,3.0,6.0,4.0,5.166666666666667,2.7080128015453204,3.4597249846912628
APAC,Tables,2012,41,10,4,Autumn,1.0,0.385,492.9811624051472,6,-0.9709418174260521,0.23931566428755738,2012-41,2012-10-08,246.4905812025736,246.4905812025736,1282.022262405147,308.113226503217,353.4151447363359,123.24529060128674,125.10659133090574,8.0,2.0,14.0,5.0,4.5,2.4494897427831783,2.1105794120443417
APAC,Tables,2012,43,10,4,Autumn,1.0,0.2,246.4905812025736,5,-0.8854560256532101,0.464723172043768,2012-43,2012-10-22,492.9811624051472,246.4905812025736,246.4905812025736,308.113226503217,353.4151447363359,123.24529060128674,125.10659133090574,6.0,3.0,5.0,5.5,4.5,2.081665999466133,2.1105794120443417
APAC,Tables,2012,45,11,4,Autumn,1.0,0.3,246.4905812025736,4,-0.7485107481711011,0.6631226582407952,2012-45,2012-11-05,246.4905812025736,246.4905812025736,492.9811624051472,308.113226503217,332.8742629694547,123.24529060128674,120.24947788684369,5.0,3.0,7.0,5.75,4.25,1.7078251276599334,1.9598237397554592
APAC,Tables,2012,46,11,4,Autumn,0.5,0.235,492.9811624051472,9,-0.6631226582407955,0.7485107481711007,2012-46,2012-11-12,246.4905812025736,246.4905812025736,309.9645812025736,369.7358718038604,348.1256447363359,142.3114034100132,128.4089405805831,4.0,8.0,3.0,6.0,4.75,2.160246899469287,2.3403573930647243
APAC,Tables,2012,48,11,4,Autumn,0.0,0.0,246.4905812025736,3,-0.4647231720437684,0.88545602565321,2012-48,2012-11-26,492.9811624051472,492.9811624051472,492.9811624051472,308.113226503217,327.58476296945474,123.24529060128674,122.719505557328,9.0,6.0,7.0,5.25,4.416666666666667,2.6299556396765835,2.274696116900543
APAC,Tables,2012,49,12,4,Autumn,0.0,0.0,246.4905812025736,5,-0.35460488704253595,0.9350162426854147,2012-49,2012-12-03,246.4905812025736,246.4905812025736,548.9721812025737,308.113226503217,302.3779629694547,123.24529060128674,102.51391553266392,3.0,5.0,5.0,5.25,4.416666666666667,2.6299556396765835,2.274696116900543
APAC,Tables,2012,50,12,4,Autumn,0.0,0.0,246.4905812025736,3,-0.2393156642875578,0.970941817426052,2012-50,2012-12-10,246.4905812025736,246.4905812025736,424.158,308.113226503217,287.5723447363359,123.24529060128674,95.9463286059818,5.0,4.0,2.0,5.0,4.5,2.8284271247461903,2.1950357213908394
APAC,Tables,2012,52,12,4,Summer,0.5,0.15,492.9811624051472,15,6.432490598706546e-16,1.0,2012-52,2012-12-24,246.4905812025736,492.9811624051472,246.4905812025736,308.113226503217,308.113226503217,123.24529060128674,111.47955984621355,3.0,9.0,3.0,6.5,5.5,5.744562646538029,3.680414996363119
APAC,Tables,2013,1,1,1,Winter,1.0,0.2,246.4905812025736,3,0.12053668025532305,0.992708874098054,2013-1,2012-12-31,492.9811624051472,246.4905812025736,246.4905812025736,308.113226503217,308.113226503217,123.24529060128674,111.47955984621355,15.0,3.0,2.0,6.5,5.583333333333333,5.744562646538029,3.6045005538110595
APAC,Tables,2013,2,1,1,Winter,0.6666666666666666,0.25666666666666665,739.4717436077208,19,0.23931566428755774,0.970941817426052,2013-2,2013-01-07,246.4905812025736,246.4905812025736,246.4905812025736,431.3585171045038,349.1949900369793,235.99676424995891,164.7932311117565,3.0,5.0,3.0,10.0,6.916666666666667,8.246211251235321,5.177895910561168
APAC,Tables,2013,3,1,1,Winter,0.0,0.0,267.09,1,0.3546048870425356,0.9350162426854148,2013-3,2013-01-14,739.4717436077208,246.4905812025736,246.4905812025736,436.50837180386037,350.91160827009816,230.78512819122943,163.72998050555097,19.0,3.0,3.0,9.5,6.75,8.850612031567836,5.344921123663269
APAC,Tables,2013,5,1,1,Winter,1.0,0.47,246.4905812025736,3,0.5680647467311558,0.8229838658936564,2013-5,2013-01-28,267.09,492.9811624051472,246.4905812025736,374.885726503217,350.91160827009816,243.25124815988687,163.72998050555097,1.0,15.0,8.0,6.5,6.333333333333333,8.386497083606084,5.432784876575872
APAC,Tables,2013,6,2,1,Summer,0.5,0.15,492.9811624051472,12,0.6631226582407952,0.7485107481711011,2013-6,2013-02-04,246.4905812025736,246.4905812025736,492.9811624051472,436.50837180386037,350.91160827009816,230.78512819122943,163.72998050555097,3.0,3.0,6.0,8.75,6.833333333333333,8.341662504161466,5.6702306083187795
APAC,Tables,2013,8,2,1,Summer,1.0,0.3,246.4905812025736,5,0.8229838658936564,0.5680647467311559,2013-8,2013-02-18,492.9811624051472,739.4717436077208,246.4905812025736,313.2630812025736,350.91160827009816,120.20493008660145,163.72998050555097,12.0,19.0,5.0,5.25,6.833333333333333,4.787135538781692,5.6702306083187795
APAC,Tables,2013,9,3,1,Summer,1.0,0.4,246.4905812025736,2,0.8854560256532099,0.4647231720437686,2013-9,2013-02-25,246.4905812025736,267.09,246.4905812025736,308.113226503217,350.91160827009816,123.24529060128671,163.72998050555097,5.0,1.0,4.0,5.5,6.666666666666667,4.509249752822896,5.789227194984795
APAC,Tables,2013,13,3,1,Autumn,1.0,0.45,492.9811624051472,4,1.0,-1.6081226496766366e-16,2013-13,2013-03-25,246.4905812025736,246.4905812025736,492.9811624051472,369.7358718038604,350.91160827009816,142.31140341001318,163.72998050555097,2.0,3.0,9.0,5.75,6.25,4.349329450233298,5.785954780956444
APAC,Tables,2013,15,4,2,Spring,0.75,0.3525,1289.5116,8,0.9709418174260521,-0.2393156642875575,2013-15,2013-04-08,492.9811624051472,492.9811624051472,246.4905812025736,568.8684812025735,437.83002650321697,494.2807605134165,312.5105130047767,4.0,12.0,3.0,4.75,6.666666666666667,2.5000000000000036,5.710171679210758
APAC,Tables,2013,18,5,2,Spring,1.0,0.47,246.4905812025736,5,0.8229838658936565,-0.5680647467311557,2013-18,2013-04-29,1289.5116,246.4905812025736,246.4905812025736,568.8684812025735,437.83002650321697,494.2807605134165,312.5105130047767,8.0,5.0,5.0,4.75,6.666666666666667,2.5000000000000036,5.710171679210758
APAC,Tables,2013,20,5,2,Spring,0.5,0.235,346.31858120257357,9,0.6631226582407952,-0.7485107481711012,2013-20,2013-05-13,246.4905812025736,246.4905812025736,246.4905812025736,593.8254812025737,446.14902650321704,474.7104207924252,308.2537502956483,5.0,2.0,3.0,6.5,7.166666666666667,2.38047614284762,5.621926769894874
APAC,Tables,2013,22,5,2,Spring,1.0,0.3,492.9811624051472,6,0.46472317204376906,-0.8854560256532096,2013-22,2013-05-27,346.31858120257357,492.9811624051472,492.9811624051472,593.8254812025737,446.14902650321704,474.7104207924252,308.2537502956483,9.0,4.0,15.0,7.0,6.416666666666667,1.8257418583505582,5.053501636279421
APAC,Tables,2013,23,6,2,Autumn,1.0,0.3,246.4905812025736,5,0.35460488704253584,-0.9350162426854147,2013-23,2013-06-03,492.9811624051472,1289.5116,246.4905812025736,333.070226503217,446.14902650321704,116.53196454770352,308.2537502956483,6.0,8.0,3.0,6.25,6.583333333333333,1.8929694486000956,4.962739956796837
APAC,Tables,2013,24,6,2,Spring,0.6666666666666666,0.3133333333333333,955.3830812025735,8,0.23931566428755768,-0.970941817426052,2013-24,2013-06-10,246.4905812025736,246.4905812025736,739.4717436077208,510.29335150321697,464.14163796945473,313.519912333415,332.29510673662145,5.0,5.0,19.0,7.0,5.666666666666667,1.8257418583505582,3.1430539096216394
APAC,Tables,2013,25,6,2,Spring,0.5,0.235,492.9811624051472,8,0.12053668025532308,-0.992708874098054,2013-25,2013-06-17,955.3830812025735,346.31858120257357,267.09,546.9589968038604,482.965901503217,296.03981415997913,326.46460937864987,8.0,9.0,1.0,6.75,6.25,1.5000000000000056,2.83244192751189
APAC,Tables,2013,26,6,2,Summer,0.5,0.235,812.7213812025736,10,-3.216245299353273e-16,-1.0,2013-26,2013-06-24,492.9811624051472,492.9811624051472,246.4905812025736,626.894051503217,530.151801503217,318.89198859978853,330.0785777410419,8.0,6.0,3.0,7.75,6.833333333333333,2.0615528128088343,2.8230651727682403
APAC,Tables,2013,29,7,3,Summer,1.0,0.47,407.0646812025736,5,-0.3546048870425356,-0.9350162426854148,2013-29,2013-07-15,812.7213812025736,246.4905812025736,492.9811624051472,667.037576503217,522.9920947363358,259.6461968472261,331.8850003841874,10.0,5.0,12.0,7.75,6.25,2.0615528128088343,2.340357393064727
APAC,Tables,2013,30,7,3,Summer,1.0,0.385,500.5248812025736,5,-0.46472317204376806,-0.8854560256532101,2013-30,2013-07-22,407.0646812025736,955.3830812025735,246.4905812025736,553.323026503217,544.1616197363359,178.05223456506013,320.5532279602273,5.0,8.0,5.0,7.0,6.25,2.4494897427831814,2.340357393064727
APAC,Tables,2013,31,8,3,Winter,0.0,0.0,246.4905812025736,6,-0.5680647467311556,-0.8229838658936566,2013-31,2013-07-29,500.5248812025736,492.9811624051472,246.4905812025736,491.7003812025736,544.1616197363359,238.34387060979793,320.5532279602273,5.0,8.0,2.0,6.5,6.583333333333333,2.38047614284762,1.9286515936521484
APAC,Tables,2013,32,8,3,Summer,0.0,0.0,246.4905812025736,7,-0.663122658240795,-0.7485107481711013,2013-32,2013-08-05,246.4905812025736,812.7213812025736,492.9811624051472,350.1426812025736,523.6207379694547,125.62170172076172,331.83012707722264,6.0,10.0,4.0,5.75,6.833333333333333,0.9574271077563464,1.7494587907710388
APAC,Tables,2013,33,8,3,Summer,0.0,0.0,246.4905812025736,2,-0.7485107481711011,-0.6631226582407952,2013-33,2013-08-12,246.4905812025736,407.0646812025736,1289.5116,309.9991562025736,436.7023197363358,127.01715000000006,235.6380390087765,7.0,5.0,8.0,5.0,6.333333333333333,2.1602468994692905,2.188122205883115
APAC,Tables,2013,34,8,3,Summer,1.0,0.3,246.4905812025736,7,-0.8229838658936564,-0.5680647467311559,2013-34,2013-08-19,246.4905812025736,500.5248812025736,246.4905812025736,246.4905812025736,436.7023197363358,0.0,235.6380390087765,2.0,5.0,5.0,5.5,6.5,2.38047614284762,2.1532216876958206
APAC,Tables,2013,35,8,3,Summer,1.0,0.3,246.4905812025736,2,-0.8854560256532096,-0.4647231720437691,2013-35,2013-08-26,246.4905812025736,246.4905812025736,346.31858120257357,246.4905812025736,428.3833197363358,0.0,240.82414479140266,7.0,6.0,9.0,4.5,5.916666666666667,2.8867513459481318,2.3532698077098564
APAC,Tables,2013,37,9,3,Summer,1.0,0.47,246.4905812025736,5,-0.970941817426052,-0.23931566428755774,2013-37,2013-09-09,246.4905812025736,246.4905812025736,492.9811624051472,246.4905812025736,407.8424379694547,0.0,245.28423383130817,2.0,7.0,6.0,4.0,5.833333333333333,2.449489742783181,2.367712103711218
APAC,Tables,2013,39,9,3,Spring,1.0,0.3,235.515,1,-1.0,-1.8369701987210297e-16,2013-39,2013-09-23,246.4905812025736,246.4905812025736,246.4905812025736,243.74668590193016,406.92780620257355,5.487790601284923,245.96012141810505,5.0,2.0,5.0,3.75,5.5,2.7537852736430537,2.746899078134204
APAC,Tables,2013,41,10,4,Spring,0.0,0.0,401.976,3,-0.9709418174260521,0.23931566428755738,2013-41,2013-10-07,235.515,246.4905812025736,955.3830812025735,282.6180406012868,360.8105494356924,79.74000574977548,175.59248012916203,1.0,7.0,8.0,2.75,5.083333333333333,1.7078251276599377,2.7122058561364026
APAC,Tables,2013,42,10,4,Autumn,1.0,0.47,534.9555,3,-0.9350162426854148,0.35460488704253557,2013-42,2013-10-14,401.976,246.4905812025736,492.9811624051472,354.7342703006434,364.30841090193024,142.17524784564634,178.85252490486315,3.0,2.0,8.0,3.0,4.666666666666667,1.632993161855457,2.6053557891157157
APAC,Tables,2013,43,10,4,Autumn,1.0,0.3,246.4905812025736,6,-0.8854560256532101,0.464723172043768,2013-43,2013-10-21,534.9555,246.4905812025736,812.7213812025736,354.7342703006434,317.1225109019302,142.17524784564634,111.98994332641597,3.0,5.0,10.0,3.25,4.333333333333333,2.061552812808834,2.059714602177745
APAC,Tables,2013,46,11,4,Autumn,0.0,0.0,477.84,1,-0.6631226582407955,0.7485107481711007,2013-46,2013-11-11,246.4905812025736,235.515,407.0646812025736,415.3155203006434,323.0204541350491,125.03711204739194,118.81318795786387,6.0,1.0,5.0,3.25,4.0,2.061552812808834,2.2563042992710605
APAC,Tables,2013,47,11,4,Autumn,0.5,0.15,383.3595812025736,4,-0.5680647467311559,0.8229838658936564,2013-47,2013-11-18,477.84,401.976,500.5248812025736,410.6614156012868,313.25667913504907,126.0415733624348,107.14108072134304,1.0,3.0,5.0,3.5,3.9166666666666665,2.0816659994661366,2.234373344457954
APAC,Tables,2013,48,11,4,Autumn,0.5,0.15,492.9811624051472,7,-0.4647231720437684,0.88545602565321,2013-48,2013-11-25,383.3595812025736,534.9555,246.4905812025736,400.1678312025736,333.7975609019302,113.35268661753553,116.40500111403908,4.0,3.0,6.0,4.5,4.0,2.6457513110645934,2.335496832484565
APAC,Tables,2013,49,12,4,Spring,1.0,0.35,924.4259999999999,4,-0.35460488704253595,0.9350162426854147,2013-49,2013-12-02,492.9811624051472,246.4905812025736,246.4905812025736,569.6516859019303,390.2921791350491,241.43827165447325,202.7024484813061,7.0,6.0,7.0,4.0,3.75,2.449489742783181,2.13733053554704
APAC,Tables,2013,50,12,4,Spring,1.0,0.3,212.583,1,-0.2393156642875578,0.970941817426052,2013-50,2013-12-09,924.4259999999999,477.84,246.4905812025736,503.33743590193023,387.46654736816794,303.51038358394715,205.1112672021119,4.0,1.0,2.0,4.0,3.6666666666666665,2.449489742783181,2.2292817160908465
APAC,Tables,2013,51,12,4,Autumn,0.6666666666666666,0.3,1240.4985812025736,6,-0.12053668025532363,0.992708874098054,2013-51,2013-12-16,212.583,383.3595812025736,246.4905812025736,717.6221859019302,470.300547368168,455.22730989483733,314.5312125435332,1.0,4.0,7.0,4.5,3.5833333333333335,2.6457513110645934,2.108783937953264
APAC,Tables,2013,52,12,4,Winter,0.6666666666666666,0.2233333333333333,739.4717436077208,16,6.432490598706546e-16,1.0,2013-52,2013-12-23,1240.4985812025736,492.9811624051472,246.4905812025736,779.2448312025736,511.3823109019302,430.70489630416,314.8359481459594,6.0,7.0,2.0,6.75,4.75,6.500000000000002,4.092676385936223
APAC,Tables,2014,1,12,4,Winter,0.0,0.0,246.4905812025736,9,0.12053668025532305,0.992708874098054,2014-1,2013-12-30,739.4717436077208,924.4259999999999,246.4905812025736,609.7609765032171,511.3823109019302,484.5515226150867,314.8359481459594,16.0,4.0,5.0,8.0,5.083333333333333,6.271629240742261,4.273774855458755
APAC,Tables,2014,2,1,1,Winter,0.0,0.0,246.4905812025736,6,0.23931566428755774,0.970941817426052,2014-2,2014-01-06,246.4905812025736,212.583,235.515,618.2378718038603,512.2969426688113,475.4990845672016,313.9764370600624,9.0,1.0,1.0,9.25,5.5,4.716990566028303,4.078769868031737
APAC,Tables,2014,3,1,1,Winter,1.0,0.3,246.4905812025736,3,0.3546048870425356,0.9350162426854148,2014-3,2014-01-13,246.4905812025736,1240.4985812025736,401.976,369.7358718038604,499.3398244356925,246.49058120257376,322.04755461491953,6.0,6.0,3.0,8.5,5.5,5.567764362830023,4.078769868031737
APAC,Tables,2014,4,1,1,Winter,0.0,0.0,451.1295,3,0.4647231720437685,0.8854560256532099,2014-4,2014-01-20,246.4905812025736,739.4717436077208,534.9555,297.6503109019302,492.35432443569243,102.31945939871358,322.1139118501176,3.0,16.0,3.0,5.25,5.5,2.872281323269018,4.078769868031737
APAC,Tables,2014,7,2,1,Summer,1.0,0.3,363.384,1,0.7485107481711011,0.6631226582407953,2014-7,2014-02-10,451.1295,246.4905812025736,246.4905812025736,326.8736656012868,502.0954426688113,99.49103379187466,315.7065360593465,3.0,9.0,6.0,3.25,5.083333333333333,2.0615528128088347,4.273774855458755
APAC,Tables,2014,8,2,1,Winter,0.0,0.0,426.5514,2,0.8229838658936564,0.5680647467311559,2014-8,2014-02-17,363.384,246.4905812025736,477.84,371.8888703006434,497.8213926688113,91.40410872573453,316.4111467780436,1.0,6.0,1.0,2.25,5.166666666666667,0.9574271077563482,4.1959576506514695
APAC,Tables,2014,12,3,1,Spring,0.5,0.15,492.9811624051472,6,0.992708874098054,0.120536680255323,2014-12,2014-03-17,426.5514,246.4905812025736,383.3595812025736,433.5115156012868,506.9565244356925,54.201303547797494,314.3820295892846,2.0,3.0,4.0,3.0,5.333333333333333,2.1602468994692914,4.185110693297312
APAC,Tables,2014,13,3,1,Spring,0.6666666666666666,0.19999999999999998,739.4717436077208,13,1.0,-1.6081226496766366e-16,2014-13,2014-03-24,492.9811624051472,451.1295,492.9811624051472,505.597076503217,527.4974062025736,164.65043709237833,321.3609622064849,6.0,3.0,7.0,5.5,5.833333333333333,5.4467115461227325,4.725815626252608
APAC,Tables,2014,14,4,2,Spring,0.5,0.15,704.6469812025737,11,0.992708874098054,-0.12053668025532288,2014-14,2014-03-31,739.4717436077208,363.384,924.4259999999999,590.9128218038604,509.1824879694547,154.49972939742193,302.3853617373194,13.0,1.0,4.0,8.0,6.416666666666667,4.966554808583782,4.90747728811182
APAC,Tables,2014,15,4,2,Spring,1.0,0.47,533.1588,2,0.9709418174260521,-0.2393156642875575,2014-15,2014-04-07,704.6469812025737,426.5514,212.583,617.5646718038604,535.8971379694548,122.5969885098788,287.5990760357009,11.0,2.0,1.0,8.0,6.5,4.966554808583782,4.814750064314677
APAC,Tables,2014,16,4,2,Spring,0.0,0.0,492.9811624051472,8,0.9350162426854148,-0.35460488704253545,2014-16,2014-04-14,533.1588,492.9811624051472,1240.4985812025736,617.5646718038604,473.6040197363359,122.5969885098788,183.06951240753435,2.0,6.0,6.0,8.5,6.666666666666667,4.795831523312722,4.8304589153964805
APAC,Tables,2014,19,5,2,Spring,0.0,0.0,313.0305812025736,6,0.7485107481711013,-0.663122658240795,2014-19,2014-05-05,492.9811624051472,739.4717436077208,739.4717436077208,510.95438120257364,438.0672562025736,160.73448780444522,167.49565908106578,8.0,13.0,16.0,6.75,5.833333333333333,3.7749172176353776,3.8336626999476224
APAC,Tables,2014,20,5,2,Autumn,0.5,0.15,492.9811624051472,11,0.6631226582407952,-0.7485107481711012,2014-20,2014-05-12,313.0305812025736,704.6469812025737,246.4905812025736,458.037926503217,458.6081379694547,98.50945013323337,156.62739070982335,6.0,11.0,9.0,6.75,6.0,3.7749172176353776,4.022663070879561
APAC,Tables,2014,21,5,2,Spring,0.5,0.235,492.9811624051472,13,0.5680647467311558,-0.8229838658936564,2014-21,2014-05-19,492.9811624051472,533.1588,246.4905812025736,447.9935171045038,479.1490197363358,89.97529060128751,141.73536408687136,11.0,2.0,6.0,9.5,6.583333333333333,3.109126351029608,4.501683186892601
APAC,Tables,2014,23,6,2,Autumn,1.0,0.3,609.2235812025735,2,0.35460488704253584,-0.9350162426854147,2014-23,2014-06-02,492.9811624051472,492.9811624051472,246.4905812025736,477.05412180386037,509.3767697363358,122.31084595374267,125.33695959297926,13.0,8.0,3.0,8.0,6.5,4.966554808583782,4.582575694955841
APAC,Tables,2014,24,6,2,Spring,0.5,0.235,617.4741,8,0.23931566428755768,-0.970941817426052,2014-24,2014-06-09,609.2235812025735,313.0305812025736,451.1295,553.165001503217,523.2388197363359,69.57589018365275,127.48950012241556,2.0,6.0,3.0,8.5,6.916666666666667,4.795831523312722,4.461111425588377
APAC,Tables,2014,25,6,2,Autumn,1.0,0.3,345.597,1,0.12053668025532308,-0.992708874098054,2014-25,2014-06-16,617.4741,492.9811624051472,363.384,516.3189609019302,521.7565697363358,127.21932690179008,129.60288542019703,8.0,11.0,1.0,6.0,6.916666666666667,5.59761854124889,4.461111425588377
APAC,Tables,2014,26,6,2,Winter,1.0,0.3,246.4905812025736,7,-3.216245299353273e-16,-1.0,2014-26,2014-06-23,345.597,492.9811624051472,426.5514,454.69631560128676,506.751501503217,187.64112147851256,150.3848101095157,1.0,13.0,2.0,4.5,7.333333333333333,3.5118845842842488,4.1851106932973146
APAC,Tables,2014,30,7,3,Winter,1.0,0.4,246.4905812025736,2,-0.46472317204376806,-0.8854560256532101,2014-30,2014-07-21,246.4905812025736,609.2235812025735,492.9811624051472,364.0130656012868,486.2106197363359,175.31373411609698,168.2137419367926,7.0,2.0,6.0,4.5,7.0,3.5118845842842488,4.451761653343744
APAC,Tables,2014,32,8,3,Summer,0.0,0.0,246.4905812025736,4,-0.663122658240795,-0.7485107481711013,2014-32,2014-08-04,246.4905812025736,617.4741,739.4717436077208,271.2671859019302,445.1288562025736,49.553209398715005,160.7726958980684,2.0,8.0,13.0,3.5,6.25,2.6457513110645934,4.092676385936225
APAC,Tables,2014,33,8,3,Summer,0.25,0.075,1299.9917436077208,14,-0.7485107481711011,-0.6631226582407952,2014-33,2014-08-11,246.4905812025736,345.597,704.6469812025737,509.8658718038604,494.74091973633585,526.7505812025737,288.92135987180023,4.0,1.0,11.0,6.75,6.5,5.251983752196246,4.482288376589473
APAC,Tables,2014,35,8,3,Summer,1.0,0.47,246.4905812025736,7,-0.8854560256532096,-0.4647231720437691,2014-35,2014-08-25,1299.9917436077208,246.4905812025736,533.1588,509.8658718038604,470.85190150321705,526.7505812025737,297.1891269337882,14.0,7.0,2.0,6.75,6.916666666666667,5.251983752196246,4.252450274057692
APAC,Tables,2014,37,9,3,Winter,1.0,0.4,320.166,1,-0.970941817426052,-0.23931566428755774,2014-37,2014-09-08,246.4905812025736,246.4905812025736,492.9811624051472,528.284726503217,456.4506379694547,515.6423195785661,300.1912918717126,7.0,2.0,8.0,6.5,6.333333333333333,5.567764362830023,4.559372630952508
APAC,Tables,2014,38,9,3,Summer,0.0,0.0,389.9928,2,-0.992708874098054,-0.12053668025532357,2014-38,2014-09-15,320.166,246.4905812025736,313.0305812025736,564.1602812025736,462.8641562025736,494.0409902465575,297.6600656976963,1.0,4.0,6.0,6.0,6.0,5.944184833375671,4.729020655869073
APAC,Tables,2014,39,9,3,Autumn,1.0,0.3,246.4905812025736,3,-1.0,-1.8369701987210297e-16,2014-39,2014-09-22,389.9928,1299.9917436077208,492.9811624051472,300.7849906012868,442.32327443569244,68.87046431996056,303.8336892316508,2.0,14.0,11.0,3.25,5.333333333333333,2.629955639676587,4.519318800908209
APAC,Tables,2014,40,10,4,Autumn,1.0,0.47,246.4905812025736,6,-0.992708874098054,0.1205366802553232,2014-40,2014-09-29,246.4905812025736,246.4905812025736,492.9811624051472,300.7849906012868,421.7823926688113,68.87046431996056,308.39542298123865,3.0,7.0,13.0,3.0,4.75,2.1602468994692914,3.8405728739343017
APAC,Tables,2014,41,10,4,Autumn,0.5,0.15,389.52,3,-0.9709418174260521,0.23931566428755738,2014-41,2014-10-06,246.4905812025736,320.166,609.2235812025735,318.1234906012868,403.47376090193023,82.71478426016634,302.7253926534758,6.0,1.0,2.0,3.5,4.833333333333333,1.7320508075688834,3.78593889720018
APAC,Tables,2014,42,10,4,Spring,0.3333333333333333,0.09999999999999999,837.1305812025736,4,-0.9350162426854148,0.35460488704253557,2014-42,2014-10-13,389.52,389.9928,617.4741,429.9079359019302,421.7784676688113,279.729226349275,322.815827328346,3.0,2.0,8.0,4.0,4.5,1.4142135623731025,3.655630775069652
APAC,Tables,2014,45,11,4,Autumn,0.5,0.15,470.7495812025736,6,-0.7485107481711011,0.6631226582407952,2014-45,2014-11-03,837.1305812025736,246.4905812025736,345.597,485.9726859019302,432.2078494356924,251.79251341636808,322.1518461853072,4.0,3.0,1.0,4.75,4.916666666666667,1.5000000000000069,3.5021638332824323
APAC,Tables,2014,46,11,4,Autumn,1.0,0.3,492.9811624051472,3,-0.6631226582407955,0.7485107481711007,2014-46,2014-11-10,470.7495812025736,246.4905812025736,246.4905812025736,547.5953312025736,452.74873120257354,198.0794857743246,317.0516576738072,6.0,6.0,7.0,4.0,4.583333333333333,1.4142135623731025,3.4761089357690325
APAC,Tables,2014,48,11,4,Spring,1.0,0.35,763.1265812025736,5,-0.4647231720437684,0.88545602565321,2014-48,2014-11-24,492.9811624051472,389.52,246.4905812025736,640.996976503217,495.8017312025736,186.43755707667282,321.5429485793318,3.0,3.0,2.0,4.5,4.833333333333333,1.2909944487358136,3.3799766898963086
APAC,Tables,2014,49,12,4,Autumn,0.25,0.1175,1355.3719624051473,18,-0.35460488704253595,0.9350162426854147,2014-49,2014-12-01,763.1265812025736,837.1305812025736,246.4905812025736,770.5573218038604,588.2085129694548,411.90475653095854,394.45305270245893,5.0,4.0,4.0,8.0,6.0,6.78232998312527,5.0632364784161155
APAC,Tables,2014,50,12,4,Autumn,1.0,0.3,445.326,2,-0.2393156642875578,0.970941817426052,2014-50,2014-12-08,1355.3719624051473,470.7495812025736,1299.9917436077208,764.201426503217,516.9863676688113,418.2207260510616,325.3577382134493,18.0,6.0,14.0,7.0,5.0,7.438637868140467,4.4924178547657565
APAC,Tables,2014,51,12,4,Autumn,0.0,0.0,246.4905812025736,4,-0.12053668025532363,0.992708874098054,2014-51,2014-12-15,445.326,492.9811624051472,246.4905812025736,702.5787812025736,516.9863676688113,484.42419879176,325.3577382134493,2.0,3.0,7.0,7.25,4.75,7.274384280931733,4.454313537562109
APAC,Tables,2014,52,12,4,Summer,1.0,0.35,625.5345812025736,5,6.432490598706546e-16,1.0,2014-52,2014-12-22,246.4905812025736,763.1265812025736,320.166,668.1807812025736,542.4337494356924,483.57601821496337,320.4695223965353,4.0,5.0,1.0,7.25,5.083333333333333,7.274384280931733,4.294993561924125
Africa,Bookcases,2011,45,11,4,Spring,0.0,0.0,543.7905812025735,6,-0.7485107481711011,0.6631226582407952,2011-45,2011-11-07,415.2,364.32,246.4905812025736,261.5433953006434,305.21302706752454,257.08620152786517,160.8685415111319,1.0,1.0,6.0,2.25,2.25,2.5,2.3011854652449344
Africa,Bookcases,2011,46,11,4,Autumn,0.0,0.0,509.247,2,-0.6631226582407955,0.7485107481711007,2011-46,2011-11-14,543.7905812025735,43.767,246.4905812025736,377.9133953006434,327.10939530064337,229.52309606296802,169.78427202234937,6.0,1.0,2.0,2.5,2.25,2.3804761428476167,2.3011854652449344
Africa,Bookcases,2011,48,12,4,Autumn,0.0,0.0,281.82,2,-0.4647231720437684,0.88545602565321,2011-48,2011-11-28,509.247,43.416,435.99,437.5143953006434,314.2618953006434,117.15925234836291,166.59944708512165,2.0,1.0,1.0,2.75,2.3333333333333335,2.217355782608345,2.2696949467968492
Africa,Bookcases,2011,49,12,4,Spring,0.0,0.0,142.83,1,-0.35460488704253595,0.9350162426854147,2011-49,2011-12-05,281.82,415.2,143.97,369.42189530064337,314.1668953006434,190.58985422765352,166.70567157310413,2.0,1.0,1.0,2.75,2.3333333333333335,2.217355782608345,2.2696949467968492
Africa,Bookcases,2011,50,12,4,Autumn,0.0,0.0,361.575,3,-0.2393156642875578,0.970941817426052,2011-50,2011-12-12,142.83,543.7905812025735,409.33500000000004,323.868,310.18689530064336,153.1121410796675,164.78610536090102,1.0,6.0,2.0,2.0,2.4166666666666665,0.8164965809277263,2.274696116900546
Africa,Bookcases,2011,51,12,4,Autumn,0.0,0.0,314.865,2,-0.12053668025532363,0.992708874098054,2011-51,2011-12-19,361.575,509.247,414.27,275.2725,301.9031453006434,94.16222371524582,161.54487457926206,3.0,2.0,1.0,2.0,2.5,0.8164965809277263,2.23606797749979
Africa,Bookcases,2011,52,12,4,Summer,0.0,0.0,506.04,4,6.432490598706546e-16,1.0,2011-52,2011-12-26,314.865,281.82,246.4905812025736,331.3275,323.53226353376226,149.7127141394478,170.57434786659115,2.0,2.0,2.0,2.5,2.6666666666666665,1.2909944487358058,2.2696949467968492
Africa,Bookcases,2012,2,1,1,Summer,0.0,0.0,391.86,2,0.23931566428755774,0.970941817426052,2012-2,2012-01-09,506.04,142.83,355.5165812025736,393.58500000000004,326.56088176688115,81.38505421758971,171.51392795399175,4.0,1.0,8.0,2.75,2.1666666666666665,0.9574271077563382,1.5275252316519465
Africa,Bookcases,2012,5,2,1,Summer,0.0,0.0,146.76,1,0.5680647467311558,0.8229838658936564,2012-5,2012-01-30,391.86,361.575,364.32,339.88125,308.4308817668811,150.8113066260286,178.51548075948307,2.0,3.0,1.0,2.25,2.1666666666666665,1.2583057392117916,1.5275252316519465
Africa,Bookcases,2012,7,2,1,Summer,0.0,0.0,431.118,2,0.7485107481711011,0.6631226582407953,2012-7,2012-02-13,146.76,314.865,43.767,368.9445,340.71013176688115,155.51183492261939,160.4106390941037,1.0,2.0,1.0,2.25,2.25,1.2583057392117916,1.4847711791873703
Africa,Bookcases,2012,15,4,2,Autumn,0.0,0.0,44.451,1,0.9709418174260521,-0.2393156642875575,2012-15,2012-04-09,431.118,506.04,43.416,253.54725000000002,340.7963817668811,187.78227338662725,160.23644108965388,2.0,4.0,1.0,1.5,2.25,0.5773502691896255,1.4847711791873703
Africa,Bookcases,2012,17,4,2,Autumn,0.0,0.0,246.4905812025736,6,0.8854560256532099,-0.4647231720437685,2012-17,2012-04-23,44.451,391.86,415.2,217.2048953006434,326.73726353376225,164.74511563455502,160.51583539322692,1.0,2.0,1.0,2.5,2.6666666666666665,2.3804761428476167,1.775250729197189
Africa,Bookcases,2012,18,5,2,Autumn,0.0,0.0,435.45,1,0.8229838658936565,-0.5680647467311557,2012-18,2012-04-30,246.4905812025736,146.76,543.7905812025735,289.37739530064334,317.7088817668811,185.52252585840102,149.8929447556846,6.0,1.0,6.0,2.5,2.25,2.3804761428476167,1.4847711791873706
Africa,Bookcases,2012,20,5,2,Spring,0.0,0.0,684.1005812025736,3,0.6631226582407952,-0.7485107481711012,2012-20,2012-05-14,435.45,431.118,509.247,352.6230406012868,332.28001353376226,272.6241433871271,176.36611091453915,1.0,2.0,2.0,2.75,2.3333333333333335,2.362907813126304,1.497472618255253
Africa,Bookcases,2012,21,5,2,Autumn,0.0,0.0,123.066,1,0.5680647467311558,-0.8229838658936564,2012-21,2012-05-21,684.1005812025736,44.451,281.82,372.2767906012868,319.0505135337623,244.37206564151603,186.17662931166697,3.0,1.0,2.0,2.75,2.25,2.362907813126304,1.5447859516333118
Africa,Bookcases,2012,22,5,2,Spring,0.0,0.0,465.3345812025736,4,0.46472317204376906,-0.8854560256532096,2012-22,2012-05-28,123.066,246.4905812025736,142.83,426.98779060128675,345.9258953006434,230.95275651844202,181.648270427578,1.0,6.0,1.0,2.25,2.5,1.5000000000000002,1.5666989036012806
Africa,Bookcases,2012,23,6,2,Winter,0.0,0.0,981.9,7,0.35460488704253584,-0.9350162426854147,2012-23,2012-06-04,465.3345812025736,435.45,361.575,563.6002906012868,397.6196453006434,362.0412397122985,258.5111704187765,4.0,1.0,3.0,3.75,2.8333333333333335,2.5,2.037526724122938
Africa,Bookcases,2012,24,6,2,Winter,0.0,0.0,637.6305812025736,3,0.23931566428755768,-0.970941817426052,2012-24,2012-06-11,981.9,684.1005812025736,314.865,551.9827906012868,424.5167770675246,357.60400651361573,265.8064448241184,7.0,3.0,2.0,3.75,2.9166666666666665,2.5,2.02072594216369
Africa,Bookcases,2012,26,6,2,Winter,0.0,0.0,246.4905812025736,4,-3.216245299353273e-16,-1.0,2012-26,2012-06-25,637.6305812025736,123.066,506.04,582.8389359019302,402.8876588344056,310.4777750264431,269.1091689057788,3.0,1.0,4.0,4.5,2.9166666666666665,1.7320508075688776,2.02072594216369
Africa,Bookcases,2012,30,7,3,Summer,0.0,0.0,246.4905812025736,6,-0.46472317204376806,-0.8854560256532101,2012-30,2012-07-23,246.4905812025736,465.3345812025736,391.86,528.1279359019302,390.7735406012868,354.278193236033,272.8960186568514,4.0,4.0,2.0,5.0,3.25,1.825741858350554,2.1794494717703365
Africa,Bookcases,2012,33,8,3,Winter,0.0,0.0,542.313,3,-0.7485107481711011,-0.6631226582407952,2012-33,2012-08-13,246.4905812025736,981.9,146.76,418.2311859019302,423.7362906012868,202.09078970696763,264.5025677987911,6.0,7.0,1.0,4.0,3.4166666666666665,1.4142135623730954,2.0652243256245835
Africa,Bookcases,2012,34,8,3,Winter,0.0,0.0,463.9305812025736,8,-0.8229838658936564,-0.5680647467311559,2012-34,2012-08-20,542.313,637.6305812025736,431.118,374.80618590193023,426.4706723681679,151.58218829589217,264.75530063081135,3.0,3.0,2.0,5.25,3.9166666666666665,2.217355782608345,2.391588796113782
Africa,Bookcases,2012,35,8,3,Winter,0.0,0.0,194.58,1,-0.8854560256532096,-0.4647231720437691,2012-35,2012-08-27,463.9305812025736,246.4905812025736,44.451,361.8285406012868,438.9814223681679,167.60507747968362,248.0844960165337,8.0,4.0,1.0,4.5,3.9166666666666665,3.1091263510296057,2.391588796113782
Africa,Bookcases,2012,36,9,3,Spring,0.0,0.0,101.52,2,-0.9350162426854147,-0.3546048870425359,2012-36,2012-09-03,194.58,246.4905812025736,246.4905812025736,325.5858953006434,426.9005406012868,210.93281716308934,261.47852406242004,1.0,6.0,6.0,3.5,3.5833333333333335,3.1091263510296057,2.353269807709857
Africa,Bookcases,2012,37,9,3,Spring,0.0,0.0,289.902,3,-0.970941817426052,-0.23931566428755774,2012-37,2012-09-10,101.52,542.313,435.45,262.4831453006434,414.77154060128686,154.76092779001988,264.4052260491889,2.0,3.0,1.0,3.5,3.75,3.1091263510296057,2.220769727328383
Africa,Bookcases,2012,38,9,3,Summer,0.0,0.0,246.4905812025736,4,-0.992708874098054,-0.12053668025532357,2012-38,2012-09-17,289.902,463.9305812025736,684.1005812025736,208.1231453006434,378.3040406012868,81.05037237473957,253.849125859023,3.0,8.0,3.0,2.5,3.8333333333333335,1.2909944487358065,2.208797835653566
Africa,Bookcases,2012,39,9,3,Autumn,0.0,0.0,315.63,2,-1.0,-1.8369701987210297e-16,2012-39,2012-09-24,246.4905812025736,194.58,123.066,238.3856453006434,394.3510406012868,95.60076705404632,242.06022338189067,4.0,1.0,1.0,2.75,3.9166666666666665,0.9574271077563393,2.1087839379532687
Africa,Bookcases,2012,41,10,4,Autumn,0.0,0.0,800.55,2,-0.9709418174260521,0.23931566428755738,2012-41,2012-10-08,315.63,101.52,465.3345812025736,413.14314530064337,422.28565883440564,259.84247894314007,268.85607606553776,2.0,2.0,4.0,2.75,3.75,0.9574271077563393,2.1794494717703365
Africa,Bookcases,2012,42,10,4,Spring,0.0,0.0,246.4905812025736,4,-0.9350162426854148,0.35460488704253557,2012-42,2012-10-15,800.55,289.902,981.9,402.29029060128676,361.00154060128676,267.49947102433316,206.21838969248762,2.0,3.0,7.0,3.0,3.5,1.1547005383792526,1.9306145983268455
Africa,Bookcases,2012,46,11,4,Autumn,0.0,0.0,122.04,1,-0.6631226582407955,0.7485107481711007,2012-46,2012-11-12,246.4905812025736,246.4905812025736,637.6305812025736,371.1776453006434,318.03565883440564,297.24433840297206,196.84152706531907,4.0,4.0,3.0,2.25,3.3333333333333335,1.2583057392117925,2.059714602177749
Africa,Bookcases,2012,48,11,4,Autumn,0.0,0.0,453.6345812025736,8,-0.4647231720437684,0.88545602565321,2012-48,2012-11-26,122.04,315.63,246.4905812025736,405.67879060128683,335.29765883440564,296.65629911258486,199.06716647164313,1.0,2.0,4.0,3.75,3.6666666666666665,3.095695936834452,2.4618298195866544
Africa,Bookcases,2012,49,12,4,Autumn,0.0,0.0,246.4905812025736,4,-0.35460488704253595,0.9350162426854147,2012-49,2012-12-03,453.6345812025736,800.55,246.4905812025736,267.1639359019302,335.29765883440564,137.46155040538542,199.06716647164313,8.0,2.0,6.0,4.25,3.5,2.8722813232690148,2.354878881270658
Africa,Bookcases,2012,50,12,4,Summer,0.0,0.0,124.56,1,-0.2393156642875578,0.970941817426052,2012-50,2012-12-10,246.4905812025736,246.4905812025736,542.313,236.6812906012868,300.48490883440564,155.8618638427994,196.07906175823487,4.0,4.0,3.0,3.5,3.3333333333333335,3.3166247903554003,2.4618298195866544
Africa,Bookcases,2012,51,12,4,Autumn,0.0,0.0,608.85,2,-0.12053668025532363,0.992708874098054,2012-51,2012-12-17,124.56,122.04,463.9305812025736,358.3837906012868,312.56152706752454,215.2515509207999,210.9591490395038,1.0,1.0,8.0,3.75,2.8333333333333335,3.095695936834452,1.9924098397912438
Africa,Bookcases,2013,2,1,1,Summer,0.0,0.0,246.4905812025736,4,0.23931566428755774,0.970941817426052,2013-2,2013-01-07,608.85,453.6345812025736,194.58,306.5977906012868,316.8874088344057,209.53910417612846,208.8415141418703,2.0,8.0,1.0,2.75,3.0833333333333335,1.5000000000000007,1.9286515936521476
Africa,Bookcases,2013,3,1,1,Summer,0.0,0.0,488.721,2,0.3546048870425356,0.9350162426854148,2013-3,2013-01-14,246.4905812025736,246.4905812025736,101.52,367.1553953006434,349.1541588344057,221.06334037186105,202.35264059598077,4.0,4.0,2.0,2.25,3.0833333333333335,1.2583057392117922,1.9286515936521476
Africa,Bookcases,2013,4,1,1,Summer,0.0,0.0,493.452,4,0.4647231720437685,0.8854560256532099,2013-4,2013-01-21,488.721,124.56,289.902,459.3783953006434,366.11665883440565,152.4084216730449,205.44205873750332,2.0,1.0,3.0,3.0,3.1666666666666665,1.1547005383792524,1.9462473604038073
Africa,Bookcases,2013,5,1,1,Summer,0.0,0.0,197.1,1,0.5680647467311558,0.8229838658936564,2013-5,2013-01-28,493.452,608.85,246.4905812025736,356.4408953006434,362.0007770675245,156.7893080917678,208.5281278612907,4.0,2.0,4.0,2.75,2.9166666666666665,1.5000000000000007,2.02072594216369
Africa,Bookcases,2013,6,2,1,Winter,0.0,0.0,538.2105812025736,8,0.6631226582407952,0.7485107481711011,2013-6,2013-02-04,197.1,246.4905812025736,315.63,429.3708953006434,380.5491588344057,156.44452577863714,213.85953710451028,1.0,4.0,2.0,3.75,3.4166666666666665,3.095695936834452,2.466441431158123
Africa,Bookcases,2013,7,2,1,Summer,0.0,0.0,246.4905812025736,2,0.7485107481711011,0.6631226582407953,2013-7,2013-02-11,538.2105812025736,488.721,800.55,368.8132906012868,334.3775406012868,171.92881215530062,170.31630824861082,8.0,2.0,2.0,3.75,3.4166666666666665,3.095695936834452,2.466441431158123
Africa,Bookcases,2013,8,2,1,Summer,0.0,0.0,496.2105812025736,6,0.8229838658936564,0.5680647467311559,2013-8,2013-02-18,246.4905812025736,493.452,246.4905812025736,369.5029359019302,355.1875406012868,172.5996414411175,173.8215478868802,2.0,4.0,4.0,4.25,3.5833333333333335,3.3040379335998353,2.5746432527221854
Africa,Bookcases,2013,12,3,1,Autumn,0.0,0.0,366.84,1,0.992708874098054,0.120536680255323,2013-12,2013-03-18,496.2105812025736,197.1,122.04,411.93793590193025,375.5875406012868,132.22872947638837,157.57749023873097,6.0,1.0,1.0,4.25,3.5833333333333335,3.3040379335998353,2.5746432527221854
Africa,Bookcases,2013,13,3,1,Spring,0.0,0.0,122.52,1,1.0,-1.6081226496766366e-16,2013-13,2013-03-25,366.84,538.2105812025736,453.6345812025736,308.0152906012868,347.9946588344057,160.28267378000038,171.08019220084608,1.0,8.0,8.0,2.5,3.0,2.380476142847617,2.2563042992710645
Africa,Bookcases,2013,16,4,2,Autumn,0.0,0.0,126.03,1,0.9350162426854148,-0.35460488704253545,2013-16,2013-04-15,122.52,246.4905812025736,246.4905812025736,277.9001453006434,337.9562770675246,185.09211649421243,180.83361425552496,1.0,2.0,4.0,2.25,2.75,2.5000000000000004,2.301185465244934
Africa,Bookcases,2013,17,4,2,Autumn,0.0,0.0,437.61,1,0.8854560256532099,-0.4647231720437685,2013-17,2013-04-22,126.03,496.2105812025736,124.56,263.25,364.04377706752456,163.06088740099537,169.47377325788068,1.0,6.0,1.0,1.0,2.75,0.0,2.301185465244934
Africa,Bookcases,2013,18,5,2,Autumn,0.0,0.0,170.34,1,0.8229838658936565,-0.5680647467311557,2013-18,2013-04-29,437.61,366.84,608.85,214.12500000000003,327.50127706752454,150.57099820350564,158.83146380352045,1.0,1.0,2.0,1.0,2.6666666666666665,0.0,2.3484359721209165
Africa,Bookcases,2013,19,5,2,Autumn,0.0,0.0,143.97,1,0.7485107481711013,-0.663122658240795,2013-19,2013-05-06,170.34,122.52,246.4905812025736,219.4875,318.95789530064343,146.54930782845787,166.1726640868675,1.0,1.0,4.0,1.0,2.4166666666666665,0.0,2.353269807709857
Africa,Bookcases,2013,20,5,2,Autumn,0.0,0.0,905.55,6,0.6631226582407952,-0.7485107481711012,2013-20,2013-05-13,143.97,126.03,488.721,414.3675,353.69364530064337,353.30095333157544,234.43138457838057,1.0,1.0,2.0,2.25,2.75,2.5000000000000004,2.5628464289109907
Africa,Bookcases,2013,21,5,2,Autumn,0.0,0.0,393.2505812025736,3,0.5680647467311558,-0.8229838658936564,2013-21,2013-05-20,905.55,437.61,493.452,403.2776453006434,345.3435270675245,353.02429652892914,230.7565570041088,6.0,1.0,4.0,2.75,2.6666666666666665,2.362907813126305,2.5346089292516947
Africa,Bookcases,2013,23,6,2,Autumn,0.0,0.0,315.6,2,0.35460488704253584,-0.9350162426854147,2013-23,2013-06-03,393.2505812025736,170.34,197.1,439.5926453006434,355.2185270675245,327.6333152608736,226.3289683763422,3.0,1.0,1.0,3.0,2.75,2.1602468994692874,2.4908925016036827
Africa,Bookcases,2013,24,6,2,Winter,0.0,0.0,415.2,1,0.23931566428755768,-0.970941817426052,2013-24,2013-06-10,315.6,143.97,538.2105812025736,507.4001453006434,344.9676453006434,268.8503873357236,219.98420180547137,2.0,1.0,8.0,3.0,2.1666666666666665,2.1602468994692874,1.8989630344113093
Africa,Bookcases,2013,25,6,2,Spring,0.0,0.0,445.56,3,0.12053668025532308,-0.992708874098054,2013-25,2013-06-17,415.2,905.55,246.4905812025736,392.40264530064337,361.55676353376225,55.51212798536873,219.38804206856253,1.0,6.0,2.0,2.25,2.25,0.9574271077563393,1.912875037500074
Africa,Bookcases,2013,26,6,2,Summer,0.0,0.0,246.4905812025736,2,-3.216245299353273e-16,-1.0,2013-26,2013-06-24,445.56,393.2505812025736,496.2105812025736,355.71264530064343,340.74676353376225,91.56013709480295,217.28785799088558,3.0,3.0,6.0,2.0,1.9166666666666667,0.8164965809277275,1.505042031024887
Africa,Bookcases,2013,27,7,3,Winter,0.0,0.0,470.772,4,-0.12053668025532283,-0.992708874098054,2013-27,2013-07-01,246.4905812025736,315.6,366.84,394.50564530064344,349.4077635337623,101.25844739950415,220.47050835754098,2.0,2.0,1.0,2.5,2.1666666666666665,1.2909944487358065,1.5859229221975184
Africa,Bookcases,2013,28,7,3,Winter,0.0,0.0,352.494,4,-0.23931566428755743,-0.9709418174260521,2013-28,2013-07-08,470.772,415.2,122.52,378.8291453006434,368.5722635337623,101.83897571610903,208.63274093725974,4.0,1.0,1.0,3.25,2.4166666666666665,0.9574271077563393,1.621353717973928
Africa,Bookcases,2013,32,8,3,Winter,0.0,0.0,525.78,4,-0.663122658240795,-0.7485107481711013,2013-32,2013-08-05,352.494,445.56,126.03,398.8841453006434,401.8847635337623,124.69464777699095,198.02999713787352,4.0,3.0,1.0,3.5,2.6666666666666665,1.000000000000001,1.6143297699232972
Africa,Bookcases,2013,34,8,3,Winter,0.0,0.0,788.9835812025735,8,-0.8229838658936564,-0.5680647467311559,2013-34,2013-08-19,525.78,246.4905812025736,437.61,534.5073953006433,431.16589530064334,184.41382206234348,227.5672255161134,4.0,2.0,1.0,5.0,3.25,2.0000000000000004,2.1373305355470444
Africa,Bookcases,2013,36,9,3,Spring,0.0,0.0,822.684,7,-0.9350162426854147,-0.3546048870425359,2013-36,2013-09-02,788.9835812025735,470.772,170.34,622.4853953006434,485.52789530064337,223.6428806891655,237.30471733044607,8.0,4.0,1.0,5.75,3.75,2.0615528128088307,2.2613350843332265
Africa,Bookcases,2013,37,9,3,Spring,0.0,0.0,295.95000000000005,2,-0.970941817426052,-0.23931566428755774,2013-37,2013-09-09,822.684,352.494,143.97,608.3493953006433,498.1928953006434,246.96768959562579,220.90762639300956,7.0,4.0,1.0,5.25,3.8333333333333335,2.7537852736430515,2.1672493389016623
Africa,Bookcases,2013,38,9,3,Summer,0.0,0.0,830.0505812025735,6,-0.992708874098054,-0.12053668025532357,2013-38,2013-09-16,295.95000000000005,525.78,905.55,684.4170406012868,491.9012770675245,259.5943523116238,209.00558339818542,2.0,4.0,6.0,5.75,3.8333333333333335,2.6299556396765835,2.1672493389016623
Africa,Bookcases,2013,39,9,3,Spring,0.0,0.0,457.317,3,-1.0,-1.8369701987210297e-16,2013-39,2013-09-23,830.0505812025735,788.9835812025735,393.2505812025736,601.5003953006434,497.2401453006434,267.89753639056926,207.06580927225028,6.0,8.0,3.0,4.5,3.8333333333333335,2.380476142847617,2.1672493389016623
Africa,Bookcases,2013,40,10,4,Autumn,0.0,0.0,624.15,5,-0.992708874098054,0.1205366802553232,2013-40,2013-09-30,457.317,822.684,315.6,551.8668953006434,522.9526453006434,228.79696263182421,201.54361585822025,3.0,7.0,2.0,4.0,4.083333333333333,1.825741858350554,2.108783937953268
Africa,Bookcases,2013,45,11,4,Spring,0.0,0.0,384.96000000000004,3,-0.7485107481711011,0.6631226582407952,2013-45,2013-11-04,624.15,295.95000000000005,415.2,574.1193953006434,520.4326453006433,197.84498115294252,203.19566316351055,5.0,2.0,1.0,4.25,4.25,1.5000000000000004,1.9128750375000725
Africa,Bookcases,2013,46,11,4,Autumn,0.0,0.0,415.6905812025736,3,-0.6631226582407955,0.7485107481711007,2013-46,2013-11-11,384.96000000000004,830.0505812025735,445.56,470.5293953006434,517.9435270675245,106.61968942863727,204.37574381856615,3.0,6.0,3.0,3.5,4.25,1.0000000000000004,1.9128750375000725
Africa,Bookcases,2013,47,11,4,Autumn,0.0,0.0,834.12,6,-0.5680647467311559,0.8229838658936564,2013-47,2013-11-18,415.6905812025736,457.317,246.4905812025736,564.7301453006435,566.9126453006434,208.67175959337854,203.8201205622752,3.0,3.0,2.0,4.25,4.583333333333333,1.5000000000000004,1.8319554050414544
Africa,Bookcases,2013,48,11,4,Autumn,0.0,0.0,611.4105812025737,3,-0.4647231720437684,0.88545602565321,2013-48,2013-11-25,834.12,624.15,470.772,561.5452906012868,578.6325270675246,207.5568038883716,201.8230169960747,6.0,5.0,4.0,3.75,4.5,1.5000000000000004,1.8829377433825416
Africa,Bookcases,2013,49,12,4,Summer,0.0,0.0,245.04,2,-0.35460488704253595,0.9350162426854147,2013-49,2013-12-02,611.4105812025737,384.96000000000004,352.494,526.5652906012868,569.6780270675246,253.86237284726545,214.73894847876107,3.0,3.0,4.0,3.5,4.333333333333333,1.7320508075688776,2.0150945537631864
Africa,Bookcases,2013,50,12,4,Autumn,0.0,0.0,552.279,2,-0.2393156642875578,0.970941817426052,2013-50,2013-12-09,245.04,415.6905812025736,525.78,560.7123953006435,571.8862770675245,242.928115343016,214.38244264888547,2.0,3.0,4.0,3.25,4.166666666666667,1.8929694486000914,2.1248885888797817
Africa,Bookcases,2013,51,12,4,Summer,0.0,0.0,583.29,2,-0.12053668025532363,0.992708874098054,2013-51,2013-12-16,552.279,834.12,788.9835812025735,498.0048953006434,554.7451453006435,170.36364574428234,203.3874791739669,2.0,6.0,8.0,2.25,3.6666666666666665,0.5000000000000016,1.825741858350553
Africa,Bookcases,2013,52,12,4,Summer,0.0,0.0,467.1,4,6.432490598706546e-16,1.0,2013-52,2013-12-23,583.29,611.4105812025737,822.684,461.92724999999996,525.1131453006434,152.70799190039182,185.95818446905966,2.0,3.0,7.0,2.5,3.4166666666666665,1.0000000000000007,1.505042031024886
Africa,Bookcases,2014,4,1,1,Winter,0.0,0.0,246.4905812025736,2,0.4647231720437685,0.8854560256532099,2014-4,2014-01-20,467.1,245.04,295.95000000000005,462.28989530064337,520.9915270675245,152.0214298207806,191.950714152334,4.0,2.0,2.0,2.5,3.4166666666666665,1.0000000000000007,1.505042031024886
Africa,Bookcases,2014,5,1,1,Summer,0.0,0.0,36.459,1,0.5680647467311558,0.8229838658936564,2014-5,2014-01-27,246.4905812025736,552.279,830.0505812025735,333.3348953006434,454.8588953006434,242.2449791032621,211.50280770329024,2.0,2.0,6.0,2.25,3.0,1.2583057392117922,1.4142135623730951
Africa,Bookcases,2014,7,2,1,Summer,0.0,0.0,687.27,3,0.7485107481711011,0.6631226582407953,2014-7,2014-02-10,36.459,583.29,457.317,359.3298953006434,474.02164530064334,280.5574412816371,221.9070570773918,1.0,2.0,3.0,2.5,3.0,1.2909944487358063,1.4142135623730951
Africa,Bookcases,2014,8,2,1,Summer,0.0,0.0,937.0155812025736,13,0.8229838658936564,0.5680647467311559,2014-8,2014-02-17,687.27,467.1,624.15,476.8087906012868,500.09377706752457,409.48692548941966,256.7874874689941,3.0,4.0,5.0,4.75,3.6666666666666665,5.560275772537426,3.200378765462651
Africa,Bookcases,2014,9,2,1,Summer,0.0,0.0,179.352,4,0.8854560256532099,0.4647231720437686,2014-9,2014-02-24,937.0155812025736,246.4905812025736,384.96000000000004,460.0241453006434,482.95977706752456,423.22011367728703,271.6004023945382,13.0,2.0,3.0,5.25,3.75,5.315072906367325,3.194455423784382
Africa,Bookcases,2014,12,3,1,Autumn,0.0,0.0,178.776,4,0.992708874098054,0.120536680255323,2014-12,2014-03-17,179.352,36.459,415.6905812025736,495.60339530064334,463.21689530064344,379.4624920692838,285.2048407951478,4.0,1.0,3.0,6.0,3.8333333333333335,4.69041575982343,3.186144245246149
Africa,Bookcases,2014,16,4,2,Autumn,0.0,0.0,246.4905812025736,2,0.9350162426854148,-0.35460488704253545,2014-16,2014-04-14,178.776,687.27,834.12,385.40854060128675,414.24777706752457,369.1092121329968,265.4987247021939,4.0,3.0,6.0,5.75,3.5,4.924428900898052,3.147870853305597
Africa,Bookcases,2014,17,4,2,Autumn,0.0,0.0,515.28,2,0.8854560256532099,-0.4647231720437685,2014-17,2014-04-21,246.4905812025736,937.0155812025736,611.4105812025737,279.9746453006434,406.2368953006434,160.05819260162744,260.4104363603891,2.0,13.0,3.0,3.0,3.4166666666666665,1.1547005383792524,3.1754264805429413
Africa,Bookcases,2014,19,5,2,Autumn,0.0,0.0,123.93,1,0.7485107481711013,-0.663122658240795,2014-19,2014-05-05,515.28,179.352,245.04,266.11914530064337,396.14439530064334,173.50599424362215,269.4168771159825,2.0,4.0,2.0,2.25,3.3333333333333335,1.2583057392117922,3.2286595398465945
Africa,Bookcases,2014,20,5,2,Autumn,0.0,0.0,176.598,4,0.6631226582407952,-0.7485107481711012,2014-20,2014-05-12,123.93,178.776,552.279,265.5746453006434,364.8376453006434,173.87448980930003,271.44415869438797,1.0,4.0,2.0,2.25,3.5,1.2583057392117922,3.205109557055308
Africa,Bookcases,2014,21,5,2,Autumn,0.0,0.0,492.822,3,0.5680647467311558,-0.8229838658936564,2014-21,2014-05-19,176.598,246.4905812025736,583.29,327.15749999999997,357.2986453006434,205.59213778984892,266.0276420539213,4.0,2.0,2.0,2.5,3.5833333333333335,1.2909944487358063,3.1754264805429413
Africa,Bookcases,2014,22,5,2,Autumn,0.0,0.0,637.6305812025736,3,0.46472317204376906,-0.8854560256532096,2014-22,2014-05-26,492.822,515.28,467.1,357.74514530064334,371.5095270675245,247.69970012632808,276.764428312413,3.0,2.0,4.0,2.75,3.5,1.2583057392117922,3.1766191290283907
Africa,Bookcases,2014,24,6,2,Autumn,0.0,0.0,331.9545812025736,6,0.23931566428755768,-0.970941817426052,2014-24,2014-06-09,637.6305812025736,123.93,246.4905812025736,409.75129060128677,378.63152706752453,199.3677496123078,274.34388156592814,3.0,1.0,2.0,4.0,3.8333333333333335,1.4142135623730956,3.2145502536643185
Africa,Bookcases,2014,25,6,2,Spring,0.0,0.0,493.45799999999997,4,0.12053668025532308,-0.992708874098054,2014-25,2014-06-16,331.9545812025736,176.598,36.459,488.96629060128674,416.7147770675245,124.88500061600655,253.4506034568126,6.0,4.0,1.0,4.0,4.083333333333333,1.4142135623730956,3.088345639315455
Africa,Bookcases,2014,26,6,2,Winter,0.0,0.0,492.9811624051472,4,-3.216245299353273e-16,-1.0,2014-26,2014-06-23,493.45799999999997,492.822,687.27,489.00608120257357,400.52404060128674,124.88666395849502,240.46924691441453,4.0,3.0,3.0,4.25,4.166666666666667,1.2583057392117922,3.0698929011029725
Africa,Bookcases,2014,27,6,2,Winter,0.0,0.0,148.17,1,-0.12053668025532283,-0.992708874098054,2014-27,2014-06-30,492.9811624051472,637.6305812025736,937.0155812025736,366.64093590193016,334.78690883440566,164.29355192818085,180.927657211198,4.0,3.0,13.0,3.75,3.1666666666666665,2.0615528128088303,1.4668044012461756
Africa,Bookcases,2014,31,8,3,Winter,0.0,0.0,544.0831624051472,7,-0.5680647467311556,-0.8229838658936566,2014-31,2014-07-28,148.17,331.9545812025736,179.352,419.6730812025736,365.1811723681679,182.583387724503,183.0653545467329,1.0,6.0,4.0,4.0,3.4166666666666665,2.4494897427831783,1.8319554050414564
Africa,Bookcases,2014,32,8,3,Winter,0.0,0.0,872.1165812025736,19,-0.663122658240795,-0.7485107481711013,2014-32,2014-08-04,544.0831624051472,493.45799999999997,178.776,514.3377265032169,422.9595541350491,296.3249379704589,223.77315787479503,7.0,4.0,4.0,7.75,4.666666666666667,7.88986691902975,4.867953337591651
Africa,Bookcases,2014,33,8,3,Winter,0.0,0.0,641.04,4,-0.7485107481711011,-0.6631226582407952,2014-33,2014-08-11,872.1165812025736,492.9811624051472,246.4905812025736,551.3524359019301,455.8386723681679,301.9615952519364,224.47191229623232,19.0,4.0,2.0,7.75,4.833333333333333,7.88986691902975,4.802145984932784
Africa,Bookcases,2014,34,8,3,Summer,0.0,0.0,682.4805812025736,3,-0.8229838658936564,-0.5680647467311559,2014-34,2014-08-18,641.04,148.17,515.28,684.9300812025735,469.7720541350491,137.60932574405084,233.5044573039881,4.0,1.0,2.0,8.25,4.916666666666667,7.365459931328117,4.756972553924173
Africa,Bookcases,2014,35,8,3,Summer,0.0,0.0,125.34,1,-0.8854560256532096,-0.4647231720437691,2014-35,2014-08-25,682.4805812025736,544.0831624051472,123.93,580.2442906012867,469.8895541350491,319.51824414551845,233.3148857857648,3.0,7.0,1.0,6.75,4.916666666666667,8.261355820929152,4.756972553924173
Africa,Bookcases,2014,36,9,3,Spring,0.0,0.0,583.02,2,-0.9350162426854147,-0.3546048870425359,2014-36,2014-09-01,125.34,872.1165812025736,176.598,507.97014530064337,503.758054135049,258.32781967335984,215.70346938861132,1.0,19.0,4.0,2.5,4.75,1.290994448735808,4.826536495817114
Africa,Bookcases,2014,37,9,3,Spring,0.0,0.0,411.75,1,-0.970941817426052,-0.23931566428755774,2014-37,2014-09-08,583.02,641.04,492.822,450.6476453006434,497.00205413504904,243.99934518938434,217.34054051874713,2.0,4.0,3.0,1.75,4.583333333333333,0.9574271077563415,4.9259670639531805
Africa,Bookcases,2014,38,9,3,Winter,0.0,0.0,246.4905812025736,6,-0.992708874098054,-0.12053668025532357,2014-38,2014-09-15,411.75,682.4805812025736,637.6305812025736,341.6501453006434,464.407054135049,199.18067006763846,223.57354356989754,1.0,3.0,3.0,2.5,4.833333333333333,2.3804761428476184,4.9144191062133835
Africa,Bookcases,2014,39,9,3,Spring,0.0,0.0,244.14,2,-1.0,-1.8369701987210297e-16,2014-39,2014-09-22,246.4905812025736,125.34,331.9545812025736,371.35014530064336,457.0891723681679,161.46063241788215,229.6573978099404,6.0,1.0,6.0,2.75,4.5,2.217355782608347,4.96350316171589
Africa,Bookcases,2014,40,10,4,Autumn,0.0,0.0,1463.5905812025735,11,-0.992708874098054,0.1205366802553232,2014-40,2014-09-29,244.14,583.02,493.45799999999997,591.4927906012867,537.9335541350491,586.6692744563097,370.92762705758315,2.0,2.0,4.0,5.0,5.083333333333333,4.546060565661953,5.299371031861549
Africa,Bookcases,2014,41,10,4,Autumn,0.0,0.0,123.93,1,-0.9709418174260521,0.23931566428755738,2014-41,2014-10-06,1463.5905812025735,411.75,492.9811624051472,519.5377906012867,507.17929060128677,631.9651670398202,389.812155026265,11.0,1.0,4.0,5.0,4.833333333333333,4.546060565661953,5.424411712272809
Africa,Bookcases,2014,43,10,4,Spring,0.0,0.0,457.95000000000005,3,-0.8854560256532101,0.464723172043768,2014-43,2014-10-20,123.93,246.4905812025736,148.17,572.4026453006434,532.9942906012867,609.9725193253081,373.8044651568878,1.0,6.0,1.0,4.25,5.0,4.573474244670749,5.325752187591568
Africa,Bookcases,2014,45,11,4,Spring,0.0,0.0,808.554,8,-0.7485107481711011,0.6631226582407952,2014-45,2014-11-03,457.95000000000005,244.14,544.0831624051472,713.5061453006433,555.0335270675245,572.8786172112888,382.21947704063,3.0,2.0,7.0,5.75,5.083333333333333,4.573474244670749,5.367551216393381
Africa,Bookcases,2014,46,11,4,Spring,0.0,0.0,87.768,2,-0.6631226582407955,0.7485107481711007,2014-46,2014-11-10,808.554,1463.5905812025735,872.1165812025736,369.5505,489.67114530064333,336.78348729265235,390.05099119853395,8.0,11.0,19.0,3.5,3.6666666666666665,3.1091263510296057,3.1430539096216408
Africa,Bookcases,2014,47,11,4,Autumn,0.0,0.0,287.58,2,-0.5680647467311559,0.8229838658936564,2014-47,2014-11-17,87.768,123.93,641.04,410.46299999999997,460.21614530064335,305.4852719657694,390.92601829972864,2.0,1.0,4.0,3.75,3.5,2.872281323269015,3.176619129028391
Africa,Bookcases,2014,48,11,4,Autumn,0.0,0.0,626.5125812025736,10,-0.4647231720437684,0.88545602565321,2014-48,2014-11-24,287.58,457.95000000000005,682.4805812025736,452.6036453006434,455.55214530064336,325.2090735651908,388.35862760590464,2.0,3.0,3.0,5.5,4.083333333333333,4.123105625617661,3.67938565359474
Africa,Bookcases,2014,49,12,4,Summer,0.0,0.0,251.16,2,-0.35460488704253595,0.9350162426854147,2014-49,2014-12-01,626.5125812025736,808.554,125.34,313.2551453006434,466.03714530064343,226.19290734518563,380.246753073449,10.0,8.0,1.0,4.0,4.166666666666667,4.000000000000001,3.6139460511477015
Africa,Bookcases,2014,50,12,4,Summer,0.0,0.0,925.6605812025736,6,-0.2393156642875578,0.970941817426052,2014-50,2014-12-08,251.16,87.768,583.02,522.7282906012867,494.59052706752453,317.3692196887952,402.06836739592694,2.0,2.0,2.0,5.0,4.5,3.8297084310253533,3.580248848639131
Africa,Bookcases,2014,51,12,4,Summer,0.0,0.0,42.273,1,-0.12053668025532363,0.992708874098054,2014-51,2014-12-15,925.6605812025736,287.58,411.75,461.4015406012868,463.8007770675245,392.71208768826824,422.6110591604179,6.0,2.0,1.0,4.75,4.5,4.112987559751023,3.580248848639131
Africa,Bookcases,2014,52,12,4,Summer,0.0,0.0,514.1759999999999,8,6.432490598706546e-16,1.0,2014-52,2014-12-22,42.273,626.5125812025736,246.4905812025736,433.3173953006434,486.1078953006434,380.8048329598555,417.12695169607207,1.0,10.0,6.0,4.25,4.666666666666667,3.3040379335998358,3.700941731096249
Africa,Chairs,2011,28,7,3,Summer,0.0,0.0,115.86,2,-0.23931566428755743,-0.9709418174260521,2011-28,2011-07-11,246.4905812025736,69.96600000000001,44.874,135.3476453006434,245.7726453006434,82.6257737590949,182.22205133681493,4.0,2.0,1.0,2.25,3.4166666666666665,1.2583057392117916,1.5642792899510296
Africa,Chairs,2011,29,7,3,Summer,0.0,0.0,297.96,4,-0.3546048870425356,-0.9350162426854148,2011-29,2011-07-18,115.86,47.4,333.9,197.9876453006434,242.7776453006434,88.49475814007101,180.9327059664035,2.0,1.0,2.0,3.0,3.5833333333333335,1.1547005383792515,1.5050420310248867
Africa,Chairs,2011,31,8,3,Summer,0.0,0.0,521.8905812025736,4,-0.5680647467311556,-0.8229838658936566,2011-31,2011-08-01,297.96,131.64,577.5105812025736,295.55029060128675,238.14264530064338,169.24458580362554,172.07376295748722,4.0,2.0,6.0,3.5,3.4166666666666665,1.0,1.3113721705515067
Africa,Chairs,2011,33,8,3,Summer,0.0,0.0,48.21,1,-0.7485107481711011,-0.6631226582407952,2011-33,2011-08-15,521.8905812025736,246.4905812025736,57.168,245.9801453006434,237.39614530064338,212.03203886791692,172.94746423646345,4.0,4.0,4.0,2.75,3.1666666666666665,1.5000000000000002,1.4668044012461754
Africa,Chairs,2011,34,8,3,Winter,0.0,0.0,72.0,1,-0.8229838658936564,-0.5680647467311559,2011-34,2011-08-22,48.21,115.86,512.76,235.01514530064338,200.6661453006434,221.90814193056696,155.02509968314925,1.0,2.0,4.0,2.5,2.9166666666666665,1.7320508075688772,1.5642792899510294
Africa,Chairs,2011,36,9,3,Winter,0.0,0.0,322.44,2,-0.9350162426854147,-0.3546048870425359,2011-36,2011-09-05,72.0,297.96,338.2005812025736,241.13514530064336,199.35276353376227,224.54465276147226,153.8160199184151,1.0,4.0,5.0,2.0,2.6666666666666665,1.4142135623730951,1.4354811251305466
Africa,Chairs,2011,38,9,3,Summer,0.0,0.0,62.31,1,-0.992708874098054,-0.12053668025532357,2011-38,2011-09-19,322.44,521.8905812025736,384.72,126.24,172.48526353376224,131.16420167103522,146.4769308010357,2.0,4.0,4.0,1.25,2.4166666666666665,0.5000000000000001,1.443375672974064
Africa,Chairs,2011,41,10,4,Autumn,0.0,0.0,167.34,2,-0.9709418174260521,0.23931566428755738,2011-41,2011-10-10,62.31,48.21,133.656,156.0225,175.29226353376225,120.64366715663114,145.98711489470037,1.0,1.0,5.0,1.5,2.1666666666666665,0.5773502691896258,1.1934162828797095
Africa,Chairs,2011,42,10,4,Autumn,0.0,0.0,246.4905812025736,14,-0.9350162426854148,0.35460488704253557,2011-42,2011-10-17,167.34,72.0,69.96600000000001,199.6451453006434,190.0026453006434,111.32180941325392,143.2776863729437,2.0,1.0,2.0,4.75,3.1666666666666665,6.184658438426491,3.613946051147701
Africa,Chairs,2011,43,10,4,Spring,0.0,0.0,308.718,6,-0.8854560256532101,0.464723172043768,2011-43,2011-10-24,246.4905812025736,322.44,47.4,196.21464530064338,211.77914530064336,106.3780580817826,139.4406615745639,14.0,2.0,1.0,5.75,3.5833333333333335,5.909032633745279,3.629633924274241
Africa,Chairs,2011,44,10,4,Spring,0.0,0.0,284.9565812025736,8,-0.822983865893657,0.5680647467311548,2011-44,2011-10-31,308.718,62.31,131.64,251.8762906012868,224.55552706752454,61.91573803158067,138.45068122452946,6.0,1.0,2.0,7.5,4.083333333333333,5.0,3.8009169547583777
Africa,Chairs,2011,45,11,4,Spring,0.0,0.0,85.752,6,-0.7485107481711011,0.6631226582407952,2011-45,2011-11-07,284.9565812025736,167.34,246.4905812025736,231.47929060128678,211.1606453006434,100.47789294357496,143.8075420587567,8.0,2.0,4.0,8.5,4.25,3.785938897200183,3.8405728739343044
Africa,Chairs,2011,48,12,4,Summer,0.0,0.0,459.39,1,-0.4647231720437684,0.88545602565321,2011-48,2011-11-28,85.752,246.4905812025736,115.86,284.7041453006434,239.78814530064338,153.48597427037592,156.7243947906735,6.0,14.0,2.0,5.25,4.166666666666667,2.9860788111948207,3.904154741096239
Africa,Chairs,2011,51,12,4,Summer,0.0,0.0,456.03,3,-0.12053668025532363,0.992708874098054,2011-51,2011-12-19,459.39,308.718,297.96,321.5321453006434,252.9606453006434,177.0353164655033,168.27528666314132,1.0,6.0,4.0,4.5,4.083333333333333,3.109126351029606,3.91868097783688
Africa,Chairs,2011,52,12,4,Winter,0.0,0.0,116.04,2,6.432490598706546e-16,1.0,2011-52,2011-12-26,456.03,284.9565812025736,521.8905812025736,279.30299999999994,219.13976353376225,206.3819734279135,148.99054920626904,3.0,8.0,4.0,3.0,3.9166666666666665,2.160246899469288,3.9648073054937956
Africa,Chairs,2012,3,1,1,Summer,0.0,0.0,47.4,1,0.3546048870425356,0.9350162426854148,2012-3,2012-01-16,116.04,85.752,48.21,269.715,219.0722635337623,218.88341622882257,149.07518814421593,2.0,6.0,1.0,1.75,3.9166666666666665,0.9574271077563412,3.9648073054937956
Africa,Chairs,2012,12,3,1,Autumn,0.0,0.0,48.609,1,0.992708874098054,0.120536680255323,2012-12,2012-03-19,47.4,459.39,72.0,167.01974999999996,217.1230135337623,195.32524143143903,151.30925812251772,1.0,1.0,1.0,1.75,3.9166666666666665,0.9574271077563412,3.9648073054937956
Africa,Chairs,2012,13,3,1,Spring,0.0,0.0,457.95,1,1.0,-1.6081226496766366e-16,2012-13,2012-03-26,48.609,456.03,322.44,167.49974999999995,228.41551353376227,196.27227175597156,164.37626753788044,1.0,3.0,2.0,1.25,3.8333333333333335,0.5000000000000058,4.018894767409959
Africa,Chairs,2012,17,4,2,Autumn,0.0,0.0,299.16,2,0.8854560256532099,-0.4647231720437685,2012-17,2012-04-23,457.95,116.04,62.31,213.27974999999998,248.15301353376228,201.55354618624295,156.6565567471462,1.0,2.0,1.0,1.25,3.9166666666666665,0.5000000000000058,3.9648073054937956
Africa,Chairs,2012,21,5,2,Autumn,0.0,0.0,387.36,8,0.5680647467311558,-0.8229838658936564,2012-21,2012-05-21,299.16,47.4,167.34,298.26974999999993,266.4880135337623,178.66741683992075,159.19337004102144,2.0,1.0,2.0,3.0,4.416666666666667,3.366501646120694,4.077841080619484
Africa,Chairs,2012,23,6,2,Winter,0.0,0.0,41.544,1,0.35460488704253584,-0.9350162426854147,2012-23,2012-06-04,387.36,48.609,246.4905812025736,296.5035,249.40913176688113,181.9627064235966,172.0114883084967,8.0,1.0,14.0,3.0,3.3333333333333335,3.366501646120694,2.839120649181021
Africa,Chairs,2012,24,6,2,Autumn,0.0,0.0,246.4905812025736,4,0.23931566428755768,-0.970941817426052,2012-24,2012-06-11,41.544,457.95,308.718,243.63864530064336,244.22351353376226,146.72971503397167,170.99594935657825,1.0,1.0,6.0,3.75,3.1666666666666665,3.0956959368344528,2.7247463045653304
Africa,Chairs,2012,30,7,3,Summer,0.0,0.0,161.22,1,-0.46472317204376806,-0.8854560256532101,2012-30,2012-07-23,246.4905812025736,299.16,284.9565812025736,209.15364530064335,233.91213176688112,145.53599690728646,172.04393386834795,4.0,2.0,8.0,3.5,2.5833333333333335,3.316624790355401,2.3143164446679725
Africa,Chairs,2012,31,8,3,Summer,0.0,0.0,74.49,1,-0.5680647467311556,-0.8229838658936566,2012-31,2012-07-30,161.22,387.36,85.752,130.93614530064335,232.9736317668811,92.09969683775228,172.9539321361139,1.0,8.0,6.0,1.75,2.1666666666666665,1.5000000000000024,2.0816659994661326
Africa,Chairs,2012,32,8,3,Winter,0.0,0.0,44.802,1,-0.663122658240795,-0.7485107481711013,2012-32,2012-08-06,74.49,41.544,459.39,131.75064530064336,198.42463176688113,91.05409413646855,164.83167155967269,1.0,1.0,1.0,1.75,2.1666666666666665,1.5000000000000024,2.0816659994661326
Africa,Chairs,2012,33,8,3,Winter,0.0,0.0,338.04,6,-0.7485107481711011,-0.6631226582407952,2012-33,2012-08-13,44.802,246.4905812025736,456.03,154.63799999999998,188.59213176688115,131.86769269233451,151.00754588913838,1.0,4.0,3.0,2.25,2.4166666666666665,2.5000000000000013,2.353269807709857
Africa,Chairs,2012,35,8,3,Summer,0.0,0.0,49.44,1,-0.8854560256532096,-0.4647231720437691,2012-35,2012-08-27,338.04,161.22,116.04,126.69299999999996,183.04213176688117,141.50014076318075,155.0852967714017,6.0,1.0,2.0,2.25,2.3333333333333335,2.5000000000000013,2.3868325657594203
Africa,Chairs,2012,36,9,3,Winter,0.0,0.0,165.51,1,-0.9350162426854147,-0.3546048870425359,2012-36,2012-09-03,49.44,74.49,47.4,149.44799999999998,192.88463176688114,137.57097039710075,149.33550758441342,1.0,1.0,1.0,2.25,2.3333333333333335,2.5000000000000013,2.3868325657594203
Africa,Chairs,2012,39,9,3,Spring,0.0,0.0,417.42,6,-1.0,-1.8369701987210297e-16,2012-39,2012-09-24,165.51,44.802,48.609,242.60249999999996,223.61888176688115,166.25731029040494,154.79534179905184,1.0,1.0,1.0,3.5,2.75,2.88675134594813,2.5628464289109907
Africa,Chairs,2012,45,11,4,Autumn,0.0,0.0,200.01,3,-0.7485107481711011,0.6631226582407952,2012-45,2012-11-05,417.42,338.04,457.95,208.09499999999997,202.1238817668811,153.69581874598927,136.0746660996477,6.0,6.0,1.0,2.75,2.9166666666666665,2.3629078131263053,2.5030284687057627
Africa,Chairs,2012,47,11,4,Spring,0.0,0.0,332.334,7,-0.5680647467311559,0.8229838658936564,2012-47,2012-11-19,200.01,49.44,299.16,278.8185,204.88838176688114,117.08099815512335,138.53992513514507,3.0,1.0,2.0,4.25,3.3333333333333335,2.753785273643052,2.7413776673693677
Africa,Chairs,2012,48,11,4,Spring,0.0,0.0,132.87,1,-0.4647231720437684,0.88545602565321,2012-48,2012-11-26,332.334,165.51,387.36,270.65849999999995,183.68088176688113,128.21815584775814,127.07194762226591,7.0,1.0,8.0,4.25,2.75,2.753785273643052,2.3788843832962767
Africa,Chairs,2013,1,1,1,Summer,0.0,0.0,15.507,1,0.12053668025532305,0.992708874098054,2013-1,2012-12-31,132.87,417.42,41.544,170.18024999999994,181.51113176688114,132.28696288089003,129.91015992427347,1.0,6.0,1.0,3.0,2.75,2.8284271247461907,2.3788843832962767
Africa,Chairs,2013,2,1,1,Summer,0.0,0.0,167.94,1,0.23931566428755774,0.970941817426052,2013-2,2013-01-07,15.507,200.01,246.4905812025736,162.16274999999996,174.96525,130.84036731165952,128.30744686042542,1.0,3.0,4.0,2.5,2.5,3.0000000000000004,2.3931721056523965
Africa,Chairs,2013,4,1,1,Summer,0.0,0.0,137.16,1,0.4647231720437685,0.8854560256532099,2013-4,2013-01-21,167.94,332.334,161.22,113.36924999999997,172.96025,67.08518407405597,128.72905826094583,1.0,7.0,1.0,1.0,2.5,0.0,2.3931721056523965
Africa,Chairs,2013,5,1,1,Summer,0.0,0.0,919.5899999999999,2,0.5680647467311558,0.8229838658936564,2013-5,2013-01-28,137.16,132.87,74.49,310.0492499999999,243.38524999999996,411.6555172498602,246.89458567616364,1.0,1.0,1.0,1.25,2.5833333333333335,0.5000000000000036,2.3532698077098564
Africa,Chairs,2013,8,2,1,Winter,0.0,0.0,352.86,2,0.8229838658936564,0.5680647467311559,2013-8,2013-02-18,919.5899999999999,15.507,44.802,394.38749999999993,269.05675,362.862074933438,240.29667336974967,2.0,1.0,1.0,1.5,2.6666666666666665,0.5773502691896288,2.3094010767585025
Africa,Chairs,2013,10,3,1,Summer,0.0,0.0,439.3305812025736,14,0.9350162426854148,0.35460488704253557,2013-10,2013-03-04,352.86,167.94,338.04,462.23514530064335,277.4976317668811,330.3204780589922,244.6791796600119,2.0,1.0,6.0,4.75,3.3333333333333335,6.184658438426491,3.938927711338647
Africa,Chairs,2013,11,3,1,Autumn,0.0,0.0,138.132,1,0.970941817426052,0.23931566428755804,2013-11,2013-03-11,439.3305812025736,137.16,49.44,462.47814530064335,284.88863176688113,330.00182685398323,238.42358865315236,14.0,1.0,1.0,4.75,3.3333333333333335,6.184658438426491,3.938927711338647
Africa,Chairs,2013,13,3,1,Autumn,0.0,0.0,246.4905812025736,8,1.0,-1.6081226496766366e-16,2013-13,2013-03-25,138.132,919.5899999999999,165.51,294.20329060128677,291.6370135337623,130.55942506878225,235.8698694726841,1.0,2.0,1.0,6.25,3.9166666666666665,6.020797289396148,4.077841080619484
Africa,Chairs,2013,14,4,2,Autumn,0.0,0.0,228.348,5,0.992708874098054,-0.12053668025532288,2013-14,2013-04-01,246.4905812025736,352.86,417.42,263.0752906012868,275.88101353376226,126.69884323277218,233.00130114607092,8.0,2.0,6.0,7.0,3.8333333333333335,5.477225575051661,4.041451884327381
Africa,Chairs,2013,15,4,2,Autumn,0.0,0.0,49.44,1,0.9709418174260521,-0.2393156642875575,2013-15,2013-04-08,228.348,439.3305812025736,200.01,165.60264530064336,263.3335135337623,90.78956295980971,241.36270603952423,5.0,14.0,3.0,3.75,3.6666666666666665,3.4034296427770228,4.119429204355498
Africa,Chairs,2013,18,4,2,Autumn,0.0,0.0,319.2,4,0.8229838658936565,-0.5680647467311557,2013-18,2013-04-29,49.44,138.132,332.334,210.86964530064336,262.23901353376226,114.55615811863623,241.05094454915624,1.0,1.0,7.0,4.5,3.4166666666666665,2.886751345948129,3.9876703915337774
Africa,Chairs,2013,19,5,2,Autumn,0.0,0.0,444.79200000000003,4,0.7485107481711013,-0.663122658240795,2013-19,2013-05-06,319.2,246.4905812025736,132.87,260.44499999999994,288.2325135337623,166.32227137698678,242.64497882643423,4.0,8.0,1.0,3.5,3.6666666666666665,1.7320508075688774,3.9157800414902435
Africa,Chairs,2013,20,5,2,Autumn,0.0,0.0,359.09999999999997,7,0.6631226582407952,-0.7485107481711012,2013-20,2013-05-13,444.79200000000003,228.348,15.507,293.133,316.8652635337623,170.7023375235384,227.3258425659532,4.0,5.0,1.0,4.0,4.166666666666667,2.449489742783178,3.927370930309795
Africa,Chairs,2013,24,6,2,Winter,0.0,0.0,84.72,1,0.23931566428755768,-0.970941817426052,2013-24,2013-06-10,359.09999999999997,49.44,167.94,301.953,309.93026353376223,154.0090850437078,233.46850755977684,7.0,1.0,1.0,4.0,4.166666666666667,2.449489742783178,3.927370930309795
Africa,Chairs,2013,26,6,2,Winter,0.0,0.0,246.4905812025736,6,-3.216245299353273e-16,-1.0,2013-26,2013-06-24,84.72,319.2,137.16,283.77564530064336,319.0411453006434,155.57779492630723,228.18690815326264,1.0,4.0,1.0,4.5,4.583333333333333,2.6457513110645907,3.8247598458972396
Africa,Chairs,2013,27,7,3,Winter,0.0,0.0,41.742,2,-0.12053668025532283,-0.992708874098054,2013-27,2013-07-01,246.4905812025736,444.79200000000003,919.5899999999999,183.01314530064337,245.8871453006434,146.8049092892161,142.94935914822148,6.0,4.0,2.0,4.0,4.583333333333333,2.943920288775949,3.8247598458972396
Africa,Chairs,2013,28,7,3,Winter,0.0,0.0,180.12,1,-0.23931566428755743,-0.9709418174260521,2013-28,2013-07-08,41.742,359.09999999999997,352.86,138.26814530064337,231.49214530064341,92.46327913657262,139.86202472054237,2.0,7.0,2.0,2.5,4.5,2.3804761428476167,3.89638527122488
Africa,Chairs,2013,30,7,3,Winter,0.0,0.0,235.32,4,-0.46472317204376806,-0.8854560256532101,2013-30,2013-07-22,180.12,84.72,439.3305812025736,175.91814530064335,214.49126353376224,94.03889727396398,123.77572195909481,1.0,1.0,14.0,3.25,3.6666666666666665,2.217355782608345,2.4984843890695494
Africa,Chairs,2013,32,8,3,Winter,0.0,0.0,422.73,7,-0.663122658240795,-0.7485107481711013,2013-32,2013-08-05,235.32,246.4905812025736,138.132,219.97799999999995,238.20776353376223,157.79784781802323,134.6063920480353,4.0,6.0,1.0,3.5,4.166666666666667,2.6457513110645907,2.5166114784235827
Africa,Chairs,2013,33,8,3,Winter,0.0,0.0,506.9805812025736,7,-0.7485107481711011,-0.6631226582407952,2013-33,2013-08-12,422.73,41.742,246.4905812025736,336.28764530064336,259.91526353376224,154.0467005911887,155.45339095578706,7.0,2.0,8.0,4.75,4.083333333333333,2.8722813232690143,2.3915887961137816
Africa,Chairs,2013,34,8,3,Summer,0.0,0.0,379.6005812025736,13,-0.8229838658936564,-0.5680647467311559,2013-34,2013-08-19,506.9805812025736,180.12,228.348,386.1577906012868,272.5196453006434,113.6232213613075,158.75795247596014,7.0,1.0,5.0,7.75,4.75,3.774917217635375,3.5194266061907915
Africa,Chairs,2013,35,8,3,Summer,0.0,0.0,659.6911624051472,7,-0.8854560256532096,-0.4647231720437691,2013-35,2013-08-26,379.6005812025736,235.32,49.44,492.2505812025736,323.37390883440565,123.52658937006156,177.4435491008997,13.0,4.0,1.0,8.5,5.25,3.0,3.360871099202489
Africa,Chairs,2013,36,9,3,Spring,0.0,0.0,811.56,3,-0.9350162426854147,-0.3546048870425359,2013-36,2013-09-02,659.6911624051472,422.73,319.2,589.4580812025736,364.4039088344057,187.17608139681917,226.5261477151532,7.0,7.0,4.0,7.5,5.166666666666667,4.123105625617661,3.4067668846078396
Africa,Chairs,2013,37,9,3,Spring,0.0,0.0,147.09,1,-0.970941817426052,-0.23931566428755774,2013-37,2013-09-09,811.56,506.9805812025736,444.79200000000003,499.48543590193015,339.59540883440565,295.30285583460534,233.12747221013927,3.0,7.0,4.0,6.0,4.916666666666667,5.291502622129181,3.60450055381106
Africa,Chairs,2013,38,9,3,Spring,0.0,0.0,297.711,3,-0.992708874098054,-0.12053668025532357,2013-38,2013-09-16,147.09,379.6005812025736,359.09999999999997,479.0130406012868,334.47965883440565,308.9095869409549,233.33402221242298,1.0,13.0,7.0,3.5,4.583333333333333,2.5166114784235827,3.57919069911147
Africa,Chairs,2013,39,9,3,Spring,0.0,0.0,25.344,1,-1.0,-1.8369701987210297e-16,2013-39,2013-09-23,297.711,659.6911624051472,84.72,320.42625,329.5316588344057,345.8551396180921,239.65573814309064,3.0,7.0,1.0,2.0,4.583333333333333,1.1547005383792495,3.57919069911147
Africa,Chairs,2013,41,10,4,Autumn,0.0,0.0,594.3705812025736,6,-0.9709418174260521,0.23931566428755738,2013-41,2013-10-07,25.344,811.56,246.4905812025736,266.1288953006434,358.5216588344056,245.55220632981624,249.53454745346883,1.0,3.0,6.0,2.75,4.583333333333333,2.3629078131263035,3.57919069911147
Africa,Chairs,2013,42,10,4,Spring,0.0,0.0,130.62,1,-0.9350162426854148,0.35460488704253557,2013-42,2013-10-14,594.3705812025736,147.09,41.742,262.0113953006434,365.9281588344056,248.33595859005538,240.4302834204683,6.0,1.0,2.0,2.75,4.5,2.3629078131263035,3.6556307750696537
Africa,Chairs,2013,43,10,4,Spring,0.0,0.0,294.9405812025736,5,-0.8854560256532101,0.464723172043768,2013-43,2013-10-21,130.62,297.711,180.12,261.3187906012868,375.4965406012868,248.20703434157568,234.5769596868286,1.0,3.0,1.0,3.25,4.833333333333333,2.629955639676583,3.485902343944125
Africa,Chairs,2013,44,10,4,Spring,0.0,0.0,246.4905812025736,2,-0.822983865893657,0.5680647467311548,2013-44,2013-10-28,294.9405812025736,25.344,235.32,316.6054359019302,376.427422368168,197.593452228032,233.991555152618,5.0,1.0,4.0,3.5,4.666666666666667,2.380476142847616,3.5760143718781086
Africa,Chairs,2013,47,11,4,Spring,0.0,0.0,177.69,1,-0.5680647467311559,0.8229838658936564,2013-47,2013-11-18,246.4905812025736,594.3705812025736,422.73,212.4352906012868,356.0074223681679,72.72748859104522,240.19337744718396,2.0,6.0,7.0,2.25,4.166666666666667,1.8929694486000905,3.6390141855211606
Africa,Chairs,2013,48,11,4,Autumn,0.0,0.0,268.05,3,-0.4647231720437684,0.88545602565321,2013-48,2013-11-25,177.69,130.62,506.9805812025736,246.7927906012868,336.0965406012868,50.150990985928786,236.41407033437523,1.0,1.0,7.0,2.75,3.8333333333333335,1.7078251276599326,3.53767600483022
Africa,Chairs,2013,50,12,4,Autumn,0.0,0.0,312.18,5,-0.2393156642875578,0.970941817426052,2013-50,2013-12-09,268.05,294.9405812025736,379.6005812025736,251.1026453006434,330.47815883440563,56.0605140708374,236.08710718605724,3.0,5.0,13.0,2.75,3.1666666666666665,1.7078251276599326,2.1248885888797804
Africa,Chairs,2013,51,12,4,Summer,0.0,0.0,79.722,2,-0.12053668025532363,0.992708874098054,2013-51,2013-12-16,312.18,246.4905812025736,659.6911624051472,209.4105,282.1473953006434,102.99750521735967,221.47756730290251,5.0,2.0,7.0,2.75,2.75,1.7078251276599326,1.7645499039801484
Africa,Chairs,2013,52,12,4,Summer,0.0,0.0,962.211,5,6.432490598706546e-16,1.0,2013-52,2013-12-23,79.722,177.69,811.56,405.54075,294.7016453006434,384.5601648042215,255.8218362824026,2.0,1.0,3.0,3.75,2.9166666666666665,1.4999999999999993,1.8809249819912477
Africa,Chairs,2014,1,1,1,Summer,0.0,0.0,493.1505812025736,9,0.12053668025532305,0.992708874098054,2014-1,2013-12-30,962.211,268.05,147.09,461.81589530064343,323.5400270675246,374.06049837608566,257.17095238999735,5.0,3.0,1.0,5.25,3.5833333333333335,2.872281323269014,2.4664414311581213
Africa,Chairs,2014,4,1,1,Summer,0.0,0.0,336.7905812025736,6,0.4647231720437685,0.8854560256532099,2014-4,2014-01-20,493.1505812025736,312.18,297.711,467.9685406012868,326.79665883440566,370.968452010954,257.0615520604517,9.0,5.0,3.0,5.5,3.8333333333333335,2.886751345948128,2.552479483786599
Africa,Chairs,2014,5,1,1,Summer,0.0,0.0,67.176,2,0.5680647467311558,0.8229838658936564,2014-5,2014-01-27,336.7905812025736,79.722,25.344,464.8320406012868,330.28265883440565,375.3721313336842,252.85109014241593,6.0,2.0,1.0,5.5,3.9166666666666665,2.886751345948128,2.4664414311581213
Africa,Chairs,2014,9,2,1,Summer,0.0,0.0,489.84000000000003,7,0.8854560256532099,0.4647231720437686,2014-9,2014-02-24,67.176,962.211,594.3705812025736,346.7392906012868,321.5717770675245,200.14052506215805,244.59167689948245,2.0,5.0,6.0,6.0,4.0,2.9439202887759484,2.5584085962673226
Africa,Chairs,2014,12,3,1,Autumn,0.0,0.0,633.6300000000001,5,0.992708874098054,0.120536680255323,2014-12,2014-03-17,489.84000000000003,493.1505812025736,130.62,381.85914530064343,363.4892770675245,242.28432722995498,251.88540037684487,7.0,9.0,1.0,5.0,4.333333333333333,2.160246899469286,2.386832565759418
Africa,Chairs,2014,14,3,1,Autumn,0.0,0.0,347.88,2,0.992708874098054,-0.12053668025532288,2014-14,2014-03-31,633.6300000000001,336.7905812025736,294.9405812025736,384.6315000000001,367.9008953006434,241.65936681411708,251.037842397879,5.0,6.0,5.0,4.0,4.083333333333333,2.4494897427831774,2.4664414311581213
Africa,Chairs,2014,15,4,2,Autumn,0.0,0.0,17.757,1,0.9709418174260521,-0.2393156642875575,2014-15,2014-04-07,347.88,67.176,246.4905812025736,372.27675000000005,348.8397635337623,263.5691519549471,269.1265912995574,2.0,2.0,2.0,3.75,4.0,2.7537852736430506,2.5584085962673226
Africa,Chairs,2014,17,4,2,Autumn,0.0,0.0,1522.53,19,0.8854560256532099,-0.4647231720437685,2014-17,2014-04-21,17.757,489.84000000000003,177.69,630.44925,460.90976353376226,645.7696586107542,425.78917685636384,1.0,7.0,1.0,6.75,5.5,8.341662504161466,4.8710648453159315
Africa,Chairs,2014,18,4,2,Autumn,0.0,0.0,246.4905812025736,4,0.8229838658936565,-0.5680647467311557,2014-18,2014-04-28,1522.53,633.6300000000001,268.05,533.6643953006434,459.11314530064345,673.5478863758628,426.7213927914462,19.0,5.0,3.0,6.5,5.583333333333333,8.426149773176357,4.832810839052217
Africa,Chairs,2014,19,5,2,Autumn,0.0,0.0,549.36,7,0.7485107481711013,-0.663122658240795,2014-19,2014-05-05,246.4905812025736,347.88,312.18,584.0343953006434,478.8781453006434,662.4656541018635,424.7854967370725,4.0,2.0,5.0,7.75,5.75,7.88986691902975,4.845335151181259
Africa,Chairs,2014,20,5,2,Autumn,0.0,0.0,556.3711624051472,9,0.6631226582407952,-0.7485107481711012,2014-20,2014-05-12,549.36,17.757,79.722,718.6879359019301,518.5989088344057,555.022849569796,405.9351237149294,7.0,1.0,2.0,9.75,6.333333333333333,6.499999999999999,4.77366513151884
Africa,Chairs,2014,21,5,2,Autumn,0.0,0.0,308.013,3,0.5680647467311558,-0.8229838658936564,2014-21,2014-05-19,556.3711624051472,1522.53,962.211,415.0586859019302,464.08240883440567,161.12111777178546,384.29471687806415,9.0,19.0,5.0,5.75,6.166666666666667,2.753785273643049,4.8586068585614735
Africa,Chairs,2014,23,6,2,Spring,0.0,0.0,84.48,1,0.35460488704253584,-0.9350162426854147,2014-23,2014-06-02,308.013,246.4905812025736,493.1505812025736,374.5560406012868,430.0265270675245,225.2296963260718,399.29962739063814,3.0,4.0,9.0,5.0,5.5,3.6514837167011054,4.9817850032073645
Africa,Chairs,2014,24,6,2,Winter,0.0,0.0,1001.8095812025736,22,0.23931566428755768,-0.970941817426052,2014-24,2014-06-09,84.48,549.36,336.7905812025736,487.66843590193014,485.4447770675245,393.233676251238,430.14065849284583,1.0,7.0,6.0,8.75,6.833333333333333,9.464847243000454,6.899714530765791
Africa,Chairs,2014,25,6,2,Autumn,0.0,0.0,460.44,1,0.12053668025532308,-0.992708874098054,2014-25,2014-06-16,1001.8095812025736,556.3711624051472,67.176,463.6856453006434,518.2167770675245,390.5631824800265,409.8801674296662,22.0,9.0,2.0,6.75,6.75,10.210288928331067,6.96908758864328
Africa,Chairs,2014,26,6,2,Winter,0.0,0.0,52.857,1,-3.216245299353273e-16,-1.0,2014-26,2014-06-23,460.44,308.013,489.84000000000003,399.89664530064334,481.80152706752455,441.923392964377,431.47325879624117,1.0,3.0,7.0,6.25,6.25,10.5,7.162084511191873
Africa,Chairs,2014,28,7,3,Winter,0.0,0.0,235.32,4,-0.23931566428755743,-0.9709418174260521,2014-28,2014-07-07,52.857,84.48,633.6300000000001,437.6066453006434,448.6090270675245,411.41969301154563,434.04453656448464,1.0,1.0,5.0,7.0,6.166666666666667,10.099504938362077,7.18373583910632
Africa,Chairs,2014,32,8,3,Winter,0.0,0.0,469.92,1,-0.663122658240795,-0.7485107481711013,2014-32,2014-08-04,235.32,1001.8095812025736,347.88,304.63425,458.7790270675245,199.82580727285966,432.8980491786636,4.0,22.0,2.0,1.75,6.083333333333333,1.4999999999999936,7.242028009954786
Africa,Chairs,2014,33,8,3,Winter,0.0,0.0,182.61,1,-0.7485107481711011,-0.6631226582407952,2014-33,2014-08-11,469.92,460.44,17.757,235.17675,472.5167770675246,174.26815389579963,420.055421090376,1.0,1.0,1.0,1.75,6.083333333333333,1.4999999999999936,7.242028009954786
Africa,Chairs,2014,36,9,3,Summer,0.0,0.0,733.6500000000001,6,-0.9350162426854147,-0.3546048870425359,2014-36,2014-09-01,182.61,52.857,1522.53,405.375,406.77677706752456,251.9745231169215,278.749471299556,1.0,1.0,19.0,3.0,5.0,2.4494897427831743,5.999999999999997
Africa,Chairs,2014,37,9,3,Spring,0.0,0.0,26.784,1,-0.970941817426052,-0.23931566428755774,2014-37,2014-09-08,733.6500000000001,235.32,246.4905812025736,353.24100000000004,388.4678953006435,313.0570274630487,296.86149348683716,6.0,4.0,4.0,2.25,4.75,2.4999999999999964,6.107000454024424
Africa,Chairs,2014,38,9,3,Summer,0.0,0.0,117.18,2,-0.992708874098054,-0.12053668025532357,2014-38,2014-09-15,26.784,469.92,549.36,265.05600000000004,352.4528953006434,318.86179718492485,301.74343399494126,1.0,1.0,7.0,2.5,4.333333333333333,2.3804761428476127,6.110100926607784
Africa,Chairs,2014,42,10,4,Spring,0.0,0.0,232.08,4,-0.9350162426854148,0.35460488704253557,2014-42,2014-10-13,117.18,182.61,556.3711624051472,277.42350000000005,325.42863176688115,315.54016677595916,296.29275203286596,2.0,1.0,9.0,3.25,3.9166666666666665,2.2173557826083408,5.930787673171447
Africa,Chairs,2014,44,10,4,Spring,0.0,0.0,301.53000000000003,3,-0.822983865893657,0.5680647467311548,2014-44,2014-10-27,232.08,733.6500000000001,308.013,169.39350000000002,324.88838176688114,121.72834644814732,296.33330158471017,4.0,6.0,3.0,2.5,3.9166666666666665,1.2909944487357985,5.930787673171447
Africa,Chairs,2014,45,11,4,Autumn,0.0,0.0,455.52,1,-0.7485107481711011,0.6631226582407952,2014-45,2014-11-03,301.53000000000003,26.784,84.48,276.5775,355.80838176688115,141.4574565903123,288.2144963181976,3.0,1.0,1.0,2.5,3.9166666666666665,1.2909944487357985,5.930787673171447
Africa,Chairs,2014,46,11,4,Autumn,0.0,0.0,294.96,5,-0.6631226582407955,0.7485107481711007,2014-46,2014-11-10,455.52,117.18,1001.8095812025736,321.0225,296.90425,94.97290363572155,204.15951201055097,1.0,2.0,22.0,3.25,2.5,1.7078251276599277,1.8340219092574437
Africa,Chairs,2014,47,11,4,Autumn,0.0,0.0,446.7,6,-0.5680647467311559,0.8229838658936564,2014-47,2014-11-17,294.96,232.08,460.44,374.6775,295.75925,88.3707849065516,203.19521797304577,5.0,4.0,1.0,3.75,2.9166666666666665,2.2173557826083408,2.02072594216368
Africa,Chairs,2014,48,11,4,Autumn,0.0,0.0,161.27999999999997,2,-0.4647231720437684,0.88545602565321,2014-48,2014-11-24,446.7,301.53000000000003,52.857,339.61499999999995,304.7945,139.8792425630052,193.59629959672625,6.0,3.0,1.0,3.5,3.0,2.3804761428476127,1.9540168418367785
Africa,Chairs,2014,49,12,4,Spring,0.0,0.0,182.37,1,-0.35460488704253595,0.9350162426854147,2014-49,2014-12-01,161.27999999999997,455.52,235.32,271.3275,300.382,130.81526143764762,195.91329472916408,2.0,1.0,4.0,3.5,2.75,2.3804761428476127,2.0056737702645537
Africa,Chairs,2014,50,12,4,Spring,0.0,0.0,937.578,8,-0.2393156642875578,0.970941817426052,2014-50,2014-12-08,182.37,294.96,469.92,431.98199999999997,339.3535,361.2153826956985,266.501319251894,1.0,5.0,1.0,4.25,3.3333333333333335,3.304037933599832,2.4246211825330244
Africa,Chairs,2014,51,12,4,Summer,0.0,0.0,822.453,9,-0.12053668025532363,0.992708874098054,2014-51,2014-12-15,937.578,446.7,182.61,525.92025,392.67375,411.6564348874554,294.7961542521218,8.0,6.0,1.0,5.0,4.0,4.082482904638628,2.796101181678121
Africa,Chairs,2014,52,12,4,Winter,0.0,0.0,370.143,4,6.432490598706546e-16,1.0,2014-52,2014-12-22,822.453,161.27999999999997,733.6500000000001,578.136,362.3815,359.99127890269756,274.554827260256,9.0,2.0,6.0,5.5,3.8333333333333335,3.69684550213647,2.724746304565324
Africa,Furnishings,2011,23,6,2,Winter,0.0,0.0,87.705,4,0.35460488704253584,-0.9350162426854147,2011-23,2011-06-06,100.89,179.904,50.7,67.284,94.99324999999999,42.23701118687269,95.10667456753734,3.0,5.0,2.0,2.75,2.6666666666666665,1.258305739211792,1.8748737331221843
Africa,Furnishings,2011,24,6,2,Winter,0.0,0.0,160.002,10,0.23931566428755768,-0.970941817426052,2011-24,2011-06-13,87.705,74.52000000000001,52.86,88.65450000000001,103.92175000000002,63.42809600642296,95.81819171281431,4.0,3.0,2.0,4.5,3.3333333333333335,3.872983346207417,2.8069178610689485
Africa,Furnishings,2011,25,6,2,Winter,0.0,0.0,292.02,10,0.12053668025532308,-0.992708874098054,2011-25,2011-06-20,160.002,6.021,12.078,160.15425,127.25025000000001,93.36263413298707,105.05731543316118,10.0,1.0,2.0,6.75,4.0,3.774917217635375,3.3574882386580707
Africa,Furnishings,2011,26,6,2,Winter,0.0,0.0,299.64,8,-3.216245299353273e-16,-1.0,2011-26,2011-06-27,292.02,100.89,55.14,209.84175,147.62525,103.63136085302557,113.1949585434753,10.0,3.0,1.0,8.0,4.583333333333333,2.8284271247461903,3.3967453227875053
Africa,Furnishings,2011,28,7,3,Winter,0.0,0.0,40.26,2,-0.23931566428755743,-0.9709418174260521,2011-28,2011-07-11,299.64,87.705,113.28,197.9805,141.54025,123.14788411093389,117.10424999905388,8.0,4.0,1.0,7.5,4.666666666666667,3.7859388972001824,3.312053286059416
Africa,Furnishings,2011,30,7,3,Winter,0.0,0.0,33.012,1,-0.46472317204376806,-0.8854560256532101,2011-30,2011-07-25,40.26,160.002,6.651,166.233,143.737,149.70730174577326,114.56352814923255,2.0,10.0,1.0,5.25,4.666666666666667,4.425306015783918,3.312053286059416
Africa,Furnishings,2011,31,8,3,Winter,0.0,0.0,4.788,1,-0.5680647467311556,-0.8229838658936566,2011-31,2011-08-01,33.012,292.02,100.02,94.42500000000001,135.801,137.66310542770714,120.98561490824962,1.0,10.0,2.0,3.0,4.583333333333333,3.366501646120693,3.3967453227875053
Africa,Furnishings,2011,32,8,3,Winter,0.0,0.0,95.22,6,-0.663122658240795,-0.7485107481711013,2011-32,2011-08-08,4.788,299.64,350.85,43.320000000000014,114.49849999999999,37.83271726958043,100.43898928159865,1.0,8.0,7.0,2.5,4.5,2.380476142847617,3.3439225741362772
Africa,Furnishings,2011,33,8,3,Winter,0.0,0.0,31.74,2,-0.7485107481711011,-0.6631226582407952,2011-33,2011-08-15,95.22,40.26,179.904,41.19000000000002,102.1515,38.29938506033758,100.77409715479288,6.0,2.0,5.0,2.5,4.25,2.380476142847617,3.414541097876977
Africa,Furnishings,2011,43,10,4,Autumn,0.0,0.0,301.5,6,-0.8854560256532101,0.464723172043768,2011-43,2011-10-24,31.74,33.012,74.52000000000001,108.31200000000001,121.0665,134.255345725971,115.36211887751146,2.0,1.0,3.0,3.75,4.5,2.6299556396765835,3.4245105821522484
Africa,Furnishings,2011,45,11,4,Autumn,0.0,0.0,89.04,4,-0.7485107481711011,0.6631226582407952,2011-45,2011-11-07,301.5,4.788,6.021,129.375,127.98474999999998,118.25549331849241,110.20991814229704,6.0,1.0,1.0,4.5,4.75,1.9148542155126769,3.250874008352495
Africa,Furnishings,2011,49,12,4,Summer,0.0,0.0,87.966,6,-0.35460488704253595,0.9350162426854147,2011-49,2011-12-05,89.04,95.22,100.89,127.5615,126.90775000000001,119.00710234687678,110.56135374132154,4.0,6.0,3.0,4.5,5.0,1.9148542155126769,3.219260219931959
Africa,Furnishings,2011,51,12,4,Autumn,0.0,0.0,411.06,12,-0.12053668025532363,0.992708874098054,2011-51,2011-12-19,87.966,31.74,87.705,222.3915,153.854,160.94180652956518,136.49987787407125,6.0,2.0,4.0,7.0,5.666666666666667,3.4641016151377553,3.7739136506316946
Africa,Furnishings,2011,52,12,4,Summer,0.0,0.0,47.28,1,6.432490598706546e-16,1.0,2011-52,2011-12-26,411.06,301.5,160.002,158.83650000000003,144.4605,169.26874669885166,139.8751874549073,12.0,6.0,10.0,5.75,4.916666666666667,4.645786621588785,3.7284735685686643
Africa,Furnishings,2012,1,1,1,Summer,0.0,0.0,86.58,3,0.12053668025532305,0.992708874098054,2012-1,2012-01-02,47.28,89.04,292.02,158.22150000000002,127.34049999999998,169.61098952898072,132.55357824497025,1.0,4.0,10.0,5.5,4.333333333333333,4.79583152331272,3.393398225253192
Africa,Furnishings,2012,3,1,1,Summer,0.0,0.0,268.62,3,0.3546048870425356,0.9350162426854148,2012-3,2012-01-16,86.58,87.966,299.64,203.38500000000005,124.7555,168.71740663013995,129.14669421067447,3.0,6.0,8.0,4.75,3.9166666666666665,4.924428900898053,3.2039275140289165
Africa,Furnishings,2012,5,1,1,Summer,0.0,0.0,106.554,7,0.5680647467311558,0.8229838658936564,2012-5,2012-01-30,268.62,411.06,40.26,127.25850000000003,130.28,97.40474120390654,126.59639473539522,3.0,12.0,2.0,3.5,4.333333333333333,2.5166114784235845,3.2566947363946483
Africa,Furnishings,2012,8,2,1,Summer,0.0,0.0,200.04,4,0.8229838658936564,0.5680647467311559,2012-8,2012-02-20,106.554,47.28,33.012,165.44850000000002,144.19899999999998,84.7146833140513,124.0870844513496,7.0,1.0,1.0,4.25,4.583333333333333,1.892969448600093,3.0883456393154556
Africa,Furnishings,2012,9,2,1,Summer,0.0,0.0,15.138,1,0.8854560256532099,0.4647231720437686,2012-9,2012-02-27,200.04,86.58,4.788,147.58800000000002,145.0615,110.49396512027253,123.06171316900685,4.0,3.0,1.0,3.75,4.583333333333333,2.5000000000000013,3.0883456393154556
Africa,Furnishings,2012,12,3,1,Spring,0.0,0.0,261.27,3,0.992708874098054,0.120536680255323,2012-12,2012-03-19,15.138,268.62,95.22,145.7505,158.899,107.83953427662789,126.242393543676,1.0,3.0,6.0,3.75,4.333333333333333,2.5000000000000013,3.0846639225613406
Africa,Furnishings,2012,19,5,2,Spring,0.0,0.0,50.01,1,0.7485107481711013,-0.663122658240795,2012-19,2012-05-07,261.27,106.554,31.74,131.61450000000002,160.4215,117.92464713112355,124.6697995685184,3.0,7.0,2.0,2.25,4.25,1.5000000000000024,3.165869118066518
Africa,Furnishings,2012,20,5,2,Autumn,0.0,0.0,99.624,5,0.6631226582407952,-0.7485107481711012,2012-20,2012-05-14,50.01,200.04,301.5,106.51050000000001,143.5985,108.84111811718955,117.30503401776538,1.0,4.0,6.0,2.5,4.166666666666667,1.9148542155126782,3.128558579902059
Africa,Furnishings,2012,23,6,2,Winter,0.0,0.0,10.566,2,0.35460488704253584,-0.9350162426854147,2012-23,2012-06-04,99.624,15.138,89.04,105.3675,137.059,110.13681568394834,122.68696918136456,5.0,1.0,4.0,2.75,4.0,1.7078251276599354,3.190896140869863
Africa,Furnishings,2012,24,6,2,Autumn,0.0,0.0,504.18,10,0.23931566428755768,-0.970941817426052,2012-24,2012-06-11,10.566,261.27,87.966,166.09500000000003,171.7435,228.3161975068786,160.54015300201098,2.0,3.0,6.0,4.5,4.333333333333333,4.0414518843273814,3.60134654951408
Africa,Furnishings,2012,28,7,3,Winter,0.0,0.0,97.56,2,-0.23931566428755743,-0.9709418174260521,2012-28,2012-07-09,504.18,50.01,411.06,177.98250000000002,145.6185,221.39024858606575,142.55626161592866,10.0,1.0,12.0,4.75,3.5,3.7749172176353762,2.7136021011998723
Africa,Furnishings,2012,29,7,3,Winter,0.0,0.0,117.309,2,-0.3546048870425356,-0.9350162426854148,2012-29,2012-07-16,97.56,99.624,47.28,182.40375,151.45425,219.4720603180505,139.56668671813227,2.0,5.0,1.0,4.0,3.5833333333333335,4.000000000000001,2.6443192398846707
Africa,Furnishings,2012,30,7,3,Winter,0.0,0.0,175.8,4,-0.46472317204376806,-0.8854560256532101,2012-30,2012-07-23,117.309,10.566,86.58,223.71225000000004,158.88925,189.9068054605995,138.1659598211349,2.0,2.0,3.0,4.5,3.6666666666666665,3.7859388972001837,2.6400183654090306
Africa,Furnishings,2012,32,8,3,Summer,0.0,0.0,135.32999999999998,2,-0.663122658240795,-0.7485107481711013,2012-32,2012-08-06,175.8,504.18,268.62,131.49975,147.78175,33.31899848809989,133.83226920163574,4.0,10.0,3.0,2.5,3.5833333333333335,1.0000000000000056,2.6784776318353725
Africa,Furnishings,2012,33,8,3,Winter,0.0,0.0,48.42,1,-0.7485107481711011,-0.6631226582407952,2012-33,2012-08-13,135.32999999999998,97.56,106.554,119.21475000000001,142.93724999999998,53.157377383106514,136.48617609195648,2.0,2.0,7.0,2.25,3.0833333333333335,1.258305739211796,2.539088359425425
Africa,Furnishings,2012,35,8,3,Summer,0.0,0.0,317.268,9,-0.8854560256532096,-0.4647231720437691,2012-35,2012-08-27,48.42,117.309,200.04,169.2045,152.70624999999998,112.10512602463811,144.88193466413517,1.0,2.0,4.0,4.0,3.5,3.5590260840104384,3.060005941764879
Africa,Furnishings,2012,38,9,3,Winter,0.0,0.0,520.0905812025736,17,-0.992708874098054,-0.12053668025532357,2012-38,2012-09-17,317.268,175.8,15.138,255.2771453006434,194.78563176688112,209.08229490501864,172.07203984979262,9.0,4.0,1.0,7.25,4.833333333333333,7.4105780251385704,4.8398597525385405
Africa,Furnishings,2012,42,10,4,Spring,0.0,0.0,51.75,1,-0.9350162426854148,0.35460488704253557,2012-42,2012-10-15,520.0905812025736,135.32999999999998,261.27,234.38214530064343,177.32563176688112,228.3533776384773,175.31204838913763,17.0,2.0,3.0,7.0,4.666666666666667,7.659416862050706,4.942088872556059
Africa,Furnishings,2012,44,11,4,Autumn,0.0,0.0,48.78,1,-0.822983865893657,0.5680647467311548,2012-44,2012-10-29,51.75,48.42,50.01,234.4721453006434,177.22313176688112,228.25570434061197,175.39359392611163,1.0,1.0,1.0,7.0,4.666666666666667,7.659416862050706,4.942088872556059
Africa,Furnishings,2012,45,11,4,Autumn,0.0,0.0,207.24,4,-0.7485107481711011,0.6631226582407952,2012-45,2012-11-05,48.78,317.268,99.624,206.96514530064343,186.1911317668811,221.4812976892669,173.80928093565026,1.0,9.0,5.0,5.75,4.583333333333333,7.6321687612368745,4.944387696871039
Africa,Furnishings,2012,46,11,4,Spring,0.0,0.0,217.02,2,-0.6631226582407955,0.7485107481711007,2012-46,2012-11-12,207.24,520.0905812025736,10.566,131.19750000000005,203.39563176688114,93.54591185615743,164.8306629402227,4.0,17.0,2.0,2.0,4.583333333333333,1.4142135623730983,4.944387696871039
Africa,Furnishings,2012,48,11,4,Autumn,0.0,0.0,114.105,3,-0.4647231720437684,0.88545602565321,2012-48,2012-11-26,217.02,51.75,504.18,146.78625000000002,170.88938176688112,80.12640985499085,136.0756230849826,2.0,1.0,10.0,2.5,4.0,1.2909944487358092,4.651490474714921
Africa,Furnishings,2012,52,12,4,Winter,0.0,0.0,56.73,1,6.432490598706546e-16,1.0,2012-52,2012-12-24,114.105,48.78,97.56,148.77375000000004,167.4868817668811,76.91949724387163,138.56359528380403,3.0,1.0,2.0,2.5,3.9166666666666665,1.2909944487358092,4.699290726623895
Africa,Furnishings,2013,1,1,1,Summer,0.0,0.0,73.97999999999999,3,0.12053668025532305,0.992708874098054,2013-1,2012-12-31,56.73,207.24,117.309,115.45875000000004,163.87613176688112,71.8472289392568,140.54046206442945,1.0,4.0,2.0,2.25,4.0,0.9574271077563429,4.670993664969138
Africa,Furnishings,2013,5,1,1,Summer,0.0,0.0,22.17,1,0.5680647467311558,0.8229838658936564,2013-5,2013-01-28,73.97999999999999,217.02,175.8,66.74625000000003,151.07363176688114,38.221048602177085,146.23748969703934,3.0,2.0,4.0,2.0,3.75,1.1547005383792555,4.750598048475773
Africa,Furnishings,2013,6,2,1,Summer,0.0,0.0,109.98,1,0.6631226582407952,0.7485107481711011,2013-6,2013-02-04,22.17,114.105,135.32999999999998,65.71500000000003,148.96113176688115,36.53581667350524,146.66805752427652,1.0,3.0,2.0,1.5,3.6666666666666665,1.0000000000000047,4.7926711727070295
Africa,Furnishings,2013,8,2,1,Summer,0.0,0.0,129.78,7,0.8229838658936564,0.5680647467311559,2013-8,2013-02-18,109.98,56.73,48.42,83.97750000000002,155.74113176688113,47.23740070113916,143.44288883045294,1.0,1.0,1.0,3.0,4.166666666666667,2.8284271247461916,4.8021459849327846
Africa,Furnishings,2013,12,3,1,Autumn,0.0,0.0,25.29,1,0.992708874098054,0.120536680255323,2013-12,2013-03-18,129.78,73.97999999999999,317.268,71.80500000000002,131.40963176688112,56.112119011849686,138.22142704152222,7.0,3.0,9.0,2.5,3.5,3.0000000000000013,4.622081388685877
Africa,Furnishings,2013,13,3,1,Spring,0.0,0.0,43.86,1,1.0,-1.6081226496766366e-16,2013-13,2013-03-25,25.29,22.17,520.0905812025736,77.22750000000003,91.72375,50.482292192411215,65.95399144048696,1.0,1.0,17.0,2.5,2.1666666666666665,3.0000000000000013,1.8504708655481252
Africa,Furnishings,2013,14,4,2,Autumn,0.0,0.0,37.8,2,0.992708874098054,-0.12053668025532288,2013-14,2013-04-01,43.86,109.98,51.75,59.182500000000026,90.56125000000002,47.695907843335824,66.83961271462394,1.0,1.0,1.0,2.75,2.25,2.872281323269016,1.815338686155988
Africa,Furnishings,2013,15,4,2,Autumn,0.0,0.0,475.08000000000004,10,0.9709418174260521,-0.2393156642875575,2013-15,2013-04-08,37.8,129.78,48.78,145.50750000000005,126.08625,219.85101006135946,127.95864419137718,2.0,7.0,1.0,3.5,3.0,4.358898943540674,2.8284271247461903
Africa,Furnishings,2013,16,4,2,Spring,0.0,0.0,76.2,4,0.9350162426854148,-0.35460488704253545,2013-16,2013-04-15,475.08000000000004,25.29,207.24,158.23500000000004,115.16625,211.90149055634313,125.97954771103636,10.0,1.0,4.0,4.25,3.0,4.0311288741492755,2.8284271247461903
Africa,Furnishings,2013,23,6,2,Autumn,0.0,0.0,497.34,10,0.35460488704253584,-0.9350162426854147,2013-23,2013-06-03,76.2,43.86,217.02,271.605,138.52625,248.46613310469488,166.1635624799334,4.0,1.0,2.0,6.5,3.6666666666666665,4.1231056256176615,3.446561747421317
Africa,Furnishings,2013,25,6,2,Spring,0.0,0.0,223.2,8,0.12053668025532308,-0.992708874098054,2013-25,2013-06-17,497.34,37.8,114.105,317.95500000000004,147.6175,203.54461746752224,167.6834303694153,10.0,2.0,3.0,8.0,4.083333333333333,2.828427124746191,3.6545944516540554
Africa,Furnishings,2013,27,7,3,Winter,0.0,0.0,132.96,5,-0.12053668025532283,-0.992708874098054,2013-27,2013-07-01,223.2,475.08000000000004,56.73,232.425,153.97,186.69457651469142,165.35502153080972,8.0,10.0,1.0,6.75,4.416666666666667,2.753785273643052,3.528026317499587
Africa,Furnishings,2013,28,7,3,Summer,0.0,0.0,116.31,1,-0.23931566428755743,-0.9709418174260521,2013-28,2013-07-08,132.96,76.2,73.97999999999999,242.45250000000001,157.4975,176.29410490711243,163.93892183731666,5.0,4.0,3.0,6.0,4.25,3.9157800414902444,3.6462932610329832
Africa,Furnishings,2013,30,7,3,Summer,0.0,0.0,360.24,8,-0.46472317204376806,-0.8854560256532101,2013-30,2013-07-22,116.31,497.34,22.17,208.1775,185.67,111.72285542806348,167.57695193009633,1.0,10.0,1.0,5.5,4.833333333333333,3.316624790355401,3.6390141855211615
Africa,Furnishings,2013,31,7,3,Winter,0.0,0.0,12.771,1,-0.5680647467311556,-0.8229838658936566,2013-31,2013-07-29,360.24,223.2,109.98,155.57025000000002,177.56925,146.43988869242557,173.80239701617518,8.0,8.0,1.0,3.75,4.833333333333333,3.403429642777024,3.6390141855211615
Africa,Furnishings,2013,32,8,3,Summer,0.0,0.0,83.55000000000001,3,-0.663122658240795,-0.7485107481711013,2013-32,2013-08-05,12.771,132.96,129.78,143.21775000000002,173.71675000000002,150.99589285887873,175.46243088537372,1.0,5.0,7.0,3.25,4.5,3.3040379335998358,3.6055512754639896
Africa,Furnishings,2013,33,8,3,Winter,0.0,0.0,161.322,13,-0.7485107481711011,-0.6631226582407952,2013-33,2013-08-12,83.55000000000001,116.31,25.29,154.47075,185.05274999999997,149.99610639696613,169.2869490040908,3.0,1.0,1.0,6.25,5.5,5.377421934967227,4.166969685951215
Africa,Furnishings,2013,34,8,3,Winter,0.0,0.0,4.761,1,-0.8229838658936564,-0.5680647467311559,2013-34,2013-08-19,161.322,360.24,43.86,65.60100000000003,181.7945,72.9776014541448,172.5954571937196,13.0,8.0,1.0,4.5,5.5,5.7445626465380295,4.166969685951215
Africa,Furnishings,2013,36,9,3,Summer,0.0,0.0,248.82,5,-0.9350162426854147,-0.3546048870425359,2013-36,2013-09-02,4.761,12.771,37.8,124.61325000000002,199.3795,104.60338012822524,167.25819050552298,1.0,1.0,2.0,5.5,5.75,5.259911279353167,4.025486983527018
Africa,Furnishings,2013,37,9,3,Spring,0.0,0.0,14.157,1,-0.970941817426052,-0.23931566428755774,2013-37,2013-09-09,248.82,83.55000000000001,475.08000000000004,107.26500000000001,160.96925000000002,118.51321579469518,150.24851121581267,5.0,3.0,10.0,5.0,5.0,5.656854249492381,4.0
Africa,Furnishings,2013,38,9,3,Winter,0.0,0.0,219.78,2,-0.992708874098054,-0.12053668025532357,2013-38,2013-09-16,14.157,161.322,76.2,121.87950000000001,172.93425,130.40868898581869,148.59209272313552,1.0,13.0,4.0,2.25,4.833333333333333,1.892969448600093,4.086192567289223
Africa,Furnishings,2013,39,9,3,Spring,0.0,0.0,219.48,2,-1.0,-1.8369701987210297e-16,2013-39,2013-09-23,219.78,4.761,497.34,175.55925000000002,149.77925000000002,108.47784844036121,110.11121573137278,2.0,1.0,10.0,2.5,4.166666666666667,1.7320508075688792,3.8098755248894305
Africa,Furnishings,2013,41,10,4,Spring,0.0,0.0,23.4,1,-0.9709418174260521,0.23931566428755738,2013-41,2013-10-07,219.48,248.82,223.2,119.20425000000002,133.12924999999998,116.02311059547571,113.06623820022496,2.0,5.0,8.0,1.5,3.5833333333333335,0.5773502691896313,3.7040109300185615
Africa,Furnishings,2013,43,10,4,Spring,0.0,0.0,175.35,3,-0.8854560256532101,0.464723172043768,2013-43,2013-10-21,23.4,14.157,132.96,159.5025,136.66175,93.10515788612348,113.72076520952943,1.0,1.0,5.0,2.0,3.4166666666666665,0.8164965809277298,3.679385653594739
Africa,Furnishings,2013,44,10,4,Spring,0.0,0.0,195.36,4,-0.822983865893657,0.5680647467311548,2013-44,2013-10-28,175.35,219.78,116.31,153.39750000000004,143.24925,88.52308639558372,114.71985077818132,3.0,2.0,1.0,2.5,3.6666666666666665,1.290994448735808,3.60134654951408
Africa,Furnishings,2013,45,11,4,Autumn,0.0,0.0,26.37,1,-0.7485107481711011,0.6631226582407952,2013-45,2013-11-04,195.36,219.48,360.24,105.12000000000002,115.42675000000001,93.01475044314202,96.32037507866895,4.0,2.0,8.0,2.25,3.0833333333333335,1.500000000000002,3.396745322787504
Africa,Furnishings,2013,47,11,4,Autumn,0.0,0.0,276.48,6,-0.5680647467311559,0.8229838658936564,2013-47,2013-11-18,26.37,23.4,12.771,168.39000000000004,137.4025,104.28958241358522,100.7510453268578,1.0,1.0,1.0,3.5,3.5,2.0816659994661344,3.4245105821522475
Africa,Furnishings,2013,48,11,4,Autumn,0.0,0.0,346.5,7,-0.4647231720437684,0.88545602565321,2013-48,2013-11-25,276.48,175.35,83.55000000000001,211.1775,159.31500000000003,137.81702951740027,115.49037163881988,6.0,3.0,3.0,4.5,3.8333333333333335,2.645751311064592,3.5632807491088454
Africa,Furnishings,2013,49,12,4,Autumn,0.0,0.0,136.62,8,-0.35460488704253595,0.9350162426854147,2013-49,2013-12-02,346.5,195.36,161.322,196.4925,157.2565,143.09278047826163,115.6713491920497,7.0,4.0,13.0,5.5,3.4166666666666665,3.109126351029606,2.539088359425424
Africa,Furnishings,2013,50,12,4,Spring,0.0,0.0,716.82,7,-0.2393156642875578,0.970941817426052,2013-50,2013-12-09,136.62,26.37,4.761,369.105,216.59475,247.68620813440535,189.44477950969582,8.0,1.0,1.0,7.0,3.9166666666666665,0.8164965809277304,2.6097137890209448
Africa,Furnishings,2013,52,12,4,Summer,0.0,0.0,272.46,3,6.432490598706546e-16,1.0,2013-52,2013-12-23,716.82,276.48,248.82,368.1,218.56475,248.19494918309672,189.93263349702082,7.0,6.0,5.0,6.25,3.75,2.217355782608347,2.598076211353315
Africa,Furnishings,2014,1,1,1,Winter,0.0,0.0,151.26,3,0.12053668025532305,0.992708874098054,2014-1,2013-12-30,272.46,346.5,14.157,319.29,229.99,271.92251322757363,180.4034425694507,3.0,7.0,1.0,5.25,3.9166666666666665,2.629955639676585,2.4664414311581226
Africa,Furnishings,2014,2,1,1,Summer,0.0,0.0,81.798,5,0.23931566428755774,0.970941817426052,2014-2,2014-01-06,151.26,136.62,219.78,305.5845,218.4915,285.2532896935634,185.4403755528494,3.0,8.0,2.0,4.5,4.166666666666667,1.914854215512678,2.4058010698889434
Africa,Furnishings,2014,4,1,1,Winter,0.0,0.0,143.43,6,0.4647231720437685,0.8854560256532099,2014-4,2014-01-20,81.798,716.82,219.48,162.23700000000002,212.154,79.77831833273974,186.69877209315254,5.0,7.0,2.0,4.25,4.5,1.5000000000000024,2.354878881270657
Africa,Furnishings,2014,5,1,1,Winter,0.0,0.0,19.05,1,0.5680647467311558,0.8229838658936564,2014-5,2014-01-27,143.43,272.46,23.4,98.88450000000003,211.7915,61.62518544393967,187.10236671575367,6.0,3.0,1.0,3.75,4.5,2.217355782608347,2.354878881270657
Africa,Furnishings,2014,8,2,1,Summer,0.0,0.0,100.74,2,0.8229838658936564,0.5680647467311559,2014-8,2014-02-17,19.05,151.26,175.35,86.25450000000004,205.57399999999998,51.68872450544657,189.64579831215497,1.0,3.0,3.0,3.5,4.416666666666667,2.3804761428476184,2.4293034292807367
Africa,Furnishings,2014,9,2,1,Winter,0.0,0.0,31.56,1,0.8854560256532099,0.4647231720437686,2014-9,2014-02-24,100.74,81.798,195.36,73.69500000000002,191.92399999999998,58.75325948404865,196.22841361118844,2.0,5.0,4.0,2.5,4.166666666666667,2.3804761428476184,2.6227443411030125
Africa,Furnishings,2014,10,3,1,Autumn,0.0,0.0,494.1,10,0.9350162426854148,0.35460488704253557,2014-10,2014-03-03,31.56,143.43,26.37,161.3625,230.90150000000003,224.7152776848961,206.53697784196154,1.0,6.0,1.0,3.5,4.916666666666667,4.358898943540674,2.9063670960444234
Africa,Furnishings,2014,11,3,1,Autumn,0.0,0.0,14.661,1,0.970941817426052,0.23931566428755804,2014-11,2014-03-10,494.1,19.05,276.48,160.26525000000004,209.08325,225.65056665173694,214.94246104444073,10.0,1.0,6.0,3.5,4.5,4.358898943540674,3.0895719032666227
Africa,Furnishings,2014,12,3,1,Autumn,0.0,0.0,320.76,10,0.992708874098054,0.120536680255323,2014-12,2014-03-17,14.661,100.74,346.5,215.27025000000003,206.93825,233.0004606438579,213.57051170477848,1.0,2.0,7.0,5.5,4.75,5.196152422706632,3.414541097876976
Africa,Furnishings,2014,15,4,2,Autumn,0.0,0.0,15.417,1,0.9709418174260521,-0.2393156642875575,2014-15,2014-04-07,320.76,31.56,136.62,211.23450000000003,196.838,237.3424814124096,219.96849991140263,10.0,1.0,8.0,5.5,4.166666666666667,5.196152422706632,3.406766884607839
Africa,Furnishings,2014,16,4,2,Autumn,0.0,0.0,150.72,4,0.9350162426854148,-0.35460488704253545,2014-16,2014-04-14,15.417,494.1,716.82,125.38950000000003,149.66299999999998,145.1045806409983,146.87266364439645,1.0,10.0,7.0,4.0,3.9166666666666665,4.242640687119286,3.2879486097878803
Africa,Furnishings,2014,17,4,2,Spring,0.0,0.0,106.92,1,0.8854560256532099,-0.4647231720437685,2014-17,2014-04-21,150.72,14.661,272.46,148.45425000000003,135.868,127.9562541349581,141.9832285633509,4.0,1.0,3.0,4.0,3.75,4.242640687119286,3.387812380766196
Africa,Furnishings,2014,18,4,2,Autumn,0.0,0.0,33.912,2,0.8229838658936565,-0.5680647467311557,2014-18,2014-04-28,106.92,320.76,151.26,76.74225000000003,126.089,63.1891886658626,144.83915069232057,1.0,10.0,3.0,2.0,3.6666666666666665,1.4142135623730967,3.4200832880164906
Africa,Furnishings,2014,19,5,2,Autumn,0.0,0.0,156.45,3,0.7485107481711013,-0.663122658240795,2014-19,2014-05-05,33.912,15.417,81.798,112.00050000000003,132.30999999999997,56.56436759126703,144.36628379167416,2.0,1.0,5.0,2.5,3.5,1.2909944487358074,3.3978602892783187
Africa,Furnishings,2014,20,5,2,Autumn,0.0,0.0,25.14,1,0.6631226582407952,-0.7485107481711012,2014-20,2014-05-12,156.45,150.72,143.43,80.60550000000002,122.4525,62.45410507724836,147.5415422790847,3.0,4.0,6.0,1.75,3.0833333333333335,0.9574271077563404,3.3698754585385795
Africa,Furnishings,2014,22,5,2,Autumn,0.0,0.0,74.076,5,0.46472317204376906,-0.8854560256532096,2014-22,2014-05-26,25.14,106.92,19.05,72.39450000000002,127.038,59.95010452868267,144.86654068235615,1.0,1.0,1.0,2.75,3.4166666666666665,1.7078251276599345,3.3427896171076066
Africa,Furnishings,2014,23,6,2,Winter,0.0,0.0,207.57,5,0.35460488704253584,-0.9350162426854147,2014-23,2014-06-02,74.076,33.912,100.74,115.80900000000003,135.9405,81.7196077083094,146.37816058135806,5.0,2.0,2.0,3.5,3.6666666666666665,1.9148542155126775,3.3393884397468865
Africa,Furnishings,2014,24,6,2,Spring,0.0,0.0,531.78,10,0.23931566428755768,-0.970941817426052,2014-24,2014-06-09,207.57,156.45,31.56,209.6415,177.6255,228.1785211824285,181.066079130094,5.0,3.0,1.0,5.25,4.416666666666667,3.6855573979159972,3.6793856535947382
Africa,Furnishings,2014,25,6,2,Winter,0.0,0.0,42.06,1,0.12053668025532308,-0.992708874098054,2014-25,2014-06-16,531.78,25.14,494.1,213.87150000000003,139.9555,223.73160753232875,154.2806545249157,10.0,1.0,10.0,5.25,3.6666666666666665,3.6855573979159972,3.339388439746886
Africa,Furnishings,2014,26,6,2,Summer,0.0,0.0,305.4,6,-3.216245299353273e-16,-1.0,2014-26,2014-06-23,42.06,74.076,14.661,271.7025,164.18375,204.63339811721835,155.63850821703073,1.0,5.0,1.0,5.5,4.083333333333333,3.696845502136473,3.28794860978788
Africa,Furnishings,2014,27,7,3,Winter,0.0,0.0,109.74,1,-0.12053668025532283,-0.992708874098054,2014-27,2014-06-30,305.4,207.57,320.76,247.245,146.59875,220.1141215369881,148.0767647325505,6.0,5.0,10.0,4.5,3.3333333333333335,4.358898943540674,2.8069178610689467
Africa,Furnishings,2014,29,7,3,Winter,0.0,0.0,143.1,6,-0.3546048870425356,-0.9350162426854148,2014-29,2014-07-14,109.74,531.78,15.417,150.07500000000002,157.239,111.75666825742425,142.26704130804671,1.0,10.0,1.0,3.5,3.75,2.88675134594813,2.800162332956624
Africa,Furnishings,2014,32,8,3,Winter,0.0,0.0,167.868,6,-0.663122658240795,-0.7485107481711013,2014-32,2014-08-04,143.1,42.06,150.72,181.527,158.66799999999998,85.94784485954246,142.2817292480598,6.0,1.0,4.0,4.75,3.9166666666666665,2.5000000000000013,2.8749176536296663
Africa,Furnishings,2014,33,8,3,Winter,0.0,0.0,200.88,4,-0.7485107481711011,-0.6631226582407952,2014-33,2014-08-11,167.868,305.4,106.92,155.39700000000002,166.498,38.55734684855767,141.759490910742,6.0,6.0,1.0,4.25,4.166666666666667,2.3629078131263053,2.724746304565329
Africa,Furnishings,2014,34,8,3,Winter,0.0,0.0,71.97,2,-0.8229838658936564,-0.5680647467311559,2014-34,2014-08-18,200.88,109.74,33.912,145.95450000000002,169.6695,54.707910588871705,138.92086705518236,4.0,1.0,2.0,4.5,4.166666666666667,1.9148542155126778,2.724746304565329
Africa,Furnishings,2014,35,8,3,Summer,0.0,0.0,180.54000000000002,7,-0.8854560256532096,-0.4647231720437691,2014-35,2014-08-25,71.97,143.1,156.45,155.31450000000004,171.677,57.202670925403304,138.88652407042105,2.0,6.0,3.0,4.75,4.5,2.2173557826083465,2.8123105996832747
Africa,Furnishings,2014,36,9,3,Summer,0.0,0.0,793.5300000000001,17,-0.9350162426854147,-0.3546048870425359,2014-36,2014-09-01,180.54000000000002,167.868,25.14,311.7300000000001,235.70950000000002,326.1465091028877,219.13264161171264,7.0,6.0,1.0,7.5,5.833333333333333,6.658328118479393,4.365845400447209
Africa,Furnishings,2014,37,9,3,Spring,0.0,0.0,539.472,15,-0.970941817426052,-0.23931566428755774,2014-37,2014-09-08,793.5300000000001,200.88,74.076,396.37800000000004,274.4925,331.6786580653027,228.8920102328925,17.0,4.0,5.0,10.25,6.666666666666667,6.994045086119097,5.08711980189064
Africa,Furnishings,2014,38,9,3,Spring,0.0,0.0,148.728,5,-0.992708874098054,-0.12053668025532357,2014-38,2014-09-15,539.472,71.97,207.57,415.56750000000005,269.589,308.03096221159325,231.07586958320934,15.0,2.0,5.0,11.0,6.666666666666667,5.8878405775518985,5.08711980189064
Africa,Furnishings,2014,39,9,3,Spring,0.0,0.0,106.93199999999999,4,-1.0,-1.8369701987210297e-16,2014-39,2014-09-22,148.728,180.54000000000002,531.78,397.1655,234.18500000000003,328.2847507530619,219.50947238124127,5.0,7.0,10.0,10.25,6.166666666666667,6.701989754294368,5.024183937956912
Africa,Furnishings,2014,41,10,4,Autumn,0.0,0.0,181.98,4,-0.9709418174260521,0.23931566428755738,2014-41,2014-10-06,106.93199999999999,793.5300000000001,42.06,244.27800000000002,245.84500000000003,199.17685998127394,211.96276952590264,4.0,17.0,1.0,7.0,6.416666666666667,5.354126134736338,4.813963276162626
Africa,Furnishings,2014,45,11,4,Spring,0.0,0.0,430.23,9,-0.7485107481711011,0.6631226582407952,2014-45,2014-11-03,181.98,539.472,305.4,216.96750000000003,256.2475,145.45269526894307,218.1248304903744,4.0,15.0,6.0,5.5,6.666666666666667,2.380476142847619,4.867953337591649
Africa,Furnishings,2014,46,11,4,Spring,0.0,0.0,47.46,2,-0.6631226582407955,0.7485107481711007,2014-46,2014-11-10,430.23,148.728,109.74,191.65050000000002,251.0575,168.3070813750866,222.62226423024273,9.0,5.0,1.0,4.75,6.75,2.9860788111948215,4.769696007084726
Africa,Furnishings,2014,47,11,4,Autumn,0.0,0.0,78.03,2,-0.5680647467311559,0.8229838658936564,2014-47,2014-11-17,47.46,106.93199999999999,143.1,184.42500000000004,245.63500000000002,173.69070527808915,226.2537291939778,2.0,4.0,6.0,4.25,6.416666666666667,3.3040379335998367,4.9627399567968355
Africa,Furnishings,2014,48,11,4,Autumn,0.0,0.0,155.01,2,-0.4647231720437684,0.88545602565321,2014-48,2014-11-24,78.03,181.98,167.868,177.68250000000003,244.56349999999998,174.3395176803011,226.6855364325816,2.0,4.0,6.0,3.75,6.083333333333333,3.5000000000000018,5.124953806148062
Africa,Furnishings,2014,49,12,4,Summer,0.0,0.0,56.58,1,-0.35460488704253595,0.9350162426854147,2014-49,2014-12-01,155.01,430.23,200.88,84.27000000000002,232.53850000000003,48.86988643326308,232.95415024986437,2.0,9.0,4.0,1.75,5.833333333333333,0.5000000000000118,5.305800142439888
Africa,Furnishings,2014,50,12,4,Summer,0.0,0.0,64.242,2,-0.2393156642875578,0.970941817426052,2014-50,2014-12-08,56.58,47.46,71.97,88.46550000000003,231.8945,45.24206450859676,233.44855169881168,1.0,2.0,2.0,1.75,5.833333333333333,0.5000000000000118,5.305800142439888
Africa,Furnishings,2014,51,12,4,Spring,0.0,0.0,187.65,5,-0.12053668025532363,0.992708874098054,2014-51,2014-12-15,64.242,78.03,180.54000000000002,115.87050000000002,232.487,65.48552634743059,233.3153479789649,2.0,2.0,7.0,2.5,5.666666666666667,1.7320508075688805,5.2972262610356795
Africa,Furnishings,2014,52,12,4,Winter,0.0,0.0,426.53999999999996,7,6.432490598706546e-16,1.0,2014-52,2014-12-22,187.65,155.01,793.5300000000001,183.75300000000001,201.90449999999998,172.6427573806675,167.99903000612835,5.0,2.0,17.0,3.75,4.833333333333333,2.7537852736430533,3.973396379406261
Africa,Tables,2013,28,7,3,Winter,0.0,0.0,532.8,1,-0.23931566428755743,-0.9709418174260521,2013-28,2013-07-08,246.4905812025736,246.4905812025736,246.4905812025736,318.0679359019302,274.0966723681679,143.1547093987132,109.53043494408473,2.0,8.0,2.0,3.25,3.0833333333333335,3.2015621187164243,2.7455197664338145
Africa,Tables,2013,34,8,3,Winter,0.0,0.0,465.0,1,-0.8229838658936564,-0.5680647467311559,2013-34,2013-08-19,532.8,246.4905812025736,142.623,372.6952906012868,300.9614223681679,148.33400902204303,113.8037602964093,1.0,2.0,1.0,3.0,3.0833333333333335,3.366501646120693,2.7455197664338145
Africa,Tables,2013,42,10,4,Autumn,0.0,0.0,246.4905812025736,2,-0.9350162426854148,0.35460488704253557,2013-42,2013-10-14,465.0,246.4905812025736,142.623,372.6952906012868,309.61705413504905,148.33400902204303,104.21186088378256,1.0,8.0,1.0,1.5,3.1666666666666665,0.5773502691896251,2.6911752530120077
Africa,Tables,2013,48,11,4,Spring,0.0,0.0,504.0,2,-0.4647231720437684,0.88545602565321,2013-48,2013-11-25,246.4905812025736,246.4905812025736,246.4905812025736,437.0726453006434,331.0761723681679,130.05698435836302,115.88987108912558,2.0,2.0,4.0,1.5,3.0,0.5773502691896251,2.696799449852968
Africa,Tables,2014,4,1,1,Summer,0.0,0.0,465.0,1,0.4647231720437685,0.8854560256532099,2014-4,2014-01-20,504.0,532.8,425.91,420.1226453006434,334.3336723681679,117.20560032686393,119.29714067321457,2.0,1.0,1.0,1.5,3.0,0.5773502691896251,2.696799449852968
Africa,Tables,2014,5,1,1,Summer,0.0,0.0,758.6099999999999,2,0.5680647467311558,0.8229838658936564,2014-5,2014-01-27,465.0,465.0,246.4905812025736,493.5251453006434,377.01029060128684,209.93607165476024,167.05697288875444,1.0,1.0,2.0,1.75,3.0,0.49999999999999917,2.696799449852968
Africa,Tables,2014,7,2,1,Summer,0.0,0.0,276.444,1,0.7485107481711011,0.6631226582407953,2014-7,2014-02-10,758.6099999999999,246.4905812025736,246.4905812025736,501.01349999999996,379.50640883440565,198.40472819214773,165.1422998197361,2.0,2.0,6.0,1.5,2.5833333333333335,0.5773502691896251,2.5746432527221863
Africa,Tables,2014,11,3,1,Autumn,0.0,0.0,364.428,4,0.970941817426052,0.23931566428755804,2014-11,2014-03-10,276.444,504.0,319.77,466.1205,383.2279088344056,209.65837477429804,164.17410276699164,1.0,2.0,1.0,2.0,2.8333333333333335,1.414213562373095,2.5524794837866014
Africa,Tables,2014,14,4,2,Autumn,0.0,0.0,246.4905812025736,2,0.992708874098054,-0.12053668025532288,2014-14,2014-03-31,364.428,465.0,246.4905812025736,411.4931453006434,383.2279088344056,236.76243826806427,164.17410276699164,4.0,1.0,8.0,2.25,2.3333333333333335,1.2583057392117913,1.9694638556693238
Africa,Tables,2014,19,5,2,Spring,0.0,0.0,269.28,1,0.7485107481711013,-0.663122658240795,2014-19,2014-05-05,246.4905812025736,758.6099999999999,246.4905812025736,289.1606453006434,385.12702706752447,51.77793023687622,162.5725699696468,2.0,2.0,2.0,2.0,2.25,1.414213562373095,2.0056737702645644
Africa,Tables,2014,20,5,2,Spring,0.0,0.0,528.9,1,0.6631226582407952,-0.7485107481711012,2014-20,2014-05-12,269.28,276.444,246.4905812025736,352.2746453006434,408.66114530064334,128.35185925001377,161.1133402702877,1.0,1.0,8.0,2.0,1.6666666666666667,1.414213562373095,0.8876253645985944
Africa,Tables,2014,22,5,2,Autumn,0.0,0.0,246.4905812025736,4,0.46472317204376906,-0.8854560256532096,2014-22,2014-05-26,528.9,364.428,246.4905812025736,322.79029060128676,408.66114530064334,137.82580166924757,161.1133402702877,1.0,4.0,2.0,2.0,1.8333333333333333,1.414213562373095,1.1146408580454255
Africa,Tables,2014,23,6,2,Winter,0.0,0.0,315.87,1,0.35460488704253584,-0.9350162426854147,2014-23,2014-06-02,246.4905812025736,246.4905812025736,532.8,340.13514530064333,390.5836453006434,129.1132882998794,158.05947725998064,4.0,2.0,1.0,1.75,1.8333333333333333,1.4999999999999998,1.1146408580454255
Africa,Tables,2014,25,6,2,Winter,0.0,0.0,90.891,1,0.12053668025532308,-0.992708874098054,2014-25,2014-06-16,315.87,269.28,465.0,295.53789530064336,359.40789530064336,181.8032426990291,177.71927327120267,1.0,1.0,1.0,1.75,1.8333333333333333,1.4999999999999998,1.1146408580454255
Africa,Tables,2014,30,7,3,Summer,0.0,0.0,320.49,1,-0.46472317204376806,-0.8854560256532101,2014-30,2014-07-21,90.891,528.9,246.4905812025736,243.4353953006434,365.5745135337623,107.18101629464735,174.7032542754614,1.0,1.0,2.0,1.75,1.75,1.4999999999999998,1.1381803659589922
Africa,Tables,2014,32,8,3,Summer,0.0,0.0,246.4905812025736,2,-0.663122658240795,-0.7485107481711013,2014-32,2014-08-04,320.49,246.4905812025736,504.0,243.4353953006434,344.11539530064346,107.18101629464735,171.94791499191382,1.0,4.0,2.0,1.25,1.75,0.4999999999999994,1.1381803659589922
Africa,Tables,2014,34,8,3,Winter,0.0,0.0,246.4905812025736,2,-0.8229838658936564,-0.5680647467311559,2014-34,2014-08-18,246.4905812025736,315.87,465.0,226.09054060128682,325.9062770675245,96.64798157339948,169.53562055406235,2.0,1.0,1.0,1.5,1.8333333333333333,0.5773502691896253,1.1146408580454255
Africa,Tables,2014,36,9,3,Spring,0.0,0.0,973.0111624051472,8,-0.9350162426854147,-0.3546048870425359,2014-36,2014-09-01,246.4905812025736,90.891,758.6099999999999,446.6205812025736,343.77304060128677,352.65658521819887,222.35253722642133,2.0,1.0,2.0,3.25,2.3333333333333335,3.2015621187164243,2.1033883198882757
Africa,Tables,2014,38,9,3,Spring,0.0,0.0,492.9811624051472,3,-0.992708874098054,-0.12053668025532357,2014-38,2014-09-15,973.0111624051472,320.49,276.444,489.74337180386044,361.8178041350491,342.49188846416695,225.16048033132665,8.0,1.0,1.0,3.75,2.5,2.872281323269014,2.0670576365276494
Africa,Tables,2014,48,11,4,Autumn,0.0,0.0,246.4905812025736,8,-0.4647231720437684,0.88545602565321,2014-48,2014-11-24,492.9811624051472,246.4905812025736,364.428,489.74337180386044,351.9896859019302,342.49188846416695,227.5969550172139,3.0,2.0,4.0,5.25,2.8333333333333335,3.2015621187164243,2.5878504008094625
Africa,Tables,2014,50,12,4,Spring,0.0,0.0,318.09,1,-0.2393156642875578,0.970941817426052,2014-50,2014-12-08,246.4905812025736,246.4905812025736,246.4905812025736,507.643226503217,357.9563041350491,327.06442877744166,225.50872478150595,8.0,2.0,2.0,5.0,2.75,3.559026084010437,2.6328346286499236
Canada,Bookcases,2014,48,11,4,Autumn,0.0,0.0,246.4905812025736,4,-0.4647231720437684,0.88545602565321,2014-48,2014-11-24,253.02,246.4905812025736,196.2,223.07029060128679,215.96352706752455,51.28597549491443,57.35518396558357,2.0,6.0,1.0,2.75,2.5833333333333335,1.5000000000000004,1.9286515936521478
Canada,Furnishings,2014,49,12,4,Autumn,0.0,0.0,47.34,1,-0.35460488704253595,0.9350162426854147,2014-49,2014-12-01,141.51,108.66,23.91,77.43,65.385,43.99972954462334,39.648574547344865,3.0,1.0,1.0,2.0,1.5833333333333333,0.816496580927726,0.9962049198956219
EMEA,Bookcases,2011,36,9,3,Summer,0.0,0.0,121.59,1,-0.9350162426854147,-0.3546048870425359,2011-36,2011-09-05,601.392,1390.6217436077209,520.35,360.9645,475.8902906012868,264.9677988605407,367.8558295294328,6.0,25.0,3.0,3.0,5.166666666666667,2.4494897427831757,6.780095646058171
EMEA,Bookcases,2011,37,9,3,Summer,0.0,0.0,552.72,4,-0.970941817426052,-0.23931566428755774,2011-37,2011-09-12,121.59,578.976,688.5,354.4005,464.5752906012868,258.00039829620414,362.7747347023975,1.0,4.0,5.0,3.0,5.083333333333333,2.4494897427831757,6.788470618138767
EMEA,Bookcases,2011,39,9,3,Autumn,0.0,0.0,89.49600000000001,2,-1.0,-1.8369701987210297e-16,2011-39,2011-09-26,552.72,141.9,164.088,341.2995,458.35929060128683,273.26666059547034,368.97755389668674,4.0,1.0,1.0,3.25,5.166666666666667,2.2173557826083425,6.73975091707716
EMEA,Bookcases,2011,40,10,4,Autumn,0.0,0.0,182.784,2,-0.992708874098054,0.1205366802553232,2011-40,2011-10-03,89.49600000000001,601.392,246.4905812025736,236.6475,453.0504088344057,214.2388808059825,372.7421687654565,2.0,6.0,2.0,2.25,5.166666666666667,1.258305739211787,6.73975091707716
EMEA,Bookcases,2011,41,10,4,Autumn,0.0,0.0,73.782,2,-0.9709418174260521,0.23931566428755738,2011-41,2011-10-10,182.784,121.59,218.034,224.6955,441.02940883440573,223.91250948752275,383.1901650334629,2.0,1.0,2.0,2.5,5.166666666666667,0.9999999999999942,6.73975091707716
EMEA,Bookcases,2011,44,10,4,Autumn,0.0,0.0,494.4705812025736,8,-0.822983865893657,0.5680647467311548,2011-44,2011-10-31,73.782,552.72,723.5699999999999,210.1331453006434,421.93779060128674,195.56815423703796,373.41600284265814,2.0,4.0,3.0,3.5,5.583333333333333,2.999999999999998,6.748175960056079
EMEA,Bookcases,2011,45,11,4,Autumn,0.0,0.0,246.4905812025736,4,-0.7485107481711011,0.6631226582407952,2011-45,2011-11-07,494.4705812025736,89.49600000000001,246.4905812025736,249.3817906012868,421.93779060128674,178.27640201138715,373.41600284265814,8.0,2.0,2.0,4.0,5.75,2.828427124746188,6.675940519371171
EMEA,Bookcases,2011,46,11,4,Autumn,0.0,0.0,298.68,2,-0.6631226582407955,0.7485107481711007,2011-46,2011-11-14,246.4905812025736,182.784,589.0305812025736,278.3557906012868,397.7419088344057,173.19016867336293,371.0037756372606,4.0,2.0,10.0,4.0,5.083333333333333,2.828427124746188,6.612087187091301
EMEA,Bookcases,2011,47,11,4,Autumn,0.0,0.0,583.056,6,-0.5680647467311559,0.8229838658936564,2011-47,2011-11-21,298.68,73.782,1390.6217436077209,405.6742906012868,330.4447635337623,159.30712854207576,214.95578695624928,2.0,2.0,25.0,5.0,3.5,2.5819888974716085,2.2360679774997867
EMEA,Bookcases,2011,51,12,4,Autumn,0.0,0.0,413.1,1,-0.12053668025532363,0.992708874098054,2011-51,2011-12-19,583.056,494.4705812025736,578.976,385.33164530064334,316.62176353376225,149.05407371955002,202.4928960535378,6.0,8.0,4.0,3.25,3.25,2.217355782608342,2.3403573930647243
EMEA,Bookcases,2011,52,12,4,Winter,0.0,0.0,484.31399999999996,3,6.432490598706546e-16,1.0,2011-52,2011-12-26,413.1,246.4905812025736,141.9,444.78749999999997,345.1562635337623,119.76646930172078,199.74062310664482,1.0,4.0,1.0,3.0,3.4166666666666665,2.160246899469284,2.234373344457955
EMEA,Bookcases,2012,2,1,1,Winter,0.0,0.0,196.2,1,0.23931566428755774,0.970941817426052,2012-2,2012-01-09,484.31399999999996,298.68,601.392,419.1675,311.39026353376227,164.16945260614114,186.28155240751283,3.0,2.0,6.0,2.75,3.0,2.3629078131263017,2.1742292260184324
EMEA,Bookcases,2012,3,1,1,Winter,0.0,0.0,243.936,2,0.3546048870425356,0.9350162426854148,2012-3,2012-01-16,196.2,583.056,121.59,334.3875,321.5857635337623,136.5660671213753,178.1183323292486,1.0,6.0,1.0,1.75,3.0833333333333335,0.9574271077563316,2.108783937953265
EMEA,Bookcases,2012,4,1,1,Winter,0.0,0.0,246.4905812025736,4,0.4647231720437685,0.8854560256532099,2012-4,2012-01-23,243.936,413.1,552.72,292.7351453006434,296.0666453006434,129.79651784855045,163.3148353298711,2.0,1.0,4.0,2.5,3.0833333333333335,1.290994448735801,2.108783937953265
EMEA,Bookcases,2012,9,3,1,Winter,0.0,0.0,59.736,1,0.8854560256532099,0.4647231720437686,2012-9,2012-02-27,246.4905812025736,484.31399999999996,89.49600000000001,186.5906453006434,293.5866453006434,87.67541038539115,166.9229619357239,4.0,3.0,2.0,2.0,3.0,1.4142135623730907,2.1742292260184324
EMEA,Bookcases,2012,10,3,1,Winter,0.0,0.0,73.224,2,0.9350162426854148,0.35460488704253557,2012-10,2012-03-05,59.736,196.2,182.784,155.84664530064342,284.4566453006434,103.34378740192702,176.2689612943355,1.0,1.0,2.0,2.25,3.0,1.2583057392117865,2.1742292260184324
EMEA,Bookcases,2012,13,3,1,Spring,0.0,0.0,136.584,2,1.0,-1.6081226496766366e-16,2012-13,2012-03-26,73.224,243.936,73.782,129.00864530064342,289.69014530064345,85.18610469701689,170.27572630677076,2.0,2.0,2.0,2.25,3.0,1.2583057392117865,2.1742292260184324
EMEA,Bookcases,2012,15,4,2,Spring,0.0,0.0,171.87,1,0.9709418174260521,-0.2393156642875575,2012-15,2012-04-09,136.584,246.4905812025736,494.4705812025736,110.35350000000001,262.80676353376225,52.95611383966821,160.17207161790242,2.0,4.0,8.0,1.5,2.4166666666666665,0.5773502691896145,1.5642792899510238
EMEA,Bookcases,2012,17,4,2,Spring,0.0,0.0,610.2405812025736,5,0.8854560256532099,-0.4647231720437685,2012-17,2012-04-23,171.87,59.736,246.4905812025736,247.9796453006434,293.11926353376225,244.93141158613025,188.6853768408081,1.0,1.0,4.0,2.5,2.5,1.7320508075688734,1.6787441193290302
EMEA,Bookcases,2012,19,5,2,Spring,0.0,0.0,291.792,2,0.7485107481711013,-0.663122658240795,2012-19,2012-05-07,610.2405812025736,73.224,298.68,302.62164530064337,292.54526353376224,215.5699293721808,188.6773994982336,5.0,2.0,2.0,2.5,2.5,1.7320508075688734,1.6787441193290302
EMEA,Bookcases,2012,22,6,2,Spring,0.0,0.0,889.9305812025736,12,0.46472317204376906,-0.8854560256532096,2012-22,2012-05-28,291.792,136.584,583.056,490.95829060128676,318.1181453006434,323.98132766640276,244.24574701374632,2.0,2.0,6.0,5.0,3.0,4.966554808583779,3.1042492870843383
EMEA,Bookcases,2012,24,6,2,Spring,0.0,0.0,1154.046,5,0.23931566428755768,-0.970941817426052,2012-24,2012-06-11,889.9305812025736,171.87,413.1,736.5022906012869,379.8636453006434,370.4016970093579,343.8048572524921,12.0,1.0,1.0,6.0,3.3333333333333335,4.242640687119284,3.0846639225613384
EMEA,Bookcases,2012,30,7,3,Summer,0.0,0.0,805.17,2,-0.46472317204376806,-0.8854560256532101,2012-30,2012-07-23,1154.046,610.2405812025736,484.31399999999996,785.2346453006434,406.6016453006434,360.9552681971558,364.5191290151133,5.0,5.0,3.0,5.25,3.25,4.716990566028301,3.1079078025403026
EMEA,Bookcases,2012,32,8,3,Summer,0.0,0.0,484.98,3,-0.663122658240795,-0.7485107481711013,2012-32,2012-08-06,805.17,291.792,196.2,833.5316453006434,430.66664530064344,275.8036281518432,358.8543605619347,2.0,2.0,1.0,5.5,3.4166666666666665,4.509249752822893,3.0289011909011507
EMEA,Bookcases,2012,33,8,3,Summer,0.0,0.0,348.372,4,-0.7485107481711011,-0.6631226582407952,2012-33,2012-08-13,484.98,889.9305812025736,243.936,698.142,439.3696453006434,359.2030721583547,355.16144104800225,3.0,12.0,2.0,3.5,3.5833333333333335,1.2909944487358025,2.998737107921304
EMEA,Bookcases,2012,34,8,3,Summer,0.0,0.0,246.4905812025736,4,-0.8229838658936564,-0.5680647467311559,2012-34,2012-08-20,348.372,1154.046,246.4905812025736,471.2531453006434,439.3696453006434,243.1096312932264,355.16144104800225,4.0,5.0,4.0,3.25,3.5833333333333335,0.9574271077563339,2.998737107921304
EMEA,Bookcases,2012,35,8,3,Summer,0.0,0.0,1436.976,8,-0.8854560256532096,-0.4647231720437691,2012-35,2012-08-27,246.4905812025736,805.17,59.736,629.2046453006434,554.1396453006435,547.3062333861332,434.9051140789755,4.0,2.0,1.0,4.75,4.166666666666667,2.2173557826083434,3.128558579902057
EMEA,Bookcases,2012,36,9,3,Summer,0.0,0.0,1356.2611624051472,23,-0.9350162426854147,-0.3546048870425359,2012-36,2012-09-03,1436.976,484.98,73.224,847.0249359019301,661.0594088344056,636.8307085538167,462.7491055018339,8.0,3.0,2.0,9.75,5.916666666666667,9.03234926989282,6.185883244545722
EMEA,Bookcases,2012,37,9,3,Summer,0.0,0.0,143.79,1,-0.970941817426052,-0.23931566428755774,2012-37,2012-09-10,1356.2611624051472,348.372,136.584,795.8794359019303,661.6599088344057,695.7205449459925,462.0107181668074,23.0,4.0,2.0,9.0,5.833333333333333,9.763879010584539,6.249848483011893
EMEA,Bookcases,2012,38,9,3,Summer,0.0,0.0,49.764,1,-0.992708874098054,-0.12053668025532357,2012-38,2012-09-17,143.79,246.4905812025736,171.87,746.6977906012868,651.4844088344056,752.1670964763945,474.94237923815257,1.0,4.0,1.0,8.25,5.833333333333333,10.372238588334406,6.249848483011893
EMEA,Bookcases,2012,39,9,3,Autumn,0.0,0.0,125.1,1,-1.0,-1.8369701987210297e-16,2012-39,2012-09-24,49.764,1436.976,610.2405812025736,418.7287906012868,611.0560270675246,626.3415389202327,498.82033051437077,1.0,8.0,5.0,6.5,5.5,11.0,6.4031242374328485
EMEA,Bookcases,2012,42,10,4,Autumn,0.0,0.0,298.68,2,-0.9350162426854148,0.35460488704253557,2012-42,2012-10-15,125.1,1356.2611624051472,291.792,154.33350000000002,611.6300270675246,104.46124529699992,498.4233553803109,1.0,23.0,2.0,1.25,5.5,0.5,6.4031242374328485
EMEA,Bookcases,2012,44,11,4,Autumn,0.0,0.0,195.93,1,-0.822983865893657,0.5680647467311548,2012-44,2012-10-29,298.68,143.79,889.9305812025736,167.3685,553.7966453006434,105.94953803108342,503.4339504016557,2.0,1.0,12.0,1.25,4.583333333333333,0.5,6.171169527191205
EMEA,Bookcases,2012,45,11,4,Autumn,0.0,0.0,145.356,1,-0.7485107481711011,0.6631226582407952,2012-45,2012-11-05,195.93,49.764,1154.046,191.2665,469.73914530064343,77.55683495991829,477.6495177456142,1.0,1.0,5.0,1.25,4.25,0.5,6.25408957112355
EMEA,Bookcases,2012,46,11,4,Autumn,0.0,0.0,911.352,7,-0.6631226582407955,0.7485107481711007,2012-46,2012-11-12,145.356,125.1,805.17,387.8295,478.5876453006434,354.7967764129208,485.3497505129837,1.0,1.0,2.0,2.75,4.666666666666667,2.8722813232690148,6.257117159804117
EMEA,Bookcases,2012,49,12,4,Autumn,0.0,0.0,338.7,2,-0.35460488704253595,0.9350162426854147,2012-49,2012-12-03,911.352,298.68,484.98,397.8345,466.3976453006433,351.99807384842336,487.0087474911912,7.0,2.0,3.0,2.75,4.583333333333333,2.8722813232690148,6.287915297447857
EMEA,Bookcases,2012,52,12,4,Winter,0.0,0.0,246.4905812025736,4,6.432490598706546e-16,1.0,2012-52,2012-12-24,338.7,195.93,348.372,410.4746453006434,457.90752706752454,343.12698986567,490.13141095596893,2.0,1.0,4.0,3.5,4.583333333333333,2.6457513110645907,6.287915297447857
EMEA,Bookcases,2013,2,1,1,Winter,0.0,0.0,246.4905812025736,2,0.23931566428755774,0.970941817426052,2013-2,2013-01-07,246.4905812025736,145.356,246.4905812025736,435.75829060128683,457.90752706752454,320.0282382520556,490.13141095596893,4.0,1.0,4.0,3.75,4.416666666666667,2.3629078131263044,6.331139971074192
EMEA,Bookcases,2013,11,3,1,Winter,0.0,0.0,317.976,2,0.970941817426052,0.23931566428755804,2013-11,2013-03-11,246.4905812025736,911.352,1436.976,287.4142906012868,364.65752706752454,48.00604840990174,381.2867934722315,2.0,7.0,8.0,2.5,3.9166666666666665,1.0000000000000007,6.258933010045914
EMEA,Bookcases,2013,12,3,1,Spring,0.0,0.0,676.9605812025736,8,0.992708874098054,0.120536680255323,2013-12,2013-03-18,317.976,338.7,1356.2611624051472,371.9794359019302,308.0491453006434,206.09445681177266,247.71265042966965,2.0,2.0,23.0,4.0,2.6666666666666665,2.8284271247461903,2.4246211825330275
EMEA,Bookcases,2013,15,4,2,Spring,0.0,0.0,343.32,2,0.9709418174260521,-0.2393156642875575,2013-15,2013-04-08,676.9605812025736,246.4905812025736,143.79,396.18679060128676,324.67664530064343,191.6200249729637,242.32255181756364,8.0,4.0,1.0,3.5,2.75,3.0000000000000004,2.3788843832962727
EMEA,Bookcases,2013,16,4,2,Spring,0.0,0.0,246.4905812025736,4,0.9350162426854148,-0.35460488704253545,2013-16,2013-04-15,343.32,246.4905812025736,49.764,396.18679060128676,341.07052706752455,191.6200249729637,228.2808071559408,2.0,2.0,1.0,4.0,3.0,2.8284271247461903,2.3354968324845644
EMEA,Bookcases,2013,19,5,2,Spring,0.0,0.0,146.736,1,0.7485107481711013,-0.663122658240795,2013-19,2013-05-06,246.4905812025736,317.976,125.1,353.3767906012868,342.8735270675245,230.1685517738731,226.49844996743963,4.0,2.0,1.0,3.75,3.0,3.095695936834452,2.3354968324845644
EMEA,Bookcases,2013,23,6,2,Spring,0.0,0.0,246.4905812025736,6,0.35460488704253584,-0.9350162426854147,2013-23,2013-06-03,146.736,676.9605812025736,298.68,245.7592906012868,338.5244088344057,80.25952419448255,227.9207702610414,1.0,8.0,2.0,3.25,3.3333333333333335,2.2173557826083456,2.4618298195866504
EMEA,Bookcases,2013,24,6,2,Spring,0.0,0.0,344.1465812025736,6,0.23931566428755768,-0.970941817426052,2013-24,2013-06-10,246.4905812025736,343.32,195.93,245.9659359019302,350.8757906012868,80.59480917142446,223.46332147538814,6.0,2.0,1.0,4.25,3.75,2.362907813126305,2.454124543035103
EMEA,Bookcases,2013,25,6,2,Spring,0.0,0.0,341.076,2,0.12053668025532308,-0.992708874098054,2013-25,2013-06-17,344.1465812025736,246.4905812025736,145.356,269.6122906012868,367.1857906012868,93.62267972008945,214.0432995404884,6.0,4.0,1.0,3.75,3.8333333333333335,2.6299556396765835,2.3677121037112148
EMEA,Bookcases,2013,31,8,3,Summer,0.0,0.0,1154.784,10,-0.5680647467311556,-0.8229838658936566,2013-31,2013-07-29,341.076,146.736,911.352,521.6242906012868,387.47179060128684,424.5333902163724,273.56496474656234,2.0,1.0,7.0,6.0,4.083333333333333,3.2659863237109046,2.8431203515386603
EMEA,Bookcases,2013,32,8,3,Summer,0.0,0.0,49.572,1,-0.663122658240795,-0.7485107481711013,2013-32,2013-08-05,1154.784,246.4905812025736,338.7,472.39464530064345,363.3777906012868,475.43887561372793,290.46154810492476,10.0,6.0,2.0,4.75,4.0,4.112987559751022,2.9232609437842743
EMEA,Bookcases,2013,33,8,3,Summer,0.0,0.0,122.58,1,-0.7485107481711011,-0.6631226582407952,2013-33,2013-08-12,49.572,344.1465812025736,246.4905812025736,417.00300000000004,353.05190883440565,507.20678096807836,297.12080347422875,1.0,6.0,4.0,3.5,3.75,4.358898943540674,3.0488447886789065
EMEA,Bookcases,2013,34,8,3,Summer,0.0,0.0,413.1,1,-0.8229838658936564,-0.5680647467311559,2013-34,2013-08-19,122.58,341.076,246.4905812025736,435.009,366.93602706752455,504.88599898590996,295.5773583199686,1.0,2.0,2.0,3.25,3.6666666666666665,4.5,3.1139957766460884
EMEA,Bookcases,2013,36,9,3,Summer,0.0,0.0,676.6800000000001,5,-0.9350162426854147,-0.3546048870425359,2013-36,2013-09-02,413.1,1154.784,317.976,315.483,396.82802706752454,287.46743515744555,308.0507022634517,1.0,10.0,2.0,2.0,3.9166666666666665,2.0,3.088345639315452
EMEA,Bookcases,2013,37,9,3,Summer,0.0,0.0,1173.4545812025735,19,-0.970941817426052,-0.23931566428755774,2013-37,2013-09-09,676.6800000000001,49.572,676.9605812025736,596.4536453006434,438.2025270675245,446.2962913340588,375.1339097289147,5.0,1.0,8.0,6.5,4.833333333333333,8.54400374531753,5.271420945805672
EMEA,Bookcases,2013,38,9,3,Summer,0.0,0.0,311.60400000000004,2,-0.992708874098054,-0.12053668025532357,2013-38,2013-09-16,1173.4545812025735,122.58,343.32,643.7096453006434,435.5595270675246,385.22361884537827,375.9739618932122,19.0,1.0,2.0,6.75,4.833333333333333,8.341662504161466,5.271420945805672
EMEA,Bookcases,2013,39,9,3,Autumn,0.0,0.0,534.4305812025736,6,-1.0,-1.8369701987210297e-16,2013-39,2013-09-23,311.60400000000004,413.1,246.4905812025736,674.0422906012868,459.5545270675246,365.2727462274872,371.977506528377,2.0,1.0,4.0,8.0,5.0,7.5277265270908105,5.274294437949194
EMEA,Bookcases,2013,41,10,4,Autumn,0.0,0.0,68.748,1,-0.9709418174260521,0.23931566428755738,2013-41,2013-10-07,534.4305812025736,676.6800000000001,146.736,522.0592906012868,453.05552706752457,474.07855501571095,378.5627587820738,6.0,5.0,1.0,7.0,5.0,8.286535263104035,5.274294437949194
EMEA,Bookcases,2013,42,10,4,Autumn,0.0,0.0,224.748,6,-0.9350162426854148,0.35460488704253557,2013-42,2013-10-14,68.748,1173.4545812025735,246.4905812025736,284.8826453006434,451.24364530064344,194.35239778518505,379.6916501072336,1.0,19.0,6.0,3.75,5.0,2.6299556396765853,5.274294437949194
EMEA,Bookcases,2013,43,10,4,Autumn,0.0,0.0,734.49,3,-0.8854560256532101,0.464723172043768,2013-43,2013-10-21,224.748,311.60400000000004,344.1465812025736,390.6041453006434,483.7722635337623,300.0239790018662,386.34471478141575,6.0,2.0,6.0,4.0,4.75,2.44948974278318,5.293649711940454
EMEA,Bookcases,2013,44,10,4,Autumn,0.0,0.0,103.122,2,-0.822983865893657,0.5680647467311548,2013-44,2013-10-28,734.49,534.4305812025736,341.076,282.777,463.9427635337623,308.4889685094107,400.19296660187393,3.0,6.0,2.0,3.0,4.75,2.160246899469289,5.293649711940454
EMEA,Bookcases,2013,45,11,4,Autumn,0.0,0.0,249.72,2,-0.7485107481711011,0.6631226582407952,2013-45,2013-11-04,103.122,68.748,1154.784,328.02,388.52076353376225,278.44387063823154,338.7230777090412,2.0,1.0,10.0,3.25,4.083333333333333,1.8929694486000936,5.071459057282919
EMEA,Bookcases,2013,46,11,4,Autumn,0.0,0.0,585.1905812025736,4,-0.6631226582407955,0.7485107481711007,2013-46,2013-11-11,249.72,224.748,49.572,418.1306453006434,433.15564530064336,291.88174292229877,325.0107743579409,2.0,6.0,1.0,2.75,4.333333333333333,0.9574271077563432,4.978742691471289
EMEA,Bookcases,2013,49,12,4,Autumn,0.0,0.0,718.398,3,-0.35460488704253595,0.9350162426854147,2013-49,2013-12-02,585.1905812025736,734.49,122.58,414.1076453006434,482.8071453006434,286.1219789008601,318.7011638124847,4.0,3.0,1.0,2.75,4.5,0.9574271077563432,4.889692312312799
EMEA,Bookcases,2013,50,12,4,Autumn,0.0,0.0,416.6805812025736,7,-0.2393156642875578,0.970941817426052,2013-50,2013-12-09,718.398,103.122,413.1,492.4972906012868,483.1055270675245,203.56175384477953,318.63163655673554,3.0,2.0,1.0,4.0,5.0,2.1602468994692887,4.805300104146365
EMEA,Bookcases,2013,51,12,4,Autumn,0.0,0.0,57.516,1,-0.12053668025532363,0.992708874098054,2013-51,2013-12-16,416.6805812025736,249.72,676.6800000000001,444.44629060128676,431.50852706752454,285.9746368838487,334.18771018607515,7.0,2.0,5.0,3.75,4.666666666666667,2.5000000000000018,4.942088872556058
EMEA,Bookcases,2013,52,12,4,Winter,0.0,0.0,833.5531624051472,10,6.432490598706546e-16,1.0,2013-52,2013-12-23,57.516,585.1905812025736,1173.4545812025735,506.5369359019302,403.1834088344057,347.1400717459128,274.6938586393099,1.0,4.0,19.0,5.25,3.9166666666666665,4.031128874149276,2.778434265858552
EMEA,Bookcases,2014,1,12,4,Winter,0.0,0.0,885.2505812025736,6,0.12053668025532305,0.992708874098054,2014-1,2013-12-30,833.5531624051472,718.398,311.60400000000004,548.2500812025736,450.9872906012868,388.6290677616713,305.49562010317874,10.0,3.0,2.0,6.0,4.25,3.7416573867739427,2.767506261797955
EMEA,Bookcases,2014,3,1,1,Winter,0.0,0.0,951.8100000000001,4,0.3546048870425356,0.9350162426854148,2014-3,2014-01-13,885.2505812025736,416.6805812025736,534.4305812025736,682.0324359019302,485.76890883440564,419.14868401790903,337.90084409276136,6.0,7.0,6.0,5.25,4.083333333333333,3.7749172176353762,2.712205856136401
EMEA,Bookcases,2014,4,1,1,Winter,0.0,0.0,362.4,1,0.4647231720437685,0.8854560256532099,2014-4,2014-01-20,951.8100000000001,57.516,68.748,758.2534359019302,510.2399088344057,268.3048079745539,314.7978104340113,4.0,1.0,1.0,5.25,4.083333333333333,3.7749172176353762,2.712205856136401
EMEA,Bookcases,2014,7,2,1,Winter,0.0,0.0,492.9811624051472,12,0.7485107481711011,0.6631226582407953,2014-7,2014-02-10,362.4,833.5531624051472,224.748,673.1104359019303,532.592672368168,289.6344928960634,301.94381745040613,1.0,10.0,6.0,5.75,4.583333333333333,4.645786621588786,3.5280263174995845
EMEA,Bookcases,2014,11,3,1,Winter,0.0,0.0,59.376,1,0.970941817426052,0.23931566428755804,2014-11,2014-03-10,492.9811624051472,885.2505812025736,734.49,466.6417906012868,476.3331723681679,370.9509082614706,323.06214852156864,12.0,6.0,3.0,4.5,4.416666666666667,5.196152422706633,3.6545944516540527
EMEA,Bookcases,2014,12,3,1,Spring,0.0,0.0,999.2505812025736,6,0.992708874098054,0.120536680255323,2014-12,2014-03-17,59.376,951.8100000000001,103.122,478.5019359019302,551.0105541350491,391.8056530340998,332.38752998599267,1.0,4.0,2.0,5.0,4.75,5.228129047119375,3.59608372842154
EMEA,Bookcases,2014,15,4,2,Spring,0.0,0.0,616.65,5,0.9709418174260521,-0.2393156642875575,2014-15,2014-04-07,999.2505812025736,362.4,249.72,542.0644359019302,581.588054135049,387.28950055365596,318.74881928616026,6.0,1.0,2.0,6.0,5.0,4.5460605656619535,3.4902461491731733
EMEA,Bookcases,2014,16,4,2,Spring,0.0,0.0,246.4905812025736,2,0.9350162426854148,-0.35460488704253545,2014-16,2014-04-14,616.65,492.9811624051472,585.1905812025736,480.44179060128675,553.3630541350491,416.2310279586652,333.07471703726463,5.0,12.0,4.0,3.5,4.833333333333333,2.3804761428476193,3.5887028128263645
EMEA,Bookcases,2014,17,4,2,Spring,0.0,0.0,123.99,1,0.8854560256532099,-0.4647231720437685,2014-17,2014-04-21,246.4905812025736,59.376,718.398,496.59529060128676,503.8290541350491,395.1634862795222,350.06593129822187,2.0,1.0,3.0,3.5,4.666666666666667,2.3804761428476193,3.7254245232976952
EMEA,Bookcases,2014,18,4,2,Spring,0.0,0.0,230.928,4,0.8229838658936565,-0.5680647467311557,2014-18,2014-04-28,123.99,999.2505812025736,416.6805812025736,304.5146453006434,488.3496723681679,215.09642302564077,358.28030071789345,1.0,6.0,7.0,3.0,4.416666666666667,1.825741858350557,3.6545944516540527
EMEA,Bookcases,2014,19,5,2,Spring,0.0,0.0,273.084,3,0.7485107481711013,-0.663122658240795,2014-19,2014-05-05,230.928,616.65,57.516,218.6231453006434,506.31367236816794,65.445703492788,339.6337205671887,4.0,5.0,1.0,2.5,4.583333333333333,1.2909944487358103,3.5280263174995845
EMEA,Bookcases,2014,20,5,2,Spring,0.0,0.0,419.1105812025736,3,0.6631226582407952,-0.7485107481711012,2014-20,2014-05-12,273.084,246.4905812025736,833.5531624051472,261.7781453006434,471.7767906012868,122.22741398417982,324.04641172249075,3.0,2.0,10.0,2.75,4.0,1.2583057392117964,3.104249287084338
EMEA,Bookcases,2014,21,5,2,Spring,0.0,0.0,100.008,2,0.5680647467311558,-0.8229838658936564,2014-21,2014-05-19,419.1105812025736,123.99,885.2505812025736,255.7826453006434,406.3399088344056,131.4773047994473,312.021922111385,3.0,1.0,6.0,3.0,3.6666666666666665,0.8164965809277333,3.0846639225613375
EMEA,Bookcases,2014,23,6,2,Spring,0.0,0.0,122.07,1,0.35460488704253584,-0.9350162426854147,2014-23,2014-06-02,100.008,230.928,951.8100000000001,228.5681453006434,337.1949088344057,148.50100685545888,269.14576433791325,2.0,4.0,4.0,2.25,3.4166666666666665,0.9574271077563441,3.175426480542939
EMEA,Bookcases,2014,24,6,2,Spring,0.0,0.0,410.22,1,0.23931566428755768,-0.970941817426052,2014-24,2014-06-09,122.07,273.084,362.4,262.85214530064343,341.1799088344057,175.56747181958008,269.9058205594402,1.0,3.0,1.0,1.75,3.4166666666666665,0.9574271077563441,3.175426480542939
EMEA,Bookcases,2014,25,6,2,Spring,0.0,0.0,246.4905812025736,4,0.12053668025532308,-0.992708874098054,2014-25,2014-06-16,410.22,419.1105812025736,492.9811624051472,219.6971453006434,320.6390270675245,142.4469461151235,266.66287637237946,1.0,3.0,12.0,2.0,2.75,1.4142135623730994,1.712255291076119
EMEA,Bookcases,2014,26,6,2,Summer,0.0,0.0,788.8305812025736,10,-3.216245299353273e-16,-1.0,2014-26,2014-06-23,246.4905812025736,100.008,59.376,391.9027906012868,381.42690883440565,289.736453026809,284.2538796731405,4.0,2.0,1.0,4.0,3.5,4.2426406871192865,2.611164839335464
EMEA,Bookcases,2014,27,7,3,Summer,0.0,0.0,246.4905812025736,6,-0.12053668025532283,-0.992708874098054,2014-27,2014-06-30,788.8305812025736,122.07,999.2505812025736,423.0079359019302,318.69690883440563,255.80363050558248,208.47586229974198,10.0,1.0,6.0,5.25,3.5,3.7749172176353767,2.611164839335464
EMEA,Bookcases,2014,28,7,3,Summer,0.0,0.0,315.06,2,-0.23931566428755743,-0.9709418174260521,2014-28,2014-07-07,246.4905812025736,410.22,616.65,399.2179359019302,293.5644088344057,261.7453350748682,186.28948847366263,6.0,1.0,5.0,5.5,3.25,3.4156502553198678,2.5980762113533125
EMEA,Bookcases,2014,29,7,3,Summer,0.0,0.0,156.456,1,-0.3546048870425356,-0.9350162426854148,2014-29,2014-07-14,315.06,246.4905812025736,246.4905812025736,376.7092906012868,286.06152706752454,282.3195692217563,190.1312370636913,2.0,4.0,2.0,4.75,3.1666666666666665,4.112987559751024,2.657180095628831
EMEA,Bookcases,2014,30,7,3,Summer,0.0,0.0,506.82,2,-0.46472317204376806,-0.8854560256532101,2014-30,2014-07-21,156.456,788.8305812025736,123.99,306.20664530064334,317.96402706752457,148.67791144224785,192.56702488213963,1.0,10.0,1.0,2.75,3.25,2.217355782608348,2.5980762113533125
EMEA,Bookcases,2014,31,7,3,Summer,0.0,0.0,155.052,1,-0.5680647467311556,-0.8229838658936566,2014-31,2014-07-28,506.82,246.4905812025736,230.928,283.347,311.64102706752453,166.84007212897055,196.88204692129185,2.0,6.0,4.0,1.5,3.0,0.5773502691896364,2.6628760937957803
EMEA,Bookcases,2014,32,8,3,Summer,0.0,0.0,1363.71,7,-0.663122658240795,-0.7485107481711013,2014-32,2014-08-04,155.052,315.06,273.084,545.5095,402.5265270675245,570.0200642021298,360.88632490615794,1.0,2.0,3.0,2.75,3.3333333333333335,2.8722813232690165,2.902454551623919
EMEA,Bookcases,2014,33,8,3,Summer,0.0,0.0,535.5705812025736,10,-0.7485107481711011,-0.6631226582407952,2014-33,2014-08-11,1363.71,156.456,419.1105812025736,640.2881453006434,412.2315270675245,512.3712230416251,362.93297399434,7.0,1.0,3.0,5.0,3.9166666666666665,4.2426406871192865,3.4761089357690325
EMEA,Bookcases,2014,34,8,3,Summer,0.0,0.0,722.9145812025736,11,-0.8229838658936564,-0.5680647467311559,2014-34,2014-08-18,535.5705812025736,506.82,100.008,694.3117906012867,464.14040883440566,504.94619373325156,358.7389307678266,10.0,2.0,2.0,7.25,4.666666666666667,4.500000000000001,3.9619401430321584
EMEA,Bookcases,2014,35,8,3,Summer,0.0,0.0,995.202,10,-0.8854560256532096,-0.4647231720437691,2014-35,2014-08-25,722.9145812025736,155.052,122.07,904.3492906012868,536.9014088344056,359.7141302130314,371.375100317244,11.0,1.0,1.0,9.5,5.416666666666667,1.7320508075688803,4.055486369964727
EMEA,Bookcases,2014,36,9,3,Summer,0.0,0.0,492.9811624051472,10,-0.9350162426854147,-0.3546048870425359,2014-36,2014-09-01,995.202,1363.71,410.22,686.6670812025736,543.7981723681679,228.65699553861498,369.57274361168163,10.0,7.0,1.0,10.25,6.166666666666667,0.5000000000000099,3.9962103260084985
EMEA,Bookcases,2014,37,9,3,Summer,0.0,0.0,149.46,1,-0.970941817426052,-0.23931566428755774,2014-37,2014-09-08,492.9811624051472,535.5705812025736,246.4905812025736,590.1394359019303,535.7122906012868,358.3959706707232,377.64224937485795,10.0,10.0,4.0,8.0,5.916666666666667,4.6904157598234315,4.2310182168734665
EMEA,Bookcases,2014,38,9,3,Summer,0.0,0.0,899.484,3,-0.992708874098054,-0.12053668025532357,2014-38,2014-09-15,149.46,722.9145812025736,788.8305812025736,634.2817906012868,544.9334088344057,389.7065757690147,385.6506889667998,1.0,11.0,10.0,6.0,5.333333333333333,4.6904157598234315,4.097301403104093
EMEA,Bookcases,2014,39,9,3,Autumn,0.0,0.0,723.1305812025736,7,-1.0,-1.8369701987210297e-16,2014-39,2014-09-22,899.484,995.202,246.4905812025736,566.2639359019302,584.6534088344057,323.902578666344,376.5567641600265,3.0,10.0,6.0,5.25,5.416666666666667,4.031128874149277,4.122186827695249
EMEA,Bookcases,2014,40,9,3,Autumn,0.0,0.0,1146.2145812025735,9,-0.992708874098054,0.1205366802553232,2014-40,2014-09-29,723.1305812025736,492.9811624051472,315.06,729.5722906012868,653.9162906012867,423.8838491202238,398.27436245954055,7.0,10.0,2.0,5.0,6.0,3.65148371670111,4.089898865164359
EMEA,Bookcases,2014,41,10,4,Autumn,0.0,0.0,170.28,4,-0.9709418174260521,0.23931566428755738,2014-41,2014-10-06,1146.2145812025735,149.46,156.456,734.7772906012868,655.0682906012868,414.4079234901654,396.72162685182485,9.0,1.0,1.0,5.75,6.25,2.753785273643054,3.8405728739343012
EMEA,Bookcases,2014,42,10,4,Autumn,0.0,0.0,237.504,4,-0.9350162426854148,0.35460488704253557,2014-42,2014-10-13,170.28,899.484,506.82,569.2822906012868,632.6252906012868,456.7274265462833,413.1482964508569,4.0,3.0,2.0,6.0,6.416666666666667,2.4494897427831814,3.6793856535947365
EMEA,Bookcases,2014,45,11,4,Autumn,0.0,0.0,246.4905812025736,4,-0.7485107481711011,0.6631226582407952,2014-45,2014-11-03,237.504,723.1305812025736,155.052,450.12229060128686,640.2451723681679,465.30584752195597,404.28766515841716,4.0,7.0,1.0,5.25,6.666666666666667,2.5000000000000036,3.3665016461206894
EMEA,Bookcases,2014,46,11,4,Autumn,0.0,0.0,121.05,1,-0.6631226582407955,0.7485107481711007,2014-46,2014-11-10,246.4905812025736,1146.2145812025735,1363.71,193.83114530064339,536.690172368168,59.25112089895174,358.71136688806513,4.0,9.0,7.0,3.25,6.166666666666667,1.5000000000000056,3.7376057804023355
EMEA,Bookcases,2014,47,11,4,Autumn,0.0,0.0,1050.0105812025736,8,-0.5680647467311559,0.8229838658936564,2014-47,2014-11-17,121.05,170.28,535.5705812025736,413.7637906012868,579.560172368168,427.9950085861468,388.1020060292593,1.0,4.0,10.0,4.25,6.0,2.872281323269017,3.5929223355217257
EMEA,Bookcases,2014,48,11,4,Autumn,0.0,0.0,69.144,1,-0.4647231720437684,0.88545602565321,2014-48,2014-11-24,1050.0105812025736,237.504,722.9145812025736,371.67379060128684,525.0792906012867,458.311464695947,411.340494068847,8.0,4.0,11.0,3.5,5.166666666666667,3.3166247903554025,3.4859023439441237
EMEA,Bookcases,2014,49,12,4,Autumn,0.0,0.0,363.75,1,-0.35460488704253595,0.9350162426854147,2014-49,2014-12-01,69.144,246.4905812025736,995.202,400.9886453006434,472.4582906012868,451.33236228348994,385.2974252669043,1.0,4.0,10.0,2.75,4.416666666666667,3.500000000000002,3.3154825052206545
EMEA,Bookcases,2014,50,12,4,Autumn,0.0,0.0,237.072,4,-0.2393156642875578,0.970941817426052,2014-50,2014-12-08,363.75,121.05,492.9811624051472,429.99414530064337,451.1325270675245,430.5966593329322,391.09673580641305,1.0,1.0,10.0,3.5,3.9166666666666665,3.3166247903554025,2.810963384947434
EMEA,Bookcases,2014,51,12,4,Autumn,0.0,0.0,364.32,1,-0.12053668025532363,0.992708874098054,2014-51,2014-12-15,237.072,1050.0105812025736,149.46,258.5715,469.03752706752454,139.7500964471947,380.8132753261924,4.0,8.0,1.0,1.75,3.9166666666666665,1.5000000000000056,2.810963384947434
EMEA,Bookcases,2014,52,12,4,Winter,0.0,0.0,668.2411624051472,9,6.432490598706546e-16,1.0,2014-52,2014-12-22,364.32,69.144,899.484,408.3457906012868,449.76729060128673,183.3097291557135,362.4597877911207,1.0,1.0,3.0,3.75,4.416666666666667,3.774917217635377,3.146667308679952
EMEA,Chairs,2011,25,6,2,Summer,0.0,0.0,457.95,1,0.12053668025532308,-0.992708874098054,2011-25,2011-06-20,132.87,317.90999999999997,246.4905812025736,298.7775,260.08788176688114,182.05861865069724,149.85722041667154,1.0,7.0,4.0,1.0,2.9166666666666665,0.0,2.391588796113782
EMEA,Chairs,2011,26,6,2,Summer,0.0,0.0,131.568,4,-3.216245299353273e-16,-1.0,2011-26,2011-06-27,457.95,149.58,417.87,294.2745,236.22938176688115,187.13100288567898,145.17089569612364,1.0,1.0,3.0,1.75,3.0,1.5000000000000004,2.412090756622109
EMEA,Chairs,2011,31,8,3,Summer,0.0,0.0,509.3505812025736,10,-0.5680647467311556,-0.8229838658936566,2011-31,2011-08-01,131.568,454.71,413.4885812025736,307.9346453006434,244.2178817668811,203.98186969243721,157.89209512683928,4.0,1.0,8.0,4.0,3.1666666666666665,4.242640687119285,2.8230651727682394
EMEA,Chairs,2011,32,8,3,Summer,0.0,0.0,787.3679999999999,4,-0.663122658240795,-0.7485107481711013,2011-32,2011-08-08,509.3505812025736,132.87,59.4,471.5591453006434,304.8818817668811,268.91300517249465,211.25641496506856,10.0,1.0,2.0,4.75,3.3333333333333335,3.774917217635375,2.806917861068948
EMEA,Chairs,2011,33,8,3,Summer,0.0,0.0,246.4905812025736,10,-0.7485107481711011,-0.6631226582407952,2011-33,2011-08-15,787.3679999999999,457.95,211.29000000000002,418.6942906012868,307.8152635337622,292.25245440231004,210.07982214747628,4.0,1.0,3.0,7.0,3.9166666666666665,3.4641016151377544,3.3967453227875044
EMEA,Chairs,2011,34,8,3,Summer,0.0,0.0,88.2,1,-0.8229838658936564,-0.5680647467311559,2011-34,2011-08-22,246.4905812025736,131.568,284.352,407.8522906012868,291.4692635337623,306.892633137452,219.4917449385816,10.0,4.0,3.0,6.25,3.75,4.5,3.493500458643945
EMEA,Chairs,2011,36,9,3,Summer,0.0,0.0,246.4905812025736,6,-0.9350162426854147,-0.3546048870425359,2011-36,2011-09-05,88.2,509.3505812025736,142.644,342.1372906012868,300.1231453006434,306.05615943657983,215.09370765927522,1.0,10.0,4.0,5.25,3.9166666666666665,3.774917217635375,3.553700589355817
EMEA,Chairs,2011,37,9,3,Summer,0.0,0.0,510.38399999999996,2,-0.970941817426052,-0.23931566428755774,2011-37,2011-09-12,246.4905812025736,787.3679999999999,78.99,272.89129060128676,336.0726453006434,175.03109700376214,210.78202749978036,6.0,4.0,1.0,4.75,4.0,4.112987559751022,3.490246149173176
EMEA,Chairs,2011,38,9,3,Summer,0.0,0.0,170.88,4,-0.992708874098054,-0.12053668025532357,2011-38,2011-09-19,510.38399999999996,246.4905812025736,317.90999999999997,253.98864530064338,323.8201453006434,182.74547026849328,216.13904144159505,2.0,10.0,7.0,3.25,3.75,2.217355782608345,3.3608710992024893
EMEA,Chairs,2011,39,9,3,Autumn,0.0,0.0,203.892,3,-1.0,-1.8369701987210297e-16,2011-39,2011-09-26,170.88,88.2,149.58,282.9116453006434,328.3461453006434,154.77441644181621,212.70001352247465,4.0,1.0,1.0,3.75,3.9166666666666665,1.707825127659933,3.2601821849074453
EMEA,Chairs,2011,40,10,4,Autumn,0.0,0.0,63.84,2,-0.992708874098054,0.1205366802553232,2011-40,2011-10-03,203.892,246.4905812025736,454.71,237.24899999999997,295.7736453006434,191.65154414196607,221.34266263572476,3.0,6.0,1.0,2.75,4.0,0.9574271077563381,3.1908961408698633
EMEA,Chairs,2011,41,10,4,Autumn,0.0,0.0,53.01,1,-0.9709418174260521,0.23931566428755738,2011-41,2011-10-10,63.84,510.38399999999996,132.87,122.9055,289.1186453006434,75.7946349090746,227.79245714561665,2.0,2.0,1.0,2.5,4.0,1.2909944487358056,3.1908961408698633
EMEA,Chairs,2011,44,11,4,Autumn,0.0,0.0,197.64600000000002,7,-0.822983865893657,0.5680647467311548,2011-44,2011-10-31,53.01,170.88,457.95,129.597,267.42664530064343,82.3406846461694,222.58811186859566,1.0,4.0,1.0,3.25,4.5,2.6299556396765835,3.147870853305598
EMEA,Chairs,2011,45,11,4,Autumn,0.0,0.0,173.94,1,-0.7485107481711011,0.6631226582407952,2011-45,2011-11-07,197.64600000000002,203.892,131.568,122.10900000000001,270.9576453006434,74.30172517512572,220.56388660392778,7.0,3.0,4.0,2.75,4.25,2.8722813232690143,3.306330017076061
EMEA,Chairs,2011,47,11,4,Autumn,0.0,0.0,208.908,5,-0.5680647467311559,0.8229838658936564,2011-47,2011-11-21,173.94,63.84,509.3505812025736,158.37599999999998,245.92076353376225,71.73991909669213,207.7213014906844,1.0,2.0,10.0,3.5,3.8333333333333335,3.0,2.7906771199618903
EMEA,Chairs,2011,48,12,4,Autumn,0.0,0.0,18.96,1,-0.4647231720437684,0.88545602565321,2011-48,2011-11-28,208.908,53.01,787.3679999999999,149.8635,181.88676353376226,88.47753848859001,129.2535810855138,5.0,1.0,4.0,3.5,3.5833333333333335,3.0,2.9063670960444243
EMEA,Chairs,2011,50,12,4,Autumn,0.0,0.0,276.084,2,-0.2393156642875578,0.970941817426052,2011-50,2011-12-12,18.96,197.64600000000002,246.4905812025736,169.473,184.3528817668811,108.92679774968113,130.87046186923612,1.0,7.0,10.0,2.25,2.9166666666666665,1.892969448600091,2.1087839379532696
EMEA,Chairs,2011,52,12,4,Winter,0.0,0.0,185.472,1,6.432490598706546e-16,1.0,2011-52,2011-12-26,276.084,173.94,88.2,172.356,192.45888176688115,109.23660705093297,127.33821986065402,2.0,1.0,1.0,2.25,2.9166666666666665,1.892969448600091,2.1087839379532696
EMEA,Chairs,2012,1,1,1,Winter,0.0,0.0,25.344,1,0.12053668025532305,0.992708874098054,2012-1,2012-01-02,185.472,208.908,246.4905812025736,126.465,174.03,126.02969607199692,134.6030256231602,1.0,5.0,6.0,1.25,2.5,0.4999999999999992,1.9306145983268461
EMEA,Chairs,2012,4,1,1,Winter,0.0,0.0,246.4905812025736,6,0.4647231720437685,0.8854560256532099,2012-4,2012-01-23,25.344,18.96,510.38399999999996,183.3476453006434,152.03888176688113,111.88793001395071,88.22024644681215,1.0,1.0,2.0,2.5,2.8333333333333335,2.3804761428476167,2.167249338901664
EMEA,Chairs,2012,8,2,1,Winter,0.0,0.0,1228.6711624051472,32,0.8229838658936564,0.5680647467311559,2012-8,2012-02-20,246.4905812025736,276.084,170.88,421.4944359019302,240.1881453006434,546.1386805206326,323.496451962002,6.0,2.0,4.0,10.0,5.166666666666667,14.854853303438126,8.71605971581752
EMEA,Chairs,2012,9,3,1,Winter,0.0,0.0,164.46,1,0.8854560256532099,0.4647231720437686,2012-9,2012-02-27,1228.6711624051472,185.472,203.892,416.24143590193023,236.9021453006434,549.2577142643806,324.09836708615495,32.0,1.0,3.0,10.0,5.0,14.854853303438126,8.780142885563373
EMEA,Chairs,2012,10,3,1,Winter,0.0,0.0,487.425,4,0.9350162426854148,0.35460488704253557,2012-10,2012-03-05,164.46,25.344,63.84,531.7616859019302,272.2008953006434,484.40296303785016,326.59349776399637,1.0,1.0,2.0,10.75,5.166666666666667,14.314910641239317,8.736894948054106
EMEA,Chairs,2012,12,3,1,Spring,0.0,0.0,221.568,4,0.992708874098054,0.120536680255323,2012-12,2012-03-19,487.425,246.4905812025736,53.01,525.5310406012868,286.2473953006434,489.4295753334116,319.8647202910751,4.0,6.0,1.0,10.25,5.416666666666667,14.568802284333465,8.649312461728162
EMEA,Chairs,2012,13,3,1,Spring,0.0,0.0,135.552,4,1.0,-1.6081226496766366e-16,2012-13,2012-03-26,221.568,1228.6711624051472,197.64600000000002,252.25125,281.07289530064344,160.80440815552885,321.9239635899872,4.0,32.0,7.0,3.25,5.166666666666667,1.4999999999999873,8.64274086716533
EMEA,Chairs,2012,15,4,2,Spring,0.0,0.0,87.768,4,0.9709418174260521,-0.2393156642875575,2012-15,2012-04-09,135.552,164.46,173.94,233.07825,273.8918953006434,178.3733848651471,325.47251606186563,4.0,1.0,1.0,4.0,5.416666666666667,0.0,8.554194434559133
EMEA,Chairs,2012,18,5,2,Spring,0.0,0.0,36.684,1,0.8229838658936565,-0.5680647467311557,2012-18,2012-04-30,87.768,487.425,208.908,120.393,259.5398953006434,78.60823369087862,332.3236190994024,4.0,4.0,5.0,3.25,5.083333333333333,1.4999999999999873,8.649312461728162
EMEA,Chairs,2012,22,6,2,Spring,0.0,0.0,555.072,5,0.46472317204376906,-0.8854560256532096,2012-22,2012-05-28,36.684,221.568,18.96,203.769,304.2158953006434,237.6559040040871,333.07630372002455,1.0,4.0,1.0,3.5,5.416666666666667,1.7320508075688663,8.554194434559133
EMEA,Chairs,2012,23,6,2,Spring,0.0,0.0,461.43,1,0.35460488704253584,-0.9350162426854147,2012-23,2012-06-04,555.072,135.552,276.084,285.2385,319.6613953006434,261.1688471946835,335.93832965400446,5.0,4.0,2.0,2.75,5.333333333333333,2.061552812808821,8.595277068180403
EMEA,Chairs,2012,24,6,2,Spring,0.0,0.0,666.36,7,0.23931566428755768,-0.970941817426052,2012-24,2012-06-11,461.43,87.768,185.472,429.8865,359.7353953006434,275.19346165379744,346.9768393653015,1.0,4.0,1.0,3.5,5.833333333333333,2.999999999999994,8.494204798067631
EMEA,Chairs,2012,25,6,2,Spring,0.0,0.0,47.64,1,0.12053668025532308,-0.992708874098054,2012-25,2012-06-18,666.36,36.684,25.344,432.62550000000005,361.5933953006434,269.98055256073553,345.0779493184416,7.0,1.0,1.0,3.5,5.833333333333333,2.999999999999994,8.494204798067631
EMEA,Chairs,2012,26,6,2,Summer,0.0,0.0,469.68,1,-3.216245299353273e-16,-1.0,2012-26,2012-06-25,47.64,555.072,246.4905812025736,411.27750000000003,380.1925135337622,260.27257409300745,344.3240587899687,1.0,5.0,6.0,2.5,5.416666666666667,2.999999999999994,8.607167555783573
EMEA,Chairs,2012,27,7,3,Summer,0.0,0.0,40.152,1,-0.12053668025532283,-0.992708874098054,2012-27,2012-07-02,469.68,461.43,1228.6711624051472,305.958,281.14925,313.0897175187968,230.04868036495918,1.0,1.0,32.0,2.5,2.8333333333333335,2.999999999999994,2.0816659994661353
EMEA,Chairs,2012,29,7,3,Summer,0.0,0.0,635.8199999999999,2,-0.3546048870425356,-0.9350162426854148,2012-29,2012-07-16,40.152,666.36,164.46,298.323,320.42924999999997,301.53036231199,247.8647519321503,1.0,7.0,1.0,1.25,2.9166666666666665,0.4999999999999621,2.020725942163693
EMEA,Chairs,2012,32,8,3,Summer,0.0,0.0,529.5,2,-0.663122658240795,-0.7485107481711013,2012-32,2012-08-06,635.8199999999999,47.64,487.425,418.78799999999995,323.9355,261.60737255666186,250.72291121203187,2.0,1.0,4.0,1.5,2.75,0.577350269189593,2.005673770264567
EMEA,Chairs,2012,33,8,3,Summer,0.0,0.0,528.5205812025736,11,-0.7485107481711011,-0.6631226582407952,2012-33,2012-08-13,529.5,469.68,221.568,433.4981453006434,349.51488176688116,267.0211866390103,254.9520549237915,2.0,1.0,4.0,4.0,3.3333333333333335,4.690415759823426,3.1139957766460933
EMEA,Chairs,2012,34,8,3,Summer,0.0,0.0,703.8,4,-0.8229838658936564,-0.5680647467311559,2012-34,2012-08-20,528.5205812025736,40.152,135.552,599.4101453006433,396.8688817668811,85.89854092154924,264.20292955570255,11.0,1.0,4.0,4.75,3.3333333333333335,4.272001872658762,3.1139957766460933
EMEA,Chairs,2012,36,9,3,Summer,0.0,0.0,333.63,3,-0.9350162426854147,-0.3546048870425359,2012-36,2012-09-03,703.8,635.8199999999999,87.768,523.8626453006434,417.35738176688113,151.23864925910513,247.02843511610573,4.0,2.0,4.0,5.0,3.25,4.082482904638626,3.1079078025403066
EMEA,Chairs,2012,37,9,3,Summer,0.0,0.0,51.6,1,-0.970941817426052,-0.23931566428755774,2012-37,2012-09-10,333.63,529.5,36.684,404.3876453006434,418.60038176688107,279.5964418988616,244.96775733259324,3.0,2.0,1.0,4.75,3.25,4.349329450233292,3.1079078025403066
EMEA,Chairs,2012,39,9,3,Autumn,0.0,0.0,288.0,4,-1.0,-1.8369701987210297e-16,2012-39,2012-09-24,51.6,528.5205812025736,555.072,344.2575,396.3443817668811,269.6893717316276,243.5698940495972,1.0,11.0,5.0,3.0,3.1666666666666665,1.4142135623730832,3.069892901102974
EMEA,Chairs,2012,40,10,4,Autumn,0.0,0.0,246.4905812025736,4,-0.992708874098054,0.1205366802553232,2012-40,2012-10-01,288.0,703.8,461.43,229.9301453006434,378.4327635337622,124.09896138389229,246.23701390598228,4.0,4.0,1.0,3.0,3.4166666666666665,1.4142135623730832,2.998737107921308
EMEA,Chairs,2012,41,10,4,Autumn,0.0,0.0,182.61,1,-0.9709418174260521,0.23931566428755738,2012-41,2012-10-08,246.4905812025736,333.63,666.36,192.1751453006434,338.1202635337623,103.2560455635869,234.11392458579553,4.0,3.0,7.0,2.5,2.9166666666666665,1.7320508075688676,2.8431203515386656
EMEA,Chairs,2012,43,10,4,Autumn,0.0,0.0,457.14,1,-0.8854560256532101,0.464723172043768,2012-43,2012-10-22,182.61,51.6,47.64,293.5601453006434,372.2452635337622,117.35240756775154,217.1541876180165,1.0,1.0,1.0,2.5,2.9166666666666665,1.7320508075688676,2.8431203515386656
EMEA,Chairs,2012,44,11,4,Autumn,0.0,0.0,182.61,1,-0.822983865893657,0.5680647467311548,2012-44,2012-10-29,457.14,288.0,469.68,267.21264530064343,348.32276353376227,130.1499381320285,221.21892209687218,1.0,4.0,1.0,1.75,2.9166666666666665,1.4999999999999887,2.8431203515386656
EMEA,Chairs,2012,45,11,4,Autumn,0.0,0.0,292.7385812025736,6,-0.7485107481711011,0.6631226582407952,2012-45,2012-11-05,182.61,246.4905812025736,40.152,278.7746453006434,369.37164530064337,129.74907742060893,200.2543026834387,1.0,4.0,1.0,2.25,3.3333333333333335,2.4999999999999933,2.902454551623924
EMEA,Chairs,2012,46,11,4,Autumn,0.0,0.0,110.76,2,-0.6631226582407955,0.7485107481711007,2012-46,2012-11-12,292.7385812025736,182.61,635.8199999999999,260.8121453006434,325.61664530064337,150.77040567167012,194.00817701573231,6.0,1.0,2.0,2.5,3.3333333333333335,2.3804761428476096,2.902454551623924
EMEA,Chairs,2012,47,11,4,Autumn,0.0,0.0,166.71,1,-0.5680647467311559,0.8229838658936564,2012-47,2012-11-19,110.76,457.14,529.5,188.2046453006434,295.3841453006434,76.19784921184113,187.50654562171857,2.0,1.0,2.0,2.5,3.25,2.3804761428476096,2.95803989154981
EMEA,Chairs,2012,48,11,4,Autumn,0.0,0.0,168.96,2,-0.4647231720437684,0.88545602565321,2012-48,2012-11-26,166.71,182.61,528.5205812025736,184.7921453006434,265.4207635337623,76.83491473117107,175.18887650655918,1.0,1.0,11.0,2.75,2.5,2.2173557826083377,1.6787441193290389
EMEA,Chairs,2013,1,12,4,Winter,0.0,0.0,23.532,1,0.12053668025532305,0.992708874098054,2013-1,2012-12-31,168.96,292.7385812025736,703.8,117.49050000000001,208.7317635337623,68.17909739062118,122.61272115341859,2.0,6.0,4.0,1.5,2.25,0.5773502691895974,1.6583123951777037
EMEA,Chairs,2013,3,1,1,Winter,0.0,0.0,246.4905812025736,6,0.3546048870425356,0.9350162426854148,2013-3,2013-01-14,23.532,110.76,333.63,151.4231453006434,201.4701453006434,92.97883561080445,116.99497227818786,1.0,2.0,3.0,2.5,2.5,2.38047614284761,1.9771421064483252
EMEA,Chairs,2013,5,1,1,Winter,0.0,0.0,246.4905812025736,4,0.5680647467311558,0.8229838658936564,2013-5,2013-01-28,246.4905812025736,166.71,51.6,171.3682906012868,217.71102706752455,105.11594514746768,107.43566499059605,6.0,1.0,1.0,3.25,2.75,2.217355782608338,1.9598237397554663
EMEA,Chairs,2013,6,2,1,Winter,0.0,0.0,250.29,3,0.6631226582407952,0.7485107481711011,2013-6,2013-02-04,246.4905812025736,168.96,288.0,191.7007906012868,214.56852706752454,112.1268327959177,105.73078562519062,4.0,2.0,4.0,3.5,2.6666666666666665,2.081665999466125,1.9227505550564035
EMEA,Chairs,2013,7,2,1,Winter,0.0,0.0,140.952,2,0.7485107481711011,0.6631226582407953,2013-7,2013-02-11,250.29,23.532,246.4905812025736,221.05579060128682,205.77364530064338,53.432553790502894,107.21311211019334,3.0,1.0,4.0,3.75,2.5,1.7078251276599241,1.8829377433825465
EMEA,Chairs,2013,12,3,1,Spring,0.0,0.0,265.74,2,0.992708874098054,0.120536680255323,2013-12,2013-03-18,140.952,246.4905812025736,182.61,225.8681453006434,212.7011453006434,57.219543221327314,108.26091868058084,2.0,6.0,1.0,2.75,2.5833333333333335,0.957427107756322,1.831955405041459
EMEA,Chairs,2013,20,5,2,Spring,0.0,0.0,110.88,2,0.6631226582407952,-0.7485107481711012,2013-20,2013-05-13,265.74,246.4905812025736,457.14,191.9655,183.84614530064337,77.50625704418891,79.51589394740148,2.0,4.0,1.0,2.25,2.6666666666666665,0.4999999999999693,1.7752507291971922
EMEA,Chairs,2013,21,5,2,Spring,0.0,0.0,137.16,1,0.5680647467311558,-0.8229838658936564,2013-21,2013-05-20,110.88,250.29,182.61,163.683,180.0586453006434,69.33963740891538,80.65441290166046,2.0,3.0,1.0,1.75,2.6666666666666665,0.4999999999999693,1.7752507291971922
EMEA,Chairs,2013,23,6,2,Spring,0.0,0.0,819.75,6,0.35460488704253584,-0.9350162426854147,2013-23,2013-06-03,137.16,140.952,292.7385812025736,333.3825,223.97626353376225,331.2297716465113,201.11499481925125,1.0,2.0,6.0,2.75,2.6666666666666665,2.217355782608338,1.7752507291971922
EMEA,Chairs,2013,24,6,2,Spring,0.0,0.0,362.6505812025736,8,0.23931566428755768,-0.970941817426052,2013-24,2013-06-10,819.75,265.74,110.76,357.6101453006434,244.9671453006434,328.1629079480573,201.36915246219542,6.0,2.0,2.0,4.25,3.1666666666666665,3.30403793359983,2.3290003057626323
EMEA,Chairs,2013,25,6,2,Spring,0.0,0.0,434.9625812025736,5,0.12053668025532308,-0.992708874098054,2013-25,2013-06-17,362.6505812025736,110.88,166.71,438.63079060128683,267.3215270675245,283.9735535450033,206.7106795542497,8.0,2.0,1.0,5.0,3.5,2.943920288775944,2.2763607319179866
EMEA,Chairs,2013,26,6,2,Summer,0.0,0.0,106.2,2,-3.216245299353273e-16,-1.0,2013-26,2013-06-24,434.9625812025736,137.16,168.96,430.8907906012868,262.0915270675245,295.13211724749203,210.1902335628138,5.0,1.0,2.0,5.25,3.5,2.499999999999994,2.2763607319179866
EMEA,Chairs,2013,27,7,3,Summer,0.0,0.0,327.3,2,-0.12053668025532283,-0.992708874098054,2013-27,2013-07-01,106.2,819.75,23.532,307.7782906012868,287.40552706752453,141.65888186199174,196.7072561800211,2.0,6.0,1.0,4.25,3.5833333333333335,2.872281323269009,2.193309385519077
EMEA,Chairs,2013,28,7,3,Summer,0.0,0.0,183.756,1,-0.23931566428755743,-0.9709418174260521,2013-28,2013-07-08,327.3,362.6505812025736,246.4905812025736,263.05464530064336,282.1776453006434,146.7099848060974,198.7168871594059,2.0,8.0,6.0,2.5,3.1666666666666665,1.7320508075688685,2.1672493389016654
EMEA,Chairs,2013,30,7,3,Summer,0.0,0.0,783.8985812025736,20,-0.46472317204376806,-0.8854560256532101,2013-30,2013-07-22,183.756,434.9625812025736,246.4905812025736,350.2886453006434,326.9616453006434,303.23722454055013,245.08912382158113,1.0,5.0,4.0,6.25,4.5,9.178779875342908,5.334280218974765
EMEA,Chairs,2013,31,8,3,Summer,0.0,0.0,515.778,5,-0.5680647467311556,-0.8229838658936566,2013-31,2013-07-29,783.8985812025736,106.2,250.29,452.6831453006434,349.0856453006434,259.31150397046565,249.4821696796603,20.0,2.0,3.0,7.0,4.666666666666667,8.831760866327844,5.314360191257669
EMEA,Chairs,2013,33,8,3,Summer,0.0,0.0,59.832,1,-0.7485107481711011,-0.6631226582407952,2013-33,2013-08-12,515.778,327.3,140.952,385.8161453006434,342.3256453006434,327.84837692487224,256.6310703010267,5.0,2.0,2.0,6.75,4.583333333333333,9.032349269892817,5.367551216393382
EMEA,Chairs,2013,34,8,3,Summer,0.0,0.0,124.62,2,-0.8229838658936564,-0.5680647467311559,2013-34,2013-08-19,59.832,183.756,265.74,371.03214530064344,330.56564530064344,341.0642813966388,263.5984177790853,1.0,1.0,2.0,7.0,4.583333333333333,8.831760866327844,5.367551216393382
EMEA,Chairs,2013,35,8,3,Summer,0.0,0.0,209.844,2,-0.8854560256532096,-0.4647231720437691,2013-35,2013-08-26,124.62,783.8985812025736,110.88,227.51850000000002,338.8126453006434,201.75297674383862,257.5798483783839,2.0,20.0,2.0,2.5,4.583333333333333,1.732050807568868,5.367551216393382
EMEA,Chairs,2013,36,9,3,Summer,0.0,0.0,40.152,1,-0.9350162426854147,-0.3546048870425359,2013-36,2013-09-02,209.844,515.778,137.16,108.612,330.72864530064345,76.52980658540673,265.87272078257035,2.0,5.0,1.0,1.5,4.583333333333333,0.5773502691895984,5.367551216393382
EMEA,Chairs,2013,37,9,3,Summer,0.0,0.0,140.358,2,-0.970941817426052,-0.23931566428755774,2013-37,2013-09-09,40.152,59.832,819.75,128.74349999999998,274.1126453006434,69.70806943962646,220.78495913605053,1.0,1.0,6.0,1.75,4.25,0.49999999999996836,5.395705362937859
EMEA,Chairs,2013,39,9,3,Autumn,0.0,0.0,149.544,6,-1.0,-1.8369701987210297e-16,2013-39,2013-09-23,140.358,124.62,362.6505812025736,134.9745,256.3537635337622,70.32780611536087,221.5851625133459,2.0,2.0,8.0,2.75,4.083333333333333,2.217355782608338,5.29937103186155
EMEA,Chairs,2013,40,9,3,Autumn,0.0,0.0,654.9105812025737,8,-0.992708874098054,0.1205366802553232,2013-40,2013-09-30,149.544,209.844,434.9625812025736,246.24114530064344,274.6827635337623,276.9145608421499,245.5077904662765,6.0,2.0,5.0,4.25,4.333333333333333,3.30403793359983,5.416025603090642
EMEA,Chairs,2013,42,10,4,Autumn,0.0,0.0,85.44,2,-0.9350162426854148,0.35460488704253557,2013-42,2013-10-14,654.9105812025737,40.152,106.2,257.56314530064344,272.95276353376227,266.4060458538502,246.87230672738235,8.0,1.0,2.0,4.5,4.333333333333333,2.9999999999999942,5.416025603090642
EMEA,Chairs,2013,43,10,4,Autumn,0.0,0.0,170.19,1,-0.8854560256532101,0.464723172043768,2013-43,2013-10-21,85.44,140.358,327.3,265.0211453006434,259.8602635337623,262.4189253726654,247.89200267647075,2.0,2.0,2.0,4.25,4.25,3.30403793359983,5.462683323322806
EMEA,Chairs,2013,46,11,4,Autumn,0.0,0.0,171.51,1,-0.6631226582407955,0.7485107481711007,2013-46,2013-11-11,170.19,149.544,183.756,270.51264530064344,258.8397635337623,259.4094666101488,248.25871915401888,1.0,6.0,1.0,3.0,4.25,3.3665016461206876,5.462683323322806
EMEA,Chairs,2013,47,11,4,Autumn,0.0,0.0,357.12,4,-0.5680647467311559,0.8229838658936564,2013-47,2013-11-18,171.51,654.9105812025737,783.8985812025736,196.06500000000003,223.27488176688112,114.67209381536487,189.9163023982639,1.0,8.0,20.0,2.0,2.9166666666666665,1.4142135623730832,2.314316444667976
EMEA,Chairs,2013,48,11,4,Autumn,0.0,0.0,478.188,5,-0.4647231720437684,0.88545602565321,2013-48,2013-11-25,357.12,85.44,515.778,294.25200000000007,220.14238176688116,150.82198770736295,184.89680022777105,4.0,2.0,5.0,2.75,2.9166666666666665,2.0615528128088223,2.314316444667976
EMEA,Chairs,2013,49,12,4,Autumn,0.0,0.0,437.97,7,-0.35460488704253595,0.9350162426854147,2013-49,2013-12-02,478.188,170.19,59.832,361.197,251.6538817668811,136.1111892387985,187.29870437231375,5.0,1.0,1.0,4.25,3.4166666666666665,2.499999999999993,2.503028468705766
EMEA,Chairs,2013,50,12,4,Autumn,0.0,0.0,390.5865812025736,6,-0.2393156642875578,0.970941817426052,2013-50,2013-12-09,437.97,171.51,124.62,415.96614530064346,273.8177635337623,53.11220799530907,186.63495902941662,7.0,1.0,2.0,5.5,3.75,1.2909944487357925,2.562846428910994
EMEA,Chairs,2013,51,12,4,Autumn,0.0,0.0,510.276,2,-0.12053668025532363,0.992708874098054,2013-51,2013-12-16,390.5865812025736,357.12,209.844,454.25514530064345,298.8537635337623,51.73654320072148,197.1286905162305,6.0,4.0,2.0,5.0,3.75,2.160246899469279,2.562846428910994
EMEA,Chairs,2014,1,12,4,Winter,0.0,0.0,525.72,4,0.12053668025532305,0.992708874098054,2014-1,2013-12-30,510.276,478.188,40.152,466.13814530064343,339.3177635337623,63.24458046404725,188.86035969658494,2.0,5.0,1.0,4.75,4.0,2.2173557826083377,2.412090756622112
EMEA,Chairs,2014,2,1,1,Winter,0.0,0.0,24.828,1,0.23931566428755774,0.970941817426052,2014-2,2014-01-06,525.72,437.97,140.358,362.8526453006434,329.6902635337623,233.30184509115836,202.38512991078733,4.0,7.0,2.0,3.25,3.9166666666666665,2.2173557826083377,2.503028468705766
EMEA,Chairs,2014,3,1,1,Winter,0.0,0.0,23.532,1,0.3546048870425356,0.9350162426854148,2014-3,2014-01-13,24.828,390.5865812025736,149.544,271.089,319.1892635337623,285.17615345606987,215.43066865148853,1.0,6.0,6.0,2.0,3.5,1.4142135623730834,2.540579747724025
EMEA,Chairs,2014,4,1,1,Winter,0.0,0.0,596.376,6,0.4647231720437685,0.8854560256532099,2014-4,2014-01-20,23.532,510.276,654.9105812025737,292.61400000000003,314.3113817668811,311.3006180527111,207.66061952597786,1.0,2.0,8.0,3.0,3.3333333333333335,2.449489742783171,2.2696949467968524
EMEA,Chairs,2014,6,2,1,Winter,0.0,0.0,281.514,3,0.6631226582407952,0.7485107481711011,2014-6,2014-02-03,596.376,525.72,85.44,231.5625,330.6508817668811,271.784157347333,195.3649428067946,6.0,4.0,2.0,2.75,3.4166666666666665,2.3629078131262973,2.234373344457962
EMEA,Chairs,2014,7,2,1,Winter,0.0,0.0,246.4905812025736,6,0.7485107481711011,0.6631226582407953,2014-7,2014-02-10,281.514,24.828,170.19,286.9781453006434,337.0092635337623,235.79652506401473,190.85743919249165,3.0,1.0,1.0,4.0,3.8333333333333335,2.449489742783171,2.20879783565357
EMEA,Chairs,2014,8,2,1,Winter,0.0,0.0,138.48,1,0.8229838658936564,0.5680647467311559,2014-8,2014-02-17,246.4905812025736,23.532,171.51,315.7151453006434,334.25676353376224,196.76091304317953,193.6785364323416,6.0,1.0,1.0,4.0,3.8333333333333335,2.449489742783171,2.20879783565357
EMEA,Chairs,2014,9,3,1,Winter,0.0,0.0,360.24,2,0.8854560256532099,0.4647231720437686,2014-9,2014-02-24,138.48,596.376,357.12,256.6811453006434,334.5167635337623,92.04431071714362,193.71410987607058,1.0,6.0,4.0,3.0,3.6666666666666665,2.1602468994692794,2.269694946796853
EMEA,Chairs,2014,10,3,1,Winter,0.0,0.0,876.5865812025736,14,0.9350162426854148,0.35460488704253557,2014-10,2014-03-03,360.24,281.514,478.188,405.4492906012868,367.7166453006434,326.8815789495497,247.30330977155154,2.0,3.0,5.0,5.75,4.416666666666667,5.9090326337452765,3.7527767497325697
EMEA,Chairs,2014,11,3,1,Winter,0.0,0.0,395.988,8,0.970941817426052,0.23931566428755804,2014-11,2014-03-10,876.5865812025736,246.4905812025736,437.97,442.8236453006434,364.21814530064336,310.7994933173778,246.51480849611283,14.0,6.0,7.0,6.25,4.5,6.020797289396145,3.82575007500015
EMEA,Chairs,2014,12,3,1,Spring,0.0,0.0,170.19,1,0.992708874098054,0.120536680255323,2014-12,2014-03-17,395.988,138.48,390.5865812025736,450.75114530064343,345.85176353376227,300.68901112226104,252.50900936096926,8.0,1.0,6.0,6.25,4.083333333333333,6.020797289396145,3.9186809778368823
EMEA,Chairs,2014,14,3,1,Spring,0.0,0.0,246.4905812025736,2,0.992708874098054,-0.12053668025532288,2014-14,2014-03-31,170.19,360.24,510.276,422.31379060128677,323.8696453006434,317.0368129423295,248.3413249844963,1.0,2.0,2.0,6.25,4.083333333333333,6.020797289396145,3.9186809778368823
EMEA,Chairs,2014,15,4,2,Spring,0.0,0.0,280.578,5,0.9709418174260521,-0.2393156642875575,2014-15,2014-04-07,246.4905812025736,876.5865812025736,525.72,273.31164530064336,303.4411453006434,93.90727895430238,240.17612252814277,2.0,14.0,4.0,4.0,4.166666666666667,3.162277660168374,3.927370930309797
EMEA,Chairs,2014,16,4,2,Spring,0.0,0.0,187.92,2,0.9350162426854148,-0.35460488704253545,2014-16,2014-04-14,280.578,395.988,24.828,221.29464530064337,317.03214530064344,51.23443845250926,227.243068714066,5.0,8.0,1.0,2.5,4.25,1.732050807568868,3.864171085992208
EMEA,Chairs,2014,17,4,2,Spring,0.0,0.0,575.4,5,0.8854560256532099,-0.4647231720437685,2014-17,2014-04-21,187.92,170.19,23.532,322.5971453006434,363.0211453006434,172.82460712244728,218.1044976116832,2.0,1.0,1.0,3.5,4.583333333333333,1.732050807568868,3.7284735685686665
EMEA,Chairs,2014,18,5,2,Spring,0.0,0.0,475.86,1,0.8229838658936565,-0.5680647467311557,2014-18,2014-04-28,575.4,246.4905812025736,596.376,379.93949999999995,352.97814530064335,177.15317801552433,208.96564906766955,5.0,2.0,6.0,3.25,4.166666666666667,2.0615528128088227,3.833662699947625
EMEA,Chairs,2014,19,5,2,Spring,0.0,0.0,977.3357436077208,19,0.7485107481711013,-0.663122658240795,2014-19,2014-05-05,475.86,280.578,281.514,554.1289359019302,410.9632906012868,326.4922006817495,273.8116520840203,1.0,5.0,3.0,6.75,5.5,8.341662504161464,5.712824488496356
EMEA,Chairs,2014,20,5,2,Spring,0.0,0.0,948.5011624051472,15,0.6631226582407952,-0.7485107481711012,2014-20,2014-05-12,977.3357436077208,187.92,246.4905812025736,744.2742265032169,469.46417236816797,255.98894082188093,308.2986277301493,19.0,2.0,6.0,10.0,6.25,8.406346808612325,6.3407054382415104
EMEA,Chairs,2014,21,5,2,Spring,0.0,0.0,201.66,2,0.5680647467311558,-0.8229838658936564,2014-21,2014-05-19,948.5011624051472,575.4,138.48,650.839226503217,474.729172368168,377.52806120691196,302.6195319272855,15.0,5.0,1.0,9.25,6.333333333333333,9.105858919765154,6.271629240742261
EMEA,Chairs,2014,22,5,2,Spring,0.0,0.0,837.1305812025736,9,0.46472317204376906,-0.8854560256532096,2014-22,2014-05-26,201.66,475.86,360.24,741.1568718038604,514.470054135049,364.70990385665704,317.18066983332534,2.0,1.0,2.0,11.25,6.916666666666667,7.410578025138568,6.156420644458528
EMEA,Chairs,2014,23,6,2,Spring,0.0,0.0,183.18,3,0.35460488704253584,-0.9350162426854147,2014-23,2014-06-02,837.1305812025736,977.3357436077208,876.5865812025736,542.6179359019302,456.68617236816795,406.99174259379004,308.24965492332797,9.0,19.0,14.0,7.25,6.0,6.020797289396144,5.815340215170719
EMEA,Chairs,2014,24,6,2,Spring,0.0,0.0,477.804,2,0.23931566428755768,-0.970941817426052,2014-24,2014-06-09,183.18,948.5011624051472,395.988,424.9436453006434,463.50417236816793,306.04876173302966,307.6893682080429,3.0,15.0,8.0,4.0,5.5,3.366501646120686,5.885266658050734
EMEA,Chairs,2014,25,6,2,Spring,0.0,0.0,477.4905812025736,10,0.12053668025532308,-0.992708874098054,2014-25,2014-06-16,477.804,201.66,170.19,493.9012906012868,489.1125541350491,267.6331447505853,293.51988715500414,2.0,2.0,1.0,6.0,6.25,4.082482904638624,5.832900416836146
EMEA,Chairs,2014,26,6,2,Summer,0.0,0.0,132.873,4,-3.216245299353273e-16,-1.0,2014-26,2014-06-23,477.4905812025736,837.1305812025736,246.4905812025736,317.8368953006434,479.6444223681679,185.67255767862065,303.71317474659025,10.0,9.0,2.0,4.75,6.416666666666667,3.5939764421412974,5.7280542997257
EMEA,Chairs,2014,27,7,3,Summer,0.0,0.0,277.434,3,-0.12053668025532283,-0.992708874098054,2014-27,2014-06-30,132.873,183.18,280.578,341.4003953006434,479.3824223681679,168.02961682634856,303.9018095511402,4.0,3.0,5.0,4.75,6.25,3.5939764421412974,5.801645534595415
EMEA,Chairs,2014,30,7,3,Summer,0.0,0.0,187.92,2,-0.46472317204376806,-0.8854560256532101,2014-30,2014-07-21,277.434,477.804,187.92,268.92939530064336,479.3824223681679,151.26572799226713,303.9018095511402,3.0,2.0,2.0,4.75,6.25,3.5939764421412974,5.801645534595415
EMEA,Chairs,2014,31,7,3,Summer,0.0,0.0,345.3705812025736,6,-0.5680647467311556,-0.8229838658936566,2014-31,2014-07-28,187.92,477.4905812025736,575.4,235.8993953006434,460.2133041350491,94.20814620184647,304.54880868191594,2.0,10.0,5.0,3.75,6.333333333333333,1.7078251276599192,5.789227194984796
EMEA,Chairs,2014,32,8,3,Summer,0.0,0.0,689.112,10,-0.663122658240795,-0.7485107481711013,2014-32,2014-08-04,345.3705812025736,132.873,475.86,374.9591453006434,477.98430413504906,219.13640735232084,311.6830905307069,6.0,4.0,1.0,5.25,7.083333333333333,3.5939764421412974,5.6158595769373365
EMEA,Chairs,2014,33,8,3,Summer,0.0,0.0,145.56599999999997,2,-0.7485107481711011,-0.6631226582407952,2014-33,2014-08-11,689.112,277.434,977.3357436077208,341.9921453006434,408.67015883440564,246.86370319865253,281.57132119363,10.0,3.0,19.0,5.0,5.666666666666667,3.829708431025346,4.334498677803328
EMEA,Chairs,2014,34,8,3,Summer,0.0,0.0,731.3805812025736,11,-0.8229838658936564,-0.5680647467311559,2014-34,2014-08-18,145.56599999999997,187.92,948.5011624051472,477.85729060128676,390.5767770675245,280.99397448890085,248.7975732177927,2.0,2.0,15.0,7.25,5.333333333333333,4.112987559751016,3.6514837167011094
EMEA,Chairs,2014,35,8,3,Summer,0.0,0.0,373.6905812025736,6,-0.8854560256532096,-0.4647231720437691,2014-35,2014-08-25,731.3805812025736,345.3705812025736,201.66,484.93729060128675,404.91265883440565,276.86959064805467,241.77975359075964,11.0,6.0,2.0,7.25,5.666666666666667,4.112987559751016,3.4989175815420768
EMEA,Chairs,2014,36,9,3,Summer,0.0,0.0,980.82,10,-0.9350162426854147,-0.3546048870425359,2014-36,2014-09-01,373.6905812025736,689.112,837.1305812025736,557.8642906012867,416.8867770675245,370.9938323312236,267.33845093186363,6.0,10.0,9.0,7.25,5.75,4.112987559751016,3.5960837284215446
EMEA,Chairs,2014,37,9,3,Summer,0.0,0.0,659.514,7,-0.970941817426052,-0.23931566428755774,2014-37,2014-09-08,980.82,145.56599999999997,183.18,686.3512906012868,456.5812770675245,249.810873259168,264.83435517847215,10.0,2.0,3.0,8.5,6.083333333333333,2.3804761428476064,3.5021638332824363
EMEA,Chairs,2014,38,9,3,Summer,0.0,0.0,308.8005812025736,3,-0.992708874098054,-0.12053668025532357,2014-38,2014-09-15,659.514,731.3805812025736,477.804,580.7062906012868,442.4976588344057,307.1860751243673,268.07701454178397,7.0,11.0,2.0,6.5,6.166666666666667,2.886751345948121,3.406766884607842
EMEA,Chairs,2014,39,9,3,Autumn,0.0,0.0,235.338,5,-1.0,-1.8369701987210297e-16,2014-39,2014-09-22,308.8005812025736,373.6905812025736,477.4905812025736,546.1181453006434,422.31827706752455,343.86443418135434,274.2464507489891,3.0,6.0,10.0,6.25,5.75,2.9860788111948118,3.194455423784384
EMEA,Chairs,2014,40,9,3,Autumn,0.0,0.0,284.904,6,-0.992708874098054,0.1205366802553232,2014-40,2014-09-29,235.338,980.82,132.873,372.1391453006434,434.9875270675245,194.01082851795766,262.9379929688123,5.0,10.0,4.0,5.25,5.916666666666667,1.70782512765992,3.1466673086799575
EMEA,Chairs,2014,41,10,4,Autumn,0.0,0.0,660.72,7,-0.9709418174260521,0.23931566428755738,2014-41,2014-10-06,284.904,659.514,277.434,372.4406453006434,466.92802706752445,194.60630661518312,265.32826299320976,6.0,7.0,3.0,5.25,6.25,1.70782512765992,3.0188799849673353
EMEA,Chairs,2014,42,10,4,Autumn,0.0,0.0,535.6800000000001,2,-0.9350162426854148,0.35460488704253557,2014-42,2014-10-13,660.72,308.8005812025736,187.92,429.16050000000007,495.90802706752453,202.76694768378772,250.67059667056137,7.0,3.0,2.0,5.0,6.25,2.1602468994692763,3.0188799849673353
EMEA,Chairs,2014,44,10,4,Autumn,0.0,0.0,53.91,1,-0.822983865893657,0.5680647467311548,2014-44,2014-10-27,535.6800000000001,235.338,345.3705812025736,383.80350000000004,471.6196453006434,269.7900737406768,279.0918480039279,2.0,5.0,6.0,4.0,5.833333333333333,2.9439202887759413,3.3799766898963135
EMEA,Chairs,2014,45,11,4,Autumn,0.0,0.0,459.0,1,-0.7485107481711011,0.6631226582407952,2014-45,2014-11-03,53.91,284.904,689.112,427.3275,452.44364530064337,262.46021912853746,270.56482322383016,1.0,6.0,10.0,2.75,5.083333333333333,2.8722813232690068,3.369875458538583
EMEA,Chairs,2014,46,11,4,Autumn,0.0,0.0,339.33,3,-0.6631226582407955,0.7485107481711007,2014-46,2014-11-10,459.0,660.72,145.56599999999997,346.98,468.5906453006434,211.42746415733168,255.9741925002134,1.0,7.0,2.0,1.75,5.166666666666667,0.9574271077563142,3.298300756266459
EMEA,Chairs,2014,47,11,4,Autumn,0.0,0.0,51.93,1,-0.5680647467311559,0.8229838658936564,2014-47,2014-11-17,339.33,535.6800000000001,731.3805812025736,226.0425,411.96976353376226,205.78954838620834,267.4504391460896,3.0,2.0,11.0,1.5,4.333333333333333,0.9999999999999771,2.9336088024923543
EMEA,Chairs,2014,50,12,4,Autumn,0.0,0.0,306.3105812025736,5,-0.2393156642875578,0.970941817426052,2014-50,2014-12-08,51.93,53.91,373.6905812025736,289.1426453006434,406.35476353376225,171.20637510603274,269.0297955287665,1.0,1.0,6.0,2.5,4.25,1.9148542155126642,2.895921897490272
EMEA,Chairs,2014,51,12,4,Autumn,0.0,0.0,915.69,10,-0.12053668025532363,0.992708874098054,2014-51,2014-12-15,306.3105812025736,459.0,980.82,403.3151453006434,400.9272635337623,364.92167942411135,256.7641156299718,5.0,1.0,10.0,4.75,4.25,3.8622100754188167,2.895921897490272
EMEA,Furnishings,2011,19,5,2,Spring,0.0,0.0,49.2,2,0.7485107481711013,-0.663122658240795,2011-19,2011-05-09,14.088,116.25,26.43,160.25925,165.03475,208.81563623026412,159.07958749182177,2.0,1.0,1.0,2.5,2.8333333333333335,1.7320508075688774,1.9462473604038073
EMEA,Furnishings,2011,21,5,2,Spring,0.0,0.0,48.87,1,0.5680647467311558,-0.8229838658936564,2011-21,2011-05-23,49.2,109.95,77.472,144.98925,162.65125,215.8361744338747,160.71666424042087,2.0,1.0,4.0,2.5,2.5833333333333335,1.7320508075688774,1.9752253419585197
EMEA,Furnishings,2011,22,6,2,Spring,0.0,0.0,22.632,1,0.46472317204376906,-0.8854560256532096,2011-22,2011-05-30,48.87,467.799,317.62800000000004,33.6975,138.06825,18.050946817271665,157.38315101925616,1.0,5.0,7.0,1.5,2.0833333333333335,0.5773502691896261,1.4433756729740645
EMEA,Furnishings,2011,24,6,2,Spring,0.0,0.0,229.17,5,0.23931566428755768,-0.970941817426052,2011-24,2011-06-13,22.632,14.088,51.75,87.46799999999999,152.85325,95.28450228657323,156.86982221581917,1.0,2.0,1.0,2.25,2.4166666666666665,1.8929694486000914,1.6213537179739277
EMEA,Furnishings,2011,25,6,2,Summer,0.0,0.0,133.89000000000001,2,0.12053668025532308,-0.992708874098054,2011-25,2011-06-20,229.17,49.2,465.0,108.6405,125.26075000000002,93.33608156013399,122.28038234924384,5.0,2.0,4.0,2.25,2.25,1.8929694486000914,1.5447859516333116
EMEA,Furnishings,2011,28,7,3,Summer,0.0,0.0,108.66,1,-0.23931566428755743,-0.9709418174260521,2011-28,2011-07-11,133.89000000000001,48.87,100.8,123.588,125.91575,84.98754624061095,122.15843635223364,2.0,1.0,4.0,2.25,2.0,1.8929694486000912,1.4770978917519928
EMEA,Furnishings,2011,30,7,3,Summer,0.0,0.0,42.06,1,-0.46472317204376806,-0.8854560256532101,2011-30,2011-07-25,108.66,22.632,109.98,128.445,120.25574999999999,77.52201429271551,124.51466900521105,1.0,1.0,1.0,2.25,2.0,1.8929694486000912,1.4770978917519928
EMEA,Furnishings,2011,31,8,3,Summer,0.0,0.0,103.94999999999999,3,-0.5680647467311556,-0.8229838658936566,2011-31,2011-08-01,42.06,229.17,100.5,97.14000000000001,120.54325,39.00194610529046,124.46888136918177,1.0,5.0,2.0,1.75,2.0833333333333335,0.9574271077563382,1.5050420310248864
EMEA,Furnishings,2011,32,8,3,Summer,0.0,0.0,56.73,1,-0.663122658240795,-0.7485107481711013,2011-32,2011-08-08,103.94999999999999,133.89000000000001,116.25,77.85,115.58325,33.453672444142455,125.83394772558212,3.0,2.0,1.0,1.5,2.0833333333333335,1.0,1.5050420310248864
EMEA,Furnishings,2011,33,8,3,Summer,0.0,0.0,127.95,5,-0.7485107481711011,-0.6631226582407952,2011-33,2011-08-15,56.73,108.66,109.95,82.6725,117.08325,40.10474816028618,125.86797173743383,1.0,1.0,1.0,2.5,2.4166666666666665,1.9148542155126762,1.6764862244009224
EMEA,Furnishings,2011,34,8,3,Summer,0.0,0.0,20.088,1,-0.8229838658936564,-0.5680647467311559,2011-34,2011-08-22,127.95,42.06,467.799,77.1795,79.774,48.20762305901397,63.22613743180459,5.0,1.0,5.0,2.5,2.0833333333333335,1.9148542155126762,1.5050420310248864
EMEA,Furnishings,2011,35,8,3,Summer,0.0,0.0,338.91,5,-0.8854560256532096,-0.4647231720437691,2011-35,2011-08-29,20.088,103.94999999999999,14.088,135.91950000000003,106.84250000000002,142.54422626328994,94.39634073849564,1.0,3.0,2.0,3.0,2.3333333333333335,2.309401076758503,1.7232808737106582
EMEA,Furnishings,2011,36,9,3,Summer,0.0,0.0,161.79000000000002,2,-0.9350162426854147,-0.3546048870425359,2011-36,2011-09-05,338.91,56.73,49.2,162.1845,116.22500000000001,132.40779720620685,93.73926841268522,5.0,1.0,2.0,3.25,2.3333333333333335,2.0615528128088303,1.7232808737106582
EMEA,Furnishings,2011,38,9,3,Summer,0.0,0.0,388.812,10,-0.992708874098054,-0.12053668025532357,2011-38,2011-09-19,161.79000000000002,127.95,48.87,227.4,144.5535,169.08701042954192,119.39030129065225,2.0,5.0,1.0,4.5,3.0833333333333335,4.041451884327381,2.7455197664338145
EMEA,Furnishings,2011,40,10,4,Autumn,0.0,0.0,310.3305812025736,12,-0.992708874098054,0.1205366802553232,2011-40,2011-10-03,388.812,20.088,22.632,299.9606453006434,168.52838176688115,97.65633322492646,121.5483942102387,10.0,1.0,1.0,7.25,4.0,4.573474244670748,3.668043818514912
EMEA,Furnishings,2011,41,10,4,Autumn,0.0,0.0,110.04,1,-0.9709418174260521,0.23931566428755738,2011-41,2011-10-10,310.3305812025736,338.91,229.17,242.7431453006434,158.60088176688114,129.18682635590224,121.00899867017425,12.0,5.0,5.0,6.25,3.6666666666666665,5.560275772537426,3.749747466244368
EMEA,Furnishings,2011,42,10,4,Autumn,0.0,0.0,34.2,2,-0.9350162426854148,0.35460488704253557,2011-42,2011-10-17,110.04,161.79000000000002,133.89000000000001,210.8456453006434,150.29338176688114,166.26759355984785,126.1715039079821,1.0,2.0,2.0,6.25,3.6666666666666665,5.560275772537426,3.749747466244368
EMEA,Furnishings,2011,44,11,4,Autumn,0.0,0.0,103.92,2,-0.822983865893657,0.5680647467311548,2011-44,2011-10-31,34.2,388.812,108.66,139.6226453006434,149.89838176688113,118.89062944085775,126.32102399750889,2.0,10.0,1.0,4.25,3.75,5.188127472091127,3.695820735518825
EMEA,Furnishings,2011,45,11,4,Autumn,0.0,0.0,311.76,6,-0.7485107481711011,0.6631226582407952,2011-45,2011-11-07,103.92,310.3305812025736,42.06,139.98000000000002,172.37338176688115,119.57494720885312,129.34645917651332,2.0,12.0,1.0,2.75,4.166666666666667,2.2173557826083448,3.6390141855211615
EMEA,Furnishings,2011,46,11,4,Autumn,0.0,0.0,51.81,1,-0.6631226582407955,0.7485107481711007,2011-46,2011-11-14,311.76,110.04,103.94999999999999,125.4225,168.02838176688115,127.70325769141526,132.68650444054762,6.0,1.0,3.0,2.75,4.0,2.2173557826083448,3.7416573867739413
EMEA,Furnishings,2011,48,11,4,Autumn,0.0,0.0,1144.6005812025735,21,-0.4647231720437684,0.88545602565321,2011-48,2011-11-28,51.81,34.2,56.73,403.0226453006434,258.68426353376225,506.9777838948358,306.94193368641874,1.0,2.0,1.0,7.5,5.666666666666667,9.255628917943215,6.035249988545829
EMEA,Furnishings,2011,49,12,4,Autumn,0.0,0.0,110.55000000000001,3,-0.35460488704253595,0.9350162426854147,2011-49,2011-12-05,1144.6005812025735,103.92,127.95,404.68014530064335,257.2342635337623,505.6831309186514,307.65593822523,21.0,2.0,5.0,7.75,5.5,9.069178573608527,6.082762530298219
EMEA,Furnishings,2011,50,12,4,Autumn,0.0,0.0,109.38,3,-0.2393156642875578,0.970941817426052,2011-50,2011-12-12,110.55000000000001,311.76,20.088,354.0851453006434,264.67526353376223,527.7230627892368,302.43437315809047,3.0,6.0,1.0,7.0,5.666666666666667,9.38083151964686,5.974694109071166
EMEA,Furnishings,2011,52,12,4,Winter,0.0,0.0,78.27,2,6.432490598706546e-16,1.0,2011-52,2011-12-26,109.38,51.81,338.91,360.7001453006434,242.95526353376226,522.8140494827481,305.9570790037651,3.0,1.0,5.0,7.25,5.416666666666667,9.17877987534291,6.067174470921868
EMEA,Furnishings,2012,3,1,1,Winter,0.0,0.0,152.46,2,0.3546048870425356,0.9350162426854148,2012-3,2012-01-16,78.27,1144.6005812025735,161.79000000000002,112.665,242.17776353376226,30.45172408912128,306.1938504756598,2.0,21.0,2.0,2.5,5.416666666666667,0.5773502691896313,6.067174470921868
EMEA,Furnishings,2012,4,1,1,Winter,0.0,0.0,214.2,4,0.4647231720437685,0.8854560256532099,2012-4,2012-01-23,152.46,110.55000000000001,388.812,138.5775,227.62676353376227,58.88116528228679,302.7212626548078,2.0,3.0,10.0,2.75,4.916666666666667,0.9574271077563413,5.900051360844756
EMEA,Furnishings,2012,7,2,1,Winter,0.0,0.0,32.04,2,0.7485107481711011,0.6631226582407953,2012-7,2012-02-13,214.2,109.38,310.3305812025736,119.2425,204.43588176688115,80.4225318241099,306.44623555492683,4.0,3.0,12.0,2.5,4.083333333333333,1.000000000000003,5.501377238033355
EMEA,Furnishings,2012,9,3,1,Winter,0.0,0.0,97.332,7,0.8854560256532099,0.4647231720437686,2012-9,2012-02-27,32.04,78.27,110.04,124.00800000000001,203.37688176688116,77.70421517523982,306.82382409671186,2.0,2.0,1.0,3.75,4.583333333333333,2.3629078131263057,5.4682277889198385
EMEA,Furnishings,2012,14,4,2,Spring,0.0,0.0,35.202,4,0.992708874098054,-0.12053668025532288,2012-14,2012-04-02,97.332,152.46,34.2,94.6935,203.46038176688114,85.1537136770908,306.7737305383487,7.0,2.0,2.0,4.25,4.75,2.061552812808832,5.412527556091935
EMEA,Furnishings,2012,15,4,2,Spring,0.0,0.0,44.112,2,0.9709418174260521,-0.2393156642875575,2012-15,2012-04-09,35.202,214.2,103.92,52.171499999999995,198.4763817668811,30.53777727667734,309.0155740897207,4.0,4.0,2.0,3.75,4.75,2.3629078131263057,5.412527556091935
EMEA,Furnishings,2012,16,4,2,Spring,0.0,0.0,74.13,2,0.9350162426854148,-0.35460488704253545,2012-16,2012-04-16,44.112,32.04,311.76,62.693999999999996,178.67388176688112,28.470299893045624,308.7099332491328,2.0,2.0,6.0,3.75,4.416666666666667,2.3629078131263057,5.451577475345734
EMEA,Furnishings,2012,19,5,2,Spring,0.0,0.0,52.44,3,0.7485107481711013,-0.663122658240795,2012-19,2012-05-07,74.13,97.332,51.81,51.471,178.72638176688113,16.665378123521553,308.6864497846993,2.0,7.0,1.0,2.75,4.583333333333333,0.957427107756342,5.36755121639338
EMEA,Furnishings,2012,20,5,2,Spring,0.0,0.0,47.7,2,0.6631226582407952,-0.7485107481711012,2012-20,2012-05-14,52.44,35.202,1144.6005812025735,54.5955,87.318,13.462225707510314,54.061920377555175,3.0,4.0,21.0,2.25,3.0,0.5000000000000074,1.4770978917519937
EMEA,Furnishings,2012,21,5,2,Spring,0.0,0.0,94.68,2,0.5680647467311558,-0.8229838658936564,2012-21,2012-05-21,47.7,44.112,110.55000000000001,67.2375,85.9955,21.612321138645775,53.63435866969153,2.0,2.0,3.0,2.25,2.9166666666666665,0.5000000000000074,1.5050420310248875
EMEA,Furnishings,2012,24,6,2,Spring,0.0,0.0,393.4545812025736,11,0.23931566428755768,-0.970941817426052,2012-24,2012-06-11,94.68,74.13,109.38,147.0686453006434,109.66838176688113,165.60928692460323,103.96786064972905,2.0,2.0,3.0,4.5,3.5833333333333335,4.358898943540674,2.7784342658585555
EMEA,Furnishings,2012,25,6,2,Spring,0.0,0.0,99.384,4,0.12053668025532308,-0.992708874098054,2012-25,2012-06-18,393.4545812025736,52.44,78.27,158.80464530064341,111.42788176688113,158.1640686639877,103.56606875746884,11.0,3.0,2.0,4.75,3.75,4.272001872658766,2.7344602259445514
EMEA,Furnishings,2012,26,6,2,Summer,0.0,0.0,214.03199999999998,8,-3.216245299353273e-16,-1.0,2012-26,2012-06-25,99.384,47.7,152.46,200.38764530064338,116.55888176688113,140.0438655002385,107.24368216032104,4.0,2.0,2.0,6.25,4.25,4.0311288741492755,2.927145677649443
EMEA,Furnishings,2012,29,7,3,Summer,0.0,0.0,18.936,1,-0.3546048870425356,-0.9350162426854148,2012-29,2012-07-16,214.03199999999998,94.68,214.2,181.45164530064338,100.28688176688114,162.43271193127993,105.88689689003078,8.0,2.0,4.0,6.0,4.0,4.39696865275764,3.0748244591432297
EMEA,Furnishings,2012,30,7,3,Summer,0.0,0.0,9.54,1,-0.46472317204376806,-0.8854560256532101,2012-30,2012-07-23,18.936,393.4545812025736,32.04,85.473,98.41188176688111,94.71699118954291,107.39373455675309,1.0,11.0,2.0,3.5,3.9166666666666665,3.3166247903554007,3.1466673086799553
EMEA,Furnishings,2012,32,8,3,Summer,0.0,0.0,15.96,1,-0.663122658240795,-0.7485107481711013,2012-32,2012-08-06,9.54,99.384,97.332,64.61699999999999,91.63088176688113,99.68713652222108,110.00533853689228,1.0,4.0,7.0,2.75,3.4166666666666665,3.500000000000001,3.0883456393154556
EMEA,Furnishings,2012,33,8,3,Summer,0.0,0.0,215.07,8,-0.7485107481711011,-0.6631226582407952,2012-33,2012-08-13,15.96,214.03199999999998,35.202,64.8765,106.61988176688114,100.20573700642068,113.80600532704298,1.0,8.0,4.0,2.75,3.75,3.500000000000001,3.360871099202489
EMEA,Furnishings,2012,34,8,3,Summer,0.0,0.0,10.548,1,-0.8229838658936564,-0.5680647467311559,2012-34,2012-08-20,215.07,18.936,44.112,62.7795,103.82288176688114,101.56612939853495,115.87554766320926,8.0,1.0,2.0,2.75,3.6666666666666665,3.500000000000001,3.420083288016492
EMEA,Furnishings,2012,36,9,3,Summer,0.0,0.0,69.84,4,-0.9350162426854147,-0.3546048870425359,2012-36,2012-09-03,10.548,9.54,74.13,77.8545,103.46538176688114,95.31250306754067,115.98205321956863,1.0,1.0,2.0,3.5,3.8333333333333335,3.3166247903554007,3.3799766898963113
EMEA,Furnishings,2012,37,9,3,Summer,0.0,0.0,260.88,6,-0.970941817426052,-0.23931566428755774,2012-37,2012-09-10,69.84,15.96,52.44,139.0845,120.83538176688114,118.2150196929306,123.03930377518986,4.0,1.0,3.0,4.75,4.083333333333333,2.98607881119482,3.423404295390331
EMEA,Furnishings,2012,43,10,4,Autumn,0.0,0.0,26.37,1,-0.8854560256532101,0.464723172043768,2012-43,2012-10-22,260.88,215.07,47.7,91.9095,119.05788176688112,115.40250205693096,124.33911957351779,6.0,8.0,2.0,3.0,4.0,2.449489742783179,3.4902461491731755
EMEA,Furnishings,2012,45,11,4,Autumn,0.0,0.0,110.43599999999999,3,-0.7485107481711011,0.6631226582407952,2012-45,2012-11-05,26.37,10.548,94.68,116.8815,120.37088176688111,101.95153558921986,124.14132390774898,1.0,1.0,2.0,3.5,4.083333333333333,2.081665999466134,3.4498572653828954
EMEA,Furnishings,2012,46,11,4,Autumn,0.0,0.0,589.02,17,-0.6631226582407955,0.7485107481711007,2012-46,2012-11-12,110.43599999999999,69.84,393.4545812025736,246.67649999999998,136.668,247.99007990038632,168.25086456295506,3.0,4.0,11.0,6.75,4.583333333333333,7.135591542869215,4.737823307909413
EMEA,Furnishings,2012,48,11,4,Autumn,0.0,0.0,100.5,2,-0.4647231720437684,0.88545602565321,2012-48,2012-11-26,589.02,260.88,99.384,206.58149999999998,136.761,257.70308032501276,168.2286894427832,17.0,6.0,4.0,5.75,4.416666666666667,7.544313531837517,4.79504163093755
EMEA,Furnishings,2012,49,12,4,Autumn,0.0,0.0,43.89,1,-0.35460488704253595,0.9350162426854147,2012-49,2012-12-03,100.5,26.37,214.03199999999998,210.96149999999997,122.5825,253.73755120005393,168.294025260176,2.0,1.0,8.0,5.75,3.8333333333333335,7.544313531837517,4.745013331398713
EMEA,Furnishings,2012,50,12,4,Autumn,0.0,0.0,204.78,5,-0.2393156642875578,0.970941817426052,2012-50,2012-12-10,43.89,110.43599999999999,18.936,234.54749999999996,138.0695,245.5306307265959,166.42971061709787,1.0,3.0,1.0,6.25,4.166666666666667,7.365459931328117,4.667748792285076
EMEA,Furnishings,2012,51,12,4,Autumn,0.0,0.0,232.689,6,-0.12053668025532363,0.992708874098054,2012-51,2012-12-17,204.78,589.02,9.54,145.46474999999998,156.66525,88.44136899805407,163.19835358189417,5.0,17.0,1.0,3.5,4.583333333333333,2.380476142847616,4.581749037477308
EMEA,Furnishings,2013,1,12,4,Winter,0.0,0.0,10.08,1,0.12053668025532305,0.992708874098054,2013-1,2012-12-31,232.689,100.5,15.96,122.85974999999998,156.17525,112.14408134293112,163.66737767642428,6.0,2.0,1.0,3.25,4.583333333333333,2.629955639676583,4.581749037477308
EMEA,Furnishings,2013,2,1,1,Winter,0.0,0.0,95.364,6,0.23931566428755774,0.970941817426052,2013-2,2013-01-07,10.08,43.89,215.07,135.72824999999997,146.19975,102.6097568862238,163.39923361794527,1.0,1.0,8.0,4.5,4.416666666666667,2.380476142847616,4.48144321991625
EMEA,Furnishings,2013,3,1,1,Winter,0.0,0.0,42.06,1,0.3546048870425356,0.9350162426854148,2013-3,2013-01-14,95.364,204.78,10.548,95.04824999999997,148.82575,98.27246800732104,161.2601919981974,6.0,5.0,1.0,3.5,4.416666666666667,2.886751345948128,4.48144321991625
EMEA,Furnishings,2013,5,1,1,Winter,0.0,0.0,353.5605812025736,7,0.5680647467311558,0.8229838658936564,2013-5,2013-01-28,42.06,232.689,69.84,125.26614530064336,172.46913176688113,156.2088329153998,169.22895549151488,1.0,6.0,4.0,3.75,4.666666666666667,3.2015621187164243,4.539389893593698
EMEA,Furnishings,2013,7,2,1,Winter,0.0,0.0,49.248000000000005,5,0.7485107481711011,0.6631226582407953,2013-7,2013-02-11,353.5605812025736,10.08,260.88,135.0581453006434,154.8331317668811,147.57029481132338,170.20240808156984,7.0,1.0,6.0,4.75,4.583333333333333,2.6299556396765826,4.521832559590159
EMEA,Furnishings,2013,8,2,1,Winter,0.0,0.0,85.668,6,0.8229838658936564,0.5680647467311559,2013-8,2013-02-18,49.248000000000005,95.364,26.37,132.63414530064338,159.77463176688113,148.51625490135498,166.96365283454318,5.0,6.0,1.0,4.75,5.0,2.629955639676583,4.390071442781685
EMEA,Furnishings,2013,10,3,1,Winter,0.0,0.0,16.824,1,0.9350162426854148,0.35460488704253557,2013-10,2013-03-04,85.668,42.06,110.43599999999999,126.32514530064337,151.97363176688114,154.07826360152904,171.60096163438834,6.0,1.0,3.0,4.75,4.833333333333333,2.629955639676583,4.509249752822893
EMEA,Furnishings,2013,11,3,1,Winter,0.0,0.0,121.848,4,0.970941817426052,0.23931566428755804,2013-11,2013-03-11,16.824,353.5605812025736,589.02,68.39699999999998,113.04263176688114,45.393668324997925,102.52553692701937,1.0,7.0,17.0,4.0,3.75,2.160246899469286,2.3788843832962776
EMEA,Furnishings,2013,13,3,1,Spring,0.0,0.0,201.12,8,1.0,-1.6081226496766366e-16,2013-13,2013-03-25,121.848,49.248000000000005,100.5,106.36499999999998,121.42763176688113,76.73371663095655,105.47854130198607,4.0,5.0,2.0,4.75,4.25,2.9860788111948193,2.5980762113533156
EMEA,Furnishings,2013,14,4,2,Spring,0.0,0.0,22.17,1,0.992708874098054,-0.12053668025532288,2013-14,2013-04-01,201.12,85.668,43.89,90.49049999999998,119.61763176688113,88.16012518707043,107.10387029383116,8.0,6.0,1.0,3.5,4.25,3.316624790355399,2.5980762113533156
EMEA,Furnishings,2013,15,4,2,Spring,0.0,0.0,50.52,1,0.9709418174260521,-0.2393156642875575,2013-15,2013-04-08,22.17,16.824,204.78,98.91449999999998,106.76263176688114,80.0076153937857,105.19353194936986,1.0,1.0,5.0,3.5,3.9166666666666665,3.316624790355399,2.7455197664338145
EMEA,Furnishings,2013,17,4,2,Spring,0.0,0.0,171.18,6,0.8854560256532099,-0.4647231720437685,2013-17,2013-04-22,50.52,121.848,232.689,111.24749999999997,101.63688176688113,88.1128085183984,99.86324201388537,1.0,4.0,6.0,4.0,3.9166666666666665,3.5590260840104366,2.7455197664338145
EMEA,Furnishings,2013,18,5,2,Spring,0.0,0.0,43.95,1,0.8229838658936565,-0.5680647467311557,2013-18,2013-04-29,171.18,201.12,10.08,71.95499999999997,104.45938176688115,67.25049219150684,97.49072394796138,6.0,8.0,1.0,2.25,3.9166666666666665,2.499999999999999,2.7455197664338145
EMEA,Furnishings,2013,19,5,2,Spring,0.0,0.0,18.936,1,0.7485107481711013,-0.663122658240795,2013-19,2013-05-06,43.95,22.17,95.364,71.14649999999997,98.09038176688114,68.06305788752017,100.58628441755958,1.0,1.0,6.0,2.25,3.5,2.499999999999999,2.779797245712847
EMEA,Furnishings,2013,21,5,2,Spring,0.0,0.0,25.2,1,0.5680647467311558,-0.8229838658936564,2013-21,2013-05-20,18.936,50.52,42.06,64.81649999999998,96.68538176688115,71.70098164599922,101.55317573272157,1.0,1.0,1.0,2.25,3.5,2.499999999999999,2.779797245712847
EMEA,Furnishings,2013,22,6,2,Spring,0.0,0.0,180.12,4,0.46472317204376906,-0.8854560256532096,2013-22,2013-05-27,25.2,171.18,353.5605812025736,67.05149999999998,82.23200000000001,76.12449099337164,68.6977484188398,1.0,6.0,7.0,1.75,3.25,1.4999999999999984,2.562846428910991
EMEA,Furnishings,2013,23,6,2,Spring,0.0,0.0,86.44200000000001,3,0.35460488704253584,-0.9350162426854147,2013-23,2013-06-03,180.12,43.95,49.248000000000005,77.67449999999998,85.3315,74.77908365980372,67.9088185845217,4.0,1.0,5.0,2.25,3.0833333333333335,1.4999999999999984,2.503028468705763
EMEA,Furnishings,2013,24,6,2,Spring,0.0,0.0,7.476,1,0.23931566428755768,-0.970941817426052,2013-24,2013-06-10,86.44200000000001,18.936,85.668,74.80949999999997,78.8155,77.93270425822476,71.52847534246906,3.0,1.0,6.0,2.25,2.6666666666666665,1.4999999999999984,2.3868325657594207
EMEA,Furnishings,2013,27,7,3,Summer,0.0,0.0,94.38,2,-0.12053668025532283,-0.992708874098054,2013-27,2013-07-01,7.476,25.2,16.824,92.10449999999997,85.27850000000001,70.58317329930648,68.87248678338322,1.0,1.0,1.0,2.5,2.75,1.2909944487358038,2.340357393064728
EMEA,Furnishings,2013,30,7,3,Summer,0.0,0.0,80.496,4,-0.46472317204376806,-0.8854560256532101,2013-30,2013-07-22,94.38,180.12,121.848,67.19849999999997,81.83250000000001,40.21917762709626,67.90411607352898,2.0,4.0,4.0,2.5,2.75,1.2909944487358038,2.340357393064728
EMEA,Furnishings,2013,31,8,3,Summer,0.0,0.0,127.59,2,-0.5680647467311556,-0.8229838658936566,2013-31,2013-07-29,80.496,86.44200000000001,201.12,77.48549999999997,75.705,50.68293023296823,58.879186669901564,4.0,3.0,8.0,2.25,2.25,1.2583057392117898,1.6583123951777012
EMEA,Furnishings,2013,32,8,3,Summer,0.0,0.0,285.768,13,-0.663122658240795,-0.7485107481711013,2013-32,2013-08-05,127.59,7.476,22.17,147.05849999999998,97.6715,94.56027821976812,81.800470730475,2.0,1.0,1.0,5.25,3.25,5.251983752196243,3.467380462644282
EMEA,Furnishings,2013,33,8,3,Summer,0.0,0.0,220.08,2,-0.7485107481711011,-0.6631226582407952,2013-33,2013-08-12,285.768,94.38,50.52,178.48349999999996,111.80149999999999,92.07231080514907,87.37025770665495,13.0,2.0,1.0,5.25,3.3333333333333335,5.251983752196243,3.4200832880164915
EMEA,Furnishings,2013,34,8,3,Summer,0.0,0.0,349.77,9,-0.8229838658936564,-0.5680647467311559,2013-34,2013-08-19,220.08,80.496,171.18,245.80199999999996,126.68400000000001,94.94265709363732,110.54185398382755,2.0,4.0,6.0,6.5,3.5833333333333335,5.446711546122731,3.7284735685686643
EMEA,Furnishings,2013,35,8,3,Summer,0.0,0.0,12.624,1,-0.8854560256532096,-0.4647231720437691,2013-35,2013-08-26,349.77,127.59,43.95,217.06049999999996,124.07349999999998,146.21437669736855,113.01548913352957,9.0,2.0,1.0,6.25,3.5833333333333335,5.737304826019502,3.7284735685686643
EMEA,Furnishings,2013,36,9,3,Summer,0.0,0.0,558.0,12,-0.9350162426854147,-0.3546048870425359,2013-36,2013-09-02,12.624,285.768,18.936,285.1185,168.9955,228.85758927551433,163.35126376587704,1.0,13.0,1.0,6.0,4.5,5.354126134736337,4.337992832887327
EMEA,Furnishings,2013,37,9,3,Summer,0.0,0.0,241.14,3,-0.970941817426052,-0.23931566428755774,2013-37,2013-09-09,558.0,220.08,25.2,290.38349999999997,186.9905,227.09807689410323,157.87274273143385,12.0,2.0,1.0,6.25,4.666666666666667,5.123475382979799,4.228331571528878
EMEA,Furnishings,2013,38,9,3,Summer,0.0,0.0,246.4905812025736,8,-0.992708874098054,-0.12053668025532357,2013-38,2013-09-16,241.14,349.77,180.12,264.5636453006434,192.52138176688115,223.944771419595,158.7702170171588,3.0,9.0,4.0,6.0,5.0,4.96655480858378,4.327501903786146
EMEA,Furnishings,2013,39,9,3,Autumn,0.0,0.0,341.076,9,-1.0,-1.8369701987210297e-16,2013-39,2013-09-23,246.4905812025736,12.624,86.44200000000001,346.6766453006434,213.74088176688113,148.17125048397008,160.31226151930565,8.0,1.0,3.0,8.0,5.5,3.7416573867739413,4.421024151195573
EMEA,Furnishings,2013,41,10,4,Autumn,0.0,0.0,109.74,1,-0.9709418174260521,0.23931566428755738,2013-41,2013-10-07,341.076,558.0,7.476,234.61164530064337,222.26288176688112,95.06368944885125,150.78573638769083,9.0,12.0,1.0,5.25,5.5,3.8622100754188224,4.421024151195573
EMEA,Furnishings,2013,44,10,4,Autumn,0.0,0.0,72.66,3,-0.822983865893657,0.5680647467311548,2013-44,2013-10-28,109.74,241.14,94.38,192.49164530064337,220.45288176688112,124.09761420670375,152.58005316486205,1.0,3.0,2.0,5.25,5.583333333333333,3.8622100754188224,4.358029857908758
EMEA,Furnishings,2013,45,11,4,Autumn,0.0,0.0,300.09000000000003,7,-0.7485107481711011,0.6631226582407952,2013-45,2013-11-04,72.66,246.4905812025736,80.496,205.89149999999998,238.75238176688117,134.34278294348377,147.34717207555042,3.0,8.0,4.0,5.0,5.833333333333333,3.6514837167011076,4.344972713238584
EMEA,Furnishings,2013,46,11,4,Autumn,0.0,0.0,51.6,1,-0.6631226582407955,0.7485107481711007,2013-46,2013-11-11,300.09000000000003,341.076,127.59,133.52249999999998,232.41988176688116,113.61613628794092,154.03978603866395,7.0,9.0,2.0,3.0,5.75,2.8284271247461903,4.4338573397315
EMEA,Furnishings,2013,47,11,4,Autumn,0.0,0.0,272.03999999999996,12,-0.5680647467311559,0.8229838658936564,2013-47,2013-11-18,51.6,109.74,285.768,174.09749999999997,231.27588176688116,130.07952346545545,153.65807369522602,1.0,1.0,13.0,5.75,5.666666666666667,4.856267428111155,4.292346959909277
EMEA,Furnishings,2013,48,11,4,Autumn,0.0,0.0,143.49,4,-0.4647231720437684,0.88545602565321,2013-48,2013-11-25,272.03999999999996,72.66,220.08,191.80499999999998,224.89338176688113,115.69367268783537,155.74192444351166,12.0,3.0,2.0,6.0,5.833333333333333,4.69041575982343,4.174235549683607
EMEA,Furnishings,2013,49,12,4,Autumn,0.0,0.0,596.184,12,-0.35460488704253595,0.9350162426854147,2013-49,2013-12-02,143.49,300.09000000000003,349.77,265.82849999999996,245.42788176688114,238.07134638380992,186.84305091966286,4.0,7.0,9.0,7.25,6.083333333333333,5.619905100029122,4.461111425588374
EMEA,Furnishings,2013,51,12,4,Autumn,0.0,0.0,170.994,4,-0.12053668025532363,0.992708874098054,2013-51,2013-12-16,596.184,51.6,12.624,295.67699999999996,258.6253817668811,207.82195767531402,174.06013844771192,12.0,1.0,1.0,8.0,6.333333333333333,4.618802153517006,4.2283315715288765
EMEA,Furnishings,2013,52,12,4,Winter,0.0,0.0,46.656,3,6.432490598706546e-16,1.0,2013-52,2013-12-23,170.994,272.03999999999996,558.0,239.33099999999996,216.01338176688114,243.80536095008245,155.73366425267417,4.0,12.0,12.0,5.75,5.583333333333333,4.193248541803042,3.918680977836878
EMEA,Furnishings,2014,1,12,4,Winter,0.0,0.0,464.0505812025736,13,0.12053668025532305,0.992708874098054,2014-1,2013-12-30,46.656,143.49,241.14,319.47114530064334,234.58926353376228,254.26153426713162,171.49955228043174,3.0,4.0,3.0,8.0,6.416666666666667,5.228129047119374,4.3580298579087575
EMEA,Furnishings,2014,2,1,1,Winter,0.0,0.0,195.72,4,0.23931566428755774,0.970941817426052,2014-2,2014-01-06,464.0505812025736,596.184,246.4905812025736,219.35514530064336,230.35838176688114,175.687479735069,171.80523717156987,13.0,12.0,8.0,6.0,6.083333333333333,4.69041575982343,4.378840305862091
EMEA,Furnishings,2014,3,1,1,Winter,0.0,0.0,246.4905812025736,8,0.3546048870425356,0.9350162426854148,2014-3,2014-01-13,195.72,170.994,341.076,238.22929060128675,222.47626353376225,172.79165650233182,168.39989152790207,4.0,4.0,9.0,7.0,6.0,4.546060565661952,4.327501903786145
EMEA,Furnishings,2014,4,1,1,Winter,0.0,0.0,161.57999999999998,2,0.4647231720437685,0.8854560256532099,2014-4,2014-01-20,246.4905812025736,46.656,109.74,266.9602906012868,226.79626353376227,135.94579349178719,165.8911743856415,8.0,3.0,1.0,6.75,6.083333333333333,4.856267428111155,4.231018216873467
EMEA,Furnishings,2014,8,2,1,Winter,0.0,0.0,43.95,1,0.8229838658936564,0.5680647467311559,2014-8,2014-02-17,161.57999999999998,464.0505812025736,72.66,161.93514530064337,224.40376353376226,86.0458381473124,168.50270534829272,2.0,13.0,3.0,3.75,5.916666666666667,3.095695936834451,4.399552318822972
EMEA,Furnishings,2014,10,3,1,Winter,0.0,0.0,108.6,1,0.9350162426854148,0.35460488704253557,2014-10,2014-03-03,43.95,195.72,300.09000000000003,140.15514530064337,208.44626353376228,85.66875452307474,169.74611587196102,1.0,4.0,7.0,3.0,5.416666666666667,3.366501646120692,4.6015478291812215
EMEA,Furnishings,2014,12,3,1,Winter,0.0,0.0,55.14,1,0.992708874098054,0.120536680255323,2014-12,2014-03-17,108.6,246.4905812025736,51.6,92.31749999999997,208.74126353376224,54.11098248045324,169.4515747784788,1.0,8.0,1.0,1.25,5.416666666666667,0.4999999999999967,4.6015478291812215
EMEA,Furnishings,2014,14,4,2,Spring,0.0,0.0,102.9,2,0.992708874098054,-0.12053668025532288,2014-14,2014-03-31,55.14,161.57999999999998,272.03999999999996,77.64749999999998,194.64626353376227,32.85247365115615,170.73738815986366,1.0,2.0,12.0,1.25,4.583333333333333,0.4999999999999967,4.1878250665326
EMEA,Furnishings,2014,15,4,2,Spring,0.0,0.0,137.61,9,0.9709418174260521,-0.2393156642875575,2014-15,2014-04-07,102.9,43.95,143.49,101.06249999999997,194.15626353376229,34.17984822962098,170.90590280016355,2.0,1.0,4.0,3.25,5.0,3.862210075418822,4.3693144875265135
EMEA,Furnishings,2014,16,4,2,Spring,0.0,0.0,20.1,1,0.9350162426854148,-0.35460488704253545,2014-16,2014-04-14,137.61,108.6,596.184,78.93749999999997,146.14926353376225,51.78428357136855,121.47215211370882,9.0,1.0,12.0,3.25,4.083333333333333,3.862210075418822,3.8954129979043834
EMEA,Furnishings,2014,18,4,2,Spring,0.0,0.0,84.84,2,0.8229838658936565,-0.5680647467311557,2014-18,2014-04-28,20.1,55.14,170.994,86.36249999999998,138.96976353376226,49.30460450099885,122.41261942985798,1.0,1.0,4.0,3.5,3.9166666666666665,3.696845502136472,3.941811612428831
EMEA,Furnishings,2014,19,5,2,Spring,0.0,0.0,68.94,4,0.7485107481711013,-0.663122658240795,2014-19,2014-05-05,84.84,102.9,46.656,77.87249999999997,140.82676353376226,48.4237072620417,121.04630924766656,2.0,2.0,3.0,4.0,4.0,3.5590260840104366,3.9312269655344814
EMEA,Furnishings,2014,20,5,2,Spring,0.0,0.0,445.272,9,0.6631226582407952,-0.7485107481711012,2014-20,2014-05-12,68.94,137.61,464.0505812025736,154.78799999999995,139.26188176688115,195.60539648997405,116.52474502967934,4.0,9.0,13.0,4.0,3.6666666666666665,3.5590260840104366,3.2003787654626503
EMEA,Furnishings,2014,22,5,2,Spring,0.0,0.0,22.788,4,0.46472317204376906,-0.8854560256532096,2014-22,2014-05-26,445.272,20.1,195.72,155.45999999999995,124.85088176688113,194.9920936243312,119.5615859615188,9.0,1.0,4.0,4.75,3.6666666666666665,2.9860788111948193,3.2003787654626503
EMEA,Furnishings,2014,23,6,2,Spring,0.0,0.0,48.93,1,0.35460488704253584,-0.9350162426854147,2014-23,2014-06-02,22.788,84.84,246.4905812025736,146.48249999999996,108.3875,200.08733443424134,114.79624231773772,4.0,2.0,8.0,4.5,3.0833333333333335,3.3166247903553994,2.9682665076785235
EMEA,Furnishings,2014,24,6,2,Spring,0.0,0.0,94.086,7,0.23931566428755768,-0.970941817426052,2014-24,2014-06-09,48.93,68.94,161.57999999999998,152.76899999999998,102.76300000000002,197.2133343869018,113.60034434806978,1.0,4.0,2.0,5.25,3.5,3.4999999999999996,3.1478708533055966
EMEA,Furnishings,2014,25,6,2,Spring,0.0,0.0,284.133,8,0.12053668025532308,-0.992708874098054,2014-25,2014-06-16,94.086,445.272,43.95,112.48424999999996,122.77825,118.16139941727975,123.06103649529159,7.0,9.0,1.0,5.0,4.083333333333333,3.162277660168379,3.28794860978788
EMEA,Furnishings,2014,26,6,2,Summer,0.0,0.0,451.2,14,-3.216245299353273e-16,-1.0,2014-26,2014-06-23,284.133,22.788,108.6,219.58724999999995,151.32825,185.00908133994392,155.05506319200708,8.0,4.0,1.0,7.5,5.166666666666667,5.32290647422377,4.195957650651469
EMEA,Furnishings,2014,27,7,3,Summer,0.0,0.0,25.236,2,-0.12053668025532283,-0.992708874098054,2014-27,2014-06-30,451.2,48.93,55.14,213.66374999999996,148.83625,192.52120274985293,156.96998964487977,14.0,1.0,1.0,7.75,5.25,4.924428900898052,4.114829058638787
EMEA,Furnishings,2014,28,7,3,Summer,0.0,0.0,158.58,6,-0.23931566428755743,-0.9709418174260521,2014-28,2014-07-07,25.236,94.086,102.9,229.78724999999997,153.47625,181.5569265499116,156.3102394541208,2.0,7.0,2.0,7.5,5.583333333333333,5.0,3.9876703915337757
EMEA,Furnishings,2014,29,7,3,Summer,0.0,0.0,254.25,7,-0.3546048870425356,-0.9350162426854148,2014-29,2014-07-14,158.58,284.133,137.61,222.31649999999996,163.19625,179.1744679607002,158.84001972832755,6.0,8.0,9.0,7.25,5.416666666666667,4.9916597106239795,3.87200519659055
EMEA,Furnishings,2014,30,7,3,Summer,0.0,0.0,291.52058120257357,15,-0.46472317204376806,-0.8854560256532101,2014-30,2014-07-21,254.25,451.2,20.1,182.39664530064334,185.81463176688112,118.79623870725219,155.9088234221723,7.0,14.0,1.0,7.5,6.583333333333333,5.446711546122731,4.481443219916248
EMEA,Furnishings,2014,31,8,3,Summer,0.0,0.0,185.57999999999998,5,-0.5680647467311556,-0.8229838658936566,2014-31,2014-07-28,291.52058120257357,25.236,84.84,222.48264530064336,194.2096317668811,61.157596216111116,152.65577436636977,15.0,2.0,2.0,8.25,6.833333333333333,4.573474244670748,4.2817441928883735
EMEA,Furnishings,2014,33,8,3,Summer,0.0,0.0,209.55599999999998,8,-0.7485107481711011,-0.6631226582407952,2014-33,2014-08-11,185.57999999999998,158.58,68.94,235.22664530064333,205.92763176688115,47.098006550551915,147.47478428787028,5.0,6.0,4.0,8.75,7.166666666666667,4.349329450233296,4.195957650651467
EMEA,Furnishings,2014,34,8,3,Summer,0.0,0.0,15.87,1,-0.8229838658936564,-0.5680647467311559,2014-34,2014-08-18,209.55599999999998,254.25,445.272,175.63164530064333,170.14413176688112,115.76392699029367,135.7496366408052,8.0,7.0,9.0,7.25,6.5,5.909032633745278,4.502524544378104
EMEA,Furnishings,2014,35,8,3,Summer,0.0,0.0,214.14,2,-0.8854560256532096,-0.4647231720437691,2014-35,2014-08-25,15.87,291.52058120257357,22.788,156.28649999999993,186.09013176688111,94.44499229180947,127.8771108204011,1.0,15.0,4.0,4.0,6.333333333333333,3.1622776601683786,4.638442789897434
EMEA,Furnishings,2014,36,9,3,Summer,0.0,0.0,256.35,3,-0.9350162426854147,-0.3546048870425359,2014-36,2014-09-01,214.14,185.57999999999998,48.93,173.97899999999996,203.37513176688114,107.48963728657738,121.51184110924098,2.0,5.0,1.0,3.5,6.5,3.1091263510296043,4.461960433384734
EMEA,Furnishings,2014,37,9,3,Summer,0.0,0.0,210.35999999999999,3,-0.970941817426052,-0.23931566428755774,2014-37,2014-09-08,256.35,209.55599999999998,94.086,174.17999999999995,213.06463176688112,107.5790546528457,116.53888932112163,3.0,8.0,7.0,2.25,6.166666666666667,0.9574271077563358,4.56933122883293
EMEA,Furnishings,2014,38,9,3,Summer,0.0,0.0,158.346,8,-0.992708874098054,-0.12053668025532357,2014-38,2014-09-15,210.35999999999999,15.87,284.133,209.79899999999995,202.58238176688113,40.13961389948817,115.21494729598332,3.0,1.0,8.0,4.0,6.166666666666667,2.7080128015453195,4.56933122883293
EMEA,Furnishings,2014,40,9,3,Autumn,0.0,0.0,333.0105812025736,10,-0.992708874098054,0.1205366802553232,2014-40,2014-09-29,158.346,214.14,451.2,239.51664530064335,192.73326353376228,74.07937523264931,95.37297999150819,8.0,2.0,14.0,6.0,5.833333333333333,3.5590260840104366,4.063883796954767
EMEA,Furnishings,2014,42,10,4,Autumn,0.0,0.0,20.184,1,-0.9350162426854148,0.35460488704253557,2014-42,2014-10-13,333.0105812025736,256.35,25.236,180.47514530064333,192.31226353376226,129.5416459157985,96.18724476004269,10.0,3.0,2.0,5.5,5.75,4.203173404306163,4.158780415633233
EMEA,Furnishings,2014,43,10,4,Autumn,0.0,0.0,50.46,1,-0.8854560256532101,0.464723172043768,2014-43,2014-10-20,20.184,210.35999999999999,158.58,140.50014530064334,183.30226353376224,141.37650093145848,104.35162779858241,1.0,3.0,6.0,5.0,5.333333333333333,4.690415759823429,4.376244411766227
EMEA,Furnishings,2014,45,11,4,Autumn,0.0,0.0,94.38,2,-0.7485107481711011,0.6631226582407952,2014-45,2014-11-03,50.46,158.346,254.25,124.50864530064334,169.97976353376225,142.2997142541871,104.67508344380276,1.0,8.0,7.0,3.5,4.916666666666667,4.358898943540673,4.44068654260768
EMEA,Furnishings,2014,46,11,4,Autumn,0.0,0.0,71.82,2,-0.6631226582407955,0.7485107481711007,2014-46,2014-11-10,94.38,333.0105812025736,291.52058120257357,59.21099999999994,151.67138176688113,31.599220306834912,100.61917887667353,2.0,10.0,15.0,1.5,3.8333333333333335,0.577350269189623,3.1574826950748207
EMEA,Furnishings,2014,48,11,4,Autumn,0.0,0.0,220.338,6,-0.4647231720437684,0.88545602565321,2014-48,2014-11-24,71.82,20.184,185.57999999999998,109.24949999999994,154.56788176688113,76.19914619600351,102.17233403247039,2.0,1.0,5.0,2.75,3.9166666666666665,2.2173557826083443,3.2039275140289143
EMEA,Furnishings,2014,50,12,4,Autumn,0.0,0.0,230.328,6,-0.2393156642875578,0.970941817426052,2014-50,2014-12-08,220.338,50.46,209.55599999999998,154.21649999999994,156.29888176688112,82.73371569680613,103.35771523911352,6.0,1.0,8.0,4.0,3.75,2.309401076758502,3.0188799849673305
EMEA,Furnishings,2014,51,12,4,Autumn,0.0,0.0,522.348,19,-0.12053668025532363,0.992708874098054,2014-51,2014-12-15,230.328,94.38,15.87,261.20849999999996,198.50538176688113,188.57875935799345,138.3033598197993,6.0,2.0,1.0,8.25,5.25,7.41057802513857,5.207075605715395
EMEA,Furnishings,2014,52,12,4,Winter,0.0,0.0,356.346,6,6.432490598706546e-16,1.0,2014-52,2014-12-22,522.348,71.82,214.14,332.3399999999999,210.35588176688114,140.98489782951953,145.66150673449962,19.0,2.0,2.0,9.25,5.583333333333333,6.499999999999999,5.107184482014852
EMEA,Tables,2012,25,6,2,Spring,0.0,0.0,534.18,2,0.12053668025532308,-0.992708874098054,2012-25,2012-06-18,246.4905812025736,318.3,489.81,318.4129359019302,374.45517236816795,143.84470939871312,152.64390489148496,4.0,1.0,1.0,5.25,3.25,5.9651767227244274,3.6711405213193258
EMEA,Tables,2012,26,6,2,Summer,0.0,0.0,246.4905812025736,8,-3.216245299353273e-16,-1.0,2012-26,2012-06-25,534.18,246.4905812025736,709.2885812025736,318.4129359019302,335.888672368168,143.84470939871312,113.90378897011654,2.0,1.0,3.0,7.0,3.6666666666666665,5.2915026221291805,3.915780041490244
EMEA,Tables,2012,32,8,3,Summer,0.0,0.0,492.9811624051472,6,-0.663122658240795,-0.7485107481711013,2012-32,2012-08-06,246.4905812025736,246.4905812025736,349.068,380.0355812025736,347.8814359019302,155.11902979065624,122.65741047260924,8.0,14.0,1.0,5.0,4.083333333333333,2.58198889747161,3.872005196590553
EMEA,Tables,2012,35,8,3,Summer,0.0,0.0,246.4905812025736,2,-0.8854560256532096,-0.4647231720437691,2012-35,2012-08-27,492.9811624051472,246.4905812025736,267.912,380.0355812025736,346.0963176688113,155.11902979065624,124.074757067601,6.0,4.0,2.0,4.5,4.083333333333333,2.9999999999999987,3.872005196590553
EMEA,Tables,2012,36,9,3,Summer,0.0,0.0,246.4905812025736,2,-0.9350162426854147,-0.3546048870425359,2012-36,2012-09-03,246.4905812025736,534.18,492.9811624051472,308.113226503217,325.5554359019302,123.24529060128674,117.7914219727004,2.0,2.0,5.0,4.5,3.8333333333333335,2.9999999999999987,3.90415474109624
EMEA,Tables,2012,37,9,3,Summer,0.0,0.0,246.4905812025736,1,-0.970941817426052,-0.23931566428755774,2012-37,2012-09-10,246.4905812025736,246.4905812025736,317.37,308.113226503217,319.6488176688113,123.24529060128674,119.99568257921254,2.0,8.0,1.0,2.75,3.8333333333333335,2.217355782608343,3.90415474109624
EMEA,Tables,2012,48,11,4,Autumn,0.0,0.0,508.38,2,-0.4647231720437684,0.88545602565321,2012-48,2012-11-26,246.4905812025736,492.9811624051472,518.4,311.9629359019302,318.81381766881134,130.94470939871314,118.51262388464072,1.0,6.0,1.0,1.75,3.9166666666666665,0.49999999999999206,3.8484550225520455
EMEA,Tables,2013,4,1,1,Winter,0.0,0.0,246.4905812025736,4,0.4647231720437685,0.8854560256532099,2013-4,2013-01-21,508.38,246.4905812025736,246.4905812025736,311.9629359019302,318.8138176688113,130.94470939871314,118.51262388464072,2.0,2.0,4.0,2.25,3.9166666666666665,1.2583057392117885,3.8484550225520455
EMEA,Tables,2013,6,2,1,Winter,0.0,0.0,531.18,1,0.6631226582407952,0.7485107481711011,2013-6,2013-02-04,246.4905812025736,246.4905812025736,318.3,383.1352906012868,336.5538176688113,158.05803409574497,133.423557416213,4.0,2.0,1.0,2.0,3.9166666666666665,1.4142135623730923,3.8484550225520455
EMEA,Tables,2013,14,4,2,Spring,0.0,0.0,318.3,1,0.992708874098054,-0.12053668025532288,2013-14,2013-04-01,531.18,246.4905812025736,246.4905812025736,401.0876453006434,342.5379359019302,140.4631820921097,130.5973693365674,1.0,1.0,1.0,2.0,3.9166666666666665,1.4142135623730923,3.8484550225520455
EMEA,Tables,2013,22,5,2,Spring,0.0,0.0,537.6,2,0.46472317204376906,-0.8854560256532096,2013-22,2013-05-27,318.3,508.38,246.4905812025736,408.39264530064344,366.7970541350491,148.43656117340038,137.96391436960607,1.0,2.0,14.0,2.0,2.9166666666666665,1.4142135623730923,2.1933093855190755
EMEA,Tables,2013,24,6,2,Spring,0.0,0.0,198.396,1,0.23931566428755768,-0.970941817426052,2013-24,2013-06-10,537.6,246.4905812025736,246.4905812025736,396.36899999999997,362.78917236816795,166.74159506253972,142.40370544185598,2.0,4.0,4.0,1.25,2.6666666666666665,0.4999999999999924,2.229281716090852
EMEA,Tables,2013,25,6,2,Spring,0.0,0.0,636.18,2,0.12053668025532308,-0.992708874098054,2013-25,2013-06-17,198.396,531.18,534.18,422.619,371.28917236816795,199.9894485316662,155.962611310932,1.0,1.0,2.0,1.5,2.6666666666666665,0.5773502691896192,2.229281716090852
EMEA,Tables,2013,26,6,2,Summer,0.0,0.0,495.99,1,-3.216245299353273e-16,-1.0,2013-26,2013-06-24,636.18,318.3,246.4905812025736,467.04150000000004,392.08079060128676,188.4982355593812,154.43616179988976,2.0,1.0,8.0,1.5,2.0833333333333335,0.5773502691896192,1.5050420310248875
EMEA,Tables,2013,36,9,3,Summer,0.0,0.0,74.871,1,-0.9350162426854147,-0.3546048870425359,2013-36,2013-09-02,495.99,537.6,492.9811624051472,351.35925,357.2382770675245,259.4124269156163,175.35132682631723,1.0,2.0,6.0,1.25,1.6666666666666667,0.49999999999999234,0.8876253645985959
EMEA,Tables,2013,41,10,4,Autumn,0.0,0.0,425.91,1,-0.9709418174260521,0.23931566428755738,2013-41,2013-10-07,74.871,198.396,246.4905812025736,408.23775,372.1898953006434,238.8191960045297,172.67865814199004,1.0,1.0,2.0,1.25,1.5833333333333333,0.49999999999999234,0.9003366373785213
EMEA,Tables,2014,5,1,1,Winter,0.0,0.0,246.4905812025736,8,0.5680647467311558,0.8229838658936564,2014-5,2014-01-27,425.91,636.18,246.4905812025736,310.8153953006434,372.1898953006434,189.15940512259456,172.67865814199004,1.0,2.0,2.0,2.75,2.0833333333333335,3.499999999999999,2.0652243256245844
EMEA,Tables,2014,8,2,1,Winter,0.0,0.0,445.62,1,0.8229838658936564,0.5680647467311559,2014-8,2014-02-17,246.4905812025736,495.99,246.4905812025736,298.2228953006434,388.7840135337622,173.77399559637644,169.03049599705574,8.0,1.0,1.0,2.75,2.0833333333333335,3.499999999999999,2.0652243256245844
EMEA,Tables,2014,11,3,1,Winter,0.0,0.0,101.388,1,0.970941817426052,0.23931566428755804,2014-11,2014-03-10,445.62,74.871,508.38,304.8521453006434,354.8680135337622,162.55698866137587,183.09811634287112,1.0,1.0,2.0,2.75,2.0,3.499999999999999,2.088931871468375
EMEA,Tables,2014,25,6,2,Spring,0.0,0.0,246.4905812025736,2,0.12053668025532308,-0.992708874098054,2014-25,2014-06-16,101.388,425.91,246.4905812025736,259.9972906012868,354.8680135337623,141.3949076253279,183.09811634287112,1.0,1.0,4.0,3.0,1.8333333333333333,3.3665016461206916,1.9924098397912446
EMEA,Tables,2014,37,9,3,Summer,0.0,0.0,249.57,1,-0.970941817426052,-0.23931566428755774,2014-37,2014-09-08,246.4905812025736,246.4905812025736,531.18,260.7671453006434,331.40051353376225,141.3052089068139,176.36923940695578,2.0,8.0,1.0,1.25,1.8333333333333333,0.49999999999999206,1.9924098397912446
EMEA,Tables,2014,38,9,3,Summer,0.0,0.0,246.4905812025736,2,-0.992708874098054,-0.12053668025532357,2014-38,2014-09-15,249.57,445.62,318.3,210.9847906012868,325.4163953006434,73.07894641388306,178.06422533869684,1.0,1.0,1.0,1.5,1.9166666666666667,0.577350269189619,1.9752253419585206
EMEA,Tables,2014,39,9,3,Autumn,0.0,0.0,126.348,1,-1.0,-1.8369701987210297e-16,2014-39,2014-09-22,246.4905812025736,101.388,537.6,217.2247906012868,291.14539530064343,60.60191592151011,173.01809637684323,2.0,1.0,2.0,1.5,1.8333333333333333,0.577350269189619,1.9924098397912446
EMEA,Tables,2014,40,9,3,Autumn,0.0,0.0,246.4905812025736,1,-0.992708874098054,0.1205366802553232,2014-40,2014-09-29,126.348,246.4905812025736,198.396,217.2247906012868,295.1532770675245,60.60191592151011,171.2220045095477,1.0,2.0,1.0,1.25,1.8333333333333333,0.49999999999999206,1.9924098397912446
EMEA,Tables,2014,45,11,4,Autumn,0.0,0.0,177.96,1,-0.7485107481711011,0.6631226582407952,2014-45,2014-11-03,246.4905812025736,249.57,636.18,199.3222906012868,256.9682770675245,58.39888647622666,135.65485309373315,1.0,1.0,2.0,1.25,1.75,0.49999999999999206,2.005673770264565
EMEA,Tables,2014,50,12,4,Autumn,0.0,0.0,246.4905812025736,2,-0.2393156642875578,0.970941817426052,2014-50,2014-12-08,177.96,246.4905812025736,495.99,199.3222906012868,236.17665883440566,58.39888647622666,112.90202198797847,1.0,2.0,1.0,1.25,1.8333333333333333,0.49999999999999206,1.9924098397912446
EMEA,Tables,2014,52,12,4,Winter,0.0,0.0,367.6785812025736,7,6.432490598706546e-16,1.0,2014-52,2014-12-22,246.4905812025736,126.348,74.871,259.65493590193023,260.5772906012868,78.92986541937204,106.32030606775862,2.0,1.0,1.0,2.75,2.3333333333333335,2.872281323269013,2.4618298195866557
EU,Bookcases,2011,18,5,2,Spring,1.0,0.1,246.4905812025736,3,0.8229838658936565,-0.5680647467311557,2011-18,2011-05-02,246.4905812025736,246.4905812025736,648.3391624051471,256.8529359019302,336.47419943569247,20.72470939871273,233.95650522488657,5.0,3.0,14.0,4.0,4.0,1.8257418583505518,1.9540168418367885
EU,Bookcases,2011,19,5,2,Spring,1.0,0.5,196.74,2,0.7485107481711013,-0.663122658240795,2011-19,2011-05-09,246.4905812025736,287.94,798.1005812025736,234.0529359019302,286.3608176688113,24.875290601286427,185.46811229742184,3.0,2.0,7.0,4.0,3.5833333333333335,1.8257418583505518,1.7816403745544227
EU,Bookcases,2011,20,5,2,Spring,1.0,0.5,507.6,6,0.6631226582407952,-0.7485107481711012,2011-20,2011-05-16,196.74,246.4905812025736,246.4905812025736,299.3302906012868,308.1199359019302,140.81324435502245,195.4152354714919,2.0,6.0,2.0,4.0,3.9166666666666665,1.8257418583505518,1.831955405041456
EU,Bookcases,2011,21,5,2,Spring,1.0,0.1,492.9811624051472,8,0.5680647467311558,-0.8229838658936564,2011-21,2011-05-23,507.6,246.4905812025736,119.184,360.9529359019302,339.2696994356924,162.2799360806513,192.32818749796795,6.0,5.0,2.0,4.75,4.416666666666667,2.7537852736430497,2.0652243256245826
EU,Bookcases,2011,22,6,2,Spring,1.0,0.5,246.4905812025736,5,0.46472317204376906,-0.8854560256532096,2011-22,2011-05-30,492.9811624051472,246.4905812025736,246.4905812025736,360.9529359019302,339.2696994356924,162.2799360806513,192.32818749796795,8.0,3.0,2.0,5.25,4.666666666666667,2.4999999999999987,1.9227505550563997
EU,Bookcases,2011,23,6,2,Spring,0.3333333333333333,0.03333333333333333,1294.1085812025735,12,0.35460488704253584,-0.9350162426854147,2011-23,2011-06-06,246.4905812025736,196.74,860.5411624051471,635.2950812025736,375.40031766881134,455.2521104652938,306.18172588267254,5.0,2.0,7.0,7.75,5.083333333333333,3.0956959368344505,2.810963384947436
EU,Bookcases,2011,24,6,2,Spring,0.5,0.05,1286.7825812025735,13,0.23931566428755768,-0.970941817426052,2011-24,2011-06-13,1294.1085812025735,507.6,246.4905812025736,830.090726503217,462.0913176688113,541.0212588028478,399.4354764443463,12.0,6.0,4.0,9.5,5.833333333333333,3.6968455021364717,3.588702812826366
EU,Bookcases,2011,25,6,2,Summer,1.0,0.10000000000000002,1000.4925812025735,8,0.12053668025532308,-0.992708874098054,2011-25,2011-06-20,1286.7825812025735,492.9811624051472,246.4905812025736,956.9685812025735,524.9248176688113,492.9888373502994,421.15116662099854,13.0,8.0,5.0,9.5,6.083333333333333,3.6968455021364717,3.6296339242742395
EU,Bookcases,2011,26,6,2,Summer,0.6666666666666666,0.13333333333333333,894.4785812025737,8,-3.216245299353273e-16,-1.0,2011-26,2011-06-27,1000.4925812025735,246.4905812025736,246.4905812025736,1118.9655812025735,578.9238176688114,202.70494224857956,423.7393080122752,8.0,5.0,3.0,10.25,6.5,2.629955639676582,3.5290998079603026
EU,Bookcases,2011,29,7,3,Summer,1.0,0.1,332.019,3,-0.3546048870425356,-0.9350162426854148,2011-29,2011-07-18,894.4785812025737,1294.1085812025735,287.94,878.4431859019302,582.5970676688113,400.19730196024665,421.1708254549176,8.0,12.0,2.0,8.0,6.583333333333333,4.0824829046386295,3.4234042953903296
EU,Bookcases,2011,30,7,3,Summer,1.0,0.5,73.65,1,-0.46472317204376806,-0.8854560256532101,2011-30,2011-07-25,332.019,1286.7825812025735,246.4905812025736,575.1600406012868,568.1936859019303,444.7853365818398,436.3905220333852,3.0,13.0,6.0,5.0,6.166666666666667,3.5590260840104357,3.785938897200181
EU,Bookcases,2011,32,8,3,Summer,0.5,0.05,612.6030000000001,4,-0.663122658240795,-0.7485107481711013,2011-32,2011-08-08,73.65,1000.4925812025735,246.4905812025736,478.18764530064345,598.7030541350491,354.2040891103474,424.4903902897645,1.0,8.0,5.0,4.0,6.083333333333333,2.9439202887759475,3.8247598458972387
EU,Bookcases,2011,33,8,3,Summer,0.4,0.12,1756.7325812025736,18,-0.7485107481711011,-0.6631226582407952,2011-33,2011-08-15,612.6030000000001,894.4785812025737,246.4905812025736,693.7511453006434,724.5565541350492,742.044502237981,523.0176881987095,4.0,8.0,3.0,6.5,7.333333333333333,7.767453465154028,4.996968778139099
EU,Bookcases,2011,34,8,3,Summer,0.5,0.05,685.9425812025736,9,-0.8229838658936564,-0.5680647467311559,2011-34,2011-08-22,1756.7325812025736,332.019,196.74,782.2320406012867,765.3234359019302,704.6950837777271,496.5316051603857,18.0,3.0,2.0,8.0,7.916666666666667,7.438637868140464,4.718596350097293
EU,Bookcases,2011,36,9,3,Summer,0.6666666666666666,0.06666666666666667,1046.3385812025736,12,-0.9350162426854147,-0.3546048870425359,2011-36,2011-09-05,685.9425812025736,73.65,507.6,1025.4041859019303,810.2183176688113,523.1056205734874,495.46502690296734,9.0,1.0,6.0,10.75,8.416666666666666,5.852349955359811,4.813963276162626
EU,Bookcases,2011,37,9,3,Summer,0.6666666666666666,0.06666666666666667,1010.8411624051472,7,-0.970941817426052,-0.23931566428755774,2011-37,2011-09-12,1046.3385812025736,612.6030000000001,492.9811624051472,1124.963726503217,853.3733176688114,451.32299036613495,487.8154817489775,12.0,4.0,8.0,11.5,8.333333333333334,4.795831523312717,4.830458915396478
EU,Bookcases,2011,38,9,3,Autumn,1.0,0.1,656.8365812025736,6,-0.992708874098054,-0.12053668025532357,2011-38,2011-09-19,1010.8411624051472,1756.7325812025736,246.4905812025736,849.989726503217,887.5688176688113,207.07942163518177,454.66185565767717,7.0,18.0,5.0,8.5,8.416666666666666,2.6457513110645867,4.776045022883059
EU,Bookcases,2011,39,9,3,Autumn,0.0,0.0,639.9705812025736,12,-1.0,-1.8369701987210297e-16,2011-39,2011-09-26,656.8365812025736,685.9425812025736,1294.1085812025735,838.496726503217,833.0573176688113,220.08625574972987,440.48152336350887,6.0,9.0,12.0,9.25,8.416666666666666,3.201562118716421,4.776045022883059
EU,Bookcases,2011,40,10,4,Autumn,0.5,0.25,365.15999999999997,4,-0.992708874098054,0.1205366802553232,2011-40,2011-10-03,639.9705812025736,1046.3385812025736,1286.7825812025735,668.2020812025735,756.2554359019301,264.6773099010892,434.48429548653013,12.0,12.0,13.0,7.25,7.666666666666667,3.40342964277702,4.696871944241832
EU,Bookcases,2011,42,10,4,Autumn,0.0,0.0,869.0011624051472,9,-0.9350162426854148,0.35460488704253557,2011-42,2011-10-17,365.15999999999997,1010.8411624051472,1000.4925812025735,632.7420812025736,745.2978176688113,206.60051611252533,429.3929770565873,4.0,7.0,8.0,7.75,7.75,3.4999999999999973,4.7121699305675975
EU,Bookcases,2011,43,10,4,Autumn,0.0,0.0,246.4905812025736,3,-0.8854560256532101,0.464723172043768,2011-43,2011-10-24,869.0011624051472,656.8365812025736,894.4785812025737,530.1555812025736,691.2988176688114,279.621789903723,449.21392667750763,9.0,6.0,8.0,7.0,7.333333333333333,4.242640687119283,4.905161165609755
EU,Bookcases,2011,44,11,4,Autumn,0.3333333333333333,0.03333333333333333,739.4717436077208,12,-0.822983865893657,0.5680647467311548,2011-44,2011-10-31,246.4905812025736,639.9705812025736,332.019,555.0308718038604,725.2532129694547,296.5601892005003,434.7547378609388,3.0,12.0,3.0,7.0,8.083333333333334,4.242640687119283,4.870287154747341
EU,Bookcases,2011,45,11,4,Autumn,1.0,0.1,246.4905812025736,6,-0.7485107481711011,0.6631226582407952,2011-45,2011-11-07,739.4717436077208,365.15999999999997,73.65,525.3635171045037,739.6565947363359,326.32774561844434,413.5506921292318,12.0,4.0,1.0,7.5,8.5,3.8729833462074144,4.400413203738524
EU,Bookcases,2011,46,11,4,Autumn,0.5,0.05,492.9811624051472,11,-0.6631226582407955,0.7485107481711007,2011-46,2011-11-14,246.4905812025736,869.0011624051472,612.6030000000001,431.35851710450373,729.688108270098,235.9967642499591,418.3060676844013,6.0,9.0,4.0,8.0,9.083333333333334,4.242640687119283,4.209477042305486
EU,Bookcases,2011,47,11,4,Autumn,0.5,0.05,450.09000000000003,3,-0.5680647467311559,0.8229838658936564,2011-47,2011-11-21,492.9811624051472,246.4905812025736,1756.7325812025736,482.2583718038603,620.801226503217,202.39808307929042,270.6655341919502,11.0,3.0,18.0,8.0,7.833333333333333,4.242640687119283,3.485902343944124
EU,Bookcases,2011,48,12,4,Autumn,1.0,0.1,246.4905812025736,3,-0.4647231720437684,0.88545602565321,2011-48,2011-11-28,450.09000000000003,739.4717436077208,685.9425812025736,359.0130812025735,584.180226503217,131.10438326162438,290.08306597105917,3.0,12.0,9.0,5.75,7.333333333333333,3.7749172176353727,3.7254245232976966
EU,Bookcases,2011,49,12,4,Autumn,0.6666666666666666,0.06666666666666667,1698.8357436077208,21,-0.35460488704253595,0.9350162426854147,2011-49,2011-12-05,246.4905812025736,246.4905812025736,1046.3385812025736,722.0993718038603,638.5549900369792,659.9752303253489,417.67943720206046,3.0,6.0,12.0,9.5,8.083333333333334,8.54400374531753,5.31649804995276
EU,Bookcases,2011,50,12,4,Autumn,1.0,0.3,657.2505812025736,7,-0.2393156642875578,0.970941817426052,2011-50,2011-12-12,1698.8357436077208,492.9811624051472,1010.8411624051472,763.166726503217,609.0891082700981,645.9272444079539,401.1745151437013,21.0,11.0,7.0,8.5,8.083333333333334,8.54400374531753,5.31649804995276
EU,Bookcases,2011,51,12,4,Autumn,0.5,0.05,492.9811624051472,13,-0.12053668025532363,0.992708874098054,2011-51,2011-12-19,657.2505812025736,450.09000000000003,656.8365812025736,773.8895171045037,595.4344900369792,639.3197699172831,402.18886996275046,7.0,3.0,6.0,11.0,8.666666666666666,7.831560082980486,5.449492609130659
EU,Bookcases,2011,52,12,4,Winter,0.3333333333333333,0.09999999999999999,1530.5823248102943,23,6.432490598706546e-16,1.0,2011-52,2011-12-26,492.9811624051472,246.4905812025736,639.9705812025736,1094.912453006434,669.6521353376226,607.8379089757589,484.8367730313799,13.0,3.0,12.0,16.0,9.583333333333334,7.393691004272943,6.8152013687762505
EU,Bookcases,2012,1,12,4,Winter,1.0,0.1,273.564,2,0.12053668025532305,0.992708874098054,2012-1,2012-01-02,1530.5823248102943,1698.8357436077208,365.15999999999997,738.5945171045037,662.0191353376226,550.8904383837123,490.7512663368156,23.0,21.0,4.0,11.25,9.416666666666666,9.03234926989282,6.986458763966623
EU,Bookcases,2012,2,1,1,Winter,0.0,0.0,246.4905812025736,6,0.23931566428755774,0.970941817426052,2012-2,2012-01-09,273.564,657.2505812025736,869.0011624051472,635.9045171045036,610.1432535707415,606.5776478819371,499.70300215469405,2.0,7.0,9.0,11.0,9.166666666666666,9.201449161228172,7.056052634999173
EU,Bookcases,2012,4,1,1,Winter,1.0,0.1,454.41,3,0.4647231720437685,0.8854560256532099,2012-4,2012-01-23,246.4905812025736,492.9811624051472,246.4905812025736,626.2617265032168,627.4698718038604,609.9045197154791,489.4469080448237,6.0,13.0,3.0,8.5,9.166666666666666,9.814954576223638,7.056052634999173
EU,Bookcases,2012,5,2,1,Winter,1.0,0.1,256.392,2,0.5680647467311558,0.8229838658936564,2012-5,2012-01-30,454.41,1530.5823248102943,739.4717436077208,307.7141453006433,587.213226503217,98.43473914081497,499.16732770280834,3.0,23.0,12.0,3.25,8.333333333333334,1.8929694486000879,7.278028371042322
EU,Bookcases,2012,7,2,1,Winter,1.0,0.1,652.3815812025737,7,0.7485107481711011,0.6631226582407953,2012-7,2012-02-13,256.392,273.564,246.4905812025736,402.4185406012867,621.037476503217,192.19947329035963,487.5984065044432,2.0,2.0,6.0,4.5,8.416666666666666,2.380476142847614,7.254570137422883
EU,Bookcases,2012,9,3,1,Winter,1.0,0.2,883.4281624051472,13,0.8854560256532099,0.4647231720437686,2012-9,2012-02-27,652.3815812025737,246.4905812025736,492.9811624051472,561.65293590193,653.574726503217,268.611410627493,491.2896430545507,7.0,6.0,11.0,6.25,8.583333333333334,4.991659710623978,7.341765125057811
EU,Bookcases,2012,10,3,1,Winter,0.5,0.05,685.3305812025735,10,0.9350162426854148,0.35460488704253557,2012-10,2012-03-05,883.4281624051472,454.41,450.09000000000003,619.3830812025735,673.178108270098,262.62793942406284,487.1075610699408,13.0,3.0,3.0,8.0,9.166666666666666,4.690415759823429,7.132936834066868
EU,Bookcases,2012,11,3,1,Winter,1.0,0.3,492.9811624051472,9,0.970941817426052,0.23931566428755804,2012-11,2012-03-12,685.3305812025735,256.392,246.4905812025736,678.5303718038602,693.7189900369793,160.35545495300246,472.45558677514305,10.0,2.0,3.0,9.75,9.666666666666666,2.4999999999999982,6.86669608702141
EU,Bookcases,2012,12,3,1,Spring,1.0,0.1,246.4905812025736,7,0.992708874098054,0.120536680255323,2012-12,2012-03-19,492.9811624051472,652.3815812025737,1698.8357436077208,577.0576218038602,572.690226503217,271.98612785838725,365.480395986548,9.0,7.0,21.0,9.75,8.5,2.4999999999999982,5.885266658050732
EU,Bookcases,2012,15,4,2,Spring,0.5,0.25,947.025,5,0.9709418174260521,-0.2393156642875575,2012-15,2012-04-09,246.4905812025736,883.4281624051472,657.2505812025736,592.9568312025735,596.8380947363358,296.6092685589248,380.82610597762346,7.0,13.0,7.0,7.75,8.333333333333334,2.217355782608343,5.959458995173263
EU,Bookcases,2012,16,4,2,Spring,0.0,0.0,246.4905812025736,3,0.9350162426854148,-0.35460488704253545,2012-16,2012-04-16,947.025,685.3305812025735,492.9811624051472,483.24683120257345,576.2972129694548,330.2988499753827,393.3778818129174,5.0,10.0,13.0,6.0,7.5,2.5819888974716094,5.946733251427743
EU,Bookcases,2012,17,4,2,Spring,1.0,0.1,334.611,3,0.8854560256532099,-0.4647231720437685,2012-17,2012-04-23,246.4905812025736,492.9811624051472,1530.5823248102943,443.6542906012867,476.63293590193024,338.1417685495447,257.74622301677067,3.0,9.0,23.0,4.5,5.833333333333333,1.9148542155126733,3.511884584284251
EU,Bookcases,2012,19,5,2,Spring,0.5,0.05,610.2719999999999,4,0.7485107481711013,-0.663122658240795,2012-19,2012-05-07,334.611,246.4905812025736,273.564,534.5996453006433,504.6919359019302,315.60696524278853,251.89084707218743,3.0,7.0,2.0,3.75,6.0,0.9574271077563324,3.357488238658075
EU,Bookcases,2012,20,5,2,Spring,0.0,0.0,492.9811624051472,10,0.6631226582407952,-0.7485107481711012,2012-20,2012-05-14,610.2719999999999,947.025,246.4905812025736,421.08868590193003,525.2328176688113,162.19509120650102,238.6220015742592,4.0,5.0,6.0,5.0,6.333333333333333,3.3665016461206907,3.550501458394382
EU,Bookcases,2012,21,5,2,Spring,0.0,0.0,246.4905812025736,5,0.5680647467311558,-0.8229838658936564,2012-21,2012-05-21,492.9811624051472,246.4905812025736,454.41,421.08868590193003,507.9061994356925,162.19509120650102,251.43657766798202,10.0,3.0,3.0,5.5,6.5,3.109126351029603,3.4245105821522515
EU,Bookcases,2012,22,5,2,Spring,0.5,0.05,545.1705812025737,8,0.46472317204376906,-0.8854560256532096,2012-22,2012-05-28,246.4905812025736,334.611,256.392,473.72858120257354,531.9710812025736,158.90860592161323,238.6712645423144,5.0,3.0,2.0,6.75,7.0,2.753785273643049,3.1333978072025643
EU,Bookcases,2012,23,6,2,Spring,1.0,0.1,439.344,4,0.35460488704253584,-0.9350162426854147,2012-23,2012-06-04,545.1705812025737,610.2719999999999,652.3815812025737,430.9965812025735,514.2179494356925,130.371180377974,236.81651913971726,8.0,4.0,7.0,6.75,6.75,2.753785273643049,3.2508740083524987
EU,Bookcases,2012,24,6,2,Spring,0.6666666666666666,0.06666666666666667,849.5431624051472,12,0.23931566428755768,-0.970941817426052,2012-24,2012-06-11,439.344,492.9811624051472,883.4281624051472,520.1370812025734,511.3941994356924,252.0218055300922,232.17035975477594,4.0,10.0,13.0,7.25,6.666666666666667,3.5939764421413027,3.0846639225613446
EU,Bookcases,2012,25,6,2,Summer,0.6,0.06000000000000001,1503.0737436077206,22,0.12053668025532308,-0.992708874098054,2012-25,2012-06-18,849.5431624051472,246.4905812025736,685.3305812025735,834.2828718038602,579.5394629694548,478.5661694812373,368.08879432171346,12.0,5.0,10.0,11.5,7.666666666666667,7.724420150837644,5.365433699886599
EU,Bookcases,2012,26,7,3,Summer,0.0,0.0,246.4905812025736,5,-3.216245299353273e-16,-1.0,2012-26,2012-06-25,1503.0737436077206,545.1705812025737,492.9811624051472,759.6128718038603,558.9985812025736,555.7841788648473,380.0417500894769,22.0,8.0,9.0,10.75,7.333333333333333,8.301606270274846,5.3992143087226285
EU,Bookcases,2012,27,7,3,Summer,1.0,0.1,246.4905812025736,7,-0.12053668025532283,-0.992708874098054,2012-27,2012-07-02,246.4905812025736,439.344,246.4905812025736,711.3995171045037,558.9985812025736,599.4754331939849,380.0417500894769,5.0,4.0,7.0,11.5,7.333333333333333,7.593857166596344,5.3992143087226285
EU,Bookcases,2012,28,7,3,Summer,1.0,0.1,492.9811624051472,6,-0.23931566428755743,-0.9709418174260521,2012-28,2012-07-09,246.4905812025736,849.5431624051472,947.025,622.2590171045036,521.1615947363358,598.5959073757442,359.97009942538796,7.0,12.0,5.0,10.0,7.416666666666667,8.041558721209878,5.367551216393382
EU,Bookcases,2012,29,7,3,Summer,0.0,0.0,292.56,2,-0.3546048870425356,-0.9350162426854148,2012-29,2012-07-16,492.9811624051472,1503.0737436077206,246.4905812025736,319.63058120257347,525.0007129694546,117.58990825451528,357.00787548967924,6.0,22.0,3.0,5.0,7.333333333333333,2.1602468994692825,5.449492609130662
EU,Bookcases,2012,31,8,3,Summer,0.6666666666666666,0.06666666666666667,887.3085812025736,13,-0.5680647467311556,-0.8229838658936566,2012-31,2012-07-30,292.56,246.4905812025736,334.611,479.83508120257346,571.0588447363358,291.96408704548804,365.7574190305731,2.0,5.0,3.0,7.0,8.166666666666666,4.54606056566195,5.491039532867629
EU,Bookcases,2012,32,8,3,Summer,0.5,0.05,1191.0717436077207,14,-0.663122658240795,-0.7485107481711013,2012-32,2012-08-06,887.3085812025736,246.4905812025736,610.2719999999999,715.9803718038602,619.4588233703125,401.69583250232773,407.4679031837858,13.0,7.0,4.0,8.75,9.0,5.737304826019501,5.559594491425692
EU,Bookcases,2012,33,8,3,Summer,0.0,0.0,246.4905812025736,2,-0.7485107481711011,-0.6631226582407952,2012-33,2012-08-13,1191.0717436077207,492.9811624051472,492.9811624051472,654.3577265032168,598.9179416034314,461.7290836194632,420.43014666067063,14.0,6.0,10.0,7.75,8.333333333333334,6.652067347825033,5.898125023079689
EU,Bookcases,2012,34,8,3,Summer,0.7142857142857143,0.07142857142857142,2115.8687436077207,24,-0.8229838658936564,-0.5680647467311559,2012-34,2012-08-20,246.4905812025736,292.56,246.4905812025736,1110.1849124051469,754.6994551371937,777.5140737345876,590.076784084314,2.0,2.0,5.0,13.25,9.916666666666666,8.995369179009089,7.304523297660196
EU,Bookcases,2012,35,8,3,Summer,0.25,0.025,1116.8911624051473,14,-0.8854560256532096,-0.4647231720437691,2012-35,2012-08-27,2115.8687436077207,887.3085812025736,545.1705812025737,1167.5805577057904,802.3428369040748,763.9324749712056,594.6839117743211,24.0,13.0,8.0,13.5,10.416666666666666,9.0,7.3664884113905655
EU,Bookcases,2012,36,9,3,Summer,0.8,0.08,1093.3877436077207,20,-0.9350162426854147,-0.3546048870425359,2012-36,2012-09-03,1116.8911624051473,1191.0717436077207,439.344,1143.1595577057906,856.8464822047182,764.492353533072,588.3281179492689,14.0,14.0,4.0,15.0,11.75,9.591663046625438,7.545317632930912
EU,Bookcases,2012,37,9,3,Summer,1.0,0.3,706.4085812025736,7,-0.970941817426052,-0.23931566428755774,2012-37,2012-09-10,1093.3877436077207,246.4905812025736,849.5431624051472,1258.1390577057905,844.9186004378371,601.9968704801805,589.9384135255535,20.0,2.0,12.0,16.25,11.333333333333334,7.410578025138569,7.667325399895243
EU,Bookcases,2012,38,9,3,Summer,1.0,0.1,492.9811624051472,7,-0.992708874098054,-0.12053668025532357,2012-38,2012-09-17,706.4085812025736,2115.8687436077207,1503.0737436077206,852.4171624051471,760.7442186709559,304.6998859872316,558.7297686832745,7.0,24.0,22.0,12.0,10.083333333333334,6.271629240742258,6.960385743403139
EU,Bookcases,2012,39,9,3,Autumn,1.0,0.21428571428571427,1856.3521624051473,17,-1.0,-1.8369701987210297e-16,2012-39,2012-09-24,492.9811624051472,1116.8911624051473,246.4905812025736,1037.2824124051472,894.8993504378371,599.9345537863959,614.5136486917446,7.0,14.0,5.0,12.75,11.083333333333334,6.751543033509696,7.025386865223904
EU,Bookcases,2012,40,10,4,Autumn,0.5,0.05,492.9811624051472,8,-0.992708874098054,0.1205366802553232,2012-40,2012-10-01,1856.3521624051473,1093.3877436077207,246.4905812025736,887.1807671045037,915.4402322047182,653.9007145214573,594.6686191544765,17.0,20.0,7.0,9.75,11.166666666666666,4.8562674281111535,6.97832140969228
EU,Bookcases,2012,42,10,4,Autumn,0.0,0.0,246.4905812025736,2,-0.9350162426854148,0.35460488704253557,2012-42,2012-10-15,492.9811624051472,706.4085812025736,492.9811624051472,772.2012671045037,894.8993504378371,732.0479544377096,614.5136486917446,8.0,7.0,6.0,8.5,10.833333333333334,6.2449979983983965,7.3340220062308745
EU,Bookcases,2012,43,10,4,Autumn,0.25,0.025,1247.0717436077207,21,-0.8854560256532101,0.464723172043768,2012-43,2012-10-22,246.4905812025736,492.9811624051472,292.56,960.7239124051471,974.4419957384806,733.2706581271723,590.776498353949,2.0,7.0,2.0,12.0,12.416666666666666,8.602325267042627,7.304523297660193
EU,Bookcases,2012,44,10,4,Autumn,0.0,0.0,589.0305812025736,4,-0.822983865893657,0.5680647467311548,2012-44,2012-10-29,1247.0717436077207,1856.3521624051473,887.3085812025736,643.8935171045036,949.5854957384805,427.21483546639007,600.9629515505452,21.0,17.0,13.0,8.75,11.666666666666666,8.539125638299664,7.6910022202256
EU,Bookcases,2012,45,11,4,Autumn,0.5,0.05,686.7705812025736,5,-0.7485107481711011,0.6631226582407952,2012-45,2012-11-05,589.0305812025736,492.9811624051472,1191.0717436077207,692.3408718038602,907.560398871385,415.2159542707982,600.1729998086203,4.0,8.0,14.0,8.0,10.916666666666666,8.75595035770913,7.879297769048539
EU,Bookcases,2012,46,11,4,Autumn,0.25,0.025,1182.1637436077208,18,-0.6631226582407955,0.7485107481711007,2012-46,2012-11-12,686.7705812025736,246.4905812025736,246.4905812025736,926.259162405147,985.5331624051472,336.39548324585945,566.3054586578666,5.0,2.0,2.0,12.0,12.25,8.75595035770913,7.581376703955072
EU,Bookcases,2012,47,11,4,Autumn,0.0,0.0,492.9811624051472,10,-0.5680647467311559,0.8229838658936564,2012-47,2012-11-19,1182.1637436077208,1247.0717436077207,2115.8687436077207,737.7365171045037,850.2925306382659,306.66579273762017,454.59164516236103,18.0,21.0,24.0,9.25,11.083333333333334,6.396613687465162,6.625821847251486
EU,Bookcases,2012,48,11,4,Autumn,1.0,0.1,350.244,2,-0.4647231720437684,0.88545602565321,2012-48,2012-11-26,492.9811624051472,589.0305812025736,1116.8911624051473,678.0398718038603,786.4052671045038,363.2785721293834,467.4090981723484,10.0,4.0,14.0,8.75,10.083333333333334,6.994045086119095,7.03831505318416
EU,Bookcases,2012,49,12,4,Autumn,0.3333333333333333,0.03333333333333333,582.4425812025736,10,-0.35460488704253595,0.9350162426854147,2012-49,2012-12-03,350.244,686.7705812025736,1093.3877436077207,651.9578718038603,743.8265035707415,366.17641317302827,460.1176765200874,2.0,5.0,20.0,10.0,9.25,6.531972647421807,6.311965548932365
EU,Bookcases,2012,50,12,4,Autumn,0.75,0.07500000000000001,974.0401624051472,13,-0.2393156642875578,0.970941817426052,2012-50,2012-12-10,582.4425812025736,1182.1637436077208,706.4085812025736,599.9269765032169,766.1291353376228,267.11132251886227,464.6034846955281,10.0,18.0,7.0,8.75,9.75,4.716990566028301,6.355026643245769
EU,Bookcases,2012,51,12,4,Autumn,0.8,0.1,1854.7741624051473,23,-0.12053668025532363,0.992708874098054,2012-51,2012-12-17,974.0401624051472,492.9811624051472,492.9811624051472,940.3752265032169,879.6118853376228,661.7223448330303,550.241149049007,13.0,10.0,7.0,12.0,11.083333333333334,8.679477710861024,7.329372208429376
EU,Bookcases,2012,52,12,4,Winter,0.0,0.0,734.6505812025737,8,6.432490598706546e-16,1.0,2012-52,2012-12-24,1854.7741624051473,350.244,1856.3521624051473,1036.4768718038604,786.1367535707415,568.8453349332291,456.5243746274719,23.0,2.0,17.0,13.5,10.333333333333334,6.658328118479392,7.126561498217689
EU,Bookcases,2013,1,1,1,Winter,0.5,0.05,492.9811624051472,15,0.12053668025532305,0.992708874098054,2013-1,2012-12-31,734.6505812025737,582.4425812025736,492.9811624051472,1014.1115171045037,786.1367535707415,593.8559471666446,456.5243746274719,8.0,10.0,8.0,14.75,10.916666666666666,6.238322424070966,7.204270618981154
EU,Bookcases,2013,2,1,1,Winter,1.0,0.5,246.4905812025736,3,0.23931566428755774,0.970941817426052,2013-2,2013-01-07,492.9811624051472,974.0401624051472,246.4905812025736,832.2241218038603,786.1367535707415,710.2344090617972,456.5243746274719,15.0,13.0,2.0,12.25,11.0,8.69386757049665,7.096734204099538
EU,Bookcases,2013,3,1,1,Winter,0.5,0.25,550.3155812025736,11,0.3546048870425356,0.9350162426854148,2013-3,2013-01-14,246.4905812025736,1854.7741624051473,1247.0717436077207,506.1094765032169,728.0737400369793,201.4609471320902,436.4374732607277,3.0,23.0,21.0,9.25,10.166666666666666,5.057996968497837,6.365151334819264
EU,Bookcases,2013,4,1,1,Winter,1.0,0.1,135.297,1,0.4647231720437685,0.8854560256532099,2013-4,2013-01-21,550.3155812025736,734.6505812025737,589.0305812025736,356.2710812025735,690.2626082700981,197.67331385077028,468.0859897703919,11.0,8.0,4.0,7.5,9.916666666666666,6.608075867199668,6.680478117529301
EU,Bookcases,2013,5,1,1,Winter,1.0,0.3,819.4680000000001,8,0.5680647467311558,0.8229838658936564,2013-5,2013-01-28,135.297,492.9811624051472,686.7705812025736,437.8927906012867,701.320726503217,308.99705636493206,469.5610994482311,1.0,15.0,5.0,5.75,10.166666666666666,4.573474244670746,6.534291828267976
EU,Bookcases,2013,6,2,1,Winter,0.8,0.24,852.2385812025736,8,0.6631226582407952,0.7485107481711011,2013-6,2013-02-04,819.4680000000001,246.4905812025736,1182.1637436077208,589.3297906012867,673.8269629694547,331.5380878455625,448.0116876149181,8.0,3.0,18.0,7.0,9.333333333333334,4.242640687119283,6.065301211636463
EU,Bookcases,2013,7,2,1,Winter,1.0,0.1,492.9811624051472,8,0.7485107481711011,0.6631226582407953,2013-7,2013-02-11,852.2385812025736,550.3155812025736,492.9811624051472,574.9961859019302,673.8269629694547,335.0082843763904,448.0116876149181,8.0,11.0,10.0,6.25,9.166666666666666,3.499999999999998,6.072790781740124
EU,Bookcases,2013,9,3,1,Winter,1.0,0.2333333333333333,946.1685812025736,8,0.8854560256532099,0.4647231720437686,2013-9,2013-02-25,492.9811624051472,135.297,350.244,777.7140812025735,723.4873447363358,197.2705793678183,441.8689002949127,8.0,1.0,2.0,8.0,9.666666666666666,0.0,5.662208585049301
EU,Bookcases,2013,10,3,1,Winter,0.0,0.0,246.4905812025736,3,0.9350162426854148,0.35460488704253557,2013-10,2013-03-04,946.1685812025736,819.4680000000001,582.4425812025736,634.4697265032169,695.4913447363359,324.1019803789703,461.81030643599456,8.0,8.0,10.0,6.75,9.083333333333334,2.4999999999999964,5.976595767633689
EU,Bookcases,2013,11,3,1,Winter,1.0,0.3,757.5105812025736,13,0.970941817426052,0.23931566428755804,2013-11,2013-03-11,246.4905812025736,852.2385812025736,974.0401624051472,610.7877265032168,677.4472129694547,305.83149522179156,454.10313245982655,3.0,8.0,13.0,8.0,9.083333333333334,4.082482904638628,5.976595767633689
EU,Bookcases,2013,12,3,1,Spring,0.75,0.07500000000000001,1186.6921624051472,11,0.992708874098054,0.120536680255323,2013-12,2013-03-18,757.5105812025736,492.9811624051472,1854.7741624051473,784.2154765032169,621.7737129694548,399.19815684088024,316.8514727237499,13.0,8.0,23.0,8.75,8.083333333333334,4.349329450233294,4.166060561977054
EU,Bookcases,2013,13,3,1,Spring,0.0,0.0,345.24,2,1.0,-1.6081226496766366e-16,2013-13,2013-03-25,1186.6921624051472,946.1685812025736,734.6505812025737,633.9833312025735,589.3228312025736,429.83305914366304,324.0982460102997,11.0,8.0,8.0,7.25,7.583333333333333,5.560275772537424,4.521832559590156
EU,Bookcases,2013,14,4,2,Spring,0.0,0.0,370.53,3,0.992708874098054,-0.12053668025532288,2013-14,2013-04-01,345.24,246.4905812025736,492.9811624051472,664.9931859019301,579.1185676688114,395.67661807072903,329.2933847504169,2.0,3.0,15.0,7.25,6.583333333333333,5.560275772537424,4.033007750445255
EU,Bookcases,2013,15,4,2,Spring,1.0,0.1,246.4905812025736,8,0.9709418174260521,-0.2393156642875575,2013-15,2013-04-08,370.53,757.5105812025736,246.4905812025736,537.2381859019301,579.1185676688114,436.26427765388536,329.2933847504169,3.0,13.0,3.0,6.0,7.0,4.242640687119283,3.884701930767542
EU,Bookcases,2013,17,4,2,Spring,0.5,0.05,793.6185812025736,7,0.8854560256532099,-0.4647231720437685,2013-17,2013-04-22,246.4905812025736,1186.6921624051472,550.3155812025736,438.9697906012867,599.3938176688113,242.41375738560293,334.80293800575055,8.0,11.0,11.0,5.0,6.666666666666667,2.9439202887759457,3.6762958960278884
EU,Bookcases,2013,18,4,2,Spring,1.0,0.1,246.4905812025736,8,0.8229838658936565,-0.5680647467311557,2013-18,2013-04-29,793.6185812025736,345.24,135.297,414.28243590193006,608.6599494356925,259.5627090485092,322.0880150790351,7.0,2.0,1.0,6.5,7.25,2.3804761428476127,3.222788177396028
EU,Bookcases,2013,21,5,2,Spring,0.75,0.07500000000000001,1078.7865812025736,11,0.5680647467311558,-0.8229838658936564,2013-21,2013-05-20,246.4905812025736,370.53,819.4680000000001,591.3465812025736,630.2698312025736,414.8746947597552,345.37499460297903,8.0,3.0,8.0,8.5,7.5,1.7320508075688714,3.3978602892783156
EU,Bookcases,2013,22,5,2,Spring,1.0,0.1,129.033,1,0.46472317204376906,-0.8854560256532096,2013-22,2013-05-27,1078.7865812025736,246.4905812025736,852.2385812025736,561.9821859019302,570.0026994356924,450.0822713085756,365.62592219465876,11.0,8.0,8.0,6.75,6.916666666666667,4.1932485418030385,3.8720051965905498
EU,Bookcases,2013,23,6,2,Spring,1.0,0.5,71.4,1,0.35460488704253584,-0.9350162426854147,2013-23,2013-06-03,129.033,793.6185812025736,492.9811624051472,381.4275406012867,534.8709359019302,470.5803844108301,392.93382623515015,1.0,7.0,8.0,5.25,6.333333333333333,5.057996968497838,4.20677663977655
EU,Bookcases,2013,24,6,2,Spring,0.6666666666666666,0.19999999999999998,1101.474,7,0.23931566428755768,-0.970941817426052,2013-24,2013-06-10,71.4,246.4905812025736,946.1685812025736,595.1733953006433,547.813054135049,572.0860814169354,409.90355938050664,1.0,8.0,8.0,5.0,6.25,4.898979485566354,4.180582821482276
EU,Bookcases,2013,25,6,2,Spring,0.5,0.05,1322.7825812025735,9,0.12053668025532308,-0.992708874098054,2013-25,2013-06-17,1101.474,1078.7865812025736,246.4905812025736,656.1723953006433,637.504054135049,648.7160024437011,453.4192358010023,7.0,11.0,3.0,4.5,6.75,4.123105625617659,4.114829058638787
EU,Bookcases,2013,26,6,2,Summer,0.0,0.0,1186.6305812025735,13,-3.216245299353273e-16,-1.0,2013-26,2013-06-24,1322.7825812025735,129.033,757.5105812025736,920.5717906012867,673.264054135049,573.4047841477735,479.8931777279802,9.0,1.0,13.0,7.5,6.75,4.999999999999998,4.114829058638787
EU,Bookcases,2013,27,7,3,Summer,0.5,0.05,381.0045812025736,4,-0.12053668025532283,-0.992708874098054,2013-27,2013-07-01,1186.6305812025735,71.4,1186.6921624051472,997.97293590193,606.1234223681679,421.2898581659973,457.36248666345125,13.0,1.0,11.0,8.25,6.166666666666667,3.7749172176353722,3.950450683917038
EU,Bookcases,2013,28,7,3,Summer,1.0,0.1,246.4905812025736,6,-0.23931566428755743,-0.9709418174260521,2013-28,2013-07-08,381.0045812025736,1101.474,345.24,784.2270812025733,597.8943041350491,548.8532078588959,463.33258092494776,4.0,7.0,2.0,8.0,6.5,3.9157800414902413,3.729489363048364
EU,Bookcases,2013,30,7,3,Summer,1.0,0.10000000000000002,967.3635812025736,8,-0.46472317204376806,-0.8854560256532101,2013-30,2013-07-22,246.4905812025736,1322.7825812025735,370.53,695.3723312025735,647.6304359019302,453.0032435471631,468.70970976197464,6.0,9.0,3.0,7.75,6.916666666666667,3.86221007541882,3.579190699111468
EU,Bookcases,2013,31,8,3,Summer,0.5,0.05,688.3905812025736,8,-0.5680647467311556,-0.8229838658936566,2013-31,2013-07-29,967.3635812025736,1186.6305812025735,246.4905812025736,570.8123312025734,684.4554359019302,322.6396949295767,451.3668082203621,8.0,13.0,8.0,6.5,6.916666666666667,1.9148542155126713,3.579190699111468
EU,Bookcases,2013,32,8,3,Summer,1.0,0.1,546.885,5,-0.663122658240795,-0.7485107481711013,2013-32,2013-08-05,688.3905812025736,381.0045812025736,793.6185812025736,612.2824359019301,663.8943041350491,299.97531849362974,451.56172054340334,8.0,4.0,7.0,6.75,6.75,1.4999999999999938,3.6212755161180907
EU,Bookcases,2013,33,8,3,Summer,0.0,0.0,1407.7323248102944,23,-0.7485107481711011,-0.6631226582407952,2013-33,2013-08-12,546.885,246.4905812025736,246.4905812025736,902.5928718038602,760.6644494356924,379.3730895137938,477.6536842532169,5.0,6.0,8.0,11.0,8.0,8.124038404635959,5.93908471674948
EU,Bookcases,2013,34,8,3,Summer,1.0,0.1,696.8505812025736,11,-0.8229838658936564,-0.5680647467311559,2013-34,2013-08-19,1407.7323248102944,967.3635812025736,1078.7865812025736,834.9646218038603,728.8364494356924,387.99147228400295,467.1380682545344,23.0,8.0,11.0,11.75,8.0,7.889866919029749,5.93908471674948
EU,Bookcases,2013,35,8,3,Summer,1.0,0.1,246.4905812025736,4,-0.8854560256532096,-0.4647231720437691,2013-35,2013-08-26,696.8505812025736,688.3905812025736,129.033,724.4896218038602,738.6245812025736,492.480453851975,454.4868626267265,11.0,8.0,1.0,10.75,8.25,8.73212459828649,5.674904885065954
EU,Bookcases,2013,36,9,3,Summer,0.3333333333333333,0.03333333333333333,739.4717436077208,8,-0.9350162426854147,-0.3546048870425359,2013-36,2013-09-02,246.4905812025736,546.885,71.4,772.6363077057905,794.2972265032171,478.54628515712,403.36765837013564,4.0,5.0,1.0,11.5,8.833333333333334,8.185352771872449,5.2019809746486025
EU,Bookcases,2013,37,9,3,Summer,0.5,0.18333333333333335,1636.7417436077208,17,-0.970941817426052,-0.23931566428755774,2013-37,2013-09-09,739.4717436077208,1407.7323248102944,1101.474,829.8886624051471,838.9028718038604,582.3056374023913,465.2701441216095,8.0,23.0,7.0,10.0,9.666666666666666,5.47722557505166,5.662208585049301
EU,Bookcases,2013,38,9,3,Summer,0.6666666666666666,0.06666666666666667,1772.466162405147,25,-0.992708874098054,-0.12053668025532357,2013-38,2013-09-16,1636.7417436077208,696.8505812025736,1322.7825812025735,1098.7925577057904,876.3765035707415,730.0126845648109,522.3886523006425,17.0,11.0,9.0,13.5,11.0,9.39858145324779,7.173182379846855
EU,Bookcases,2013,39,9,3,Autumn,0.7142857142857143,0.07142857142857142,2202.7713248102946,28,-1.0,-1.8369701987210297e-16,2013-39,2013-09-23,1772.466162405147,246.4905812025736,1186.6305812025735,1587.8627436077206,961.0548988713848,614.911221502818,645.1785803616998,25.0,4.0,13.0,19.5,12.25,8.962886439832502,8.698223434074963
EU,Bookcases,2013,40,10,4,Autumn,0.5,0.05,961.578,6,-0.992708874098054,0.1205366802553232,2013-40,2013-09-30,2202.7713248102946,739.4717436077208,381.0045812025736,1643.3893077057905,1009.4360171045038,514.6130989727149,618.9626598755358,28.0,8.0,4.0,19.0,12.416666666666666,9.83192080250175,8.543560396136037
EU,Bookcases,2013,41,10,4,Autumn,0.0,0.0,1336.8600000000001,9,-0.9709418174260521,0.23931566428755738,2013-41,2013-10-07,961.578,1636.7417436077208,246.4905812025736,1568.4188718038602,1100.3001353376228,537.2503098307637,575.2713026474281,6.0,17.0,6.0,17.0,12.666666666666666,11.105554165971787,8.381075363127584
EU,Bookcases,2013,42,10,4,Autumn,1.0,0.1,111.537,1,-0.9350162426854148,0.35460488704253557,2013-42,2013-10-14,1336.8600000000001,1772.466162405147,967.3635812025736,1153.1865812025735,1028.9812535707415,867.3929822936434,642.3855825794973,9.0,25.0,8.0,11.0,12.083333333333334,11.803954139750516,8.9590820687809
EU,Bookcases,2013,44,11,4,Autumn,0.3333333333333333,0.03333333333333333,1091.6205812025737,14,-0.822983865893657,0.5680647467311548,2013-44,2013-10-28,111.537,2202.7713248102946,688.3905812025736,875.3988953006433,1062.5837535707417,532.4816121343846,633.4339132461017,1.0,28.0,8.0,7.5,12.583333333333334,5.44671154612273,8.877533782566303
EU,Bookcases,2013,45,11,4,Autumn,1.0,0.3,768.4200000000001,8,-0.7485107481711011,0.6631226582407952,2013-45,2013-11-04,1091.6205812025737,961.578,546.885,827.1093953006432,1081.0450035707415,530.817025755474,620.1261633669709,14.0,6.0,5.0,8.0,12.833333333333334,5.354126134736336,8.68471314576609
EU,Bookcases,2013,46,11,4,Autumn,1.0,0.3,428.8755812025736,9,-0.6631226582407955,0.7485107481711007,2013-46,2013-11-11,768.4200000000001,1336.8600000000001,1407.7323248102944,600.1132906012866,999.4736082700982,423.4523625315578,637.3863308752292,8.0,9.0,23.0,8.0,11.666666666666666,5.354126134736336,8.116574885922496
EU,Bookcases,2013,47,11,4,Autumn,1.0,0.10000000000000002,714.2731624051472,12,-0.5680647467311559,0.8229838658936564,2013-47,2013-11-18,428.8755812025736,111.537,696.8505812025736,750.7973312025734,1000.9254900369792,271.6852800732946,636.6537509749018,9.0,1.0,11.0,10.75,11.75,2.753785273643049,8.11424112846722
EU,Bookcases,2013,48,11,4,Autumn,0.0,0.0,492.9811624051472,14,-0.4647231720437684,0.88545602565321,2013-48,2013-11-25,714.2731624051472,1091.6205812025737,246.4905812025736,601.1374765032168,1021.4663718038604,165.48421369202524,613.6611634914719,12.0,14.0,4.0,10.75,12.583333333333334,2.753785273643049,7.751343969488984
EU,Bookcases,2013,49,12,4,Autumn,0.5,0.05,976.515,7,-0.35460488704253595,0.9350162426854147,2013-49,2013-12-02,492.9811624051472,768.4200000000001,739.4717436077208,653.1612265032168,1041.219976503217,247.8265758998147,607.5432985742234,14.0,8.0,8.0,10.5,12.5,3.109126351029603,7.810249675906649
EU,Bookcases,2013,50,12,4,Autumn,0.25,0.025,1247.0717436077207,12,-0.2393156642875578,0.970941817426052,2013-50,2013-12-09,976.515,428.8755812025736,1636.7417436077208,857.7102671045035,1008.747476503217,326.25064330075315,582.7265592896194,7.0,9.0,17.0,11.25,12.083333333333334,2.9860788111948176,7.680652592223147
EU,Bookcases,2013,51,12,4,Autumn,0.3333333333333333,0.03333333333333333,927.8611624051472,10,-0.12053668025532363,0.992708874098054,2013-51,2013-12-16,1247.0717436077207,714.2731624051472,1772.466162405147,911.1072671045035,938.3637265032171,312.1220025531756,530.788655883484,12.0,12.0,25.0,10.75,10.833333333333334,2.9860788111948176,6.520364369814883
EU,Bookcases,2013,52,12,4,Winter,0.0,0.0,249.72,2,6.432490598706546e-16,1.0,2013-52,2013-12-23,927.8611624051472,492.9811624051472,2202.7713248102946,850.2919765032167,775.6094494356926,424.2916107296351,388.08840608468273,10.0,14.0,28.0,7.75,8.666666666666666,4.349329450233295,4.206776639776547
EU,Bookcases,2014,1,12,4,Winter,0.6666666666666666,0.06666666666666667,745.1189999999999,4,0.12053668025532305,0.992708874098054,2014-1,2013-12-30,249.72,976.515,961.578,792.4429765032168,757.5711994356925,417.05842473548046,383.6640984059194,2.0,7.0,6.0,7.0,8.5,4.7609522856952315,4.358898943540669
EU,Bookcases,2014,2,1,1,Winter,0.0,0.0,388.08,2,0.23931566428755774,0.970941817426052,2014-2,2014-01-06,745.1189999999999,1247.0717436077207,1336.8600000000001,577.6950406012866,678.5061994356925,313.1392586478327,349.68979574930387,4.0,12.0,9.0,4.5,7.916666666666667,3.7859388972001806,4.73782330790941
EU,Bookcases,2014,3,1,1,Winter,1.0,0.1,371.952,1,0.3546048870425356,0.9350162426854148,2014-3,2014-01-13,388.08,927.8611624051472,111.537,438.71774999999974,700.2074494356924,213.40393826790165,317.9454725731281,2.0,10.0,1.0,2.25,7.916666666666667,1.2583057392117867,4.73782330790941
EU,Bookcases,2014,5,1,1,Winter,1.0,0.1,464.3805812025736,5,0.5680647467311558,0.8229838658936564,2014-5,2014-01-27,371.952,249.72,1091.6205812025737,492.38289530064316,647.9374494356924,173.24583951181808,298.72559559330597,1.0,2.0,14.0,3.0,7.166666666666667,1.8257418583505503,4.386618771038147
EU,Bookcases,2014,6,2,1,Winter,0.6666666666666666,0.19999999999999998,796.9725812025736,17,0.6631226582407952,0.7485107481711011,2014-6,2014-02-03,464.3805812025736,745.1189999999999,768.4200000000001,505.34629060128657,650.3168312025736,198.5526818360082,299.883959998395,5.0,4.0,8.0,6.25,7.916666666666667,7.365459931328117,5.230302152463142
EU,Bookcases,2014,7,2,1,Winter,0.5,0.05,694.3665812025736,7,0.7485107481711011,0.6631226582407953,2014-7,2014-02-10,796.9725812025736,388.08,428.8755812025736,581.9179359019299,672.4410812025735,197.31018075121614,291.74469662925543,17.0,2.0,9.0,7.5,7.75,6.806859285554045,5.224505196231937
EU,Bookcases,2014,8,2,1,Winter,1.0,0.1,246.4905812025736,5,0.8229838658936564,0.5680647467311559,2014-8,2014-02-17,694.3665812025736,371.952,714.2731624051472,550.5525812025733,633.4591994356924,245.82147751569727,315.89893497240894,7.0,1.0,12.0,8.5,7.166666666666667,5.744562646538028,5.09604719068583
EU,Bookcases,2014,10,3,1,Winter,1.0,0.1,692.6385812025736,7,0.9350162426854148,0.35460488704253557,2014-10,2014-03-03,246.4905812025736,464.3805812025736,492.9811624051472,607.6170812025733,650.0973176688113,245.64336316090552,313.07270501536414,5.0,5.0,14.0,9.0,6.583333333333333,5.416025603090639,4.62126179804397
EU,Bookcases,2014,11,3,1,Winter,0.0,0.0,1185.9105812025737,10,0.970941817426052,0.23931566428755804,2014-11,2014-03-10,692.6385812025736,796.9725812025736,976.515,704.8515812025734,667.5469494356925,383.74108475898254,337.7806145383082,7.0,17.0,7.0,7.25,6.833333333333333,2.0615528128088285,4.725815626252606
EU,Bookcases,2014,13,3,1,Spring,0.0,0.0,246.4905812025736,5,1.0,-1.6081226496766366e-16,2014-13,2014-03-24,1185.9105812025737,694.3665812025736,1247.0717436077207,592.8825812025734,584.1651859019302,447.8125737582639,303.4741917177527,10.0,7.0,12.0,6.75,6.25,2.3629078131263026,4.45431353756211
EU,Bookcases,2014,14,4,2,Spring,1.0,0.21428571428571427,1756.7583248102944,34,0.992708874098054,-0.12053668025532288,2014-14,2014-03-31,246.4905812025736,246.4905812025736,927.8611624051472,970.4495171045037,653.2399494356924,649.6153908780534,448.4979279459287,5.0,5.0,10.0,14.0,8.25,13.490737563232042,9.176303474414162
EU,Bookcases,2014,15,4,2,Spring,0.5,0.05,492.9811624051472,14,0.9709418174260521,-0.2393156642875575,2014-15,2014-04-07,1756.7583248102944,692.6385812025736,249.72,920.535162405147,673.5117129694547,684.7948136995319,433.85979108844487,34.0,7.0,2.0,15.75,9.25,12.711543310445563,9.086703572703456
EU,Bookcases,2014,16,4,2,Spring,0.3333333333333333,0.09999999999999999,1696.2211624051472,20,0.9350162426854148,-0.35460488704253545,2014-16,2014-04-14,492.9811624051472,1185.9105812025737,745.1189999999999,1048.1128077057904,752.770226503217,790.1460299593558,525.3571575046138,14.0,10.0,4.0,18.25,10.583333333333334,12.17579566188592,9.414286371190745
EU,Bookcases,2014,17,4,2,Spring,0.8,0.18,1629.331743607721,33,0.8854560256532099,-0.4647231720437685,2014-17,2014-04-21,1696.2211624051472,246.4905812025736,388.08,1393.823098307077,856.2078718038605,602.8120445871685,567.5281768521266,20.0,5.0,2.0,25.25,13.166666666666666,9.844626283748237,10.969655114602885
EU,Bookcases,2014,18,4,2,Spring,0.6666666666666666,0.06666666666666667,1042.3965812025735,9,0.8229838658936565,-0.5680647467311557,2014-18,2014-04-28,1629.331743607721,1756.7583248102944,371.952,1215.232662405147,912.0782535707416,564.0175902702508,548.1933167777589,33.0,34.0,1.0,19.0,13.833333333333334,10.360180178613367,10.390846787904094
EU,Bookcases,2014,19,5,2,Spring,0.0,0.0,246.4905812025736,4,0.7485107481711013,-0.663122658240795,2014-19,2014-05-05,1042.3965812025735,492.9811624051472,464.3805812025736,1153.6100171045036,893.9207535707415,672.3025398801319,567.6340405776342,9.0,14.0,5.0,16.5,13.75,12.871156384205214,10.471823666825697
EU,Bookcases,2014,20,5,2,Spring,0.3333333333333333,0.03333333333333333,697.3891624051472,17,0.6631226582407952,-0.7485107481711012,2014-20,2014-05-12,246.4905812025736,1696.2211624051472,796.9725812025736,903.9020171045036,885.6221353376227,583.1713263384279,569.9036407924197,4.0,20.0,17.0,15.75,13.75,12.685293322058683,10.471823666825697
EU,Bookcases,2014,22,5,2,Spring,0.3333333333333333,0.03333333333333333,929.4,7,0.46472317204376906,-0.8854560256532096,2014-22,2014-05-26,697.3891624051472,1629.331743607721,694.3665812025736,728.9190812025734,905.2082535707415,352.2272633777484,566.7632325752487,17.0,33.0,7.0,9.25,13.75,5.560275772537422,10.471823666825697
EU,Bookcases,2014,23,6,2,Spring,0.0,0.0,492.9811624051472,10,0.35460488704253584,-0.9350162426854147,2014-23,2014-06-02,929.4,1042.3965812025735,246.4905812025736,591.5652265032168,925.7491353376226,291.0477441456732,544.7589332327882,7.0,9.0,5.0,9.5,14.166666666666666,5.567764362830019,10.187633620614683
EU,Bookcases,2014,24,6,2,Spring,0.5,0.18333333333333335,2092.681743607721,17,0.23931566428755768,-0.970941817426052,2014-24,2014-06-09,492.9811624051472,246.4905812025736,692.6385812025736,1053.1130171045036,1042.4193988713848,715.6105093265311,633.0613230230497,10.0,4.0,7.0,12.75,15.0,5.057996968497836,9.954441676503455
EU,Bookcases,2014,25,6,2,Summer,1.0,0.10000000000000002,761.1451624051472,8,0.12053668025532308,-0.992708874098054,2014-25,2014-06-16,2092.681743607721,697.3891624051472,1185.9105812025737,1069.0520171045036,1007.0222806382661,705.687552123768,636.1762927999085,17.0,17.0,10.0,10.5,14.833333333333334,4.50924975282289,10.061929449286755
EU,Bookcases,2014,26,6,2,Summer,0.5,0.05,1603.8761624051472,14,-3.216245299353273e-16,-1.0,2014-26,2014-06-23,761.1451624051472,929.4,246.4905812025736,1237.6710577057904,1120.1377457384806,740.8979733560534,608.7399668557237,8.0,7.0,5.0,12.25,15.583333333333334,4.03112887414927,9.586527794332783
EU,Bookcases,2014,27,7,3,Summer,0.5,0.05,492.9811624051472,14,-0.12053668025532283,-0.992708874098054,2014-27,2014-06-30,1603.8761624051472,492.9811624051472,1756.7583248102944,1237.6710577057904,1014.8229822047183,740.8979733560534,597.8106301729156,14.0,10.0,34.0,13.25,13.916666666666666,3.77491721763537,7.6331613054586605
EU,Bookcases,2014,28,7,3,Summer,0.5,0.05,750.5805812025735,12,-0.23931566428755743,-0.9709418174260521,2014-28,2014-07-07,492.9811624051472,2092.681743607721,492.9811624051472,902.1457671045035,1036.2896004378372,483.9746541334061,581.7784972307194,14.0,17.0,14.0,12.0,13.75,2.8284271247461836,7.6529851573214005
EU,Bookcases,2014,29,7,3,Summer,0.5,0.06666666666666667,1549.1823248102944,16,-0.3546048870425356,-0.9350162426854148,2014-29,2014-07-14,750.5805812025735,761.1451624051472,1696.2211624051472,1099.1550577057903,1024.0363639715995,561.6104497128285,568.0009600525811,12.0,8.0,20.0,14.0,13.416666666666666,1.632993161855441,7.440165361472852
EU,Bookcases,2014,31,8,3,Summer,0.5714285714285714,0.05714285714285715,1672.5723248102943,23,-0.5680647467311556,-0.8229838658936566,2014-31,2014-07-28,1549.1823248102944,1603.8761624051472,1629.331743607721,1116.3290983070772,1027.6397457384803,582.8387626328848,572.310832613746,16.0,14.0,33.0,16.25,12.583333333333334,4.787135538781687,5.299371031861536
EU,Bookcases,2014,32,8,3,Summer,0.4,0.04,1530.8191624051472,19,-0.663122658240795,-0.7485107481711013,2014-32,2014-08-04,1672.5723248102943,492.9811624051472,1042.3965812025735,1375.788598307077,1068.3416275053617,421.53113968172516,590.5335509989052,23.0,14.0,9.0,17.5,13.416666666666666,4.654746681256309,5.468227788919826
EU,Bookcases,2014,33,8,3,Summer,0.6666666666666666,0.06666666666666667,1725.6931624051472,22,-0.7485107481711011,-0.6631226582407952,2014-33,2014-08-11,1530.8191624051472,750.5805812025735,246.4905812025736,1619.5667436077206,1191.6085092722428,94.69689890056392,556.8061382767139,19.0,12.0,4.0,20.0,14.916666666666666,3.1622776601683737,5.107184482014838
EU,Bookcases,2014,34,8,3,Summer,0.5,0.15,887.9117436077208,13,-0.8229838658936564,-0.5680647467311559,2014-34,2014-08-18,1725.6931624051472,1549.1823248102944,697.3891624051472,1454.249098307077,1207.485391039124,386.414235938887,544.0018290419266,22.0,16.0,17.0,19.25,14.583333333333334,4.4999999999999964,5.0893531171962305
EU,Bookcases,2014,35,8,3,Summer,0.5,0.11666666666666665,2059.8797436077207,30,-0.8854560256532096,-0.4647231720437691,2014-35,2014-08-25,887.9117436077208,1672.5723248102943,929.4,1551.0759530064338,1301.6920363397674,493.14283709736645,587.6040591299877,13.0,23.0,7.0,21.0,16.5,7.071067811865473,6.186495556672378
EU,Bookcases,2014,36,9,3,Summer,0.42857142857142855,0.09999999999999999,1714.114906012868,38,-0.9350162426854147,-0.3546048870425359,2014-36,2014-09-01,2059.8797436077207,1530.8191624051472,492.9811624051472,1596.8998889083641,1403.4531816404105,499.1130812308009,538.5062851714694,30.0,19.0,10.0,25.75,18.833333333333332,10.719919153924,8.397330022998458
EU,Bookcases,2014,37,9,3,Summer,1.0,0.3,492.9811624051472,12,-0.970941817426052,-0.23931566428755774,2014-37,2014-09-08,1714.114906012868,1725.6931624051472,2092.681743607721,1288.721888908364,1270.1447998735296,723.3016273214514,550.2519259598768,38.0,22.0,17.0,23.25,18.416666666666668,12.841988423397158,8.617723105040639
EU,Bookcases,2014,38,9,3,Summer,0.8,0.08,1232.452906012868,21,-0.992708874098054,-0.12053668025532357,2014-38,2014-09-15,492.9811624051472,887.9117436077208,761.1451624051472,1374.857179509651,1309.420445174173,678.8067974934345,526.9447214757373,12.0,13.0,8.0,25.25,19.5,11.236102527122114,7.982936347439612
EU,Bookcases,2014,39,9,3,Autumn,0.42857142857142855,0.042857142857142864,1537.3623248102945,26,-1.0,-1.8369701987210297e-16,2014-39,2014-09-22,1232.452906012868,2059.8797436077207,1603.8761624051472,1244.2278248102941,1303.8776253746018,538.8976095261156,523.9068958983804,21.0,30.0,14.0,24.25,20.5,10.84358489307541,7.982936347439611
EU,Bookcases,2014,40,10,4,Autumn,1.0,0.5,83.34,1,-0.992708874098054,0.1205366802553232,2014-40,2014-09-29,1537.3623248102945,1714.114906012868,492.9811624051472,836.5340983070771,1269.7408618408397,666.643801653794,590.6420227232412,26.0,38.0,14.0,15.0,19.416666666666668,10.984838035522719,9.65268058231713
EU,Bookcases,2014,41,10,4,Autumn,0.3333333333333333,0.09999999999999999,1319.6445812025736,13,-0.9709418174260521,0.23931566428755738,2014-41,2014-10-06,83.34,492.9811624051472,750.5805812025735,1043.1999530064336,1317.1628618408397,652.6269714960939,567.5637585551996,1.0,12.0,12.0,15.25,19.5,10.904891868637058,9.586922911398144
EU,Bookcases,2014,42,10,4,Autumn,0.6666666666666666,0.06666666666666667,1535.952,11,-0.9350162426854148,0.35460488704253557,2014-42,2014-10-13,1319.6445812025736,1232.452906012868,1549.1823248102944,1119.0747265032167,1316.0603347733152,698.0271881893119,567.084721044791,13.0,21.0,16.0,12.75,19.083333333333332,10.275375094532233,9.8576996517566
EU,Bookcases,2014,44,10,4,Autumn,0.5,0.05,492.9811624051472,6,-0.822983865893657,0.5680647467311548,2014-44,2014-10-27,1535.952,1537.3623248102945,1672.5723248102943,857.97943590193,1217.7610712395528,684.6097426917204,600.896411559635,11.0,26.0,23.0,7.75,17.666666666666668,5.377421934967222,10.447560248762144
EU,Bookcases,2014,45,11,4,Autumn,0.0,0.0,806.85,6,-0.7485107481711011,0.6631226582407952,2014-45,2014-11-03,492.9811624051472,83.34,1530.8191624051472,1038.85693590193,1157.4303077057905,475.3078942122533,602.9477890375447,6.0,1.0,19.0,9.0,16.583333333333332,3.5590260840104313,10.958254118851832
EU,Bookcases,2014,46,11,4,Autumn,0.6,0.06000000000000001,1420.0261624051473,16,-0.6631226582407955,0.7485107481711007,2014-46,2014-11-10,806.85,1319.6445812025736,1725.6931624051472,1063.9523312025735,1131.9580577057907,497.2195842616078,582.8811109083575,6.0,13.0,22.0,9.75,16.083333333333332,4.787135538781687,10.824705188791159
EU,Bookcases,2014,47,11,4,Autumn,0.4444444444444444,0.08888888888888889,3070.2843248102945,29,-0.5680647467311559,0.8229838658936564,2014-47,2014-11-17,1420.0261624051473,1535.952,887.9117436077208,1447.5354124051469,1313.8224394726717,1148.2918336104672,799.8811592439788,16.0,11.0,13.0,14.25,17.416666666666668,10.90489186863706,11.381470853447658
EU,Bookcases,2014,48,11,4,Autumn,0.8,0.16,2930.583487215442,45,-0.4647231720437684,0.88545602565321,2014-48,2014-11-24,3070.2843248102945,492.9811624051472,2059.8797436077207,2056.935993607721,1386.381084773315,1119.3009586247401,906.1429878335515,29.0,6.0,30.0,24.0,18.666666666666668,16.872067646458355,13.513180995089956
EU,Bookcases,2014,49,12,4,Autumn,0.0,0.0,246.4905812025736,5,-0.35460488704253595,0.9350162426854147,2014-49,2014-12-01,2930.583487215442,806.85,1714.114906012868,1916.846138908364,1264.0790577057905,1341.019616841439,955.5813904276308,45.0,6.0,38.0,23.75,15.916666666666666,17.23127002477376,12.544164404457574
EU,Bookcases,2014,50,12,4,Autumn,0.5,0.05000000000000001,1740.3497436077207,16,-0.2393156642875578,0.970941817426052,2014-50,2014-12-08,246.4905812025736,1420.0261624051473,492.9811624051472,1996.9270342090076,1368.0264394726719,1310.6830188357942,931.6200374053101,5.0,16.0,12.0,23.75,16.25,17.23127002477376,12.483625638848231
EU,Bookcases,2014,51,12,4,Autumn,1.0,0.3,428.78558120257355,5,-0.12053668025532363,0.992708874098054,2014-51,2014-12-15,1740.3497436077207,3070.2843248102945,1232.452906012868,1336.5523483070774,1301.0541624051473,1253.8291706905209,970.3347412651727,16.0,29.0,21.0,17.75,14.916666666666666,18.89223826513594,12.781082137521082
EU,Bookcases,2014,52,12,4,Winter,0.6666666666666666,0.15,1870.0757436077208,29,6.432490598706546e-16,1.0,2014-52,2014-12-22,428.78558120257355,2930.583487215442,1537.3623248102945,1071.425412405147,1328.780280638266,852.2138895809514,982.3794754590558,5.0,45.0,26.0,13.75,15.166666666666666,11.412712210513327,13.044213857167284
EU,Chairs,2011,17,4,2,Spring,0.6666666666666666,0.06666666666666667,538.0531624051472,13,0.8854560256532099,-0.4647231720437685,2011-17,2011-04-25,65.784,253.692,536.5905812025736,339.4009359019302,262.5077906012868,224.4573499675292,171.73549054055258,1.0,3.0,8.0,5.75,4.833333333333333,5.123475382979799,4.018894767409959
EU,Chairs,2011,20,5,2,Spring,0.0,0.0,246.4905812025736,6,0.6631226582407952,-0.7485107481711012,2011-20,2011-05-16,538.0531624051472,246.4905812025736,142.176,339.4009359019302,271.20067236816794,224.4573499675292,167.68311094819222,13.0,5.0,4.0,6.0,5.0,5.0990195135927845,4.022663070879561
EU,Chairs,2011,22,6,2,Spring,1.0,0.1,246.4905812025736,3,0.46472317204376906,-0.8854560256532096,2011-22,2011-05-30,246.4905812025736,507.276,266.496,274.2045812025736,269.5335541350491,195.4408214468254,167.83351760132663,6.0,4.0,4.0,5.75,4.916666666666667,5.251983752196243,4.055486369964729
EU,Chairs,2011,23,6,2,Spring,1.0,0.15000000000000002,273.555,3,0.35460488704253584,-0.9350162426854147,2011-23,2011-06-06,246.4905812025736,65.784,268.812,326.14733120257364,269.92880413504906,141.84549133957904,167.8372487236879,3.0,1.0,2.0,6.25,5.0,4.716990566028302,4.0
EU,Chairs,2011,24,6,2,Spring,1.0,0.43333333333333335,579.5161624051472,10,0.23931566428755768,-0.970941817426052,2011-24,2011-06-13,273.555,538.0531624051472,492.9811624051472,336.5130812025736,277.14005413504907,162.50365993330158,179.7297756994103,3.0,13.0,13.0,5.5,4.75,3.3166247903554,3.5194266061907924
EU,Chairs,2011,25,6,2,Summer,1.0,0.10000000000000002,962.2681624051472,17,0.12053668025532308,-0.992708874098054,2011-25,2011-06-20,579.5161624051472,246.4905812025736,47.352,515.457476503217,353.3830676688113,333.967714598129,252.65368402557414,10.0,6.0,2.0,8.25,6.0,6.701989754294367,4.861724348043977
EU,Chairs,2011,30,7,3,Summer,0.5,0.05,410.95058120257363,10,-0.46472317204376806,-0.8854560256532101,2011-30,2011-07-25,962.2681624051472,246.4905812025736,246.4905812025736,556.572476503217,367.08806766881133,298.00449139758746,250.78183478150635,17.0,3.0,5.0,10.0,6.416666666666667,5.715476066494082,4.9810245994781095
EU,Chairs,2011,31,8,3,Summer,0.6,0.08,1491.1365812025736,21,-0.5680647467311556,-0.8229838658936566,2011-31,2011-08-01,410.95058120257363,273.555,74.49,860.9678718038604,485.1419494356924,479.2720096649101,393.40444361211775,10.0,3.0,2.0,14.5,8.0,5.44671154612273,6.295741706611194
EU,Chairs,2011,32,8,3,Summer,1.0,0.1,215.46,3,-0.663122658240795,-0.7485107481711013,2011-32,2011-08-08,1491.1365812025736,579.5161624051472,253.692,769.9538312025736,481.95594943569245,575.4523157875393,395.5979463129212,21.0,10.0,3.0,12.75,8.0,7.932002689527196,6.295741706611194
EU,Chairs,2011,33,8,3,Summer,1.0,0.1,246.4905812025736,9,-0.7485107481711011,-0.6631226582407952,2011-33,2011-08-15,215.46,962.2681624051472,246.4905812025736,591.0094359019301,481.95594943569245,606.1849797194317,395.5979463129212,3.0,17.0,5.0,10.75,8.333333333333334,7.5,6.227991553292184
EU,Chairs,2011,34,8,3,Summer,0.5,0.07500000000000001,1019.5891624051471,14,-0.8229838658936564,-0.5680647467311559,2011-34,2011-08-22,246.4905812025736,410.95058120257363,507.276,743.1690812025736,524.6487129694548,622.1012374992249,425.12152149564486,9.0,10.0,4.0,11.75,9.166666666666666,7.632168761236874,6.264377402617457
EU,Chairs,2011,35,9,3,Summer,1.0,0.1,553.8855812025736,8,-0.8854560256532096,-0.4647231720437691,2011-35,2011-08-29,1019.5891624051471,1491.1365812025736,65.784,508.8563312025736,565.3238447363359,373.181301853827,399.8244798943879,14.0,21.0,1.0,8.5,9.75,4.509249752822894,5.7386251125002214
EU,Chairs,2011,36,9,3,Summer,0.6666666666666666,0.06666666666666667,771.2625812025735,14,-0.9350162426854147,-0.3546048870425359,2011-36,2011-09-05,553.8855812025736,215.46,538.0531624051472,647.8069765032169,584.7579629694546,328.29831846356996,404.02414594759415,8.0,3.0,13.0,11.25,9.833333333333334,3.201562118716424,5.797073451842801
EU,Chairs,2011,38,9,3,Summer,1.0,0.1,330.48,6,-0.992708874098054,-0.12053668025532357,2011-38,2011-09-19,771.2625812025735,246.4905812025736,246.4905812025736,668.8043312025736,591.7570812025735,295.0804201005275,398.3186509461867,14.0,9.0,6.0,10.5,9.833333333333334,4.12310562561766,5.797073451842801
EU,Chairs,2011,39,9,3,Autumn,0.0,0.0,498.318,14,-1.0,-1.8369701987210297e-16,2011-39,2011-09-26,330.48,1019.5891624051471,246.4905812025736,538.4865406012868,612.7426994356925,181.93593022123997,384.8816082912803,6.0,14.0,3.0,10.5,10.75,4.12310562561766,5.47929988892078
EU,Chairs,2011,40,10,4,Autumn,0.0,0.0,258.0,5,-0.992708874098054,0.1205366802553232,2011-40,2011-10-03,498.318,553.8855812025736,273.555,464.5151453006434,611.4464494356924,227.92582699388907,386.1519131820111,14.0,8.0,3.0,9.75,10.916666666666666,4.924428900898052,5.247654598759219
EU,Chairs,2011,42,10,4,Autumn,1.0,0.2,246.4905812025736,5,-0.9350162426854148,0.35460488704253557,2011-42,2011-10-17,258.0,771.2625812025735,579.5161624051472,333.3221453006434,583.6943176688113,116.11037271247481,400.3609023359779,5.0,14.0,10.0,7.5,10.5,4.358898943540673,5.518563713009522
EU,Chairs,2011,43,10,4,Autumn,1.0,0.1,246.4905812025736,5,-0.8854560256532101,0.464723172043768,2011-43,2011-10-24,246.4905812025736,330.48,962.2681624051472,312.3247906012868,524.0461859019302,124.11411828181129,392.06571594348515,5.0,6.0,17.0,7.25,9.5,4.5,5.317210478505366
EU,Chairs,2011,44,11,4,Autumn,1.0,0.10000000000000002,1258.2227436077208,27,-0.822983865893657,0.5680647467311548,2011-44,2011-10-31,246.4905812025736,498.318,410.95058120257363,502.300976503217,594.6521994356925,503.97705033416077,442.84954084756663,5.0,14.0,10.0,10.5,10.916666666666666,11.0,7.341765125057811
EU,Chairs,2011,45,11,4,Autumn,0.6666666666666666,0.10000000000000002,539.5889999999999,8,-0.7485107481711011,0.6631226582407952,2011-45,2011-11-07,1258.2227436077208,258.0,1491.1365812025736,572.698226503217,515.3565676688113,477.44561300605574,341.2766162367878,27.0,5.0,21.0,11.25,9.833333333333334,10.594810050208546,6.6446606498387215
EU,Chairs,2011,46,11,4,Autumn,0.5,0.05,651.2205812025736,17,-0.6631226582407955,0.7485107481711007,2011-46,2011-11-14,539.5889999999999,246.4905812025736,215.46,673.8807265032169,551.6699494356925,425.3099572649443,329.44362950285387,8.0,5.0,3.0,14.25,11.0,9.912113800799505,6.564366617649343
EU,Chairs,2011,47,11,4,Autumn,1.0,0.1,231.417,3,-0.5680647467311559,0.8229838658936564,2011-47,2011-11-21,651.2205812025736,246.4905812025736,246.4905812025736,670.1123312025736,550.4138176688114,430.3954340698667,330.7392169125308,17.0,5.0,9.0,13.75,10.5,10.56330125166055,6.947857747012907
EU,Chairs,2011,48,11,4,Autumn,1.0,0.2333333333333333,553.3545812025736,17,-0.4647231720437684,0.88545602565321,2011-48,2011-11-28,231.417,1258.2227436077208,1019.5891624051471,493.8952906012868,511.5609359019302,181.90604023064125,296.19424102277924,3.0,27.0,14.0,11.25,10.75,6.946221994724902,7.136653149888831
EU,Chairs,2011,49,12,4,Autumn,1.0,0.10000000000000002,855.0165812025737,6,-0.35460488704253595,0.9350162426854147,2011-49,2011-12-05,553.3545812025736,539.5889999999999,553.8855812025736,572.7521859019303,536.6551859019302,259.94643943081394,312.41799806406925,17.0,8.0,8.0,10.75,10.583333333333334,7.32006375199925,7.229464123650625
EU,Chairs,2011,50,12,4,Autumn,0.3333333333333333,0.16666666666666666,1226.9340000000002,16,-0.2393156642875578,0.970941817426052,2011-50,2011-12-12,855.0165812025737,651.2205812025736,771.2625812025735,716.6805406012869,574.6278041350491,424.91235402452975,366.5311886884582,6.0,17.0,14.0,10.5,10.75,7.047458170621991,7.337636478520115
EU,Chairs,2011,51,12,4,Autumn,0.6666666666666666,0.06666666666666667,1077.7125812025736,9,-0.12053668025532363,0.992708874098054,2011-51,2011-12-19,1226.9340000000002,231.417,330.48,928.2544359019303,636.8971859019302,292.9510218569444,384.32380605193214,16.0,3.0,6.0,12.0,11.0,5.354126134736337,7.211102550927977
EU,Chairs,2011,52,12,4,Winter,1.0,0.3,725.6865812025736,10,6.432490598706546e-16,1.0,2011-52,2011-12-26,1077.7125812025736,553.3545812025736,498.318,971.3374359019303,655.8445676688114,223.99416567475194,382.47091315709554,9.0,17.0,14.0,10.25,10.666666666666666,4.193248541803042,7.152028743756217
EU,Chairs,2012,1,12,4,Winter,0.0,0.0,200.34,3,0.12053668025532305,0.992708874098054,2012-1,2012-01-02,725.6865812025736,855.0165812025737,258.0,807.6682906012868,651.0395676688114,456.17113280163267,388.2420810369613,10.0,6.0,5.0,9.5,10.5,5.32290647422377,7.317475968218449
EU,Chairs,2012,3,1,1,Winter,1.0,0.3,585.864,6,0.3546048870425356,0.9350162426854148,2012-3,2012-01-16,200.34,1226.9340000000002,246.4905812025736,647.4007906012869,679.3206859019302,362.83468652225446,367.92306023195545,3.0,16.0,5.0,7.0,10.583333333333334,3.1622776601683795,7.254570137422883
EU,Chairs,2012,4,1,1,Winter,0.0,0.0,68.07,1,0.4647231720437685,0.8854560256532099,2012-4,2012-01-23,585.864,1077.7125812025736,246.4905812025736,394.9901453006434,664.4523041350491,311.2118365331378,389.95032748008185,6.0,9.0,5.0,5.0,10.25,3.9157800414902435,7.617265078276275
EU,Chairs,2012,7,2,1,Winter,1.0,0.1,99.792,2,0.7485107481711011,0.6631226582407953,2012-7,2012-02-13,68.07,725.6865812025736,1258.2227436077208,238.5165,567.9164088344056,238.33046187384406,372.597956884118,1.0,10.0,27.0,3.0,8.166666666666666,2.1602468994692865,5.828352852195632
EU,Chairs,2012,8,2,1,Winter,0.0,0.0,246.4905812025736,5,0.8229838658936564,0.5680647467311559,2012-8,2012-02-20,99.792,200.34,539.5889999999999,250.0541453006434,543.4915406012868,236.97953424535834,384.0543099065173,2.0,3.0,8.0,3.5,7.916666666666667,2.380476142847616,5.900051360844756
EU,Chairs,2012,10,3,1,Winter,0.5,0.05,379.2105812025736,4,0.9350162426854148,0.35460488704253557,2012-10,2012-03-05,246.4905812025736,585.864,651.2205812025736,198.3907906012868,520.8240406012868,143.4278175017677,385.14362649094613,5.0,6.0,17.0,3.0,6.833333333333333,1.8257418583505534,5.23681605789648
EU,Chairs,2012,11,3,1,Winter,0.8,0.08,954.621,15,0.970941817426052,0.23931566428755804,2012-11,2012-03-12,379.2105812025736,68.07,231.417,420.02854060128675,581.0910406012869,374.220108467369,392.25800584663256,4.0,1.0,3.0,6.5,7.833333333333333,5.802298395176403,5.573204290227126
EU,Chairs,2012,12,3,1,Spring,1.0,0.5,399.0,10,0.992708874098054,0.120536680255323,2012-12,2012-03-19,954.621,99.792,553.3545812025736,494.83054060128677,568.2281588344057,313.91690488170525,395.7653305843161,15.0,2.0,17.0,8.5,7.25,5.066228051190222,4.845335151181259
EU,Chairs,2012,13,3,1,Spring,0.0,0.0,160.416,3,1.0,-1.6081226496766366e-16,2012-13,2012-03-26,399.0,246.4905812025736,855.0165812025737,473.3118953006434,510.3447770675246,338.5949451584909,400.77079063510433,10.0,5.0,6.0,8.0,7.0,5.597618541248888,4.990900811385746
EU,Chairs,2012,15,4,2,Spring,1.0,0.1,246.4905812025736,3,0.9709418174260521,-0.2393156642875575,2012-15,2012-04-09,160.416,379.2105812025736,1226.9340000000002,440.1318953006434,428.64115883440564,356.8981237808328,336.12803842274224,3.0,4.0,16.0,7.75,5.916666666666667,5.852349955359813,4.209477042305489
EU,Chairs,2012,16,4,2,Spring,1.0,0.1,246.4905812025736,2,0.9350162426854148,-0.35460488704253545,2012-16,2012-04-16,246.4905812025736,954.621,1077.7125812025736,263.0992906012868,359.3726588344057,99.271612994456,269.1924389122363,3.0,15.0,9.0,4.5,5.333333333333333,3.696845502136473,4.228331571528878
EU,Chairs,2012,18,4,2,Spring,1.0,0.3,598.3305812025735,11,0.8229838658936565,-0.5680647467311557,2012-18,2012-04-30,246.4905812025736,399.0,725.6865812025736,312.93193590193016,348.7596588344056,194.54425775133626,255.60509856852127,2.0,10.0,10.0,4.75,5.416666666666667,4.193248541803042,4.337119558025355
EU,Chairs,2012,19,5,2,Spring,1.0,0.1,590.1465812025735,6,0.7485107481711013,-0.663122658240795,2012-19,2012-05-07,598.3305812025735,160.416,200.34,420.36458120257356,381.24354060128684,200.80019956165347,259.7639576830151,11.0,3.0,3.0,5.5,5.666666666666667,4.041451884327381,4.271115105265162
EU,Chairs,2012,20,5,2,Spring,1.0,0.2,246.4905812025736,2,0.6631226582407952,-0.7485107481711012,2012-20,2012-05-14,590.1465812025735,246.4905812025736,585.864,420.36458120257356,352.9624223681679,200.80019956165347,253.86850903972086,6.0,3.0,6.0,5.25,5.333333333333333,4.272001872658765,4.396968652757638
EU,Chairs,2012,21,5,2,Spring,1.0,0.1,411.9465812025736,6,0.5680647467311558,-0.8229838658936564,2012-21,2012-05-21,246.4905812025736,246.4905812025736,68.07,461.72858120257354,381.61880413504906,167.28910434334887,237.67865984091898,2.0,2.0,1.0,6.25,5.75,3.6855573979159972,4.180582821482277
EU,Chairs,2012,22,5,2,Spring,0.5,0.05,380.14058120257357,10,0.46472317204376906,-0.8854560256532096,2012-22,2012-05-28,411.9465812025736,598.3305812025735,99.792,407.1810812025736,404.98118590193013,141.48228347393842,220.6249029489836,6.0,11.0,2.0,6.0,6.416666666666667,3.2659863237109046,4.166060561977058
EU,Chairs,2012,23,6,2,Spring,1.0,0.2333333333333333,652.509,14,0.35460488704253584,-0.9350162426854147,2012-23,2012-06-04,380.14058120257357,590.1465812025735,246.4905812025736,422.7716859019302,438.816054135049,169.10436160613943,225.1952674070183,10.0,6.0,5.0,8.0,7.166666666666667,5.163977794943222,4.667748792285074
EU,Chairs,2012,24,6,2,Spring,0.6666666666666666,0.3333333333333333,306.34499999999997,10,0.23931566428755768,-0.970941817426052,2012-24,2012-06-11,652.509,246.4905812025736,379.2105812025736,437.7352906012868,432.74392236816794,149.85922593815243,227.91451975317372,14.0,2.0,4.0,10.0,7.666666666666667,3.265986323710904,4.618802153517004
EU,Chairs,2012,25,6,2,Spring,0.5,0.05,695.8681624051471,18,0.12053668025532308,-0.992708874098054,2012-25,2012-06-18,306.34499999999997,411.9465812025736,954.621,508.71568590193016,411.1811859019302,194.24041692488652,181.58258170071508,10.0,6.0,15.0,13.0,7.916666666666667,3.829708431025352,5.107184482014852
EU,Chairs,2012,26,6,2,Summer,0.7142857142857143,0.1,2235.864162405147,35,-3.216245299353273e-16,-1.0,2012-26,2012-06-25,695.8681624051471,380.14058120257357,399.0,972.6465812025735,564.2531994356924,859.9943446679495,556.8451442376354,18.0,10.0,10.0,19.25,10.0,10.996211468804457,9.36142957225891
EU,Chairs,2012,27,7,3,Summer,1.0,0.10000000000000002,1128.924,14,-0.12053668025532283,-0.992708874098054,2012-27,2012-07-02,2235.864162405147,652.509,160.416,1091.7503312025735,644.9621994356925,833.4591704164976,563.1440134282813,35.0,14.0,3.0,19.25,10.916666666666666,10.996211468804457,9.149846827663126
EU,Chairs,2012,28,7,3,Summer,1.0,0.1,426.249,1,-0.23931566428755743,-0.9709418174260521,2012-28,2012-07-09,1128.924,306.34499999999997,246.4905812025736,1121.7263312025736,659.9420676688113,797.1613829710691,553.8957937853336,14.0,10.0,3.0,17.0,10.75,14.023789311975086,9.323723407620916
EU,Chairs,2012,29,7,3,Summer,1.0,0.10000000000000002,1039.5,10,-0.3546048870425356,-0.9350162426854148,2012-29,2012-07-16,426.249,695.8681624051471,246.4905812025736,1207.6342906012867,726.0261859019301,753.2781892413932,547.3508778443289,1.0,18.0,2.0,15.0,11.416666666666666,14.39907404430345,8.918401134053052
EU,Chairs,2012,31,7,3,Summer,0.8333333333333334,0.08333333333333333,1555.2705812025736,21,-0.5680647467311556,-0.8229838658936566,2012-31,2012-07-30,1039.5,2235.864162405147,598.3305812025735,1037.4858953006433,805.7711859019302,465.5020611268654,594.7154963528609,10.0,35.0,11.0,11.5,12.25,8.34665601703261,9.333468613738216
EU,Chairs,2012,33,8,3,Summer,0.75,0.1,791.0041624051472,11,-0.7485107481711011,-0.6631226582407952,2012-33,2012-08-13,1555.2705812025736,1128.924,590.1465812025735,953.0059359019302,822.5093176688114,473.96250563386786,590.9094571309844,21.0,14.0,6.0,10.75,12.666666666666666,8.180260794538684,9.138662457665864
EU,Chairs,2012,34,8,3,Summer,0.2,0.02,913.6965812025736,24,-0.8229838658936564,-0.5680647467311559,2012-34,2012-08-20,791.0041624051472,426.249,246.4905812025736,1074.8678312025736,878.1098176688114,335.9525958530622,562.4891430760562,11.0,1.0,2.0,16.5,14.5,7.047458170621991,9.010095348098053
EU,Chairs,2012,35,8,3,Summer,0.5,0.05,399.10499999999996,8,-0.8854560256532096,-0.4647231720437691,2012-35,2012-08-27,913.6965812025736,1039.5,411.9465812025736,914.7690812025735,877.0396859019302,480.09392189651345,563.468004011849,24.0,10.0,6.0,16.0,14.666666666666666,7.702813338860895,8.855746294030922
EU,Chairs,2012,36,9,3,Summer,1.0,0.1,820.287,10,-0.9350162426854147,-0.3546048870425359,2012-36,2012-09-03,399.10499999999996,1555.2705812025736,380.14058120257357,731.0231859019302,913.7185541350491,227.38000317581864,542.102487928736,8.0,21.0,10.0,13.25,14.666666666666666,7.274384280931731,8.855746294030922
EU,Chairs,2012,37,9,3,Summer,0.8,0.16,1583.427,28,-0.970941817426052,-0.23931566428755774,2012-37,2012-09-10,820.287,791.0041624051472,652.509,929.1288953006433,991.2950541350489,490.27749077908044,567.3453167378589,10.0,11.0,14.0,17.5,15.833333333333334,9.983319421247959,9.646792527084122
EU,Chairs,2012,38,9,3,Summer,0.75,0.275,885.7411624051472,17,-0.992708874098054,-0.12053668025532357,2012-38,2012-09-17,1583.427,913.6965812025736,306.34499999999997,922.1400406012867,1039.5780676688112,490.7698091030894,526.9722993683391,28.0,24.0,10.0,15.75,16.416666666666668,9.03234926989282,9.47204819295684
EU,Chairs,2012,39,9,3,Autumn,1.0,0.10000000000000002,813.861,7,-1.0,-1.8369701987210297e-16,2012-39,2012-09-24,885.7411624051472,399.10499999999996,695.8681624051471,1025.8290406012868,1049.4108041350491,373.14790572193306,521.0434766801898,17.0,8.0,18.0,15.5,15.5,9.327379053088816,9.830379628293286
EU,Chairs,2012,40,10,4,Autumn,1.0,0.15000000000000002,395.45858120257355,5,-0.992708874098054,0.1205366802553232,2012-40,2012-10-01,813.861,820.287,2235.864162405147,919.6219359019301,896.0436723681678,492.5165540052154,395.89640102062384,7.0,10.0,35.0,14.25,13.0,10.56330125166055,8.079153871088684
EU,Chairs,2012,42,10,4,Autumn,1.0,0.1,230.742,2,-0.9350162426854148,0.35460488704253557,2012-42,2012-10-15,395.45858120257355,1583.427,1128.924,581.4506859019302,821.1951723681678,318.4320406655455,431.1969658122798,5.0,28.0,14.0,7.75,12.0,6.500000000000001,8.6655010871218
EU,Chairs,2012,43,10,4,Autumn,0.0,0.0,324.06,2,-0.8854560256532101,0.464723172043768,2012-43,2012-10-22,230.742,885.7411624051472,426.249,441.03039530064336,812.679422368168,257.54140936658604,440.6121507365316,2.0,17.0,1.0,4.0,12.083333333333334,2.449489742783181,8.554194434559133
EU,Chairs,2012,44,11,4,Autumn,1.0,0.5,246.4905812025736,9,-0.822983865893657,0.5680647467311548,2012-44,2012-10-29,324.06,813.861,1039.5,299.1877906012868,746.5953041350491,76.04497365115343,462.4290257458491,2.0,7.0,10.0,4.5,12.0,3.316624790355401,8.581163303210332
EU,Chairs,2012,45,11,4,Autumn,0.75,0.1,636.078,13,-0.7485107481711011,0.6631226582407952,2012-45,2012-11-05,246.4905812025736,395.45858120257355,1555.2705812025736,359.3426453006434,669.995922368168,188.94535007326252,386.1341535249855,9.0,5.0,21.0,6.5,11.333333333333334,5.446711546122731,8.116574885922502
EU,Chairs,2012,46,11,4,Autumn,0.0,0.0,845.52,13,-0.6631226582407955,0.7485107481711007,2012-46,2012-11-12,636.078,230.742,791.0041624051472,513.0371453006434,674.5389088344057,278.3542903523288,388.0034527332664,13.0,2.0,11.0,9.25,11.5,5.188127472091126,8.12963154705729
EU,Chairs,2012,47,11,4,Autumn,0.8,0.1,995.5051624051472,24,-0.5680647467311559,0.8229838658936564,2012-47,2012-11-19,845.52,324.06,913.6965812025736,680.8984359019303,681.3562906012868,324.95984748175624,393.2705171219597,13.0,2.0,24.0,14.75,11.5,6.448514040717698,8.12963154705729
EU,Chairs,2012,48,11,4,Autumn,0.75,0.1,978.1665812025735,17,-0.4647231720437684,0.88545602565321,2012-48,2012-11-26,995.5051624051472,246.4905812025736,399.10499999999996,863.8174359019301,729.611422368168,165.94922031361128,391.0087839829141,24.0,9.0,8.0,16.75,12.25,5.188127472091122,8.192291276781873
EU,Chairs,2012,51,12,4,Autumn,0.6,0.14,1395.4095812025735,19,-0.12053668025532363,0.992708874098054,2012-51,2012-12-17,978.1665812025735,636.078,820.287,1053.6503312025736,777.5383041350491,237.48422887678095,435.81353984634586,17.0,13.0,10.0,18.25,13.0,4.573474244670742,8.377458933460563
EU,Chairs,2012,52,12,4,Winter,1.0,0.10000000000000002,988.146,9,6.432490598706546e-16,1.0,2012-52,2012-12-24,1395.4095812025735,845.52,1583.427,1089.3068312025734,727.9315541350489,204.19216077541716,363.6477956803946,19.0,13.0,28.0,17.25,11.416666666666666,6.238322424070963,6.960385743403141
EU,Chairs,2013,1,1,1,Winter,0.25,0.025,898.0275812025736,19,0.12053668025532305,0.992708874098054,2013-1,2012-12-31,988.146,995.5051624051472,885.7411624051472,1064.93743590193,728.9554223681679,223.9768174525403,364.14945965323824,9.0,24.0,17.0,16.0,11.583333333333334,4.760952285695228,7.128155866744643
EU,Chairs,2013,2,1,1,Winter,0.0,0.0,21.564,1,0.23931566428755774,0.970941817426052,2013-2,2013-01-07,898.0275812025736,978.1665812025735,813.861,825.7867906012868,662.9306723681678,578.1648165238556,415.5539101444233,19.0,17.0,7.0,12.0,11.083333333333334,8.717797887081344,7.668807342775412
EU,Chairs,2013,3,1,1,Winter,0.0,0.0,94.8,5,0.3546048870425356,0.9350162426854148,2013-3,2013-01-14,21.564,1395.4095812025735,395.45858120257355,500.6343953006434,637.8757906012868,513.0948284610355,441.4061982849703,1.0,19.0,5.0,8.5,11.083333333333334,7.724420150837641,7.668807342775412
EU,Chairs,2013,4,1,1,Winter,0.0,0.0,441.63,6,0.4647231720437685,0.8854560256532099,2013-4,2013-01-21,94.8,988.146,230.742,364.0053953006434,655.4497906012867,400.3926940578174,427.7087041747888,5.0,9.0,2.0,7.75,11.416666666666666,7.804912982645393,7.316958301635919
EU,Chairs,2013,5,1,1,Winter,1.0,0.1,149.526,1,0.5680647467311558,0.8229838658936564,2013-5,2013-01-28,441.63,898.0275812025736,324.06,176.88,640.9052906012868,184.1204226151967,442.7068875076947,6.0,19.0,2.0,3.25,11.333333333333334,2.6299556396765724,7.438637868140466
EU,Chairs,2013,7,2,1,Winter,1.0,0.13333333333333333,962.058,12,0.7485107481711011,0.6631226582407953,2013-7,2013-02-11,149.526,21.564,246.4905812025736,412.00350000000003,700.5359088344056,397.0517098527582,432.83312372279465,1.0,1.0,9.0,6.0,11.583333333333334,4.5460605656619455,7.4034185387972
EU,Chairs,2013,8,2,1,Winter,0.5,0.1,837.576,11,0.8229838658936564,0.5680647467311559,2013-8,2013-02-18,962.058,94.8,636.078,597.6975,717.3274088344056,372.1626108262343,434.01208129564174,12.0,5.0,13.0,7.5,11.416666666666666,5.066228051190215,7.391128998927558
EU,Chairs,2013,9,2,1,Winter,1.0,0.1,456.192,6,0.8854560256532099,0.4647231720437686,2013-9,2013-02-25,837.576,441.63,845.52,601.338,684.8834088344056,370.1930828203022,438.09072923951237,11.0,6.0,13.0,7.5,10.833333333333334,5.066228051190215,7.529739019180526
EU,Chairs,2013,10,3,1,Winter,1.0,0.1,246.4905812025736,5,0.9350162426854148,0.35460488704253557,2013-10,2013-03-04,456.192,149.526,995.5051624051472,625.5791453006434,622.4655270675245,331.94418731931734,443.1405329585006,6.0,1.0,24.0,8.5,9.25,3.511884584284238,6.42615394660403
EU,Chairs,2013,11,3,1,Winter,1.0,0.22000000000000003,1717.8415812025737,32,0.970941817426052,0.23931566428755804,2013-11,2013-03-11,246.4905812025736,962.058,978.1665812025735,814.5250406012867,684.1051104008579,650.0199572074762,538.3342196675513,5.0,12.0,17.0,13.5,10.5,12.60952021291849,9.010095348098053
EU,Chairs,2013,13,3,1,Spring,0.0,0.0,412.2,3,1.0,-1.6081226496766366e-16,2013-13,2013-03-25,1717.8415812025737,837.576,1395.4095812025735,708.1810406012868,602.1709786339767,679.1356615889673,493.15873972278933,32.0,11.0,19.0,11.5,9.166666666666666,13.7234592334926,8.819743691733835
EU,Chairs,2013,15,4,2,Spring,1.0,0.1,507.276,4,0.9709418174260521,-0.2393156642875575,2013-15,2013-04-08,412.2,456.192,988.146,720.9520406012867,562.0984786339767,673.2725316238343,478.25626878856,3.0,6.0,9.0,11.0,8.75,14.023789311975085,8.945542312947117
EU,Chairs,2013,16,4,2,Spring,1.0,0.15000000000000002,376.0905812025736,7,0.9350162426854148,-0.35460488704253545,2013-16,2013-04-15,507.276,246.4905812025736,898.0275812025736,753.3520406012867,518.6037286339767,645.369252247981,468.5634430328384,4.0,5.0,19.0,11.5,7.75,13.771952173409064,8.34620218477188
EU,Chairs,2013,19,5,2,Spring,0.5,0.25,450.84000000000003,6,0.7485107481711013,-0.663122658240795,2013-19,2013-05-06,376.0905812025736,1717.8415812025737,21.564,436.6016453006433,554.3767286339768,56.13859138587554,442.8477721565801,7.0,32.0,1.0,5.0,8.166666666666666,1.82574185835055,8.09975682388432
EU,Chairs,2013,20,5,2,Spring,1.0,0.1,755.1705812025737,11,0.6631226582407952,-0.7485107481711012,2013-20,2013-05-13,450.84000000000003,412.2,94.8,522.3442906012867,609.4076104008578,164.25401675867082,421.0400832457485,6.0,3.0,5.0,7.0,8.666666666666666,2.9439202887759466,8.071648849616487
EU,Chairs,2013,21,5,2,Spring,1.0,0.1,322.839,7,0.5680647467311558,-0.8229838658936564,2013-21,2013-05-20,755.1705812025737,507.276,441.63,476.2350406012868,599.5083604008579,193.22629386126692,426.70178737124445,11.0,4.0,6.0,7.75,8.75,2.217355782608342,8.04673846971554
EU,Chairs,2013,22,5,2,Spring,0.5,0.25,451.4205812025736,7,0.46472317204376906,-0.8854560256532096,2013-22,2013-05-27,322.839,376.0905812025736,149.526,495.06754060128674,624.666242167739,183.64584970360025,406.1649246639459,7.0,7.0,1.0,7.75,9.25,2.217355782608342,7.700354183117459
EU,Chairs,2013,23,6,2,Spring,1.0,0.225,835.0545812025737,11,0.35460488704253584,-0.9350162426854147,2013-23,2013-06-03,451.4205812025736,450.84000000000003,962.058,591.1211859019302,614.0826239346201,243.5209064721738,398.1497326326318,7.0,6.0,12.0,9.0,9.166666666666666,2.3094010767585,7.673251454161259
EU,Chairs,2013,24,6,2,Spring,0.6,0.13999999999999999,944.8905812025736,20,0.23931566428755768,-0.970941817426052,2013-24,2013-06-10,835.0545812025737,755.1705812025737,837.576,638.5511859019302,623.0255057015013,298.4121629670189,404.7760569842557,11.0,11.0,11.0,11.25,9.916666666666666,6.1305247192498395,8.284249385357004
EU,Chairs,2013,25,6,2,Spring,1.0,0.15000000000000002,655.5225812025735,6,0.12053668025532308,-0.992708874098054,2013-25,2013-06-17,944.8905812025736,322.839,456.192,721.7220812025736,639.6363874683824,216.09697641799437,401.3830412642048,20.0,7.0,6.0,11.0,9.916666666666666,6.3770421565696624,8.284249385357004
EU,Chairs,2013,26,6,2,Summer,0.5,0.05,482.178,5,-3.216245299353273e-16,-1.0,2013-26,2013-06-24,655.5225812025735,451.4205812025736,246.4905812025736,729.4114359019301,659.2770057015013,203.44997000504637,385.86293800028466,6.0,7.0,5.0,10.5,9.916666666666666,6.855654600401044,8.284249385357004
EU,Chairs,2013,27,7,3,Summer,1.0,0.15000000000000002,569.5545812025737,16,-0.12053668025532283,-0.992708874098054,2013-27,2013-07-01,482.178,835.0545812025737,1717.8415812025737,663.0364359019302,563.586422368168,200.78748984147467,194.3294242054979,5.0,11.0,32.0,11.75,8.583333333333334,7.41057802513857,5.071459057282921
EU,Chairs,2013,28,7,3,Summer,1.0,0.2333333333333333,777.366,7,-0.23931566428755743,-0.9709418174260521,2013-28,2013-07-08,569.5545812025737,944.8905812025736,412.2,621.1552906012868,594.0169223681679,125.91030790135856,197.04057062730067,16.0,20.0,3.0,8.5,8.916666666666666,5.066228051190221,4.79504163093755
EU,Chairs,2013,29,7,3,Summer,0.5,0.05,492.9811624051472,12,-0.3546048870425356,-0.9350162426854148,2013-29,2013-07-15,777.366,655.5225812025735,507.276,580.5199359019301,592.8256859019301,136.8731592592715,197.65490124563928,7.0,6.0,4.0,10.0,9.583333333333334,4.966554808583779,4.601547829181222
EU,Chairs,2013,30,7,3,Summer,1.0,0.10000000000000002,812.8231624051472,11,-0.46472317204376806,-0.8854560256532101,2013-30,2013-07-22,492.9811624051472,482.178,376.0905812025736,663.181226503217,629.2200676688113,156.16751903882573,194.29879324452793,12.0,5.0,7.0,11.5,9.916666666666666,3.696845502136471,4.541892543729747
EU,Chairs,2013,31,7,3,Summer,1.0,0.3,330.9705812025736,4,-0.5680647467311556,-0.8229838658936566,2013-31,2013-07-29,812.8231624051472,569.5545812025737,450.84000000000003,603.5352265032169,619.2309494356924,231.32391783315677,206.97126490453604,11.0,16.0,6.0,8.5,9.75,3.696845502136471,4.7314230033219005
EU,Chairs,2013,32,8,3,Summer,0.6,0.08,1549.5901624051473,16,-0.663122658240795,-0.7485107481711013,2013-32,2013-08-05,330.9705812025736,777.366,755.1705812025737,796.5912671045037,685.4325812025736,540.4481256526466,339.21097732921794,4.0,7.0,11.0,10.75,10.166666666666666,4.991659710623978,5.060243137049899
EU,Chairs,2013,33,8,3,Summer,0.5714285714285714,0.14285714285714285,1196.9401624051472,23,-0.7485107481711011,-0.6631226582407952,2013-33,2013-08-12,1549.5901624051473,492.9811624051472,322.839,972.5810171045038,758.2743447363359,522.9605158572422,348.00728687106704,16.0,12.0,7.0,13.5,11.5,8.020806277010642,6.142253066039589
EU,Chairs,2013,34,8,3,Summer,1.0,0.15000000000000002,359.388,7,-0.8229838658936564,-0.5680647467311559,2013-34,2013-08-19,1196.9401624051472,812.8231624051472,451.4205812025736,859.2222265032169,750.6049629694547,610.8860629987277,356.2998022211351,23.0,11.0,7.0,12.5,11.5,8.660254037844386,6.142253066039589
EU,Chairs,2013,35,8,3,Summer,0.75,0.07500000000000001,1137.42,11,-0.8854560256532096,-0.4647231720437691,2013-35,2013-08-26,359.388,330.9705812025736,835.0545812025737,1060.8345812025736,775.8020812025737,501.7633506093986,373.1098348326349,7.0,4.0,11.0,14.25,11.5,6.898067362191625,6.142253066039589
EU,Chairs,2013,36,9,3,Summer,1.0,0.13333333333333333,537.033,8,-0.9350162426854147,-0.3546048870425359,2013-36,2013-09-02,1137.42,1549.5901624051473,944.8905812025736,807.6952906012867,741.8139494356925,422.085084855913,374.8791166897833,11.0,16.0,20.0,12.25,10.5,7.365459931328117,5.58406824652226
EU,Chairs,2013,37,9,3,Summer,0.8333333333333334,0.10000000000000002,1110.0467436077208,25,-0.970941817426052,-0.23931566428755774,2013-37,2013-09-09,537.033,1196.9401624051472,655.5225812025735,785.9719359019302,779.6909629694546,396.8562590012458,388.09687708712715,8.0,23.0,6.0,12.75,12.083333333333334,8.341662504161466,6.7616341937209965
EU,Chairs,2013,38,9,3,Summer,0.75,0.3,596.418,13,-0.992708874098054,-0.12053668025532357,2013-38,2013-09-16,1110.0467436077208,359.388,482.178,845.2294359019302,789.2109629694547,322.69475047208454,381.48019096353505,25.0,7.0,5.0,14.25,12.75,7.455423082115015,6.383572667401855
EU,Chairs,2013,39,9,3,Autumn,0.75,0.07500000000000001,1048.5795812025735,22,-1.0,-1.8369701987210297e-16,2013-39,2013-09-23,596.418,1137.42,569.5545812025737,823.0193312025735,829.1297129694548,297.9924533661558,381.4684035441582,13.0,11.0,16.0,17.0,13.25,7.874007874011811,6.877169079312692
EU,Chairs,2013,40,9,3,Autumn,1.0,0.1,667.1775812025736,6,-0.992708874098054,0.1205366802553232,2013-40,2013-09-30,1048.5795812025735,537.033,777.366,855.5554765032169,819.9473447363358,261.19122828162887,384.1444794835835,22.0,8.0,7.0,16.5,13.166666666666666,8.660254037844387,6.965281869038147
EU,Chairs,2013,41,10,4,Autumn,0.0,0.0,246.4905812025736,2,-0.9709418174260521,0.23931566428755738,2013-41,2013-10-07,667.1775812025736,1110.0467436077208,492.9811624051472,639.6664359019301,799.4064629694548,328.848751171897,409.0031599860257,6.0,25.0,12.0,10.75,12.333333333333334,8.770214744615247,7.679172935264383
EU,Chairs,2013,42,10,4,Autumn,1.0,0.1,709.02,3,-0.9350162426854148,0.35460488704253557,2013-42,2013-10-14,246.4905812025736,596.418,812.8231624051472,667.81693590193,790.7561994356926,328.7320035561341,409.79054670072145,2.0,13.0,11.0,8.25,11.666666666666666,9.322910847297997,8.13894490965655
EU,Chairs,2013,45,11,4,Autumn,0.6666666666666666,0.15,1904.5291624051472,26,-0.7485107481711011,0.6631226582407952,2013-45,2013-11-04,709.02,1048.5795812025735,330.9705812025736,881.8043312025735,921.8860812025736,713.0938947576906,492.66972723015874,3.0,22.0,4.0,9.25,13.5,11.29527924990495,8.71258233298779
EU,Chairs,2013,46,11,4,Autumn,0.5714285714285714,0.07142857142857142,1779.5971624051472,33,-0.6631226582407955,0.7485107481711007,2013-46,2013-11-11,1904.5291624051472,667.1775812025736,1549.5901624051473,1159.9092265032168,941.0533312025735,811.6047278908866,522.8597365370911,26.0,6.0,16.0,16.0,14.916666666666666,15.853495934125487,10.378809997764533
EU,Chairs,2013,48,11,4,Autumn,0.6,0.06000000000000001,1282.0081624051472,24,-0.4647231720437684,0.88545602565321,2013-48,2013-11-25,1779.5971624051472,246.4905812025736,1196.9401624051472,1418.7886218038602,948.1423312025736,544.2447569262488,527.2031197739703,33.0,2.0,23.0,21.5,15.0,12.922847983320084,10.453359616540864
EU,Chairs,2013,49,12,4,Autumn,0.3333333333333333,0.03333333333333333,809.256,9,-0.35460488704253595,0.9350162426854147,2013-49,2013-12-02,1282.0081624051472,709.02,359.388,1443.8476218038602,985.6313312025736,501.2829450343294,496.64026431490834,24.0,3.0,7.0,23.0,15.166666666666666,10.099504938362077,10.329422524854415
EU,Chairs,2013,50,12,4,Autumn,0.5,0.05,1313.3445812025736,20,-0.2393156642875578,0.970941817426052,2013-50,2013-12-09,809.256,1904.5291624051472,1137.42,1296.051476503217,1000.2917129694547,396.35107856518715,504.06927069548516,9.0,26.0,11.0,21.5,15.916666666666666,9.9498743710662,10.32612162812292
EU,Chairs,2013,51,12,4,Autumn,0.5,0.05,1276.302,12,-0.12053668025532363,0.992708874098054,2013-51,2013-12-16,1313.3445812025736,1779.5971624051472,537.033,1170.22768590193,1061.8974629694546,241.1981472994339,487.19736046289,20.0,33.0,8.0,16.25,16.25,6.946221994724902,10.109626375615745
EU,Chairs,2013,52,12,4,Winter,0.3333333333333333,0.03333333333333333,489.039,8,6.432490598706546e-16,1.0,2013-52,2013-12-23,1276.302,1282.0081624051472,1110.0467436077208,971.9853953006433,1010.1468176688113,395.3280353175785,513.8698864643237,12.0,24.0,25.0,12.25,14.833333333333334,5.439056290693572,9.962049198956224
EU,Chairs,2014,1,12,4,Winter,0.6666666666666666,0.19999999999999998,985.26,15,0.12053668025532305,0.992708874098054,2014-1,2013-12-30,489.039,809.256,596.418,1015.9863953006434,1042.5503176688114,380.702759623647,497.40534410080795,8.0,9.0,13.0,13.75,15.0,5.057996968497838,9.945304968128982
EU,Chairs,2014,2,1,1,Winter,0.3333333333333333,0.03333333333333333,851.5440000000001,14,0.23931566428755774,0.970941817426052,2014-2,2014-01-06,985.26,1313.3445812025736,1048.5795812025735,900.5362499999999,1026.1306859019303,326.6538636971089,500.4311458789396,15.0,20.0,22.0,12.25,14.333333333333334,3.0956959368344497,9.698484730132131
EU,Chairs,2014,3,1,1,Winter,0.6666666666666666,0.10000000000000002,791.601,11,0.3546048870425356,0.9350162426854148,2014-3,2014-01-13,851.5440000000001,1276.302,667.1775812025736,779.361,1036.499304135049,209.79471313166906,493.55955638513234,14.0,12.0,6.0,12.0,14.75,3.1622776601683773,9.411066986170159
EU,Chairs,2014,4,1,1,Winter,1.0,0.125,962.0115812025736,11,0.4647231720437685,0.8854560256532099,2014-4,2014-01-20,791.601,489.039,246.4905812025736,897.6041453006433,1096.1260541350491,91.63345542846221,428.356461528086,11.0,8.0,2.0,12.75,15.5,2.0615528128088267,8.628704737939845
EU,Chairs,2014,5,1,1,Winter,1.0,0.2,136.344,1,0.5680647467311558,0.8229838658936564,2014-5,2014-01-27,962.0115812025736,985.26,709.02,685.3751453006432,1048.4030541350492,372.7639720866102,501.1244190459161,11.0,15.0,3.0,9.25,15.333333333333334,5.678908345800273,8.90692614392493
EU,Chairs,2014,6,2,1,Winter,0.75,0.07500000000000001,1263.429,13,0.6631226582407952,0.7485107481711011,2014-6,2014-02-03,136.344,851.5440000000001,1904.5291624051472,788.3463953006433,994.9780406012869,476.4384514330613,430.7937680276004,1.0,14.0,26.0,9.0,14.25,5.416025603090639,8.2586043284895
EU,Chairs,2014,7,2,1,Winter,1.0,0.5,280.2,4,0.7485107481711011,0.6631226582407953,2014-7,2014-02-10,1263.429,791.601,1779.5971624051472,660.4961453006432,870.0282770675245,539.6913361409584,398.787609959058,13.0,11.0,33.0,7.25,11.833333333333334,5.678908345800273,6.278872703299731
EU,Chairs,2014,8,2,1,Winter,1.0,0.1,574.56,8,0.8229838658936564,0.5680647467311559,2014-8,2014-02-17,280.2,962.0115812025736,1282.0081624051472,563.6332499999999,811.0742635337623,500.9138302325552,384.3784007642632,4.0,11.0,24.0,6.5,10.5,5.196152422706631,5.036232357987109
EU,Chairs,2014,9,2,1,Winter,0.75,0.175,1075.5825812025737,14,0.8854560256532099,0.4647231720437686,2014-9,2014-02-24,574.56,136.344,809.256,798.4428953006434,833.2681453006434,451.55942111867256,391.8794838043192,8.0,1.0,9.0,9.75,10.916666666666666,4.645786621588784,5.1071844820148575
EU,Chairs,2014,11,3,1,Winter,0.6666666666666666,0.3333333333333333,827.595,9,0.970941817426052,0.23931566428755804,2014-11,2014-03-10,1075.5825812025737,1263.429,1313.3445812025736,689.4843953006433,792.7890135337624,341.0120629142088,361.7081831155447,14.0,13.0,20.0,8.75,10.0,4.112987559751021,4.242640687119289
EU,Chairs,2014,12,3,1,Winter,1.0,0.10000000000000002,954.4651624051471,13,0.992708874098054,0.120536680255323,2014-12,2014-03-17,827.595,280.2,1276.302,858.0506859019301,765.9692770675246,214.4064633271591,333.4235222278653,9.0,4.0,12.0,11.0,10.083333333333334,2.943920288775947,4.294993561924131
EU,Chairs,2014,13,3,1,Spring,0.0,0.0,510.57,3,1.0,-1.6081226496766366e-16,2014-13,2014-03-24,954.4651624051471,574.56,489.039,842.0531859019301,767.7635270675245,243.07925498083284,331.8520312779562,13.0,8.0,8.0,9.75,9.666666666666666,4.991659710623978,4.735424207422441
EU,Chairs,2014,15,4,2,Spring,1.0,0.1,156.006,3,0.9709418174260521,-0.2393156642875575,2014-15,2014-04-07,510.57,1075.5825812025737,985.26,612.1590406012866,698.6590270675246,356.82958736000285,366.93086423851616,3.0,14.0,15.0,7.0,8.666666666666666,4.898979485566355,4.773665131518844
EU,Chairs,2014,16,4,2,Spring,0.6666666666666666,0.19999999999999998,743.22,16,0.9350162426854148,-0.35460488704253545,2014-16,2014-04-14,156.006,827.595,851.5440000000001,591.0652906012867,689.6320270675245,342.0363531199312,364.1496788973149,3.0,9.0,14.0,8.75,8.833333333333334,6.751543033509698,5.006056937411529
EU,Chairs,2014,17,4,2,Spring,1.0,0.1,476.361,3,0.8854560256532099,-0.4647231720437685,2014-17,2014-04-21,743.22,954.4651624051471,791.601,471.5392499999999,663.3620270675245,241.46656807568422,367.4804113266356,16.0,13.0,11.0,6.25,8.166666666666666,6.499999999999999,5.219427578041894
EU,Chairs,2014,18,4,2,Spring,1.0,0.1,1169.5320000000002,15,0.8229838658936565,-0.5680647467311557,2014-18,2014-04-28,476.361,510.57,962.0115812025736,636.2797499999999,680.6553953006434,428.9642800749839,387.1678210346575,3.0,3.0,11.0,9.25,8.5,7.22841614740048,5.5350125235959196
EU,Chairs,2014,19,5,2,Spring,1.0,0.3,386.562,5,0.7485107481711013,-0.663122658240795,2014-19,2014-05-05,1169.5320000000002,156.006,136.344,693.91875,701.5068953006435,351.39632097426585,361.04479041832036,15.0,3.0,1.0,9.75,8.833333333333334,6.701989754294367,5.149286505444375
EU,Chairs,2014,20,5,2,Spring,0.0,0.0,246.4905812025736,8,0.6631226582407952,-0.7485107481711012,2014-20,2014-05-12,386.562,743.22,1263.429,569.7363953006434,616.7620270675246,410.89919578484455,335.61203651805414,5.0,16.0,13.0,7.75,8.416666666666666,5.251983752196243,4.981024599478112
EU,Chairs,2014,21,5,2,Spring,1.0,0.10000000000000002,736.7295812025736,7,0.5680647467311558,-0.8229838658936564,2014-21,2014-05-19,246.4905812025736,476.361,280.2,634.8285406012868,654.8061588344057,411.79859861371597,319.4796584863847,8.0,3.0,4.0,8.75,8.666666666666666,4.349329450233295,4.811602139777891
EU,Chairs,2014,22,5,2,Spring,0.75,0.1,1224.486,21,0.46472317204376906,-0.8854560256532096,2014-22,2014-05-26,736.7295812025736,1169.5320000000002,574.56,648.5670406012867,708.9666588344057,435.8009491588466,357.47029531418633,7.0,15.0,8.0,10.25,9.75,7.274384280931732,5.971523332374322
EU,Chairs,2014,23,6,2,Spring,1.0,0.1,246.4905812025736,4,0.35460488704253584,-0.9350162426854147,2014-23,2014-06-02,1224.486,386.562,1075.5825812025737,613.5491859019302,639.8756588344057,468.2881019110625,360.2813578337693,21.0,5.0,14.0,10.0,8.916666666666666,7.52772652709081,6.022055422789759
EU,Chairs,2014,24,6,2,Spring,1.0,0.1,228.744,3,0.23931566428755768,-0.970941817426052,2014-24,2014-06-09,246.4905812025736,246.4905812025736,827.595,609.1125406012868,589.9714088344057,472.98538233278856,373.1603000246708,4.0,8.0,9.0,8.75,8.416666666666666,8.341662504161466,6.258933010045917
EU,Chairs,2014,25,6,2,Spring,0.6666666666666666,0.06666666666666667,627.8925812025736,10,0.12053668025532308,-0.992708874098054,2014-25,2014-06-16,228.744,736.7295812025736,954.4651624051471,581.9032906012868,562.7570270675246,466.2798599669473,355.65938156942076,3.0,7.0,13.0,9.5,8.166666666666666,8.266397845091497,6.117535649609445
EU,Chairs,2014,26,6,2,Summer,0.5,0.08333333333333333,1497.9525812025736,19,-3.216245299353273e-16,-1.0,2014-26,2014-06-23,627.8925812025736,1224.486,510.57,650.2699359019301,645.0389088344058,594.3591773405095,445.3857464507487,10.0,21.0,3.0,9.0,9.5,7.3484692283495345,6.612660034152122
EU,Chairs,2014,27,6,2,Summer,0.5,0.05,933.0585812025736,8,-0.12053668025532283,-0.992708874098054,2014-27,2014-06-30,1497.9525812025736,246.4905812025736,156.006,821.9119359019301,709.7932906012869,535.062688240112,423.7857178090544,19.0,4.0,3.0,10.0,9.916666666666666,6.683312551921142,6.316764611058035
EU,Chairs,2014,28,7,3,Summer,1.0,0.1,246.4905812025736,7,-0.23931566428755743,-0.9709418174260521,2014-28,2014-07-07,933.0585812025736,228.744,743.22,826.3485812025735,668.399172368168,528.5385640348292,444.0012346575467,8.0,3.0,16.0,11.0,9.166666666666666,5.477225575051662,6.057802381802308
EU,Chairs,2014,30,7,3,Summer,0.6666666666666666,0.19999999999999998,593.8455812025736,15,-0.46472317204376806,-0.8854560256532101,2014-30,2014-07-21,246.4905812025736,627.8925812025736,476.361,817.8368312025734,678.1895541350492,533.054750951766,440.6645208771912,7.0,10.0,3.0,12.25,10.166666666666666,5.7373048260195025,5.936533015357049
EU,Chairs,2014,31,7,3,Summer,0.5,0.1,204.97799999999998,4,-0.5680647467311556,-0.8229838658936566,2014-31,2014-07-28,593.8455812025736,1497.9525812025736,1169.5320000000002,494.5931859019301,597.8100541350492,340.3600050988544,430.75186140836945,15.0,19.0,15.0,8.5,9.25,4.654746681256315,5.971523332374322
EU,Chairs,2014,32,8,3,Summer,0.75,0.1,1749.1667436077207,33,-0.663122658240795,-0.7485107481711013,2014-32,2014-08-04,204.97799999999998,933.0585812025736,386.562,698.6202265032168,711.3604494356924,721.7408525791454,536.5962597637549,4.0,8.0,5.0,14.75,11.583333333333334,13.022416570411705,8.908201872772114
EU,Chairs,2014,33,8,3,Summer,0.5,0.1,230.664,4,-0.7485107481711011,-0.6631226582407952,2014-33,2014-08-11,1749.1667436077207,246.4905812025736,246.4905812025736,694.6635812025735,710.0415676688114,725.0813215174143,537.8606793785058,33.0,7.0,8.0,14.0,11.25,13.686976778431873,9.126634349279835
EU,Chairs,2014,34,8,3,Summer,0.5714285714285714,0.18571428571428572,1738.998,25,-0.8229838658936564,-0.5680647467311559,2014-34,2014-08-18,230.664,593.8455812025736,736.7295812025736,980.9516859019301,793.5639359019302,881.2595837837036,614.7107577228875,4.0,15.0,7.0,16.5,12.75,14.798648586948742,9.817655709809936
EU,Chairs,2014,35,8,3,Summer,0.25,0.025,518.394,13,-0.8854560256532096,-0.4647231720437691,2014-35,2014-08-25,1738.998,204.97799999999998,1224.486,1059.30568590193,734.7229359019302,799.4002786136202,603.4024724380932,25.0,4.0,21.0,18.75,12.083333333333334,12.816005617976296,9.47204819295684
EU,Chairs,2014,36,9,3,Summer,0.3333333333333333,0.03333333333333333,704.502,13,-0.9350162426854147,-0.3546048870425359,2014-36,2014-09-01,518.394,1749.1667436077207,246.4905812025736,798.1395,772.890554135049,656.8279039695249,583.882090291967,13.0,33.0,4.0,13.75,12.833333333333334,8.616843969807043,9.12372863704441
EU,Chairs,2014,37,9,3,Summer,1.0,0.26,1008.0165812025737,22,-0.970941817426052,-0.23931566428755774,2014-37,2014-09-08,704.502,230.664,228.744,992.4776453006433,837.8299359019303,537.0348758188442,560.7368971092833,13.0,4.0,3.0,18.25,14.416666666666666,6.18465843842649,8.908201872772114
EU,Chairs,2014,38,9,3,Summer,0.7142857142857143,0.1,2015.3071624051472,24,-0.992708874098054,-0.12053668025532357,2014-38,2014-09-15,1008.0165812025737,1738.998,627.8925812025736,1061.55493590193,953.4478176688114,667.0882666009061,649.5210498794571,22.0,25.0,10.0,18.0,15.583333333333334,5.830951894845301,9.189503234504556
EU,Chairs,2014,39,9,3,Autumn,0.5,0.05,336.7905812025736,10,-1.0,-1.8369701987210297e-16,2014-39,2014-09-22,2015.3071624051472,518.394,1497.9525812025736,1016.1540812025735,856.6843176688113,720.4246163277576,647.5180690486809,24.0,13.0,19.0,17.25,14.833333333333334,6.800735254367722,9.25235432774062
EU,Chairs,2014,40,10,4,Autumn,1.0,0.1,269.244,2,-0.992708874098054,0.1205366802553232,2014-40,2014-09-29,336.7905812025736,704.502,933.0585812025736,907.3395812025735,801.3664359019302,810.4361277477146,668.4179713978828,10.0,13.0,8.0,14.5,14.333333333333334,10.376254944182254,9.801051273236256
EU,Chairs,2014,41,10,4,Autumn,1.0,0.3,464.53499999999997,10,-0.9709418174260521,0.23931566428755738,2014-41,2014-10-06,269.244,1008.0165812025737,246.4905812025736,771.4691859019301,819.536804135049,833.1700772760433,654.7875911015973,2.0,22.0,7.0,11.5,14.583333333333334,9.146948489341495,9.633826138176152
EU,Chairs,2014,43,10,4,Autumn,0.5,0.07500000000000001,1163.5665812025736,10,-0.8854560256532101,0.464723172043768,2014-43,2014-10-20,464.53499999999997,2015.3071624051472,593.8455812025736,558.5340406012867,867.0135541350492,411.40372879431976,657.5841558296813,10.0,24.0,15.0,8.0,14.166666666666666,3.9999999999999996,9.72189032622522
EU,Chairs,2014,45,11,4,Autumn,0.3333333333333333,0.03333333333333333,930.2805812025736,19,-0.7485107481711011,0.6631226582407952,2014-45,2014-11-03,1163.5665812025736,336.7905812025736,204.97799999999998,706.9065406012867,927.4554359019302,411.79558757370796,623.6592259251684,10.0,10.0,4.0,10.25,15.416666666666666,6.946221994724902,9.248669027913085
EU,Chairs,2014,46,11,4,Autumn,0.6,0.13999999999999999,823.3411624051472,19,-0.6631226582407955,0.7485107481711007,2014-46,2014-11-10,930.2805812025736,269.244,1749.1667436077207,845.4308312025735,850.3033041350491,290.9635848911924,567.503305749082,19.0,2.0,33.0,14.5,14.25,5.196152422706632,7.5573564401605635
EU,Chairs,2014,47,11,4,Autumn,0.8333333333333334,0.15,2060.2141624051474,37,-0.5680647467311559,0.8229838658936564,2014-47,2014-11-17,823.3411624051472,464.53499999999997,230.664,1244.3506218038603,1002.7658176688113,562.1531029309918,628.3928724591459,19.0,10.0,4.0,21.25,17.0,11.324751652906125,9.293203772845848
EU,Chairs,2014,48,11,4,Autumn,1.0,0.15000000000000002,700.884,9,-0.4647231720437684,0.88545602565321,2014-48,2014-11-24,2060.2141624051474,1163.5665812025736,1738.998,1128.679976503217,916.2563176688113,628.0550529125048,587.9812695059336,37.0,10.0,25.0,21.0,15.666666666666666,11.661903789690601,9.188266562537375
EU,Chairs,2014,49,12,4,Autumn,0.6666666666666666,0.19999999999999998,667.347,8,-0.35460488704253595,0.9350162426854147,2014-49,2014-12-01,700.884,930.2805812025736,518.394,1062.9465812025735,928.6690676688113,668.2169624180063,580.3411390520632,9.0,19.0,13.0,18.25,15.25,13.450526631573451,9.43036681056565
EU,Chairs,2014,50,12,4,Autumn,0.875,0.3375,1278.1395812025737,32,-0.2393156642875578,0.970941817426052,2014-50,2014-12-08,667.347,823.3411624051472,704.502,1176.64618590193,976.4721994356923,652.3620152150164,583.8128052381456,8.0,19.0,13.0,21.5,16.833333333333332,15.154757228892407,10.547152423399607
EU,Chairs,2014,51,12,4,Autumn,0.6666666666666666,0.06666666666666667,612.2131624051472,13,-0.12053668025532363,0.992708874098054,2014-51,2014-12-15,1278.1395812025737,2060.2141624051474,1008.0165812025737,814.6459359019301,943.4885812025735,311.15062890164756,592.9775311040463,32.0,37.0,22.0,15.5,16.083333333333332,11.21011448053349,10.4660345302258
EU,Chairs,2014,52,12,4,Winter,0.6666666666666666,0.06666666666666667,610.116,7,6.432490598706546e-16,1.0,2014-52,2014-12-22,612.2131624051472,700.884,2015.3071624051472,791.9539359019301,826.3893176688113,325.2051407760775,492.2712881939581,13.0,9.0,24.0,15.0,14.666666666666666,11.633285577743433,10.447560248762155
EU,Furnishings,2011,20,5,2,Spring,0.0,0.0,87.3,2,0.6631226582407952,-0.7485107481711012,2011-20,2011-05-16,262.341,256.95,324.45,288.45825,288.9882984335478,251.45468244645988,187.97202467911993,6.0,5.0,3.0,7.25,7.0,6.701989754294367,4.0451991747794525
EU,Furnishings,2011,22,6,2,Spring,1.0,0.2,100.92,5,0.46472317204376906,-0.8854560256532096,2011-22,2011-05-30,87.3,154.392,197.49,275.09024999999997,280.9407984335478,262.1516063278079,194.2090958140688,2.0,4.0,9.0,7.5,6.666666666666667,6.557438524302,4.030189107526375
EU,Furnishings,2011,23,6,2,Spring,1.0,0.2,432.744,7,0.35460488704253584,-0.9350162426854147,2011-23,2011-06-06,100.92,649.8,266.832,220.82625000000002,294.7667984335478,162.11043094215128,198.96097295853735,5.0,17.0,3.0,5.0,7.0,2.160246899469287,3.861229196653691
EU,Furnishings,2011,24,6,2,Spring,1.0,0.3666666666666667,364.773,9,0.23931566428755768,-0.970941817426052,2011-24,2011-06-13,432.744,262.341,194.36,246.43425000000002,308.96788176688113,178.15114292153729,197.2168742178128,7.0,6.0,8.0,5.75,7.083333333333333,2.9860788111948198,3.8954129979043843
EU,Furnishings,2011,26,6,2,Summer,1.0,0.4,19.152,2,-3.216245299353273e-16,-1.0,2011-26,2011-06-27,364.773,87.3,636.156,229.39725000000004,257.5508817668811,200.32137790622846,184.15806851281468,9.0,2.0,8.0,5.75,6.583333333333333,2.9860788111948198,4.14418175569586
EU,Furnishings,2011,27,7,3,Summer,0.0,0.0,277.38,6,-0.12053668025532283,-0.992708874098054,2011-27,2011-07-04,19.152,100.92,378.07058120257363,273.51225,249.16,181.10528334714593,180.4236049357179,2.0,5.0,10.0,6.0,6.25,2.9439202887759492,4.002839900961225
EU,Furnishings,2011,28,7,3,Summer,0.0,0.0,413.88,10,-0.23931566428755743,-0.9709418174260521,2011-28,2011-07-11,277.38,432.744,320.328,268.79625,256.956,175.74295943863586,185.72166667109929,6.0,7.0,8.0,6.75,6.416666666666667,3.593976442141304,4.122186827695251
EU,Furnishings,2011,29,7,3,Summer,0.5,0.15,196.152,8,-0.3546048870425356,-0.9350162426854148,2011-29,2011-07-18,413.88,364.773,63.84,226.641,267.98199999999997,164.9385274215821,176.93408557734404,10.0,9.0,4.0,6.5,6.75,3.415650255319866,4.070403151799809
EU,Furnishings,2011,30,7,3,Summer,0.0,0.0,201.36,4,-0.46472317204376806,-0.8854560256532101,2011-30,2011-07-25,196.152,19.152,256.95,272.193,263.3495,101.49163924186074,177.97385972894494,8.0,2.0,5.0,7.0,6.666666666666667,2.581988897471611,4.119429204355497
EU,Furnishings,2011,31,8,3,Summer,0.0,0.0,37.86,2,-0.5680647467311556,-0.8229838658936566,2011-31,2011-08-01,201.36,277.38,154.392,212.31300000000002,253.6385,154.3202847197995,187.3896712412642,4.0,6.0,4.0,6.0,6.5,3.6514837167011076,4.27466107109409
EU,Furnishings,2011,32,8,3,Summer,0.0,0.0,309.63,7,-0.663122658240795,-0.7485107481711013,2011-32,2011-08-08,37.86,413.88,649.8,186.2505,225.29100000000003,111.90558252830812,142.32227279919073,2.0,10.0,17.0,5.25,5.666666666666667,2.753785273643051,2.741377667369367
EU,Furnishings,2011,33,8,3,Summer,0.0,0.0,592.53,14,-0.7485107481711011,-0.6631226582407952,2011-33,2011-08-15,309.63,196.152,262.341,285.34499999999997,252.80675,233.2771534034141,177.66626152481663,7.0,8.0,6.0,6.75,6.333333333333333,5.251983752196244,3.651483716701107
EU,Furnishings,2011,34,8,3,Summer,0.0,0.0,94.87199999999999,6,-0.8229838658936564,-0.5680647467311559,2011-34,2011-08-22,592.53,201.36,87.3,258.723,253.43775000000002,251.4267626089156,177.0373428394673,14.0,4.0,2.0,7.25,6.666666666666667,4.9916597106239795,3.393398225253192
EU,Furnishings,2011,35,8,3,Summer,0.3333333333333333,0.06666666666666667,337.08,11,-0.8854560256532096,-0.4647231720437691,2011-35,2011-08-29,94.87199999999999,37.86,100.92,333.528,273.11775,203.81564664176304,171.5838415459308,6.0,2.0,5.0,9.5,7.166666666666667,3.696845502136473,3.5632807491088454
EU,Furnishings,2011,36,9,3,Summer,0.0,0.0,215.76,6,-0.9350162426854147,-0.3546048870425359,2011-36,2011-09-05,337.08,309.63,432.744,310.06049999999993,255.03574999999998,212.6952018288142,164.52052333544341,11.0,7.0,7.0,9.25,7.083333333333333,3.9475730941090044,3.5791906991114706
EU,Furnishings,2011,37,9,3,Summer,0.25,0.05,492.7845812025736,18,-0.970941817426052,-0.23931566428755774,2011-37,2011-09-12,215.76,592.53,364.773,285.12414530064336,265.70338176688114,170.1269437031323,176.03039274633335,6.0,14.0,9.0,10.25,7.833333333333333,5.6789083458002745,4.764133677487409
EU,Furnishings,2011,38,9,3,Autumn,0.0,0.0,382.32,6,-0.992708874098054,-0.12053668025532357,2011-38,2011-09-19,492.7845812025736,94.87199999999999,19.152,356.98614530064333,295.96738176688115,114.63579738247505,160.30500086332097,18.0,6.0,2.0,10.25,8.166666666666666,5.6789083458002745,4.448356863818233
EU,Furnishings,2011,40,10,4,Autumn,0.0,0.0,292.68,6,-0.992708874098054,0.1205366802553232,2011-40,2011-10-03,382.32,337.08,277.38,345.88614530064336,297.2423817668811,119.26201382843958,160.20453827915685,6.0,11.0,6.0,9.0,8.166666666666666,6.000000000000001,4.448356863818233
EU,Furnishings,2011,42,10,4,Autumn,0.0,0.0,450.6,11,-0.9350162426854148,0.35460488704253557,2011-42,2011-10-17,292.68,215.76,413.88,404.59614530064334,300.3023817668811,87.39756881141605,162.9618741860853,6.0,6.0,10.0,10.25,8.25,5.6789083458002745,4.494946657586212
EU,Furnishings,2011,43,10,4,Autumn,0.5,0.05,266.82,6,-0.8854560256532101,0.464723172043768,2011-43,2011-10-24,450.6,492.7845812025736,196.152,348.105,306.1913817668811,84.37036031687926,160.1078899978649,11.0,18.0,8.0,7.25,8.083333333333334,2.5,4.541892543729748
EU,Furnishings,2011,44,11,4,Autumn,0.5,0.05,203.904,10,-0.822983865893657,0.5680647467311548,2011-44,2011-10-31,266.82,382.32,201.36,303.501,306.4033817668811,104.91308785847467,159.9580772841385,6.0,6.0,4.0,8.25,8.583333333333334,2.6299556396765835,4.378840305862092
EU,Furnishings,2011,45,11,4,Autumn,0.0,0.0,85.02,2,-0.7485107481711011,0.6631226582407952,2011-45,2011-11-07,203.904,292.68,37.86,251.58599999999998,310.33338176688113,152.5958195495539,153.19689244550932,10.0,6.0,2.0,7.25,8.583333333333334,4.112987559751022,4.378840305862092
EU,Furnishings,2011,46,11,4,Autumn,0.0,0.0,172.98000000000002,5,-0.6631226582407955,0.7485107481711007,2011-46,2011-11-14,85.02,450.6,309.63,182.18099999999998,298.9458817668811,75.63193190709856,158.24937778606935,2.0,11.0,7.0,5.75,8.416666666666666,3.304037933599835,4.481443219916251
EU,Furnishings,2011,47,11,4,Autumn,0.0,0.0,306.36,6,-0.5680647467311559,0.8229838658936564,2011-47,2011-11-21,172.98000000000002,266.82,592.53,192.06599999999997,275.0983817668811,91.33523998983085,128.80937884469432,5.0,6.0,14.0,5.75,7.75,3.304037933599835,4.1587804156332355
EU,Furnishings,2011,48,11,4,Autumn,0.5,0.15,90.987,2,-0.4647231720437684,0.88545602565321,2011-48,2011-11-28,306.36,203.904,94.87199999999999,163.83674999999997,274.7746317668811,103.14333387209274,129.30745999167834,6.0,10.0,6.0,3.75,7.416666666666667,2.06155281280883,4.461111425588376
EU,Furnishings,2011,49,12,4,Autumn,0.0,0.0,155.7,3,-0.35460488704253595,0.9350162426854147,2011-49,2011-12-05,90.987,85.02,337.08,181.50674999999998,259.6596317668811,90.40806193172155,131.9365762313807,2.0,2.0,11.0,4.0,6.75,1.8257418583505534,4.474676219876392
EU,Furnishings,2011,50,12,4,Autumn,0.75,0.275,350.88,15,-0.2393156642875578,0.970941817426052,2011-50,2011-12-12,155.7,172.98000000000002,215.76,225.98174999999998,270.91963176688114,122.77804206066332,133.60470471287724,3.0,5.0,6.0,6.5,7.5,5.916079783099616,5.054251135970051
EU,Furnishings,2011,51,12,4,Winter,0.0,0.0,66.69,3,-0.12053668025532363,0.992708874098054,2011-51,2011-12-19,350.88,306.36,492.7845812025736,166.06424999999996,235.41175,128.81008521171776,125.66490760179705,15.0,6.0,18.0,5.75,6.25,6.18465843842649,3.957156922474886
EU,Furnishings,2012,1,1,1,Winter,0.2,0.04,745.322,14,0.12053668025532305,0.992708874098054,2012-1,2012-01-02,66.69,90.987,382.32,329.648,265.6619166666667,301.4633690118918,190.96737397807863,3.0,2.0,6.0,8.75,6.916666666666667,6.652067347825035,4.541892543729748
EU,Furnishings,2012,2,1,1,Winter,0.0,0.0,94.38,2,0.23931566428755774,0.970941817426052,2012-2,2012-01-09,745.322,155.7,292.68,314.318,249.13691666666662,314.5332934619164,196.9043440618997,14.0,3.0,6.0,8.5,6.583333333333333,6.95221787153807,4.756972553924175
EU,Furnishings,2012,3,1,1,Winter,0.0,0.0,990.384,25,0.3546048870425356,0.9350162426854148,2012-3,2012-01-16,94.38,350.88,450.6,474.19399999999996,294.1189166666666,465.5751615281898,287.7915641777943,2.0,15.0,11.0,11.0,7.75,10.801234497346433,7.085516597577446
EU,Furnishings,2012,6,2,1,Winter,0.0,0.0,1422.3105812025735,20,0.6631226582407952,0.7485107481711011,2012-6,2012-02-06,990.384,66.69,266.82,813.0991453006434,390.4097984335478,554.8932163297295,433.995373108005,25.0,3.0,6.0,15.25,8.916666666666666,9.912113800799505,7.879297769048542
EU,Furnishings,2012,7,2,1,Winter,0.0,0.0,192.768,5,0.7485107481711011,0.6631226582407953,2012-7,2012-02-13,1422.3105812025735,745.322,203.904,674.9606453006434,389.48179843354774,639.6893653074017,434.4421036959547,20.0,14.0,10.0,13.0,8.5,11.224972160321824,7.948699150289825
EU,Furnishings,2012,10,3,1,Winter,1.0,0.3,119.133,3,0.9350162426854148,0.35460488704253557,2012-10,2012-03-05,192.768,94.38,85.02,681.1488953006434,392.3245484335478,632.2775656552154,432.375454214564,5.0,2.0,2.0,13.25,8.583333333333334,10.90489186863706,7.879297769048542
EU,Furnishings,2012,11,3,1,Winter,0.5,0.15,136.90800000000002,3,0.970941817426052,0.23931566428755804,2012-11,2012-03-12,119.133,990.384,172.98000000000002,467.77989530064343,389.31854843354773,637.126685881722,434.1607387021064,3.0,25.0,5.0,7.75,8.416666666666666,8.220908303425682,7.982461836407173
EU,Furnishings,2012,12,3,1,Winter,0.0,0.0,100.8,4,0.992708874098054,0.120536680255323,2012-12,2012-03-19,136.90800000000002,1422.3105812025735,306.36,137.40225,372.1885484335478,39.745443163338116,441.72087099166083,3.0,20.0,6.0,3.75,8.25,0.9574271077563463,8.058028181994537
EU,Furnishings,2012,13,3,1,Spring,0.0,0.0,22.38,3,1.0,-1.6081226496766366e-16,2012-13,2012-03-26,100.8,192.768,90.987,94.80525,366.4712984335478,50.4837757527123,446.1135274294443,4.0,5.0,2.0,3.25,8.333333333333334,0.5000000000000158,7.992420652017002
EU,Furnishings,2012,17,4,2,Spring,1.0,0.2,88.224,2,0.8854560256532099,-0.4647231720437685,2012-17,2012-04-23,22.38,119.133,155.7,87.078,360.8482984335478,47.813759191263586,449.4246497877401,3.0,3.0,3.0,3.0,8.25,0.8164965809277357,8.058028181994537
EU,Furnishings,2012,18,5,2,Spring,0.0,0.0,48.78,1,0.8229838658936565,-0.5680647467311557,2012-18,2012-04-30,88.224,136.90800000000002,350.88,65.04599999999999,335.6732984335478,36.0580019413187,458.40529532665647,2.0,3.0,15.0,2.5,7.083333333333333,1.2909944487358118,8.00520663901522
EU,Furnishings,2012,19,5,2,Spring,0.0,0.0,278.19,5,0.7485107481711013,-0.663122658240795,2012-19,2012-05-07,48.78,100.8,66.69,109.3935,353.2982984335478,115.73785279242111,451.13132434734865,1.0,4.0,3.0,2.75,7.25,1.7078251276599377,7.932957719654013
EU,Furnishings,2012,20,5,2,Spring,0.0,0.0,80.28,4,0.6631226582407952,-0.7485107481711012,2012-20,2012-05-14,278.19,22.38,745.322,123.86850000000001,297.87813176688115,104.28150348455922,439.2880459117575,5.0,3.0,14.0,3.0,6.416666666666667,1.825741858350558,7.680652592223154
EU,Furnishings,2012,21,5,2,Spring,0.0,0.0,653.76,7,0.5680647467311558,-0.8229838658936564,2012-21,2012-05-21,80.28,88.224,94.38,265.2525,344.4931317668811,278.19694790741346,445.36795572926985,4.0,2.0,2.0,4.25,6.833333333333333,2.500000000000003,7.55384710333788
EU,Furnishings,2012,22,6,2,Spring,1.0,0.3,44.856,4,0.46472317204376906,-0.8854560256532096,2012-22,2012-05-28,653.76,48.78,990.384,264.2715,265.6991317668812,279.21977603493656,402.2645262340903,7.0,1.0,25.0,5.0,5.083333333333333,1.4142135623731005,4.944387696871042
EU,Furnishings,2012,23,6,2,Spring,0.0,0.0,286.6305812025736,11,0.35460488704253584,-0.9350162426854147,2012-23,2012-06-04,44.856,278.19,1422.3105812025735,266.3816453006434,171.05913176688114,279.3918651906997,174.56219655819842,4.0,5.0,20.0,6.5,4.333333333333333,3.3166247903554025,2.6053557891157246
EU,Furnishings,2012,25,6,2,Spring,0.25,0.075,785.589,13,0.12053668025532308,-0.992708874098054,2012-25,2012-06-18,286.6305812025736,80.28,192.768,442.7088953006434,220.46088176688113,338.9969033409506,249.1952236324247,11.0,4.0,5.0,8.75,5.0,4.031128874149277,3.6181361349331675
EU,Furnishings,2012,26,6,2,Summer,1.0,0.2,310.581,8,-3.216245299353273e-16,-1.0,2012-26,2012-06-25,785.589,653.76,119.133,356.91414530064344,236.41488176688117,309.9618023970967,248.24489173327945,13.0,7.0,3.0,9.0,5.416666666666667,3.9157800414902457,3.6545944516540594
EU,Furnishings,2012,27,7,3,Summer,0.0,0.0,579.54,11,-0.12053668025532283,-0.992708874098054,2012-27,2012-07-02,310.581,44.856,136.90800000000002,490.5851453006434,273.3008817668811,237.30374136951718,264.4698113516013,8.0,4.0,3.0,10.75,6.083333333333333,2.061552812808835,3.895412997904388
EU,Furnishings,2012,28,7,3,Summer,0.0,0.0,246.4905812025736,8,-0.23931566428755743,-0.9709418174260521,2012-28,2012-07-09,579.54,286.6305812025736,100.8,480.5501453006434,285.4417635337623,249.34653537443637,259.1209823027453,11.0,11.0,4.0,10.0,6.416666666666667,2.4494897427831823,3.8720051965905555
EU,Furnishings,2012,29,7,3,Summer,1.0,0.5,141.825,5,-0.3546048870425356,-0.9350162426854148,2012-29,2012-07-16,246.4905812025736,785.589,22.38,319.6091453006434,295.39551353376226,186.72536282675674,250.23913577917742,8.0,13.0,3.0,8.0,6.583333333333333,2.4494897427831823,3.752776749732571
EU,Furnishings,2012,30,7,3,Summer,1.0,0.3,52.983,3,-0.46472317204376806,-0.8854560256532101,2012-30,2012-07-23,141.825,310.581,88.224,255.2096453006434,292.45876353376224,230.23024339246578,253.08212330850276,5.0,8.0,2.0,6.75,6.666666666666667,3.5000000000000027,3.6514837167011107
EU,Furnishings,2012,31,8,3,Summer,0.1111111111111111,0.044444444444444446,1649.028,51,-0.5680647467311556,-0.8229838658936566,2012-31,2012-07-30,52.983,579.54,48.78,522.5816453006435,425.8127635337623,755.1172483570732,454.4784677626743,3.0,11.0,1.0,16.75,10.833333333333334,22.925604317734646,13.044213857167291
EU,Furnishings,2012,32,8,3,Summer,0.0,0.0,124.28999999999999,5,-0.663122658240795,-0.7485107481711013,2012-32,2012-08-06,1649.028,246.4905812025736,278.19,492.0315,412.9877635337623,772.2872716437843,461.14552853584894,51.0,8.0,5.0,16.0,10.833333333333334,23.35237318418266,13.044213857167291
EU,Furnishings,2012,33,8,3,Summer,0.3333333333333333,0.06666666666666667,621.432,13,-0.7485107481711011,-0.6631226582407952,2012-33,2012-08-13,124.28999999999999,141.825,80.28,611.93325,458.08376353376224,736.1786621861912,452.0215136254867,5.0,5.0,4.0,18.0,11.583333333333334,22.420228961066982,12.87321626361093
EU,Furnishings,2012,34,8,3,Summer,0.5,0.05,221.53500000000003,5,-0.8229838658936564,-0.5680647467311559,2012-34,2012-08-20,621.432,52.983,653.76,654.0712500000001,422.06501353376217,697.318682628144,452.2324282104229,13.0,3.0,7.0,18.5,11.416666666666666,21.992422937608914,12.950663958643085
EU,Furnishings,2012,35,8,3,Summer,0.0,0.0,47.19,1,-0.8854560256532096,-0.4647231720437691,2012-35,2012-08-27,221.53500000000003,1649.028,44.856,253.61175,422.25951353376223,255.37861310659932,452.0559139082719,5.0,51.0,4.0,6.0,11.166666666666666,5.033222956847162,13.134502332222242
EU,Furnishings,2012,36,9,3,Summer,0.0,0.0,236.568,7,-0.9350162426854147,-0.3546048870425359,2012-36,2012-09-03,47.19,124.28999999999999,286.6305812025736,281.68125000000003,418.0876317668812,242.2598433959911,453.6495762186844,1.0,5.0,11.0,6.5,10.833333333333334,4.999999999999995,13.18975727485904
EU,Furnishings,2012,37,9,3,Summer,0.6666666666666666,0.16666666666666666,489.135,15,-0.970941817426052,-0.23931566428755774,2012-37,2012-09-10,236.568,621.432,785.589,248.607,393.38313176688104,181.93438137416504,439.6738505129734,7.0,13.0,13.0,7.0,11.0,5.887840577551893,13.232192149863495
EU,Furnishings,2012,38,9,3,Summer,0.0,0.0,174.06,6,-0.992708874098054,-0.12053668025532357,2012-38,2012-09-17,489.135,221.53500000000003,310.581,236.73825,382.00638176688113,185.7967083461118,443.7584642870173,15.0,5.0,8.0,7.25,10.833333333333334,5.795112883571232,13.285900478144171
EU,Furnishings,2012,39,9,3,Autumn,0.0,0.0,331.188,10,-1.0,-1.8369701987210297e-16,2012-39,2012-09-24,174.06,47.19,579.54,307.73775,361.3103817668811,137.10063298267494,439.47907236256106,6.0,1.0,11.0,9.5,10.75,4.041451884327374,13.287896064395666
EU,Furnishings,2012,40,10,4,Autumn,0.0,0.0,40.14,2,-0.992708874098054,0.1205366802553232,2012-40,2012-10-01,331.188,236.568,246.4905812025736,258.63075,344.11449999999996,194.32548587936205,448.32809138935085,10.0,7.0,8.0,8.25,10.25,5.5602757725374214,13.51177937276145
EU,Furnishings,2012,42,10,4,Autumn,0.0,0.0,479.1,10,-0.9350162426854148,0.35460488704253557,2012-42,2012-10-15,40.14,489.135,141.825,256.122,372.22075,190.38250007813258,445.0535576297889,2.0,15.0,5.0,7.0,10.666666666666666,3.8297084310253457,13.411889795207381
EU,Furnishings,2012,44,10,4,Autumn,0.3333333333333333,0.09999999999999999,327.45,10,-0.822983865893657,0.5680647467311548,2012-44,2012-10-29,479.1,174.06,52.983,294.46950000000004,395.093,183.67351262770617,434.07303134359563,10.0,6.0,3.0,8.0,11.25,3.9999999999999933,13.198656956468923
EU,Furnishings,2012,45,11,4,Autumn,0.25,0.125,479.94,12,-0.7485107481711011,0.6631226582407952,2012-45,2012-11-05,327.45,331.188,1649.028,331.65749999999997,297.669,207.14499468971036,189.15173365941848,10.0,10.0,51.0,8.5,8.0,4.434711565216684,4.3693144875265215
EU,Furnishings,2012,46,11,4,Autumn,0.0,0.0,63.48,4,-0.6631226582407955,0.7485107481711007,2012-46,2012-11-12,479.94,40.14,124.28999999999999,337.4925,292.6015,196.23767585507153,194.94479806415117,12.0,2.0,5.0,9.0,7.916666666666667,3.4641016151377473,4.440686542607689
EU,Furnishings,2012,47,11,4,Autumn,0.0,0.0,204.6,5,-0.5680647467311559,0.8229838658936564,2012-47,2012-11-19,63.48,479.1,621.432,268.86749999999995,257.86550000000005,177.2924573268703,166.01585552289862,4.0,10.0,13.0,7.75,7.25,3.862210075418816,4.202272112689868
EU,Furnishings,2012,48,11,4,Autumn,1.0,0.4,99.792,7,-0.4647231720437684,0.88545602565321,2012-48,2012-11-26,204.6,327.45,221.53500000000003,211.953,247.72025,188.4103857965376,172.04812226822668,5.0,10.0,5.0,7.0,7.416666666666667,3.55902608401043,4.144181755695867
EU,Furnishings,2012,49,12,4,Autumn,0.0,0.0,540.12,13,-0.35460488704253595,0.9350162426854147,2012-49,2012-12-03,99.792,479.94,47.19,226.998,288.79775,217.15321783478169,178.54029865863222,7.0,12.0,1.0,7.25,8.416666666666666,4.031128874149268,3.8954129979043923
EU,Furnishings,2012,50,12,4,Autumn,0.5,0.15,610.8465812025736,18,-0.2393156642875578,0.970941817426052,2012-50,2012-12-10,540.12,63.48,236.568,363.8396453006434,319.9876317668811,249.7769761613219,199.99018587160415,13.0,4.0,7.0,10.75,9.333333333333334,5.909032633745274,4.735424207422445
EU,Furnishings,2012,51,12,4,Autumn,0.0,0.0,484.47,6,-0.12053668025532363,0.992708874098054,2012-51,2012-12-17,610.8465812025736,204.6,489.135,433.80714530064347,319.5988817668811,228.60316932426704,199.6357188515626,18.0,5.0,15.0,11.0,8.583333333333334,5.597618541248883,4.461111425588383
EU,Furnishings,2013,1,1,1,Winter,0.0,0.0,220.08,2,0.12053668025532305,0.992708874098054,2013-1,2012-12-31,484.47,99.792,174.06,463.8791453006434,323.43388176688114,170.56191611596745,197.0105160269734,6.0,7.0,6.0,9.75,8.25,7.135591542869211,4.8076643355829685
EU,Furnishings,2013,3,1,1,Winter,0.5,0.05,185.625,4,0.3546048870425356,0.9350162426854148,2013-3,2013-01-14,220.08,540.12,331.188,375.25539530064344,311.3036317668811,206.13112888232428,200.93192507117087,2.0,13.0,10.0,7.5,7.75,7.187952884282604,4.919811526323494
EU,Furnishings,2013,4,1,1,Winter,0.0,0.0,131.58,3,0.4647231720437685,0.8854560256532099,2013-4,2013-01-21,185.625,610.8465812025736,40.14,255.43875000000003,318.9236317668811,156.97187042986445,191.2124281486064,4.0,18.0,2.0,3.75,7.833333333333333,1.7078251276599163,4.821039747028052
EU,Furnishings,2013,5,1,1,Winter,0.0,0.0,406.08,6,0.5680647467311558,0.8229838658936564,2013-5,2013-01-28,131.58,484.47,479.1,235.84125000000003,312.8386317668812,119.19413998284544,186.76177250141686,3.0,6.0,10.0,3.75,7.5,1.7078251276599163,4.795831523312725
EU,Furnishings,2013,6,2,1,Winter,0.0,0.0,234.36,5,0.6631226582407952,0.7485107481711011,2013-6,2013-02-04,406.08,220.08,327.45,239.41125000000002,305.08113176688113,118.77784097318049,188.0287246513001,6.0,2.0,10.0,4.5,7.083333333333333,1.2909944487357836,4.776045022883067
EU,Furnishings,2013,7,2,1,Winter,0.0,0.0,1141.71,17,0.7485107481711011,0.6631226582407953,2013-7,2013-02-11,234.36,185.625,479.94,478.4325,360.22863176688116,456.4537100572194,304.77713057251896,5.0,4.0,12.0,7.75,7.5,6.291528696058954,5.4188224148459065
EU,Furnishings,2013,8,2,1,Winter,0.0,0.0,394.9305812025736,11,0.8229838658936564,0.5680647467311559,2013-8,2013-02-18,1141.71,131.58,63.48,544.2701453006434,387.84951353376226,405.9464249572305,290.1049355671092,17.0,3.0,4.0,9.75,8.083333333333334,5.499999999999995,5.384461369758753
EU,Furnishings,2013,9,2,1,Winter,0.16666666666666666,0.08333333333333333,1027.845,27,0.8854560256532099,0.4647231720437686,2013-9,2013-02-25,394.9305812025736,406.08,204.6,699.7113953006435,456.4532635337623,451.8398296003093,336.46636389533234,11.0,6.0,5.0,15.0,9.916666666666666,9.380831519646856,7.54933270179718
EU,Furnishings,2013,10,3,1,Winter,0.0,0.0,52.38,3,0.9350162426854148,0.35460488704253557,2013-10,2013-03-04,1027.845,234.36,99.792,654.2163953006434,452.5022635337623,518.5507140011579,341.27919454841094,27.0,5.0,7.0,14.5,9.583333333333334,10.115993936995675,7.7747649287274125
EU,Furnishings,2013,11,3,1,Winter,0.0,0.0,245.88,6,0.970941817426052,0.23931566428755804,2013-11,2013-03-11,52.38,1141.71,540.12,430.2588953006434,427.9822635337623,422.3526484083661,344.9621194213124,3.0,17.0,13.0,11.75,9.0,10.688779163215973,7.757694127884796
EU,Furnishings,2013,14,4,2,Spring,0.0,0.0,1071.96,14,0.992708874098054,-0.12053668025532288,2013-14,2013-04-01,245.88,394.9305812025736,610.8465812025736,599.51625,466.4083817668811,526.3349023732419,389.93433827553736,6.0,11.0,18.0,12.5,8.666666666666666,10.723805294763606,7.414155175722789
EU,Furnishings,2013,15,4,2,Spring,0.0,0.0,146.79,3,0.9709418174260521,-0.2393156642875575,2013-15,2013-04-08,1071.96,1027.845,484.47,379.2525,438.2683817668812,468.5140871147848,400.5523507426707,14.0,27.0,6.0,6.5,8.416666666666666,5.196152422706628,7.561365116448384
EU,Furnishings,2013,16,4,2,Spring,0.0,0.0,126.45,5,0.9350162426854148,-0.35460488704253545,2013-16,2013-04-15,146.79,52.38,220.08,397.77,430.4658817668812,452.47770884320937,406.06291806867705,3.0,3.0,2.0,7.0,8.666666666666666,4.830458915396474,7.377278795344695
EU,Furnishings,2013,18,5,2,Spring,1.0,0.4,93.114,7,0.8229838658936565,-0.5680647467311557,2013-18,2013-04-29,126.45,245.88,185.625,359.5785,422.7566317668811,475.4361417151626,411.9691153533746,5.0,6.0,4.0,7.25,8.916666666666666,4.787135538781685,7.254570137422888
EU,Furnishings,2013,19,5,2,Spring,0.0,0.0,359.16,10,0.7485107481711013,-0.663122658240795,2013-19,2013-05-06,93.114,1071.96,131.58,181.3785,441.7216317668811,120.56863625752847,402.4751509032406,7.0,14.0,3.0,6.25,9.5,2.986078811194811,7.012974987964683
EU,Furnishings,2013,20,5,2,Spring,0.5,0.1,372.51,4,0.6631226582407952,-0.7485107481711012,2013-20,2013-05-13,359.16,146.79,406.08,237.8085,438.92413176688115,148.55739015276285,402.8618903908608,10.0,3.0,6.0,6.5,9.333333333333334,2.6457513110645805,7.126561498217695
EU,Furnishings,2013,23,6,2,Spring,0.2857142857142857,0.05714285714285715,602.5485812025736,26,0.35460488704253584,-0.9350162426854147,2013-23,2013-06-03,372.51,126.45,234.36,356.8331453006434,469.6065135337622,208.30669781569247,399.87546969016256,4.0,5.0,5.0,11.75,11.083333333333334,9.81070843517429,8.4257002226773
EU,Furnishings,2013,24,6,2,Spring,0.375,0.0875,1188.87,30,0.23931566428755768,-0.970941817426052,2013-24,2013-06-10,602.5485812025736,93.114,1141.71,630.7721453006434,473.5365135337622,388.4766308546461,407.2452724769084,26.0,7.0,17.0,17.5,12.166666666666666,12.476644848141932,9.95291947423499
EU,Furnishings,2013,25,6,2,Spring,0.0,0.0,909.15,16,0.12053668025532308,-0.992708874098054,2013-25,2013-06-17,1188.87,359.16,394.9305812025736,768.2696453006434,516.3881317668811,356.2962721517629,424.8936673690957,30.0,10.0,11.0,19.0,12.583333333333334,11.604596790352804,10.004165798972616
EU,Furnishings,2013,26,6,2,Summer,0.1,0.03,1815.549,36,-3.216245299353273e-16,-1.0,2013-26,2013-06-24,909.15,372.51,1027.845,1129.0293953006435,582.030131766881,516.5330133684548,552.7127547413393,16.0,4.0,27.0,27.0,13.333333333333334,8.406346808612325,11.420343358421519
EU,Furnishings,2013,27,7,3,Summer,0.0,0.0,105.72,4,-0.12053668025532283,-0.992708874098054,2013-27,2013-07-01,1815.549,602.5485812025736,52.38,1004.8222499999999,586.4751317668811,709.1519519399563,548.26256691102,36.0,26.0,3.0,21.5,13.416666666666666,14.364307617610159,11.34146321595181
EU,Furnishings,2013,28,7,3,Summer,0.0,0.0,534.03,11,-0.23931566428755743,-0.9709418174260521,2013-28,2013-07-08,105.72,1188.87,245.88,841.11225,610.4876317668812,727.8409590015185,538.2071678876599,4.0,30.0,6.0,16.75,13.833333333333334,13.744695946679453,11.134167996293977
EU,Furnishings,2013,29,7,3,Summer,0.5,0.2,173.214,5,-0.3546048870425356,-0.9350162426854148,2013-29,2013-07-15,534.03,909.15,1071.96,657.12825,535.5921317668812,794.8408378840699,530.6322097764934,11.0,16.0,14.0,14.0,13.083333333333334,14.988884770611408,11.421338349640543
EU,Furnishings,2013,31,8,3,Summer,0.0,0.0,44.64,2,-0.5680647467311556,-0.8229838658936566,2013-31,2013-07-29,173.214,1815.549,146.79,214.401,527.0796317668811,219.4610242480433,538.201830063449,5.0,36.0,3.0,5.5,13.0,3.8729833462074104,11.504939650586458
EU,Furnishings,2013,32,8,3,Summer,0.2,0.04,864.45,23,-0.663122658240795,-0.7485107481711013,2013-32,2013-08-05,44.64,105.72,126.45,404.0835,588.5796317668811,370.28086767884764,530.3687372721485,2.0,4.0,5.0,10.25,14.5,9.287087810503351,11.54044272035602
EU,Furnishings,2013,33,8,3,Summer,0.5,0.125,1032.84,16,-0.7485107481711011,-0.6631226582407952,2013-33,2013-08-12,864.45,534.03,93.114,528.7860000000001,666.8901317668812,492.4664294182906,519.8331587092201,23.0,11.0,7.0,11.5,15.25,9.746794344808961,11.298632258335122
EU,Furnishings,2013,34,8,3,Summer,0.0,0.0,124.32,3,-0.8229838658936564,-0.5680647467311559,2013-34,2013-08-19,1032.84,173.214,359.16,516.5625,647.3201317668812,504.68907737834013,536.6207681507683,16.0,5.0,10.0,11.0,14.666666666666666,10.230672835481869,11.76538322470809
EU,Furnishings,2013,35,8,3,Summer,0.0,0.0,1023.96,15,-0.8854560256532096,-0.4647231720437691,2013-35,2013-08-26,124.32,44.64,372.51,761.3924999999999,701.6076317668811,431.7050134351004,539.2378229639462,3.0,2.0,4.0,14.25,15.583333333333334,8.301606270274844,11.277155777244655
EU,Furnishings,2013,36,9,3,Summer,0.3333333333333333,0.09999999999999999,207.06,6,-0.9350162426854147,-0.3546048870425359,2013-36,2013-09-02,1023.96,864.45,602.5485812025736,597.0450000000001,668.65025,499.2430687550907,557.6152243989374,15.0,23.0,26.0,10.0,13.916666666666666,6.480740698407856,11.073788325536476
EU,Furnishings,2013,37,9,3,Summer,0.5,0.15000000000000002,879.954,17,-0.970941817426052,-0.23931566428755774,2013-37,2013-09-09,207.06,1032.84,1188.87,558.8235,642.90725,458.98715054890175,538.2083396183583,6.0,16.0,30.0,10.25,12.833333333333334,6.8007352543677175,9.934634854737729
EU,Furnishings,2013,38,9,3,Summer,0.3333333333333333,0.16666666666666666,99.414,8,-0.992708874098054,-0.12053668025532357,2013-38,2013-09-16,879.954,124.32,909.15,552.597,575.42925,466.94622569627893,552.3676912941769,17.0,3.0,16.0,11.5,12.166666666666666,5.322906474223765,9.971170564394255
EU,Furnishings,2013,39,9,3,Autumn,0.3333333333333333,0.13333333333333333,176.076,8,-1.0,-1.8369701987210297e-16,2013-39,2013-09-23,99.414,1023.96,1815.549,340.626,438.80649999999997,362.3876834662021,399.2956804147888,8.0,15.0,36.0,9.75,9.833333333333334,4.924428900898047,6.589707309451795
EU,Furnishings,2013,40,9,3,Autumn,0.0,0.0,142.92000000000002,7,-0.992708874098054,0.1205366802553232,2013-40,2013-09-30,176.076,207.06,105.72,324.591,441.9065,371.57045117716274,396.609990335938,8.0,6.0,4.0,10.0,10.083333333333334,4.6904157598234235,6.402532642823794
EU,Furnishings,2013,41,10,4,Autumn,0.0,0.0,66.51,3,-0.9709418174260521,0.23931566428755738,2013-41,2013-10-07,142.92000000000002,879.954,534.03,121.23,402.9465,48.12745603083903,409.49142987335813,7.0,17.0,11.0,6.5,9.416666666666666,2.3804761428476042,6.70763924510138
EU,Furnishings,2013,42,10,4,Autumn,0.0,0.0,85.59,3,-0.9350162426854148,0.35460488704253557,2013-42,2013-10-14,66.51,99.414,173.214,117.77400000000002,395.64449999999994,50.64665856698095,414.7084231585325,3.0,8.0,5.0,5.25,9.25,2.629955639676572,6.8506801254925165
EU,Furnishings,2013,43,10,4,Autumn,0.0,0.0,321.21,3,-0.8854560256532101,0.464723172043768,2013-43,2013-10-21,85.59,176.076,44.64,154.0575,418.692,116.06946982303455,400.88265425637525,3.0,8.0,2.0,4.0,9.333333333333334,1.999999999999985,6.759953379792621
EU,Furnishings,2013,44,10,4,Autumn,0.0,0.0,50.7,2,-0.822983865893657,0.5680647467311548,2013-44,2013-10-28,321.21,142.92000000000002,864.45,131.0025,350.87949999999995,127.6048095684498,387.2175126281212,3.0,7.0,23.0,2.75,7.583333333333333,0.4999999999999396,5.501377238033351
EU,Furnishings,2013,45,11,4,Autumn,0.6666666666666666,0.26666666666666666,155.63400000000001,6,-0.7485107481711011,0.6631226582407952,2013-45,2013-11-04,50.7,66.51,1032.84,153.2835,277.779,120.15353881180667,324.4909170114153,2.0,3.0,16.0,3.5,6.75,1.7320508075688599,4.826536495817107
EU,Furnishings,2013,46,11,4,Autumn,0.0,0.0,471.48,10,-0.6631226582407955,0.7485107481711007,2013-46,2013-11-11,155.63400000000001,85.59,124.32,249.756,306.709,185.06705839776103,325.04055430501165,6.0,3.0,3.0,5.25,7.333333333333333,3.593976442141296,4.754583115906225
EU,Furnishings,2013,47,11,4,Autumn,0.5,0.15,325.914,10,-0.5680647467311559,0.8229838658936564,2013-47,2013-11-18,471.48,321.21,1023.96,250.93200000000002,248.5385,185.68636932203802,235.0007991384868,10.0,3.0,15.0,7.0,6.916666666666667,3.829708431025345,4.2094770423054815
EU,Furnishings,2013,48,11,4,Autumn,0.0,0.0,973.722,25,-0.4647231720437684,0.88545602565321,2013-48,2013-11-25,325.914,50.7,207.06,481.6875,312.42699999999996,352.504567540621,313.72670345613665,10.0,2.0,6.0,12.75,8.5,8.381527307120102,6.681045100608407
EU,Furnishings,2013,49,12,4,Autumn,0.3333333333333333,0.09999999999999999,442.0125812025736,12,-0.35460488704253595,0.9350162426854147,2013-49,2013-12-02,973.722,155.63400000000001,879.954,553.2821453006434,275.9318817668812,287.2504434504458,263.09204962667593,25.0,6.0,17.0,14.25,8.083333333333334,7.228416147400477,6.2443914229029716
EU,Furnishings,2013,50,12,4,Autumn,0.25,0.125,411.1905812025736,18,-0.2393156642875578,0.970941817426052,2013-50,2013-12-09,442.0125812025736,471.48,99.414,538.2097906012868,301.9132635337623,294.46458185139386,259.4448021784893,12.0,10.0,8.0,16.25,8.916666666666666,6.751543033509694,6.868350779062059
EU,Furnishings,2013,51,12,4,Autumn,0.75,0.175,661.4159999999999,23,-0.12053668025532363,0.992708874098054,2013-51,2013-12-16,411.1905812025736,325.914,176.076,622.0852906012867,342.3582635337623,259.54963508683187,275.38490146187576,18.0,10.0,8.0,19.5,10.166666666666666,5.8022983951764,7.963933853582814
EU,Furnishings,2013,52,12,4,Winter,0.0,0.0,742.53,17,6.432490598706546e-16,1.0,2013-52,2013-12-23,661.4159999999999,973.722,142.92000000000002,564.2872906012867,392.32576353376226,162.8845773653931,289.92257093526933,23.0,25.0,7.0,17.5,11.0,4.50924975282289,8.12403840463596
EU,Furnishings,2014,1,12,4,Winter,0.0,0.0,676.6800000000001,14,0.12053668025532305,0.992708874098054,2014-1,2013-12-30,742.53,442.0125812025736,66.51,622.9541453006434,443.1732635337623,145.4968199385475,280.9532263674519,17.0,12.0,3.0,18.0,11.916666666666666,3.7416573867739356,7.751343969488991
EU,Furnishings,2014,2,1,1,Winter,0.3333333333333333,0.06666666666666667,518.31,8,0.23931566428755774,0.970941817426052,2014-2,2014-01-06,676.6800000000001,411.1905812025736,85.59,649.734,479.2332635337622,94.42090416851664,257.6921569125082,14.0,18.0,3.0,15.5,12.333333333333334,6.244997998398394,7.352591792055783
EU,Furnishings,2014,3,1,1,Winter,0.3333333333333333,0.09999999999999999,222.10799999999998,6,0.3546048870425356,0.9350162426854148,2014-3,2014-01-13,518.31,661.4159999999999,321.21,539.907,470.9747635337623,231.82289825640655,264.70933296368577,8.0,23.0,3.0,11.25,12.583333333333334,5.1234753829797945,7.051219537760612
EU,Furnishings,2014,4,1,1,Winter,0.0,0.0,437.2905812025736,13,0.4647231720437685,0.8854560256532099,2014-4,2014-01-20,222.10799999999998,742.53,50.7,463.59714530064343,503.1906453006434,189.21490608023976,230.1838655112321,6.0,17.0,2.0,10.25,13.5,3.8622100754188167,6.215815605080612
EU,Furnishings,2014,5,1,1,Winter,0.0,0.0,212.16,4,0.5680647467311558,0.8229838658936564,2014-5,2014-01-27,437.2905812025736,676.6800000000001,155.63400000000001,347.4671453006434,507.90114530064335,154.14113610473098,222.88759508022193,13.0,14.0,6.0,7.75,13.333333333333334,3.8622100754188167,6.457319079693191
EU,Furnishings,2014,6,2,1,Winter,0.0,0.0,170.28,4,0.6631226582407952,0.7485107481711011,2014-6,2014-02-03,212.16,518.31,471.48,260.4596453006434,482.8011453006434,120.00729526704825,243.37944530678135,4.0,8.0,10.0,6.75,12.833333333333334,4.27200187265876,6.952217871538071
EU,Furnishings,2014,7,2,1,Winter,0.0,0.0,533.9325812025736,26,0.7485107481711011,0.6631226582407953,2014-7,2014-02-10,170.28,222.10799999999998,325.914,338.4157906012868,500.13602706752454,175.32180731914312,238.54939801805665,4.0,6.0,10.0,11.75,14.166666666666666,10.404326023342405,7.837361955673762
EU,Furnishings,2014,8,2,1,Winter,0.0,0.0,473.46,10,0.8229838658936564,0.5680647467311559,2014-8,2014-02-17,533.9325812025736,437.2905812025736,973.722,347.45814530064337,458.4475270675245,182.890555548568,186.23951648769076,26.0,13.0,25.0,11.0,12.916666666666666,10.392304845413262,7.115390915388128
EU,Furnishings,2014,9,2,1,Winter,0.5,0.2,112.68,4,0.8854560256532099,0.4647231720437686,2014-9,2014-02-24,473.46,212.16,442.0125812025736,322.58814530064336,431.0031453006434,211.8867525476817,211.44169167436056,10.0,4.0,12.0,11.0,12.25,10.392304845413262,7.5693761001455435
EU,Furnishings,2014,11,3,1,Winter,0.6666666666666666,0.13333333333333333,673.8825812025736,21,0.970941817426052,0.23931566428755804,2014-11,2014-03-10,112.68,170.28,411.1905812025736,448.4887906012868,452.8941453006434,239.09141023038816,222.512669889557,4.0,4.0,18.0,15.25,12.5,10.045728777279756,7.8218807317561545
EU,Furnishings,2014,12,3,1,Winter,0.0,0.0,730.44,11,0.992708874098054,0.120536680255323,2014-12,2014-03-17,673.8825812025736,533.9325812025736,661.4159999999999,497.6156453006434,458.6461453006434,279.30637840690343,229.18513405714475,21.0,26.0,23.0,11.5,11.5,7.047458170621987,7.090326316378342
EU,Furnishings,2014,14,4,2,Spring,0.0,0.0,258.0,5,0.992708874098054,-0.12053668025532288,2014-14,2014-03-31,730.44,473.46,742.53,443.7506453006434,418.2686453006434,305.10247919308154,216.98110621366152,11.0,10.0,17.0,10.25,10.5,7.804912982645393,7.0903263163783405
EU,Furnishings,2014,15,4,2,Spring,0.0,0.0,226.47,7,0.9709418174260521,-0.2393156642875575,2014-15,2014-04-07,258.0,112.68,676.6800000000001,472.1981453006434,380.7511453006434,266.85116578770635,206.92737931619484,5.0,4.0,14.0,11.0,9.916666666666666,7.11805216802087,7.064100448855122
EU,Furnishings,2014,16,4,2,Spring,0.2,0.04,743.8545812025736,29,0.9350162426854148,-0.35460488704253545,2014-16,2014-04-14,226.47,673.8825812025736,518.31,489.69114530064337,399.54652706752455,286.0799546354326,229.5629867152303,7.0,21.0,8.0,13.0,11.666666666666666,10.95445115010332,8.906926143924924
EU,Furnishings,2014,17,4,2,Spring,0.5,0.2,53.826,4,0.8854560256532099,-0.4647231720437685,2014-17,2014-04-21,743.8545812025736,730.44,222.10799999999998,320.53764530064336,385.52302706752454,296.13736054548104,245.943297767954,29.0,11.0,6.0,11.25,11.5,11.898879499067688,9.040313751594725
EU,Furnishings,2014,18,4,2,Spring,0.0,0.0,513.5505812025735,18,0.8229838658936565,-0.5680647467311557,2014-18,2014-04-28,53.826,258.0,437.2905812025736,384.42529060128675,391.8780270675245,305.5642433215547,248.3757610673098,4.0,5.0,13.0,14.5,11.916666666666666,11.387127235025813,9.228989241744863
EU,Furnishings,2014,22,5,2,Spring,0.5,0.1,300.036,10,0.46472317204376906,-0.8854560256532096,2014-22,2014-05-26,513.5505812025735,226.47,212.16,402.8167906012868,399.20102706752454,294.91649091467366,243.84953972746234,18.0,7.0,4.0,15.25,12.416666666666666,10.812801055539062,8.918401134053052
EU,Furnishings,2014,23,6,2,Spring,0.0,0.0,508.46999999999997,12,0.35460488704253584,-0.9350162426854147,2014-23,2014-06-02,300.036,743.8545812025736,170.28,343.97064530064335,427.38352706752454,217.5098163388937,234.34481401545406,10.0,29.0,4.0,11.0,13.083333333333334,5.773502691896255,8.522252512029192
EU,Furnishings,2014,24,6,2,Spring,0.25,0.075,1343.715,43,0.23931566428755768,-0.970941817426052,2014-24,2014-06-09,508.46999999999997,53.826,533.9325812025736,666.4428953006434,494.86539530064346,462.3429506645777,353.9077238852546,12.0,4.0,26.0,20.75,14.5,15.217862311551293,11.68915581367464
EU,Furnishings,2014,25,6,2,Spring,0.2,0.06,610.482,10,0.12053668025532308,-0.992708874098054,2014-25,2014-06-16,1343.715,513.5505812025735,473.46,690.6757499999999,506.28389530064345,454.12540455721063,355.3617708386366,43.0,18.0,10.0,18.75,14.5,16.194134740701646,11.68915581367464
EU,Furnishings,2014,26,6,2,Summer,0.5,0.175,837.906,16,-3.216245299353273e-16,-1.0,2014-26,2014-06-23,610.482,300.036,112.68,825.1432499999999,566.7193953006434,372.12943411432826,343.8183542506235,10.0,10.0,4.0,20.25,15.5,15.370426148939394,11.212817341207014
EU,Furnishings,2014,27,6,2,Summer,1.0,0.3,155.652,9,-0.12053668025532283,-0.992708874098054,2014-27,2014-06-30,837.906,508.46999999999997,673.8825812025736,736.9387499999999,523.5335135337623,494.0504017752138,361.23951741626377,16.0,12.0,21.0,19.5,14.5,15.96871942267131,11.212817341207014
EU,Furnishings,2014,28,7,3,Summer,0.0,0.0,121.116,6,-0.23931566428755743,-0.9709418174260521,2014-28,2014-07-07,155.652,1343.715,730.44,431.28899999999993,472.75651353376225,351.01308695260957,372.171001103156,9.0,43.0,11.0,10.25,14.083333333333334,4.193248541803036,11.445192188968443
EU,Furnishings,2014,29,7,3,Summer,0.0,0.0,858.1800000000001,9,-0.3546048870425356,-0.9350162426854148,2014-29,2014-07-14,121.116,610.482,258.0,493.21349999999995,522.7715135337622,410.047875849882,380.912385034334,6.0,10.0,5.0,10.0,14.416666666666666,4.242640687119279,11.212479519254293
EU,Furnishings,2014,30,7,3,Summer,0.0,0.0,165.42,3,-0.46472317204376806,-0.8854560256532101,2014-30,2014-07-21,858.1800000000001,837.906,226.47,325.092,517.6840135337623,355.8998386737486,385.60832945849273,9.0,16.0,7.0,6.75,14.083333333333334,2.872281323269006,11.508560713528418
EU,Furnishings,2014,31,7,3,Summer,0.6666666666666666,0.19999999999999998,511.332,12,-0.5680647467311556,-0.8229838658936566,2014-31,2014-07-28,165.42,155.652,743.8545812025736,414.01199999999994,498.3071317668811,343.67738937556,378.99547623321706,3.0,9.0,29.0,7.5,12.666666666666666,3.872983346207411,10.508293982575974
EU,Furnishings,2014,32,8,3,Summer,1.0,0.3,175.56,5,-0.663122658240795,-0.7485107481711013,2014-32,2014-08-04,511.332,121.116,53.826,427.62299999999993,508.4516317668811,328.974515785038,367.47054118931567,12.0,6.0,4.0,7.25,12.75,4.031128874149269,10.43704068123806
EU,Furnishings,2014,33,8,3,Summer,0.2,0.06,444.39000000000004,15,-0.7485107481711011,-0.6631226582407952,2014-33,2014-08-11,175.56,858.1800000000001,513.5505812025735,324.17549999999994,502.68825,179.6004427639315,367.9253728195251,5.0,9.0,18.0,8.75,12.5,5.678908345800269,10.33528818263825
EU,Furnishings,2014,34,8,3,Summer,0.5,0.1375,1733.0671624051472,40,-0.8229838658936564,-0.5680647467311559,2014-34,2014-08-18,444.39000000000004,165.42,300.036,716.0872906012867,622.1075135337622,693.3402142979694,503.6857504467451,15.0,3.0,10.0,18.0,15.0,15.253414918196732,12.968493288806462
EU,Furnishings,2014,35,8,3,Summer,0.2,0.06,789.9960000000001,25,-0.8854560256532096,-0.4647231720437691,2014-35,2014-08-25,1733.0671624051472,511.332,508.46999999999997,785.7532906012868,645.5680135337623,679.7760220249089,504.4674064538395,40.0,12.0,12.0,21.25,16.083333333333332,14.930394055974096,13.235340661435297
EU,Furnishings,2014,36,9,3,Summer,1.0,0.3,140.238,4,-0.9350162426854147,-0.3546048870425359,2014-36,2014-09-01,789.9960000000001,175.56,1343.715,776.9227906012868,545.2782635337622,690.4898135730089,471.61365219678487,25.0,5.0,43.0,21.0,12.833333333333334,15.297058540778353,10.538529596703997
EU,Furnishings,2014,37,9,3,Summer,0.3333333333333333,0.09999999999999999,344.043,4,-0.970941817426052,-0.23931566428755774,2014-37,2014-09-08,140.238,444.39000000000004,610.482,751.8360406012868,523.0750135337622,708.194423429035,474.52771723203267,4.0,15.0,10.0,18.25,12.333333333333334,17.557049866079435,10.82365535073596
EU,Furnishings,2014,38,9,3,Summer,0.3333333333333333,0.06666666666666667,386.4465812025736,11,-0.992708874098054,-0.12053668025532357,2014-38,2014-09-15,344.043,1733.0671624051472,837.906,415.1808953006434,485.4533953006434,272.0087126923097,465.1007948641705,4.0,40.0,16.0,11.0,11.916666666666666,9.899494936611664,10.765756599120898
EU,Furnishings,2014,39,9,3,Autumn,0.5,0.05,404.7105812025736,11,-1.0,-1.8369701987210297e-16,2014-39,2014-09-22,386.4465812025736,789.9960000000001,155.652,318.85954060128677,506.20827706752453,121.7624334837144,454.4814731193874,11.0,25.0,9.0,7.5,12.083333333333334,4.041451884327374,10.731926314704292
EU,Furnishings,2014,40,9,3,Autumn,0.25,0.075,840.867,18,-0.992708874098054,0.1205366802553232,2014-40,2014-09-29,404.7105812025736,140.238,121.116,494.01679060128674,566.1875270675246,232.62570409314895,446.4626399220113,11.0,4.0,6.0,11.0,13.083333333333334,5.7154760664940785,10.672465279939551
EU,Furnishings,2014,41,10,4,Autumn,0.5,0.125,362.28000000000003,9,-0.9709418174260521,0.23931566428755738,2014-41,2014-10-06,840.867,344.043,858.1800000000001,498.57604060128676,524.8625270675245,228.85472226054864,439.8804987672548,18.0,4.0,9.0,12.25,13.083333333333334,3.9475730941089977,10.672465279939551
EU,Furnishings,2014,42,10,4,Autumn,0.0,0.0,122.94,3,-0.9350162426854148,0.35460488704253557,2014-42,2014-10-13,362.28000000000003,386.4465812025736,165.42,432.69939530064335,521.3225270675246,299.0506877059224,443.1945800305154,9.0,11.0,3.0,10.25,13.083333333333334,6.184658438426487,10.672465279939551
EU,Furnishings,2014,44,11,4,Autumn,0.0,0.0,290.85,5,-0.822983865893657,0.5680647467311548,2014-44,2014-10-27,122.94,404.7105812025736,511.332,404.23425,502.9490270675246,307.8910850158707,448.18852998664397,3.0,11.0,12.0,8.75,12.5,6.652067347825031,10.925366646645612
EU,Furnishings,2014,45,11,4,Autumn,0.6,0.13999999999999999,1581.759,27,-0.7485107481711011,0.6631226582407952,2014-45,2014-11-03,290.85,840.867,175.56,589.4572499999999,620.1322770675246,669.0981244109493,530.9910935920657,5.0,18.0,5.0,11.0,14.333333333333334,10.95445115010332,11.388457740052855
EU,Furnishings,2014,46,11,4,Autumn,0.3333333333333333,0.06666666666666667,417.618,11,-0.6631226582407955,0.7485107481711007,2014-46,2014-11-10,1581.759,362.28000000000003,444.39000000000004,603.29175,617.9012770675246,663.3828838191788,531.8521592553517,27.0,9.0,15.0,11.5,14.0,10.878112581387144,11.425648976992713
EU,Furnishings,2014,47,11,4,Autumn,0.0,0.0,585.6,7,-0.5680647467311559,0.8229838658936564,2014-47,2014-11-17,417.618,122.94,1733.0671624051472,718.95675,522.2790135337623,587.7335498967624,399.9157781367433,11.0,3.0,40.0,12.5,11.25,9.983319421247955,8.080560286604797
EU,Furnishings,2014,48,11,4,Autumn,0.0,0.0,586.89,14,-0.4647231720437684,0.88545602565321,2014-48,2014-11-24,585.6,290.85,789.9960000000001,792.96675,505.3535135337623,531.8359689737523,391.7702770474812,7.0,5.0,25.0,14.75,10.333333333333334,8.655441448399188,6.919449969382532
EU,Furnishings,2014,49,12,4,Autumn,0.3333333333333333,0.09999999999999999,527.388,13,-0.35460488704253595,0.9350162426854147,2014-49,2014-12-01,586.89,1581.759,140.238,529.374,537.6160135337623,79.50429980825035,374.53112545157654,14.0,27.0,4.0,11.25,11.083333333333334,3.0956959368344434,6.653206107971671
EU,Furnishings,2014,50,12,4,Autumn,0.5,0.11666666666666665,883.353,20,-0.2393156642875578,0.970941817426052,2014-50,2014-12-08,527.388,417.618,344.043,645.80775,582.5585135337623,160.77650886945543,381.48451843000294,13.0,11.0,4.0,13.5,12.416666666666666,5.322906474223766,6.707639245101386
EU,Furnishings,2014,51,12,4,Autumn,0.4,0.16,609.0015812025736,24,-0.12053668025532363,0.992708874098054,2014-51,2014-12-15,883.353,585.6,386.4465812025736,651.6581453006434,601.1047635337623,158.26146068403935,376.46038074480975,20.0,7.0,11.0,17.75,13.5,5.188127472091122,7.465070175642877
EU,Furnishings,2014,52,12,4,Winter,0.375,0.07500000000000001,1084.71,36,6.432490598706546e-16,1.0,2014-52,2014-12-22,609.0015812025736,586.89,404.7105812025736,776.1131453006434,657.7713817668811,255.94457598368473,394.9357466032914,24.0,14.0,11.0,23.25,15.583333333333334,9.639329160614167,9.820741809912821
EU,Tables,2012,3,1,1,Winter,0.0,0.0,239.733,3,0.3546048870425356,0.9350162426854148,2012-3,2012-01-16,246.4905812025736,492.9811624051472,267.984,306.4238312025736,300.48019943569244,124.41234357710373,97.98878141110927,7.0,8.0,2.0,4.75,4.416666666666667,1.707825127659933,1.9286515936521478
EU,Tables,2012,4,1,1,Winter,0.0,0.0,246.4905812025736,8,0.4647231720437685,0.8854560256532099,2012-4,2012-01-23,239.733,246.4905812025736,272.673,306.4238312025736,298.2983312025736,124.41234357710373,98.95100994267862,3.0,4.0,3.0,5.75,4.833333333333333,2.217355782608345,2.124888588879783
EU,Tables,2012,10,3,1,Winter,1.0,0.5,246.4905812025736,7,0.9350162426854148,0.35460488704253557,2012-10,2012-03-05,246.4905812025736,492.9811624051472,246.4905812025736,244.80118590193018,298.2983312025736,3.3787906012868505,98.95100994267862,8.0,5.0,4.0,6.25,5.083333333333333,2.217355782608345,2.1933093855190746
EU,Tables,2012,22,5,2,Spring,0.0,0.0,555.138,4,0.46472317204376906,-0.8854560256532096,2012-22,2012-05-28,246.4905812025736,246.4905812025736,381.96,321.9630406012868,312.7298312025736,155.48260944905454,122.16696785749575,7.0,7.0,3.0,5.5,5.166666666666667,2.3804761428476167,2.124888588879783
EU,Tables,2012,25,6,2,Spring,1.0,0.35,246.4905812025736,4,0.12053668025532308,-0.992708874098054,2012-25,2012-06-18,555.138,239.733,246.4905812025736,323.65243590193023,312.7298312025736,154.32370939871322,122.16696785749575,4.0,3.0,2.0,5.75,5.333333333333333,2.0615528128088303,1.9227505550564008
EU,Tables,2012,26,6,2,Summer,0.0,0.0,754.8705812025736,4,-3.216245299353273e-16,-1.0,2012-26,2012-06-25,246.4905812025736,246.4905812025736,246.4905812025736,450.7474359019302,355.09483120257363,249.55293544230761,174.1826977787817,4.0,8.0,4.0,4.75,5.333333333333333,1.5,1.9227505550564008
EU,Tables,2012,34,8,3,Summer,1.0,0.45,246.4905812025736,5,-0.8229838658936564,-0.5680647467311559,2012-34,2012-08-20,754.8705812025736,246.4905812025736,246.4905812025736,450.7474359019302,355.09483120257363,249.55293544230761,174.1826977787817,4.0,7.0,7.0,4.25,5.166666666666667,0.5,1.8504708655481243
EU,Tables,2012,35,8,3,Summer,1.0,0.35,246.4905812025736,5,-0.8854560256532096,-0.4647231720437691,2012-35,2012-08-27,246.4905812025736,555.138,246.4905812025736,373.5855812025736,355.09483120257363,254.19,174.1826977787817,5.0,4.0,3.0,4.5,5.333333333333333,0.5773502691896258,1.7232808737106584
EU,Tables,2012,36,9,3,Summer,1.0,0.35,246.4905812025736,2,-0.9350162426854147,-0.3546048870425359,2012-36,2012-09-03,246.4905812025736,246.4905812025736,492.9811624051472,373.5855812025736,334.55394943569246,254.19,170.94785041081528,5.0,4.0,8.0,4.0,4.833333333333333,1.4142135623730951,1.7494587907710375
EU,Tables,2012,38,9,3,Summer,1.0,0.35,246.4905812025736,6,-0.992708874098054,-0.12053668025532357,2012-38,2012-09-17,246.4905812025736,754.8705812025736,246.4905812025736,246.4905812025736,334.55394943569246,0.0,170.94785041081528,2.0,4.0,4.0,4.5,5.0,1.7320508075688772,1.7580981459830654
EU,Tables,2012,40,10,4,Autumn,1.0,0.425,750.4905812025736,7,-0.992708874098054,0.1205366802553232,2012-40,2012-10-01,246.4905812025736,246.4905812025736,492.9811624051472,372.4905812025736,356.01306766881135,252.0,205.3451679341743,6.0,5.0,5.0,5.0,5.166666666666667,2.160246899469287,1.8504708655481243
EU,Tables,2012,42,10,4,Autumn,1.0,0.425,492.9811624051472,14,-0.9350162426854148,0.35460488704253557,2012-42,2012-10-15,750.4905812025736,246.4905812025736,246.4905812025736,434.113226503217,376.55394943569246,240.8073770347982,205.721561158828,7.0,5.0,7.0,7.25,5.75,4.9916597106239795,3.1370223287233854
EU,Tables,2012,45,11,4,Autumn,1.0,0.35,246.4905812025736,6,-0.7485107481711011,0.6631226582407952,2012-45,2012-11-05,492.9811624051472,246.4905812025736,239.733,434.113226503217,377.1170812025736,240.8073770347982,205.3218471581754,14.0,2.0,3.0,8.25,6.0,3.8622100754188224,3.0151134457776365
EU,Tables,2012,46,11,4,Autumn,0.0,0.0,241.704,6,-0.6631226582407955,0.7485107481711007,2012-46,2012-11-12,246.4905812025736,246.4905812025736,246.4905812025736,432.9165812025736,376.71819943569244,242.05915535752234,205.6031439677052,6.0,6.0,8.0,8.25,5.833333333333333,3.8622100754188224,2.9490625115398448
EU,Tables,2012,47,11,4,Autumn,1.0,0.35,343.785,1,-0.5680647467311559,0.8229838658936564,2012-47,2012-11-19,241.704,750.4905812025736,246.4905812025736,331.2401859019302,384.8260676688114,117.63891068793454,201.88558723162228,6.0,7.0,7.0,6.75,5.333333333333333,5.377421934967226,3.2286595398465945
EU,Tables,2012,49,12,4,Autumn,1.0,0.5,246.4905812025736,2,-0.35460488704253595,0.9350162426854147,2012-49,2012-12-03,343.785,492.9811624051472,555.138,269.6175406012868,359.1054494356925,49.49643180613757,197.83547888089598,1.0,14.0,4.0,3.75,5.166666666666667,2.6299556396765835,3.3529724488018453
EU,Tables,2012,51,12,4,Winter,1.0,0.35,172.029,1,-0.12053668025532363,0.992708874098054,2012-51,2012-12-17,246.4905812025736,246.4905812025736,246.4905812025736,251.0021453006434,352.90031766881134,70.59798278865406,202.79436275286307,2.0,6.0,4.0,2.5,4.916666666666667,2.3804761428476175,3.553700589355817
EU,Tables,2013,2,1,1,Winter,1.0,0.1,246.4905812025736,2,0.23931566428755774,0.970941817426052,2013-2,2013-01-07,172.029,241.704,754.8705812025736,252.19879060128682,310.53531766881133,70.42820549126179,159.71181710624063,1.0,6.0,4.0,1.5,4.75,0.5773502691896311,3.6462932610329832
EU,Tables,2013,4,1,1,Winter,0.0,0.0,246.4905812025736,6,0.4647231720437685,0.8854560256532099,2013-4,2013-01-21,246.4905812025736,343.785,246.4905812025736,227.8751859019302,310.53531766881133,37.23079060128657,159.71181710624063,2.0,1.0,5.0,2.75,4.833333333333333,2.217355782608346,3.6639108100829128
EU,Tables,2013,6,2,1,Winter,0.0,0.0,246.4905812025736,9,0.6631226582407952,0.7485107481711011,2013-6,2013-02-04,246.4905812025736,246.4905812025736,246.4905812025736,227.8751859019302,310.53531766881133,37.23079060128657,159.71181710624063,6.0,2.0,5.0,4.5,5.166666666666667,3.696845502136473,3.857303187304296
EU,Tables,2013,10,3,1,Winter,0.0,0.0,311.472,2,0.9350162426854148,0.35460488704253557,2013-10,2013-03-04,246.4905812025736,172.029,246.4905812025736,262.7359359019302,315.95043590193023,32.49070939871296,158.43948566513728,9.0,1.0,2.0,4.75,5.166666666666667,3.4034296427770236,3.857303187304296
EU,Tables,2013,13,3,1,Spring,1.0,0.5,453.48,2,1.0,-1.6081226496766366e-16,2013-13,2013-03-25,311.472,246.4905812025736,246.4905812025736,314.4832906012868,333.1995541350491,97.59639706039599,161.42915739348433,2.0,2.0,6.0,4.75,4.833333333333333,3.4034296427770236,3.9504506839170404
EU,Tables,2013,16,4,2,Spring,0.0,0.0,515.862,2,0.9350162426854148,-0.35460488704253545,2013-16,2013-04-15,453.48,246.4905812025736,750.4905812025736,381.82614530064336,313.64717236816796,124.31855038433899,113.3375175344847,2.0,6.0,7.0,3.75,4.416666666666667,3.500000000000001,3.964807305493796
EU,Tables,2013,17,4,2,Spring,0.0,0.0,246.4905812025736,6,0.8854560256532099,-0.4647231720437685,2013-17,2013-04-22,515.862,246.4905812025736,492.9811624051472,381.82614530064336,293.10629060128684,124.31855038433899,99.35497222262455,2.0,9.0,14.0,3.0,3.75,2.000000000000001,2.667140109487383
EU,Tables,2013,19,5,2,Spring,0.5,0.175,422.6340812025736,3,0.7485107481711013,-0.663122658240795,2013-19,2013-05-06,246.4905812025736,311.472,246.4905812025736,409.6166656012868,307.7849156012868,115.45798038862507,104.70929252483296,6.0,2.0,6.0,3.25,3.5,1.8929694486000923,2.5761140573281387
EU,Tables,2013,20,5,2,Spring,1.0,0.35,246.4905812025736,3,0.6631226582407952,-0.7485107481711012,2013-20,2013-05-13,422.6340812025736,453.48,241.704,357.8693109019302,308.1837973681679,134.12259086300992,104.4434575583933,3.0,2.0,6.0,3.5,3.25,1.7320508075688787,2.4541245430351086
EU,Tables,2013,22,5,2,Spring,1.0,0.35,246.4905812025736,5,0.46472317204376906,-0.8854560256532096,2013-22,2013-05-27,246.4905812025736,515.862,343.785,290.5264562025736,300.0759291350491,88.0717499999999,105.20220834999162,3.0,2.0,1.0,4.25,3.5833333333333335,1.5000000000000018,2.3915887961137834
EU,Tables,2013,23,6,2,Spring,1.0,0.35,246.4905812025736,5,0.35460488704253584,-0.9350162426854147,2013-23,2013-06-03,246.4905812025736,246.4905812025736,246.4905812025736,290.5264562025736,300.0759291350491,88.0717499999999,105.20220834999162,5.0,6.0,2.0,4.0,3.8333333333333335,1.154700538379254,2.3677121037112205
EU,Tables,2013,25,6,2,Spring,0.0,0.0,492.9811624051472,3,0.12053668025532308,-0.992708874098054,2013-25,2013-06-17,246.4905812025736,422.6340812025736,172.029,308.113226503217,326.82194266881135,123.24529060128671,110.36088451553422,5.0,3.0,1.0,4.0,4.0,1.154700538379254,2.2156468376279905
EU,Tables,2013,26,6,2,Summer,1.0,0.425,492.9811624051472,9,-3.216245299353273e-16,-1.0,2013-26,2013-06-24,492.9811624051472,246.4905812025736,246.4905812025736,369.7358718038604,347.3628244356925,142.31140341001313,116.80107328460744,3.0,3.0,2.0,5.5,4.583333333333333,2.5166114784235845,2.539088359425426
EU,Tables,2013,29,7,3,Summer,0.5,0.25,534.6179999999999,4,-0.3546048870425356,-0.9350162426854148,2013-29,2013-07-15,492.9811624051472,246.4905812025736,246.4905812025736,441.767726503217,371.3734426688113,131.65607822271653,123.59706225925429,9.0,5.0,6.0,5.25,4.416666666666667,2.629955639676585,2.5030284687057636
EU,Tables,2013,30,7,3,Summer,1.0,0.35,246.4905812025736,3,-0.46472317204376806,-0.8854560256532101,2013-30,2013-07-22,534.6179999999999,246.4905812025736,246.4905812025736,441.767726503217,371.3734426688113,131.65607822271653,123.59706225925429,4.0,5.0,9.0,4.75,3.9166666666666665,2.8722813232690156,2.065224325624585
EU,Tables,2013,33,8,3,Summer,1.0,0.425,492.9811624051472,10,-0.7485107481711011,-0.6631226582407952,2013-33,2013-08-12,246.4905812025736,492.9811624051472,311.472,441.767726503217,386.4992062025736,131.65607822271653,126.66827176319202,3.0,3.0,2.0,6.5,4.583333333333333,3.5118845842842474,2.6097137890209465
EU,Tables,2013,34,8,3,Summer,1.0,0.35,246.4905812025736,3,-0.8229838658936564,-0.5680647467311559,2013-34,2013-08-19,492.9811624051472,492.9811624051472,453.48,380.1450812025736,369.2500879694547,155.26419913967072,130.74575090089525,10.0,9.0,2.0,5.0,4.666666666666667,3.3665016461206942,2.534608929251696
EU,Tables,2013,35,8,3,Summer,0.5,0.175,787.0305812025736,7,-0.8854560256532096,-0.4647231720437691,2013-35,2013-08-26,246.4905812025736,534.6179999999999,515.862,443.248226503217,391.8474697363358,256.9609660918478,174.50104271354684,3.0,4.0,2.0,5.75,5.083333333333333,3.403429642777024,2.4664414311581244
EU,Tables,2013,41,10,4,Autumn,1.0,0.35,197.3985,1,-0.9709418174260521,0.23931566428755738,2013-41,2013-10-07,787.0305812025736,246.4905812025736,246.4905812025736,430.9752062025736,387.75646296945473,270.31637218440915,178.74249984015142,7.0,3.0,6.0,5.25,4.666666666666667,4.031128874149276,2.708012801545321
EU,Tables,2013,46,11,4,Autumn,0.5,0.175,492.9811624051472,11,-0.6631226582407955,0.7485107481711007,2013-46,2013-11-11,197.3985,492.9811624051472,422.6340812025736,430.9752062025736,393.61871973633583,270.31637218440915,181.12805369910348,1.0,10.0,3.0,5.5,5.333333333333333,4.434711565216691,3.200378765462651
EU,Tables,2013,50,12,4,Autumn,1.0,0.35,246.4905812025736,3,-0.2393156642875578,0.970941817426052,2013-50,2013-12-09,492.9811624051472,246.4905812025736,246.4905812025736,430.9752062025736,393.61871973633583,270.31637218440915,181.12805369910348,11.0,3.0,3.0,5.5,5.333333333333333,4.434711565216691,3.200378765462651
EU,Tables,2013,51,12,4,Autumn,0.0,0.0,246.4905812025736,5,-0.12053668025532363,0.992708874098054,2013-51,2013-12-16,246.4905812025736,787.0305812025736,246.4905812025736,295.8402062025736,393.61871973633583,133.44923767463052,181.12805369910348,3.0,7.0,5.0,5.0,5.333333333333333,4.320493798938575,3.200378765462651
EU,Tables,2013,52,12,4,Winter,1.0,0.35,246.4905812025736,3,6.432490598706546e-16,1.0,2013-52,2013-12-23,246.4905812025736,197.3985,246.4905812025736,308.113226503217,393.61871973633583,123.24529060128677,181.12805369910348,5.0,1.0,5.0,5.5,5.166666666666667,3.7859388972001837,3.270622218625945
EU,Tables,2014,1,12,4,Winter,1.0,0.35,492.9811624051472,6,0.12053668025532305,0.992708874098054,2014-1,2013-12-30,246.4905812025736,492.9811624051472,492.9811624051472,308.113226503217,393.61871973633583,123.24529060128677,181.12805369910348,3.0,11.0,3.0,4.25,5.416666666666667,1.5000000000000038,3.2039275140289174
EU,Tables,2014,2,1,1,Winter,1.0,0.425,492.9811624051472,10,0.23931566428755774,0.970941817426052,2014-2,2014-01-06,492.9811624051472,246.4905812025736,492.9811624051472,369.7358718038604,393.61871973633583,142.31140341001316,181.12805369910348,6.0,3.0,9.0,6.0,5.5,2.9439202887759506,3.3166247903554003
EU,Tables,2014,4,1,1,Winter,0.0,0.0,246.4905812025736,2,0.4647231720437685,0.8854560256532099,2014-4,2014-01-20,492.9811624051472,246.4905812025736,534.6179999999999,369.7358718038604,369.60810150321703,142.31140341001316,179.83044156886385,10.0,5.0,4.0,5.25,5.333333333333333,3.5939764421413054,3.446561747421317
EU,Tables,2014,8,2,1,Winter,1.0,0.35,246.4905812025736,3,0.8229838658936564,0.5680647467311559,2014-8,2014-02-17,246.4905812025736,246.4905812025736,246.4905812025736,369.7358718038604,369.60810150321703,142.31140341001316,179.83044156886385,2.0,3.0,3.0,5.25,5.333333333333333,3.5939764421413054,3.446561747421317
EU,Tables,2014,18,5,2,Spring,1.0,0.35,246.4905812025736,3,0.8229838658936565,-0.5680647467311557,2014-18,2014-04-28,246.4905812025736,492.9811624051472,492.9811624051472,308.113226503217,349.06721973633586,123.24529060128677,178.53004397704814,3.0,6.0,10.0,4.5,4.75,3.696845502136474,3.1658691180665186
EU,Tables,2014,19,5,2,Spring,1.0,0.35,246.4905812025736,3,0.7485107481711013,-0.663122658240795,2014-19,2014-05-05,246.4905812025736,492.9811624051472,246.4905812025736,246.4905812025736,349.06721973633586,0.0,178.53004397704814,3.0,10.0,3.0,2.75,4.75,0.500000000000011,3.1658691180665186
EU,Tables,2014,22,5,2,Spring,1.0,0.1,246.4905812025736,3,0.46472317204376906,-0.8854560256532096,2014-22,2014-05-26,246.4905812025736,246.4905812025736,787.0305812025736,246.4905812025736,304.0222197363359,0.0,114.79791695647135,3.0,2.0,7.0,3.0,4.416666666666667,0.0,3.11764285473769
EU,Tables,2014,23,6,2,Spring,0.0,0.0,246.4905812025736,5,0.35460488704253584,-0.9350162426854147,2014-23,2014-06-02,246.4905812025736,246.4905812025736,197.3985,246.4905812025736,308.113226503217,0.0,111.47955984621356,3.0,3.0,1.0,3.5,4.75,1.0000000000000053,2.9271456776494436
EU,Tables,2014,24,6,2,Spring,1.0,0.35,246.4905812025736,7,0.23931566428755768,-0.970941817426052,2014-24,2014-06-09,246.4905812025736,246.4905812025736,492.9811624051472,246.4905812025736,287.5723447363359,0.0,95.9463286059818,5.0,3.0,11.0,4.5,4.416666666666667,1.914854215512679,2.3143164446679734
EU,Tables,2014,25,6,2,Spring,1.0,0.5,246.4905812025736,3,0.12053668025532308,-0.992708874098054,2014-25,2014-06-16,246.4905812025736,246.4905812025736,246.4905812025736,246.4905812025736,287.5723447363359,0.0,95.9463286059818,7.0,3.0,3.0,4.5,4.416666666666667,1.914854215512679,2.3143164446679734
EU,Tables,2014,26,6,2,Summer,1.0,0.4,492.9811624051472,10,-3.216245299353273e-16,-1.0,2014-26,2014-06-23,246.4905812025736,246.4905812025736,246.4905812025736,308.113226503217,308.113226503217,123.24529060128677,111.47955984621356,3.0,3.0,5.0,6.25,4.833333333333333,2.9860788111948215,2.82306517276824
EU,Tables,2014,31,7,3,Summer,0.5,0.175,492.9811624051472,8,-0.5680647467311556,-0.8229838658936566,2014-31,2014-07-28,492.9811624051472,246.4905812025736,246.4905812025736,369.7358718038604,328.6541082700981,142.31140341001316,121.36357261034826,10.0,5.0,3.0,7.0,5.25,2.9439202887759506,2.8959218974902687
EU,Tables,2014,32,8,3,Summer,1.0,0.35,492.9811624051472,7,-0.663122658240795,-0.7485107481711013,2014-32,2014-08-04,492.9811624051472,246.4905812025736,492.9811624051472,431.3585171045038,328.6541082700981,123.24529060128677,121.36357261034826,8.0,7.0,6.0,7.0,5.333333333333333,2.9439202887759506,2.9336088024923512
EU,Tables,2014,33,8,3,Summer,0.0,0.0,246.4905812025736,2,-0.7485107481711011,-0.6631226582407952,2014-33,2014-08-11,492.9811624051472,246.4905812025736,492.9811624051472,431.3585171045038,308.113226503217,123.24529060128677,111.47955984621356,7.0,3.0,10.0,6.75,4.666666666666667,3.403429642777024,2.6742316936860866
EU,Tables,2014,35,8,3,Summer,1.0,0.35,246.4905812025736,6,-0.8854560256532096,-0.4647231720437691,2014-35,2014-08-25,246.4905812025736,492.9811624051472,246.4905812025736,369.7358718038604,308.113226503217,142.31140341001316,111.47955984621356,2.0,10.0,2.0,5.75,5.0,2.6299556396765853,2.5584085962673258
EU,Tables,2014,36,9,3,Summer,1.0,0.35,246.4905812025736,2,-0.9350162426854147,-0.3546048870425359,2014-36,2014-09-01,246.4905812025736,492.9811624051472,246.4905812025736,308.113226503217,308.113226503217,123.24529060128677,111.47955984621356,6.0,8.0,3.0,4.25,4.916666666666667,2.6299556396765853,2.644319239884671
EU,Tables,2014,37,9,3,Summer,1.0,0.35,246.4905812025736,5,-0.970941817426052,-0.23931566428755774,2014-37,2014-09-08,246.4905812025736,492.9811624051472,246.4905812025736,246.4905812025736,308.113226503217,0.0,111.47955984621356,2.0,7.0,3.0,3.75,5.083333333333333,2.0615528128088325,2.5746432527221863
EU,Tables,2014,38,9,3,Summer,1.0,0.35,246.4905812025736,3,-0.992708874098054,-0.12053668025532357,2014-38,2014-09-15,246.4905812025736,246.4905812025736,246.4905812025736,246.4905812025736,308.113226503217,0.0,111.47955984621356,5.0,2.0,3.0,4.0,5.083333333333333,1.8257418583505562,2.5746432527221863
EU,Tables,2014,42,10,4,Autumn,1.0,0.35,246.4905812025736,2,-0.9350162426854148,0.35460488704253557,2014-42,2014-10-13,246.4905812025736,246.4905812025736,246.4905812025736,246.4905812025736,308.113226503217,0.0,111.47955984621356,3.0,6.0,3.0,3.0,5.0,1.4142135623730983,2.662876093795784
EU,Tables,2014,44,10,4,Autumn,1.0,0.35,435.357,2,-0.822983865893657,0.5680647467311548,2014-44,2014-10-27,246.4905812025736,246.4905812025736,246.4905812025736,293.7071859019302,323.85209473633586,94.4332093987132,115.25690620179324,2.0,2.0,5.0,3.0,4.75,1.4142135623730983,2.8001623329566256
EU,Tables,2014,47,11,4,Autumn,1.0,0.5,529.32,4,-0.5680647467311559,0.8229838658936564,2014-47,2014-11-17,435.357,246.4905812025736,246.4905812025736,364.41454060128683,347.4212129694547,141.46703206704788,126.38034765416418,2.0,5.0,7.0,2.75,4.5,0.9574271077563431,2.7136021011998728
EU,Tables,2014,49,12,4,Autumn,1.0,0.35,246.4905812025736,2,-0.35460488704253595,0.9350162426854147,2014-49,2014-12-01,529.32,246.4905812025736,246.4905812025736,364.41454060128683,347.4212129694547,141.46703206704788,126.38034765416418,4.0,3.0,3.0,2.5,4.416666666666667,1.0000000000000047,2.778434265858556
EU,Tables,2014,52,12,4,Winter,1.0,0.35,246.4905812025736,3,6.432490598706546e-16,1.0,2014-52,2014-12-22,246.4905812025736,246.4905812025736,492.9811624051472,364.41454060128683,326.8803312025736,141.46703206704788,120.46428164287383,2.0,2.0,10.0,2.75,3.8333333333333335,0.9574271077563431,2.167249338901664
LATAM,Bookcases,2011,23,6,2,Winter,1.0,0.4,205.524,3,0.35460488704253584,-0.9350162426854147,2011-23,2011-06-06,1450.0265812025737,246.4905812025736,246.4905812025736,639.9512906012868,629.490742167739,553.1008640574903,378.5050868450844,13.0,4.0,6.0,7.0,7.5,4.320493798938574,4.421024151195574
LATAM,Bookcases,2011,24,6,2,Autumn,0.25,0.05,1012.7945812025736,18,0.23931566428755768,-0.970941817426052,2011-24,2011-06-13,205.524,485.71999999999997,845.08,771.7199359019303,643.4669572679535,566.7258662033514,390.1079335852278,3.0,5.0,8.0,10.25,8.333333333333334,6.601767440112787,5.365433699886598
LATAM,Bookcases,2011,25,6,2,Winter,0.3333333333333333,0.06666666666666667,643.788,11,0.12053668025532308,-0.992708874098054,2011-25,2011-06-20,1012.7945812025736,418.5345812025736,927.9785812025737,828.0332906012868,619.7844088344057,529.9297224007915,379.75459540200364,18.0,7.0,9.0,11.25,8.5,6.238322424070967,5.418822414845901
LATAM,Bookcases,2011,26,6,2,Summer,0.5,0.2,599.712,6,-3.216245299353273e-16,-1.0,2011-26,2011-06-27,643.788,1450.0265812025737,246.4905812025736,615.4546453006434,649.2195270675245,330.1377331199475,361.43735602602936,11.0,13.0,6.0,9.5,8.5,6.557438524302,5.418822414845901
LATAM,Bookcases,2011,29,7,3,Summer,0.3333333333333333,0.06666666666666667,753.3331624051472,19,-0.3546048870425356,-0.9350162426854148,2011-29,2011-07-18,599.712,205.524,417.216,752.4069359019302,677.2292906012868,185.21735016579038,354.7862398549801,6.0,3.0,2.0,13.5,9.916666666666666,6.137317546507322,5.77547059606926
LATAM,Bookcases,2011,30,7,3,Summer,0.0,0.0,246.4905812025736,6,-0.46472317204376806,-0.8854560256532101,2011-30,2011-07-25,753.3331624051472,1012.7945812025736,557.74,560.8309359019302,651.2918390348345,219.28716137398638,375.1110337893563,19.0,18.0,7.0,10.5,9.833333333333334,6.137317546507322,5.828352852195634
LATAM,Bookcases,2011,33,8,3,Summer,0.6666666666666666,0.20000000000000004,501.8825812025736,7,-0.7485107481711011,-0.6631226582407952,2011-33,2011-08-15,246.4905812025736,643.788,708.472,525.3545812025736,634.076054135049,212.77478272996683,376.9842196959145,6.0,11.0,8.0,9.5,9.75,6.3508529610858835,5.863988713867348
LATAM,Bookcases,2011,34,8,3,Summer,0.6666666666666666,0.13333333333333333,720.5385812025736,14,-0.8229838658936564,-0.5680647467311559,2011-34,2011-08-22,501.8825812025736,599.712,1044.616,555.561226503217,607.0696025685969,234.33404002396696,355.9198915510323,7.0,6.0,18.0,11.5,9.416666666666666,6.137317546507322,5.451577475345735
LATAM,Bookcases,2011,35,9,3,Winter,1.0,0.4,889.8000000000001,10,-0.8854560256532096,-0.4647231720437691,2011-35,2011-08-29,720.5385812025736,753.3331624051472,246.4905812025736,589.6779359019303,660.6787208017157,278.49796323570854,344.9506759877332,14.0,19.0,4.0,9.25,9.916666666666666,3.593976442141304,5.177895910561167
LATAM,Bookcases,2011,36,9,3,Winter,0.25,0.05,987.2411624051472,17,-0.9350162426854147,-0.3546048870425359,2011-36,2011-09-05,889.8000000000001,246.4905812025736,485.71999999999997,774.8655812025736,702.4721510021446,212.74746323080893,352.1328316126199,10.0,6.0,5.0,12.0,10.916666666666666,4.396968652757639,5.299371031861549
LATAM,Bookcases,2011,37,9,3,Summer,0.5,0.2,493.39058120257357,8,-0.970941817426052,-0.23931566428755774,2011-37,2011-09-12,987.2411624051472,501.8825812025736,418.5345812025736,772.7425812025735,708.7101510021447,216.39075623620744,347.2751659383908,17.0,7.0,7.0,12.25,11.0,4.031128874149275,5.239708527632569
LATAM,Bookcases,2011,38,9,3,Autumn,0.5714285714285714,0.17142857142857146,2132.532906012868,37,-0.992708874098054,-0.12053668025532357,2011-38,2011-09-19,493.39058120257357,720.5385812025736,1450.0265812025737,1125.7411624051472,765.5856780696691,704.3548714156806,501.40744915085315,8.0,14.0,13.0,18.0,13.0,13.241349377360804,9.175065023301917
LATAM,Bookcases,2011,39,9,3,Autumn,0.3333333333333333,0.13333333333333333,590.4905812025736,12,-1.0,-1.8369701987210297e-16,2011-39,2011-09-26,2132.532906012868,889.8000000000001,205.524,1050.9138077057905,797.666226503217,752.0584585381616,473.87599081258844,37.0,10.0,3.0,18.5,13.75,12.871156384205214,8.635287014233045
LATAM,Bookcases,2011,40,10,4,Autumn,0.3333333333333333,0.06666666666666667,459.644,5,-0.992708874098054,0.1205366802553232,2011-40,2011-10-03,590.4905812025736,987.2411624051472,1012.7945812025736,919.0145171045037,751.5703447363359,810.9113933257972,477.93341626203363,12.0,17.0,18.0,15.5,12.666666666666666,14.617341299520465,8.866005899279598
LATAM,Bookcases,2011,41,10,4,Autumn,0.5,0.15000000000000002,704.7411624051472,13,-0.9709418174260521,0.23931566428755738,2011-41,2011-10-10,459.644,493.39058120257357,643.788,971.8521624051472,756.6497749367649,780.2396922644043,477.00678338286036,5.0,8.0,11.0,16.75,12.833333333333334,13.961255912942311,8.850612031567836
LATAM,Bookcases,2011,42,10,4,Autumn,0.0,0.0,341.46,3,-0.9350162426854148,0.35460488704253557,2011-42,2011-10-17,704.7411624051472,2132.532906012868,599.712,524.0839359019302,735.1287749367648,157.63976162047183,490.36956638880883,13.0,37.0,6.0,8.25,12.583333333333334,4.9916597106239795,9.100033299972374
LATAM,Bookcases,2011,43,10,4,Autumn,0.6666666666666666,0.20000000000000004,594.1891624051472,16,-0.8854560256532101,0.464723172043768,2011-43,2011-10-24,341.46,590.4905812025736,753.3331624051472,525.0085812025736,721.8667749367647,158.16906956221607,491.9818395551993,3.0,12.0,19.0,9.25,12.333333333333334,6.238322424070967,8.947659250362973
LATAM,Bookcases,2011,44,11,4,Autumn,0.5,0.1,1010.7091624051473,15,-0.822983865893657,0.5680647467311548,2011-44,2011-10-31,594.1891624051472,459.644,246.4905812025736,662.7748718038604,785.551656703646,277.3485691923364,473.9855832305628,16.0,5.0,6.0,11.75,13.083333333333334,5.9651767227244274,8.743395776068342
LATAM,Bookcases,2011,45,11,4,Autumn,0.0,0.0,591.96,6,-0.7485107481711011,0.6631226582407952,2011-45,2011-11-07,1010.7091624051473,704.7411624051472,501.8825812025736,634.5795812025735,793.0581082700982,277.39284139556196,469.7793570663863,15.0,13.0,7.0,10.0,13.0,6.48074069840786,8.811149961064315
LATAM,Bookcases,2011,47,11,4,Autumn,0.5,0.15000000000000002,1265.1331624051472,13,-0.5680647467311559,0.8229838658936564,2011-47,2011-11-21,591.96,341.46,720.5385812025736,865.4978718038603,838.4409900369792,331.27333503651596,488.08527487275046,6.0,3.0,14.0,12.5,12.916666666666666,4.509249752822894,8.805559538602804
LATAM,Bookcases,2011,48,12,4,Spring,0.0,0.0,737.4905812025736,12,-0.4647231720437684,0.88545602565321,2011-48,2011-11-28,1265.1331624051472,594.1891624051472,889.8000000000001,901.323226503217,825.748538470527,298.2558711424333,488.6083808533954,13.0,16.0,10.0,11.5,13.083333333333334,3.8729833462074166,8.764166021967299
LATAM,Bookcases,2011,49,12,4,Autumn,1.0,0.30000000000000004,492.9811624051472,9,-0.35460488704253595,0.9350162426854147,2011-49,2011-12-05,737.4905812025736,1010.7091624051473,987.2411624051472,771.891226503217,784.5602051371937,343.8202446315643,494.5536244108289,12.0,15.0,17.0,10.0,12.416666666666666,3.162277660168379,8.743395776068342
LATAM,Bookcases,2011,50,12,4,Autumn,0.6,0.16,1205.7465812025737,14,-0.2393156642875578,0.970941817426052,2011-50,2011-12-12,492.9811624051472,591.96,493.39058120257357,925.3378718038605,843.9232051371938,372.5179246558896,499.15808990098685,9.0,6.0,8.0,12.0,12.916666666666666,2.160246899469286,8.638795510879273
LATAM,Bookcases,2011,51,12,4,Autumn,0.6666666666666666,0.16666666666666666,1326.3545812025736,15,-0.12053668025532363,0.992708874098054,2011-51,2011-12-19,1205.7465812025737,1265.1331624051472,2132.532906012868,940.6432265032171,776.7416780696691,391.88661572026996,338.2859960449772,14.0,13.0,37.0,12.5,11.083333333333334,2.6457513110645903,4.316107954950601
LATAM,Bookcases,2011,52,12,4,Summer,0.3333333333333333,0.13333333333333333,2181.22,20,6.432490598706546e-16,1.0,2011-52,2011-12-26,1326.3545812025736,737.4905812025736,590.4905812025736,1301.5755812025736,909.3024629694547,692.1937189625966,520.9966944312027,15.0,12.0,12.0,14.5,11.75,4.509249752822894,5.029458673202767
LATAM,Bookcases,2012,1,1,1,Winter,0.75,0.2,965.9865812025736,18,0.12053668025532305,0.992708874098054,2012-1,2012-01-02,2181.22,492.9811624051472,459.644,1419.82693590193,951.4976780696692,529.2315010061068,501.40423118044765,20.0,9.0,5.0,16.75,12.833333333333334,2.7537852736430515,4.839859752538541
LATAM,Bookcases,2012,2,1,1,Summer,1.0,0.30000000000000004,394.59458120257364,9,0.23931566428755774,0.970941817426052,2012-2,2012-01-09,965.9865812025736,1205.7465812025737,704.7411624051472,1217.0389359019302,925.6521296361215,748.562408008336,522.8162032591559,18.0,14.0,13.0,15.5,12.5,4.79583152331272,4.96350316171589
LATAM,Bookcases,2012,7,2,1,Summer,0.0,0.0,246.4905812025736,2,0.7485107481711011,0.6631226582407953,2012-7,2012-02-13,394.59458120257364,1326.3545812025736,341.46,947.0729359019301,917.7380114030026,879.3036392372939,533.0813490390718,9.0,15.0,3.0,12.25,12.416666666666666,8.341662504161466,5.142661732699293
LATAM,Bookcases,2012,9,3,1,Autumn,0.0,0.0,506.6,5,0.8854560256532099,0.4647231720437686,2012-9,2012-02-27,246.4905812025736,2181.22,594.1891624051472,528.4179359019302,910.4389145359069,310.5554514457541,538.4864526512469,2.0,20.0,16.0,8.5,11.5,6.95221787153807,5.418822414845899
LATAM,Bookcases,2012,11,3,1,Summer,0.5,0.1,646.5225812025735,18,0.970941817426052,0.23931566428755804,2012-11,2012-03-12,506.6,965.9865812025736,1010.7091624051473,448.55193590193016,880.0900327690259,169.60949397108146,542.5687480089931,5.0,18.0,15.0,8.5,11.75,6.95221787153807,5.658862719021133
LATAM,Bookcases,2012,12,3,1,Spring,1.0,0.30000000000000004,663.6345812025736,14,0.992708874098054,0.120536680255323,2012-12,2012-03-19,646.5225812025735,394.59458120257364,591.96,515.8119359019302,886.062914535907,192.83469528653217,539.4943130887946,18.0,9.0,6.0,9.75,12.416666666666666,7.5,5.384461369758746
LATAM,Bookcases,2012,13,3,1,Spring,1.0,0.4,235.116,3,1.0,-1.6081226496766366e-16,2012-13,2012-03-26,663.6345812025736,246.4905812025736,1265.1331624051472,512.9682906012869,800.2281510021447,198.1409684871939,555.4049796450793,14.0,2.0,13.0,10.0,11.583333333333334,7.164728420068226,6.022055422789755
LATAM,Bookcases,2012,14,4,2,Spring,1.0,0.4,311.184,2,0.992708874098054,-0.12053668025532288,2012-14,2012-04-02,235.116,506.6,737.4905812025736,464.1142906012868,764.7026025685968,222.79214657269802,573.1337309775776,3.0,5.0,12.0,9.25,10.75,7.973915809270458,6.621246792780727
LATAM,Bookcases,2012,15,4,2,Spring,0.5,0.13333333333333333,1818.4905812025736,26,0.9709418174260521,-0.2393156642875575,2012-15,2012-04-09,311.184,646.5225812025735,492.9811624051472,757.1062906012869,875.1617208017157,731.8000923590697,639.8527508650996,2.0,18.0,9.0,11.25,12.166666666666666,11.236102527122116,7.906652358308888
LATAM,Bookcases,2012,16,4,2,Spring,0.0,0.0,359.0305812025736,7,0.9350162426854148,-0.35460488704253545,2012-16,2012-04-16,1818.4905812025736,663.6345812025736,1205.7465812025737,680.9552906012868,804.6020541350491,760.0713861828156,646.7322036278237,26.0,14.0,14.0,9.5,11.583333333333334,11.210114480533491,8.0165548407749
LATAM,Bookcases,2012,18,5,2,Spring,0.0,0.0,230.48,2,0.8229838658936565,-0.5680647467311557,2012-18,2012-04-30,359.0305812025736,235.116,1326.3545812025736,679.7962906012868,713.2791723681679,760.9808314616201,643.7249542548655,7.0,3.0,15.0,9.25,10.5,11.412712210513327,8.382882992904484
LATAM,Bookcases,2012,19,5,2,Spring,0.4,0.08,2162.544,20,0.7485107481711013,-0.663122658240795,2012-19,2012-05-07,230.48,311.184,2181.22,1142.6362906012869,711.7228390348346,990.464161239712,639.8642743252578,2.0,2.0,20.0,13.75,10.5,11.146748404803978,8.382882992904484
LATAM,Bookcases,2012,20,5,2,Spring,0.8,0.24000000000000005,1215.7505812025736,16,0.6631226582407952,-0.7485107481711012,2012-20,2012-05-14,2162.544,1818.4905812025736,965.9865812025736,991.9512906012869,732.5365057015014,894.5763549611662,652.8179890282596,20.0,26.0,18.0,11.25,10.333333333333334,8.220908303425682,8.238858408710993
LATAM,Bookcases,2012,21,5,2,Spring,0.25,0.05,989.1917436077208,16,0.5680647467311558,-0.8229838658936564,2012-21,2012-05-21,1215.7505812025736,359.0305812025736,394.59458120257364,1149.4915812025738,782.0862692352634,796.0200547368362,647.3786030673344,16.0,7.0,9.0,13.5,10.916666666666666,7.895146188218008,8.382431122004611
LATAM,Bookcases,2012,22,5,2,Spring,0.75,0.25,1240.149162405147,14,0.46472317204376906,-0.8854560256532096,2012-22,2012-05-28,989.1917436077208,230.48,246.4905812025736,1401.9088718038604,864.8911510021445,519.5261747967327,636.0938113010444,16.0,2.0,2.0,16.5,11.916666666666666,2.516611478423584,7.925314256268078
LATAM,Bookcases,2012,23,6,2,Spring,0.3333333333333333,0.06666666666666667,1450.5491624051472,15,0.35460488704253584,-0.9350162426854147,2012-23,2012-06-04,1240.149162405147,2162.544,506.6,1223.9101624051473,943.5535812025737,188.66924880167574,646.0465876012917,14.0,20.0,5.0,15.25,12.75,0.9574271077563408,7.652985157321409
LATAM,Bookcases,2012,24,6,2,Autumn,0.5,0.2,773.1,6,0.23931566428755768,-0.970941817426052,2012-24,2012-06-11,1450.5491624051472,1215.7505812025736,646.5225812025735,1113.247517104504,954.1016994356924,294.93874834885963,641.7752354827741,15.0,16.0,18.0,12.75,11.75,4.573474244670749,7.68853928673297
LATAM,Bookcases,2012,25,6,2,Summer,0.3333333333333333,0.13333333333333333,432.572,5,0.12053668025532308,-0.992708874098054,2012-25,2012-06-18,773.1,989.1917436077208,663.6345812025736,974.0925812025737,934.8464843354778,458.78082484518814,654.6201468016558,6.0,16.0,14.0,10.0,11.0,5.228129047119374,7.885544888073249
LATAM,Bookcases,2012,26,6,2,Summer,1.0,0.25,944.336,13,-3.216245299353273e-16,-1.0,2012-26,2012-06-25,432.572,1240.149162405147,235.116,900.139290601287,993.9481510021446,424.13147674493734,616.6149615404389,5.0,14.0,3.0,9.75,11.833333333333334,4.9916597106239795,7.481289793190539
LATAM,Bookcases,2012,28,7,3,Summer,1.0,0.20000000000000004,761.8505812025736,7,-0.23931566428755743,-0.9709418174260521,2012-28,2012-07-09,944.336,1450.5491624051472,311.184,727.9646453006435,1031.5036994356924,213.8993804946107,584.1179429584514,13.0,15.0,2.0,7.75,12.25,3.593976442141304,7.008112182580723
LATAM,Bookcases,2012,29,7,3,Winter,0.5,0.2,481.188,6,-0.3546048870425356,-0.9350162426854148,2012-29,2012-07-16,761.8505812025736,773.1,1818.4905812025736,654.9866453006435,920.0618176688113,241.39676427956928,546.6924501014719,7.0,6.0,26.0,7.75,10.583333333333334,3.593976442141304,5.6962241614046105
LATAM,Bookcases,2012,30,7,3,Summer,0.3333333333333333,0.06666666666666667,961.08,10,-0.46472317204376806,-0.8854560256532101,2012-30,2012-07-23,481.188,432.572,359.0305812025736,787.1136453006435,970.2326025685967,223.01859731483722,517.3639598157749,6.0,5.0,7.0,9.0,10.833333333333334,3.1622776601683795,5.589492306321229
LATAM,Bookcases,2012,31,8,3,Summer,0.0,0.0,166.12,2,-0.5680647467311556,-0.8229838658936566,2012-31,2012-07-30,961.08,944.336,230.48,592.5596453006435,964.8692692352635,345.79429688154397,525.991541285957,10.0,13.0,2.0,6.25,10.833333333333334,3.304037933599835,5.589492306321229
LATAM,Bookcases,2012,32,8,3,Summer,0.5,0.2,463.984,6,-0.663122658240795,-0.7485107481711013,2012-32,2012-08-06,166.12,761.8505812025736,2162.544,518.0930000000002,823.3226025685968,328.8425346595755,383.6871242703436,2.0,7.0,20.0,6.0,9.666666666666666,3.265986323710904,4.923659639173304
LATAM,Bookcases,2012,33,8,3,Winter,0.0,0.0,246.4905812025736,3,-0.7485107481711011,-0.6631226582407952,2012-33,2012-08-13,463.984,481.188,1215.7505812025736,459.4186453006435,742.5509359019302,357.3268406179751,395.40780093748975,6.0,6.0,16.0,5.25,8.583333333333334,3.593976442141304,4.832810839052213
LATAM,Bookcases,2012,34,8,3,Summer,0.5,0.2,729.48,6,-0.8229838658936564,-0.5680647467311559,2012-34,2012-08-20,246.4905812025736,961.08,989.1917436077208,401.51864530064347,720.9082906012868,252.26097173451777,387.7134522552719,3.0,10.0,16.0,4.25,7.75,2.0615528128088303,4.266678503771451
LATAM,Bookcases,2012,35,8,3,Summer,1.0,0.2,504.7305812025736,9,-0.8854560256532096,-0.4647231720437691,2012-35,2012-08-27,729.48,166.12,1240.149162405147,486.17129060128696,659.6234088344057,197.89112634559874,354.91235921354706,6.0,2.0,14.0,6.0,7.333333333333333,2.449489742783178,3.821787619172543
LATAM,Bookcases,2012,36,9,3,Summer,0.4,0.16,1349.912,20,-0.9350162426854147,-0.3546048870425359,2012-36,2012-09-03,504.7305812025736,463.984,1450.5491624051472,707.6532906012869,651.2369786339767,471.4591978002462,335.16365267808015,9.0,6.0,15.0,9.5,7.75,7.416198487095663,4.864061153921776
LATAM,Bookcases,2012,37,9,3,Summer,0.3333333333333333,0.13333333333333333,451.176,4,-0.970941817426052,-0.23931566428755774,2012-37,2012-09-10,1349.912,246.4905812025736,773.1,758.8246453006435,624.4099786339767,412.09094928931256,337.39900292049265,20.0,3.0,6.0,9.75,7.583333333333333,7.135591542869215,4.962739956796831
LATAM,Bookcases,2012,38,9,3,Spring,0.3333333333333333,0.13333333333333333,655.1011624051472,9,-0.992708874098054,-0.12053668025532357,2012-38,2012-09-17,451.176,729.48,432.572,740.2299359019303,642.9540755010725,415.52025674013447,331.9683028763548,4.0,6.0,5.0,10.5,7.916666666666667,6.757711644237764,4.907477288111813
LATAM,Bookcases,2012,39,9,3,Autumn,0.5,0.1,738.86,8,-1.0,-1.8369701987210297e-16,2012-39,2012-09-24,655.1011624051472,504.7305812025736,944.336,798.762290601287,625.8310755010724,386.78548566275447,320.0967199928507,9.0,9.0,13.0,10.25,7.5,6.849574196011505,4.641708149534445
LATAM,Bookcases,2012,40,10,4,Autumn,0.5,0.2,667.552,8,-0.992708874098054,0.1205366802553232,2012-40,2012-10-01,738.86,1349.912,761.8505812025736,628.1722906012869,617.9728604008578,123.6330343496524,317.60171208707095,8.0,20.0,7.0,7.25,7.583333333333333,2.217355782608345,4.640892025018329
LATAM,Bookcases,2012,41,10,4,Spring,0.0,0.0,246.4905812025736,5,-0.9709418174260521,0.23931566428755738,2012-41,2012-10-08,667.552,451.176,481.188,577.0009359019302,598.414742167739,223.40888656105145,333.61355823012946,8.0,4.0,6.0,7.5,7.5,1.7320508075688772,4.680714786129448
LATAM,Bookcases,2012,42,10,4,Spring,0.7142857142857143,0.2571428571428572,1766.4585812025737,27,-0.9350162426854148,0.35460488704253557,2012-42,2012-10-15,246.4905812025736,655.1011624051472,961.08,854.8402906012868,665.5296239346202,645.4108790242651,467.39369243403684,5.0,9.0,10.0,12.0,8.916666666666666,10.099504938362077,7.329372208429376
LATAM,Bookcases,2012,43,10,4,Spring,0.0,0.0,536.4105812025737,8,-0.8854560256532101,0.464723172043768,2012-43,2012-10-22,1766.4585812025737,738.86,166.12,804.2279359019303,696.3871723681679,665.1729646028316,443.01251738645544,27.0,8.0,2.0,12.0,9.416666666666666,10.099504938362077,7.012434842780528
LATAM,Bookcases,2012,44,11,4,Autumn,0.5714285714285714,0.17142857142857146,1712.0411624051471,27,-0.822983865893657,0.5680647467311548,2012-44,2012-10-29,536.4105812025737,667.552,463.984,1065.350226503217,800.3919359019302,787.4156798624261,522.8070128094906,8.0,8.0,6.0,16.75,11.166666666666666,11.89887949906769,8.536907395467509
LATAM,Bookcases,2012,45,11,4,Autumn,0.6666666666666666,0.20000000000000004,772.376,8,-0.7485107481711011,0.6631226582407952,2012-45,2012-11-05,1712.0411624051471,246.4905812025736,246.4905812025736,1196.8215812025737,844.2157208017157,634.0962779018515,493.36790546037923,27.0,5.0,3.0,17.5,11.583333333333334,10.969655114602888,8.2181432688825
LATAM,Bookcases,2012,46,11,4,Autumn,0.3333333333333333,0.06666666666666667,827.8611624051472,10,-0.6631226582407955,0.7485107481711007,2012-46,2012-11-12,772.376,1766.4585812025737,729.48,962.1722265032171,852.4141510021446,515.6350353928707,492.1037775234574,8.0,27.0,6.0,13.25,11.916666666666666,9.215023964519391,8.050503466281224
LATAM,Bookcases,2012,47,11,4,Spring,0.6,0.2,1509.9571624051473,22,-0.5680647467311559,0.8229838658936564,2012-47,2012-11-19,827.8611624051472,536.4105812025737,504.7305812025736,1205.5588718038605,936.1830327690258,475.9151150233225,512.6667929817478,10.0,8.0,9.0,16.75,13.0,9.215023964519391,8.48528137423857
LATAM,Bookcases,2012,48,11,4,Autumn,0.6666666666666666,0.20000000000000004,606.3705812025736,8,-0.4647231720437684,0.88545602565321,2012-48,2012-11-26,1509.9571624051473,1712.0411624051471,1349.912,929.1412265032171,874.2212478692403,398.4808772031367,502.95789524795214,22.0,27.0,20.0,12.0,12.0,6.733003292241387,8.290191356493088
LATAM,Bookcases,2012,49,12,4,Spring,1.0,0.4,78.48,1,-0.35460488704253595,0.9350162426854147,2012-49,2012-12-03,606.3705812025736,772.376,451.176,755.6672265032172,843.1632478692403,593.0253788332886,541.4874083789524,8.0,8.0,4.0,10.25,11.75,8.732124598286491,8.593073320466262
LATAM,Bookcases,2012,50,12,4,Autumn,0.6666666666666666,0.20000000000000004,417.22,5,-0.2393156642875578,0.970941817426052,2012-50,2012-12-10,78.48,827.8611624051472,655.1011624051472,653.0069359019303,823.3398176688114,611.614072080982,553.2252072709513,1.0,10.0,9.0,9.0,11.416666666666666,9.12870929175277,8.784887160586777
LATAM,Bookcases,2012,51,12,4,Autumn,0.8571428571428571,0.2285714285714286,2246.2183248102942,36,-0.12053668025532363,0.992708874098054,2012-51,2012-12-17,417.22,1509.9571624051473,738.86,837.072226503217,948.9530114030025,964.4781030397219,687.2039357736296,5.0,22.0,8.0,12.5,13.75,15.92691642053372,11.185420705705992
LATAM,Bookcases,2012,52,12,4,Winter,0.5,0.13333333333333333,1519.1825812025736,16,6.432490598706546e-16,1.0,2012-52,2012-12-24,2246.2183248102942,606.3705812025736,667.552,1065.275226503217,1019.9222265032171,999.0660444863757,699.3683788002326,36.0,8.0,8.0,14.5,14.416666666666666,15.673757260678329,11.049132695978146
LATAM,Bookcases,2013,1,1,1,Summer,1.0,0.4000000000000001,618.3225812025736,16,0.12053668025532305,0.992708874098054,2013-1,2012-12-31,1519.1825812025736,78.48,246.4905812025736,1200.2358718038606,1050.908226503217,846.0778586530521,669.5888562613671,16.0,1.0,5.0,18.25,15.333333333333334,12.919623317522328,10.64581294844754
LATAM,Bookcases,2013,2,1,1,Summer,1.0,0.30000000000000004,617.448,9,0.23931566428755774,0.970941817426052,2013-2,2013-01-07,618.3225812025736,417.22,1766.4585812025737,1250.2928718038604,955.1573447363357,788.25720500729,639.4385521877543,16.0,5.0,27.0,19.25,13.833333333333334,11.644025649805712,10.10700327255884
LATAM,Bookcases,2013,3,1,1,Summer,0.0,0.0,624.8905812025736,14,0.3546048870425356,0.9350162426854148,2013-3,2013-01-14,617.448,2246.2183248102942,536.4105812025737,844.9609359019303,962.5306780696692,449.4933695591646,634.6633447495406,9.0,36.0,8.0,13.75,14.333333333333334,3.3040379335998358,9.939209163101395
LATAM,Bookcases,2013,4,1,1,Summer,0.2,0.04,1504.2440000000001,19,0.4647231720437685,0.8854560256532099,2013-4,2013-01-21,624.8905812025736,1519.1825812025736,1712.0411624051471,841.2262906012869,945.2142478692402,442.0242863408834,614.8807885069912,14.0,16.0,27.0,14.5,13.666666666666666,4.203173404306165,9.25726577867189
LATAM,Bookcases,2013,5,1,1,Summer,0.5,0.2,416.2,10,0.5680647467311558,0.8229838658936564,2013-5,2013-01-28,1504.2440000000001,618.3225812025736,772.376,790.6956453006435,915.5329145359069,485.4222590439818,632.3314335756057,19.0,16.0,8.0,13.0,13.833333333333334,4.546060565661953,9.163498074954616
LATAM,Bookcases,2013,6,2,1,Winter,0.75,0.2,636.9345812025737,13,0.6631226582407952,0.7485107481711011,2013-6,2013-02-04,416.2,617.448,827.8611624051472,795.5672906012869,899.6223661023591,483.1966801916516,637.1218243263675,10.0,9.0,10.0,14.0,14.083333333333334,3.741657386773942,9.090037837038295
LATAM,Bookcases,2013,7,2,1,Summer,0.5,0.2,551.472,6,0.7485107481711011,0.6631226582407953,2013-7,2013-02-11,636.9345812025737,624.8905812025736,1509.9571624051473,777.2126453006435,819.7486025685968,493.13334741251066,613.2853930037361,13.0,14.0,22.0,12.0,12.75,5.477225575051662,8.996211323763918
LATAM,Bookcases,2013,8,2,1,Winter,1.0,0.4,437.688,3,0.8229838658936564,0.5680647467311559,2013-8,2013-02-18,551.472,1504.2440000000001,606.3705812025736,510.57364530064353,805.6917208017157,103.05089965214496,620.5113491689459,6.0,19.0,8.0,8.0,12.333333333333334,4.39696865275764,9.345230512584122
LATAM,Bookcases,2013,10,3,1,Winter,0.0,0.0,246.4905812025736,4,0.9350162426854148,0.35460488704253557,2013-10,2013-03-04,437.688,416.2,78.48,468.14629060128686,819.6926025685967,168.81115866188355,604.294811427239,3.0,10.0,1.0,6.5,12.583333333333334,4.509249752822895,9.049945588317927
LATAM,Bookcases,2013,11,3,1,Winter,0.6666666666666666,0.13333333333333333,825.9411624051472,21,0.970941817426052,0.23931566428755804,2013-11,2013-03-11,246.4905812025736,636.9345812025737,417.22,515.3979359019303,853.7526994356925,242.27287176299654,590.9182512754846,4.0,13.0,5.0,8.5,13.916666666666666,8.426149773176359,9.009674934438111
LATAM,Bookcases,2013,12,3,1,Winter,0.0,0.0,246.4905812025736,6,0.992708874098054,0.120536680255323,2013-12,2013-03-18,825.9411624051472,551.472,2246.2183248102942,439.15258120257374,687.1087208017158,273.1573685837519,419.69603195286703,21.0,6.0,36.0,8.5,11.416666666666666,8.426149773176359,5.976595767633688
LATAM,Bookcases,2013,13,3,1,Spring,0.5,0.15000000000000002,987.2131624051472,18,1.0,-1.6081226496766366e-16,2013-13,2013-03-25,246.4905812025736,437.688,1519.1825812025736,576.5338718038605,642.7779359019302,386.7465249469831,345.32270762769525,6.0,3.0,16.0,12.25,11.583333333333334,8.5,6.141636343003134
LATAM,Bookcases,2013,14,4,2,Autumn,0.5,0.1,795.9705812025736,10,0.992708874098054,-0.12053668025532288,2013-14,2013-04-01,987.2131624051472,246.4905812025736,618.3225812025736,713.9038718038605,657.5819359019303,322.7281889539618,347.97668647682383,18.0,4.0,16.0,13.75,11.083333333333334,6.946221994724902,5.991787308601257
LATAM,Bookcases,2013,15,4,2,Autumn,0.3333333333333333,0.13333333333333333,1008.192,8,0.9709418174260521,-0.2393156642875575,2013-15,2013-04-08,795.9705812025736,825.9411624051472,617.448,759.4665812025737,690.1439359019301,355.0632609350134,361.88380804204894,10.0,21.0,9.0,10.5,11.0,5.259911279353167,6.030226891555268
LATAM,Bookcases,2013,16,4,2,Autumn,1.0,0.4,448.44,4,0.9350162426854148,-0.35460488704253545,2013-16,2013-04-15,1008.192,246.4905812025736,624.8905812025736,809.9539359019303,675.4397208017157,259.23414351882917,368.3041012265869,8.0,6.0,14.0,10.0,10.166666666666666,5.887840577551898,6.264377402617453
LATAM,Bookcases,2013,17,4,2,Autumn,0.0,0.0,246.4905812025736,9,0.8854560256532099,-0.4647231720437685,2013-17,2013-04-22,448.44,987.2131624051472,1504.2440000000001,624.7732906012869,570.6269359019302,341.81362203716907,279.1837474736331,4.0,18.0,19.0,7.75,9.333333333333334,2.6299556396765835,5.613835722137892
LATAM,Bookcases,2013,18,4,2,Autumn,0.0,0.0,472.0905812025736,5,0.8229838658936565,-0.5680647467311557,2013-18,2013-04-29,246.4905812025736,795.9705812025736,416.2,543.8032906012869,575.2844843354779,325.72411151699964,276.8295561867501,9.0,10.0,10.0,6.5,8.916666666666666,2.380476142847617,5.743903223629745
LATAM,Bookcases,2013,19,5,2,Spring,1.0,0.2,246.4905812025736,3,0.7485107481711013,-0.663122658240795,2013-19,2013-05-06,472.0905812025736,1008.192,636.9345812025737,353.3779359019303,542.747484335478,123.79997492476129,291.4823329793187,5.0,8.0,13.0,5.25,8.083333333333334,2.6299556396765835,5.822500764406571
LATAM,Bookcases,2013,20,5,2,Spring,1.0,0.4,548.604,7,0.6631226582407952,-0.7485107481711012,2013-20,2013-05-13,246.4905812025736,448.44,551.472,378.41893590193035,542.5084843354781,155.50725033767475,291.47570473834736,3.0,4.0,6.0,6.0,8.166666666666666,2.5819888974716116,5.797073451842796
LATAM,Bookcases,2013,21,5,2,Autumn,0.0,0.0,740.5305812025736,8,0.5680647467311558,-0.8229838658936564,2013-21,2013-05-20,548.604,246.4905812025736,437.688,501.92893590193034,567.7453661023592,204.3268518912875,294.6680050922347,7.0,9.0,3.0,5.75,8.583333333333334,2.217355782608345,5.567083998146982
LATAM,Bookcases,2013,22,5,2,Spring,0.6666666666666666,0.26666666666666666,453.808,10,0.46472317204376906,-0.8854560256532096,2013-22,2013-05-27,740.5305812025736,472.0905812025736,246.4905812025736,497.3582906012869,585.0218176688114,205.41837071244652,279.82412377387885,8.0,5.0,4.0,7.0,9.083333333333334,2.9439202887759492,5.384461369758743
LATAM,Bookcases,2013,23,6,2,Spring,0.2,0.04,1369.121162405147,19,0.35460488704253584,-0.9350162426854147,2013-23,2013-06-03,453.808,246.4905812025736,825.9411624051472,778.0159359019303,630.2868176688113,411.7244882411935,355.9238365605479,10.0,3.0,21.0,11.0,8.916666666666666,5.477225575051661,4.999242366841619
LATAM,Bookcases,2013,24,6,2,Autumn,0.25,0.1,1429.016,10,0.23931566428755768,-0.970941817426052,2013-24,2013-06-10,1369.121162405147,548.604,246.4905812025736,998.1189359019302,728.8306025685969,478.1705021356008,400.8669895959682,19.0,7.0,6.0,11.75,9.25,4.924428900898052,4.919811526323484
LATAM,Bookcases,2013,25,6,2,Spring,0.8,0.32,1100.1625812025736,17,0.12053668025532308,-0.992708874098054,2013-25,2013-06-17,1429.016,740.5305812025736,987.2131624051472,1088.0269359019303,738.2430541350491,446.3438280635829,408.7342476274909,10.0,8.0,18.0,14.0,9.166666666666666,4.690415759823429,4.764133677487403
LATAM,Bookcases,2013,26,6,2,Summer,0.16666666666666666,0.06666666666666667,1576.792,20,-3.216245299353273e-16,-1.0,2013-26,2013-06-24,1100.1625812025736,453.808,795.9705812025736,1368.7729359019302,803.3115057015012,199.2091043046419,475.46394219259355,17.0,10.0,10.0,16.5,10.0,4.509249752822893,5.7048623599044435
LATAM,Bookcases,2013,27,7,3,Summer,0.25,0.05,1162.44,13,-0.12053668025532283,-0.992708874098054,2013-27,2013-07-01,1576.792,1369.121162405147,1008.192,1317.1026453006436,816.1655057015014,224.31130538197723,483.52306688039494,20.0,19.0,8.0,15.0,10.416666666666666,4.396968652757639,5.728054299725694
LATAM,Bookcases,2013,28,7,3,Summer,0.4,0.08,1136.9731624051471,12,-0.23931566428755743,-0.9709418174260521,2013-28,2013-07-08,1162.44,1429.016,448.44,1244.0919359019304,873.5432692352637,223.26849461804318,476.72453741779105,13.0,10.0,4.0,15.5,11.083333333333334,3.6968455021364712,5.367551216393376
LATAM,Bookcases,2013,29,7,3,Winter,0.0,0.0,489.2,5,-0.3546048870425356,-0.9350162426854148,2013-29,2013-07-15,1136.9731624051471,1100.1625812025736,246.4905812025736,1091.351290601287,893.769054135049,449.2118352942126,452.22126692763163,12.0,17.0,9.0,12.5,10.75,6.137317546507322,5.626641174723234
LATAM,Bookcases,2013,30,7,3,Winter,0.0,0.0,1526.4825812025738,12,-0.46472317204376806,-0.8854560256532101,2013-30,2013-07-22,489.2,1576.792,472.0905812025736,1078.7739359019304,981.635054135049,431.4423936900756,465.0917096469468,5.0,20.0,5.0,10.5,11.333333333333334,3.6968455021364712,5.3314390575380655
LATAM,Bookcases,2013,31,7,3,Summer,1.0,0.30000000000000004,435.66,6,-0.5680647467311556,-0.8229838658936566,2013-31,2013-07-29,1526.4825812025738,1162.44,246.4905812025736,897.0789359019304,997.3991723681679,526.9316367387952,440.46283062417916,12.0,13.0,3.0,8.75,11.583333333333334,3.7749172176353736,4.962739956796833
LATAM,Bookcases,2013,33,8,3,Summer,0.6666666666666666,0.13333333333333333,1545.940906012868,28,-0.7485107481711011,-0.6631226582407952,2013-33,2013-08-12,435.66,1136.9731624051471,548.604,999.3208718038607,1080.5105812025738,620.3842389754514,442.1716458410684,6.0,12.0,7.0,12.75,13.333333333333334,10.626225419530053,6.624106572118826
LATAM,Bookcases,2013,34,8,3,Summer,0.0,0.0,616.4200000000001,5,-0.8229838658936564,-0.5680647467311559,2013-34,2013-08-19,1545.940906012868,489.2,740.5305812025736,1031.1258718038607,1070.1680327690258,587.9266829533751,452.18494363052287,28.0,5.0,8.0,12.75,13.083333333333334,10.626225419530053,6.894771844512241
LATAM,Bookcases,2013,35,8,3,Winter,1.0,0.4,50.412,1,-0.8854560256532096,-0.4647231720437691,2013-35,2013-08-26,616.4200000000001,1526.4825812025738,453.808,662.1082265032172,1036.5516994356924,634.7436995131571,513.0679059858703,5.0,12.0,10.0,10.0,12.333333333333334,12.192894105447921,7.702813338860892
LATAM,Bookcases,2013,36,9,3,Summer,0.75,0.25,1129.048,12,-0.9350162426854147,-0.3546048870425359,2013-36,2013-09-02,50.412,435.66,1369.121162405147,835.4552265032171,1016.5456025685968,646.8528723405661,503.5127179630582,1.0,6.0,19.0,11.5,11.75,11.902380714238083,7.411600244334426
LATAM,Bookcases,2013,37,9,3,Spring,1.0,0.4,406.44,6,-0.970941817426052,-0.23931566428755774,2013-37,2013-09-09,1129.048,1545.940906012868,1429.016,550.5800000000002,931.3309359019303,450.889676250559,513.7857860310555,12.0,28.0,10.0,6.0,11.416666666666666,4.546060565661952,7.585372686155818
LATAM,Bookcases,2013,38,9,3,Summer,0.6153846153846154,0.2,3269.6185812025738,44,-0.992708874098054,-0.12053668025532357,2013-38,2013-09-16,406.44,616.4200000000001,1100.1625812025736,1213.8796453006435,1112.1189359019302,1442.0904644638015,850.1661628809956,6.0,5.0,17.0,15.75,13.666666666666666,19.36276495407272,12.070499977091654
LATAM,Bookcases,2013,39,9,3,Autumn,0.8,0.2,1323.712,13,-1.0,-1.8369701987210297e-16,2013-39,2013-09-23,3269.6185812025738,50.412,1576.792,1532.2046453006435,1091.0289359019303,1223.6499615317077,840.6772519096446,44.0,1.0,20.0,18.75,13.083333333333334,17.114808402861737,11.904608224116277
LATAM,Bookcases,2013,40,10,4,Spring,0.42857142857142855,0.14285714285714285,1674.7891624051472,26,-0.992708874098054,0.1205366802553232,2013-40,2013-09-30,1323.712,1129.048,1162.44,1668.6399359019304,1133.7246994356924,1193.7747407351292,857.4763174014868,13.0,12.0,13.0,22.25,14.166666666666666,16.700798384109266,12.474215831308216
LATAM,Bookcases,2013,41,10,4,Autumn,0.25,0.05,931.4317436077208,15,-0.9709418174260521,0.23931566428755738,2013-41,2013-10-07,1674.7891624051472,406.44,1136.9731624051471,1799.8878718038607,1116.5962478692402,1025.787104736726,859.4561316838029,26.0,6.0,12.0,24.5,14.416666666666666,14.200938936093861,12.456895376627449
LATAM,Bookcases,2013,42,10,4,Autumn,0.4444444444444444,0.15555555555555556,2509.441162405147,30,-0.9350162426854148,0.35460488704253557,2013-42,2013-10-14,931.4317436077208,3269.6185812025738,489.2,1609.843517104504,1284.9496780696693,672.2121787485344,921.0463239639657,15.0,44.0,5.0,21.0,16.5,8.286535263104035,12.823983213282265
LATAM,Bookcases,2013,43,10,4,Autumn,0.5,0.1,684.876,8,-0.8854560256532101,0.464723172043768,2013-43,2013-10-21,2509.441162405147,1323.712,1526.4825812025738,1450.134517104504,1214.8157963027882,822.0448981386803,932.9481511033545,30.0,13.0,12.0,19.75,16.166666666666668,10.07885575516057,13.002330793384928
LATAM,Bookcases,2013,44,10,4,Autumn,0.8,0.28,1364.856,18,-0.822983865893657,0.5680647467311548,2013-44,2013-10-28,684.876,1674.7891624051472,435.66,1372.651226503217,1292.2487963027882,808.3030616054581,900.3934823208286,8.0,26.0,6.0,17.75,17.166666666666668,9.17877987534291,12.604712923299275
LATAM,Bookcases,2013,45,11,4,Autumn,0.375,0.15000000000000002,1683.8931624051472,28,-0.7485107481711011,0.6631226582407952,2013-45,2013-11-04,1364.856,931.4317436077208,1545.940906012868,1560.766581202574,1303.7448176688113,757.3437973349189,904.7969322122507,18.0,15.0,28.0,21.0,17.166666666666668,10.132456102380443,12.604712923299275
LATAM,Bookcases,2013,46,11,4,Autumn,0.4,0.08,1447.5305812025736,19,-0.6631226582407955,0.7485107481711007,2013-46,2013-11-11,1683.8931624051472,2509.441162405147,616.4200000000001,1295.2889359019302,1373.0040327690258,428.810094775317,878.8385542213009,28.0,30.0,5.0,18.25,18.333333333333332,8.180260794538684,12.010096762408871
LATAM,Bookcases,2013,47,11,4,Autumn,0.42857142857142855,0.14285714285714285,2057.0931624051473,31,-0.5680647467311559,0.8229838658936564,2013-47,2013-11-18,1447.5305812025736,684.876,50.412,1638.343226503217,1540.2274629694548,310.1779242873307,790.8047335749417,19.0,8.0,1.0,24.0,20.833333333333332,6.4807406984078595,11.166779737102793
LATAM,Bookcases,2013,48,11,4,Autumn,0.8,0.28,1582.9,17,-0.4647231720437684,0.88545602565321,2013-48,2013-11-25,2057.0931624051473,1364.856,1129.048,1692.854226503217,1578.0484629694547,261.4217065498172,780.1328937633086,31.0,18.0,12.0,23.75,21.25,6.800735254367722,10.897247358851676
LATAM,Bookcases,2013,49,12,4,Autumn,0.42857142857142855,0.08571428571428573,1929.4825812025736,22,-0.35460488704253595,0.9350162426854147,2013-49,2013-12-02,1582.9,1683.8931624051472,406.44,1754.2515812025736,1704.9686780696693,286.27379836320836,690.9950209128782,17.0,28.0,6.0,22.25,22.583333333333332,6.18465843842649,9.783644360344297
LATAM,Bookcases,2013,50,12,4,Autumn,0.2222222222222222,0.06666666666666668,2187.0423248102943,46,-0.2393156642875578,0.970941817426052,2013-50,2013-12-09,1929.4825812025736,1447.5305812025736,3269.6185812025738,1939.1295171045037,1614.7539900369793,259.7233875144783,516.8802138755386,22.0,19.0,44.0,29.0,22.75,12.727922061357855,10.190235968362504
LATAM,Bookcases,2013,51,12,4,Autumn,0.5714285714285714,0.2,1537.9585812025737,25,-0.12053668025532363,0.992708874098054,2013-51,2013-12-16,2187.0423248102943,2057.0931624051473,1323.712,1809.3458718038603,1632.6078718038605,306.60301907391005,509.5616362200551,46.0,31.0,13.0,27.5,23.75,12.767145334803704,9.724617309600498
LATAM,Bookcases,2013,52,12,4,Winter,1.0,0.4,270.72,4,6.432490598706546e-16,1.0,2013-52,2013-12-23,1537.9585812025737,1582.9,1674.7891624051472,1481.3008718038602,1515.602108270098,850.0301928643257,642.782219719874,25.0,17.0,26.0,24.25,21.916666666666668,17.211914478058507,11.220584438945904
LATAM,Bookcases,2014,1,12,4,Winter,0.25,0.05,749.9491624051473,16,0.12053668025532305,0.992708874098054,2014-1,2013-12-30,270.72,1929.4825812025736,931.4317436077208,1186.4175171045038,1500.4785598365504,847.3168815008092,659.6888770696333,4.0,22.0,15.0,22.75,22.0,17.727097901235837,11.16813649304451
LATAM,Bookcases,2014,2,1,1,Winter,1.0,0.2,181.696,2,0.23931566428755774,0.970941817426052,2014-2,2014-01-06,749.9491624051473,2187.0423248102943,2509.441162405147,685.0809359019303,1306.4997963027881,620.9400248971332,678.0139672834136,16.0,46.0,30.0,11.75,19.666666666666668,10.781929326423912,12.220201853215567
LATAM,Bookcases,2014,3,1,1,Winter,1.0,0.2,270.96,3,0.3546048870425356,0.9350162426854148,2014-3,2014-01-13,181.696,1537.9585812025737,684.876,368.3312906012868,1272.006796302788,257.8591760788203,721.6383921425079,2.0,25.0,8.0,6.25,19.25,6.551081335677848,12.728814841638915
LATAM,Bookcases,2014,6,2,1,Winter,1.0,0.2,246.4905812025736,8,0.6631226582407952,0.7485107481711011,2014-6,2014-02-03,270.96,270.72,1364.856,362.2739359019302,1178.8096780696692,261.1796905671532,778.5310035162979,3.0,4.0,18.0,7.25,18.416666666666668,6.3966136874651625,13.13882749254239
LATAM,Bookcases,2014,8,2,1,Winter,0.0,0.0,552.36,2,0.8229838658936564,0.5680647467311559,2014-8,2014-02-17,246.4905812025736,749.9491624051473,1683.8931624051472,312.8766453006434,1084.5152478692403,164.03734690535637,780.3174386689907,8.0,16.0,28.0,3.75,16.25,2.8722813232690148,13.552088064541596
LATAM,Bookcases,2014,9,2,1,Winter,0.3333333333333333,0.06666666666666667,790.9411624051472,13,0.8854560256532099,0.4647231720437686,2014-9,2014-02-24,552.36,181.696,1447.5305812025736,465.18793590193025,1029.7994629694547,257.7254077331112,775.5542394732854,2.0,2.0,19.0,6.5,15.75,5.066228051190222,13.552088064541596
LATAM,Bookcases,2014,10,3,1,Winter,0.8571428571428571,0.2857142857142857,1450.404,19,0.9350162426854148,0.35460488704253557,2014-10,2014-03-03,790.9411624051472,270.96,2057.0931624051473,760.0489359019302,979.2420327690257,511.3450635209595,720.3049448105359,13.0,3.0,31.0,10.5,14.75,7.234178138070235,12.74309081959175
LATAM,Bookcases,2014,11,3,1,Winter,0.75,0.15000000000000002,852.0291624051472,11,0.970941817426052,0.23931566428755804,2014-11,2014-03-10,1450.404,246.4905812025736,1582.9,911.4335812025736,918.3361296361214,381.86832679019454,695.0799282522818,19.0,8.0,17.0,11.25,14.25,7.041543391425869,12.76447484943341
LATAM,Bookcases,2014,12,3,1,Autumn,0.3333333333333333,0.06666666666666667,891.0505812025735,11,0.992708874098054,0.120536680255323,2014-12,2014-03-17,852.0291624051472,552.36,1929.4825812025736,996.1062265032169,831.8001296361214,305.6545214994389,618.1322877196685,11.0,2.0,22.0,13.5,13.333333333333334,3.785938897200182,12.550504034306806
LATAM,Bookcases,2014,13,3,1,Spring,1.0,0.28,1050.6185812025735,20,1.0,-1.6081226496766366e-16,2014-13,2014-03-24,891.0505812025735,790.9411624051472,2187.0423248102943,1061.0255812025734,737.0981510021447,273.4318089087495,457.9143733391258,11.0,13.0,46.0,15.25,11.166666666666666,4.924428900898052,7.708712111905745
LATAM,Bookcases,2014,14,4,2,Autumn,1.0,0.4,236.52,3,0.992708874098054,-0.12053668025532288,2014-14,2014-03-31,1050.6185812025735,1450.404,1537.9585812025737,757.5545812025736,628.6449359019302,357.8221957967125,401.6553435052175,20.0,19.0,25.0,11.25,9.333333333333334,6.946221994724902,6.665151342936058
LATAM,Bookcases,2014,15,4,2,Spring,0.6666666666666666,0.26666666666666666,1449.0345812025737,20,0.9709418174260521,-0.2393156642875575,2014-15,2014-04-07,236.52,852.0291624051472,270.72,906.8059359019301,726.8378176688112,504.7195418588322,447.6020930417729,3.0,11.0,4.0,13.5,10.666666666666666,8.18535277187245,7.088189066498167
LATAM,Bookcases,2014,16,4,2,Spring,0.3333333333333333,0.16666666666666666,768.81,8,0.9350162426854148,-0.35460488704253545,2014-16,2014-04-14,1449.0345812025737,891.0505812025735,749.9491624051473,876.2457906012869,728.409554135049,509.66799814622124,447.7237232751531,20.0,11.0,16.0,12.75,10.0,8.616843969807043,6.915069183904217
LATAM,Bookcases,2014,17,4,2,Spring,0.0,0.0,326.88,4,0.8854560256532099,-0.4647231720437685,2014-17,2014-04-21,768.81,1050.6185812025735,181.696,695.3111453006434,740.5082208017158,553.694236711848,433.3375333558866,8.0,20.0,2.0,8.75,10.166666666666666,7.804912982645398,6.726248898340304
LATAM,Bookcases,2014,18,4,2,Spring,1.0,0.30000000000000004,659.3865812025736,7,0.8229838658936565,-0.5680647467311557,2014-18,2014-04-28,326.88,236.52,270.96,801.0277906012868,772.8771025685968,471.10831954325886,408.89294560665337,4.0,3.0,3.0,9.75,10.5,7.04154339142587,6.431456783935991
LATAM,Bookcases,2014,19,5,2,Spring,0.0,0.0,1476.4185812025735,15,0.7485107481711013,-0.663122658240795,2014-19,2014-05-05,659.3865812025736,1449.0345812025737,246.4905812025736,807.8737906012868,875.3711025685967,483.6946677151716,418.97661601990507,7.0,20.0,8.0,8.5,11.083333333333334,4.654746681256316,6.50116539669246
LATAM,Bookcases,2014,20,5,2,Autumn,0.25,0.05,1079.9825812025736,12,0.6631226582407952,-0.7485107481711012,2014-20,2014-05-12,1476.4185812025735,768.81,552.36,885.6669359019302,919.3396510021447,500.06390094718773,409.5769811398944,15.0,8.0,2.0,9.5,11.916666666666666,4.93288286231625,5.838093296045658
LATAM,Bookcases,2014,21,5,2,Autumn,0.5,0.15000000000000002,911.3065812025736,16,0.5680647467311558,-0.8229838658936564,2014-21,2014-05-19,1079.9825812025736,326.88,790.9411624051472,1031.7735812025735,929.3701025685968,343.1314906193636,407.6158370896494,12.0,4.0,13.0,12.5,12.166666666666666,4.041451884327383,5.95182681403301
LATAM,Bookcases,2014,22,5,2,Autumn,0.6666666666666666,0.20000000000000004,688.7265812025736,12,0.46472317204376906,-0.8854560256532096,2014-22,2014-05-26,911.3065812025736,659.3865812025736,1450.404,1039.1085812025735,865.896984335478,332.6718188164823,377.2802573387235,16.0,7.0,19.0,13.75,11.583333333333334,2.0615528128088347,5.5507302276913055
LATAM,Bookcases,2014,23,6,2,Spring,0.5,0.1,939.8905812025736,13,0.35460488704253584,-0.9350162426854147,2014-23,2014-06-02,688.7265812025736,1476.4185812025735,852.0291624051472,904.9765812025737,873.2187692352636,161.9158411356543,377.83880062512014,12.0,15.0,11.0,13.25,11.75,1.892969448600096,5.561638084397266
LATAM,Bookcases,2014,24,6,2,Spring,0.8,0.32,954.2145812025736,11,0.23931566428755768,-0.970941817426052,2014-24,2014-06-09,939.8905812025736,1079.9825812025736,891.0505812025735,873.5345812025736,878.4824359019302,124.48976127109053,378.5490992091917,13.0,12.0,11.0,13.0,11.75,2.160246899469291,5.561638084397266
LATAM,Bookcases,2014,25,6,2,Spring,0.75,0.15000000000000002,1514.4425812025736,20,0.12053668025532308,-0.992708874098054,2014-25,2014-06-16,954.2145812025736,911.3065812025736,1050.6185812025735,1024.3185812025736,917.1344359019303,348.7531045692159,419.21792491569636,11.0,16.0,20.0,14.0,11.75,4.082482904638632,5.561638084397266
LATAM,Bookcases,2014,26,6,2,Summer,0.2,0.04,1755.101162405147,26,-3.216245299353273e-16,-1.0,2014-26,2014-06-23,1514.4425812025736,688.7265812025736,236.52,1290.912226503217,1043.682866102359,409.0715860361339,424.25962424514495,20.0,12.0,3.0,17.5,13.666666666666666,6.855654600401046,6.198729097503966
LATAM,Bookcases,2014,27,7,3,Summer,0.42857142857142855,0.08571428571428573,1757.0077436077208,24,-0.12053668025532283,-0.992708874098054,2014-27,2014-06-30,1755.101162405147,939.8905812025736,1449.0345812025737,1495.1915171045039,1069.347296302788,378.2095577971902,458.9094710302744,26.0,13.0,20.0,20.25,14.0,6.652067347825037,6.6606033032778855
LATAM,Bookcases,2014,28,7,3,Summer,0.0,0.0,1427.8305812025735,16,-0.23931566428755743,-0.9709418174260521,2014-28,2014-07-07,1757.0077436077208,954.2145812025736,768.81,1613.5955171045039,1124.265678069669,168.25658032816165,459.1070566205848,24.0,11.0,8.0,21.5,14.666666666666666,4.434711565216692,6.400757530925296
LATAM,Bookcases,2014,30,7,3,Summer,0.5,0.2,595.2825812025735,4,-0.46472317204376806,-0.8854560256532101,2014-30,2014-07-21,1427.8305812025735,1514.4425812025736,326.88,1383.805517104504,1146.6325598365502,547.9802261634441,421.74615935178343,16.0,20.0,4.0,17.5,14.666666666666666,9.983319421247959,6.400757530925296
LATAM,Bookcases,2014,31,7,3,Summer,0.3333333333333333,0.06666666666666667,1015.4611624051472,16,-0.5680647467311556,-0.8229838658936566,2014-31,2014-07-28,595.2825812025735,1755.101162405147,659.3865812025736,1198.8955171045038,1176.3054416034315,503.95014959090366,396.0945232768067,4.0,26.0,7.0,15.0,15.416666666666666,8.246211251235321,5.930787673171444
LATAM,Bookcases,2014,32,8,3,Summer,0.6666666666666666,0.20000000000000004,1048.581162405147,19,-0.663122658240795,-0.7485107481711013,2014-32,2014-08-04,1015.4611624051472,1757.0077436077208,1476.4185812025735,1021.7888718038605,1140.6523233703126,340.36027599971027,385.7450219944421,16.0,24.0,15.0,13.75,15.75,6.652067347825037,6.017021310793687
LATAM,Bookcases,2014,33,8,3,Winter,0.0,0.0,661.7905812025735,8,-0.7485107481711011,-0.6631226582407952,2014-33,2014-08-11,1048.581162405147,1427.8305812025735,1079.9825812025736,830.2788718038604,1105.8029900369793,234.91837695975514,409.8608943643183,19.0,16.0,12.0,11.75,15.416666666666666,6.946221994724904,6.3454827645460865
LATAM,Bookcases,2014,34,8,3,Summer,1.0,0.25,828.0797436077207,18,-0.8229838658936564,-0.5680647467311559,2014-34,2014-08-18,661.7905812025735,595.2825812025735,911.3065812025736,888.4781624051473,1098.8674202374082,179.62264274742125,414.1332243961968,8.0,4.0,16.0,15.25,15.583333333333334,4.99165971062398,6.388317936719023
LATAM,Bookcases,2014,35,8,3,Summer,0.3333333333333333,0.13333333333333333,628.496,7,-0.8854560256532096,-0.4647231720437691,2014-35,2014-08-25,828.0797436077207,1015.4611624051472,688.7265812025736,791.7368718038605,1093.8482051371936,192.2007757647796,419.88105003094614,18.0,16.0,12.0,13.0,15.166666666666666,6.377042156569664,6.7934906455750035
LATAM,Bookcases,2014,36,9,3,Spring,0.3333333333333333,0.13333333333333333,522.7520000000001,6,-0.9350162426854147,-0.3546048870425359,2014-36,2014-09-01,628.496,1048.581162405147,939.8905812025736,660.2795812025738,1059.0866567036458,126.6006967459578,449.9746053932098,7.0,19.0,13.0,9.75,14.583333333333334,5.560275772537427,7.2795895655197596
LATAM,Bookcases,2014,37,9,3,Summer,0.2,0.04,1113.0477436077208,20,-0.970941817426052,-0.23931566428755774,2014-37,2014-09-08,522.7520000000001,661.7905812025735,954.2145812025736,773.0938718038606,1072.3227535707415,259.59691726529485,448.94420751188187,6.0,8.0,11.0,12.75,15.333333333333334,7.274384280931733,7.340217154743298
LATAM,Bookcases,2014,38,9,3,Summer,0.625,0.17500000000000002,2229.52,25,-0.992708874098054,-0.12053668025532357,2014-38,2014-09-15,1113.0477436077208,828.0797436077207,1514.4425812025736,1123.4539359019302,1131.912538470527,780.8791202006631,549.2212777799468,20.0,18.0,20.0,14.5,15.75,9.46924847422786,7.759158811014593
LATAM,Bookcases,2014,39,9,3,Autumn,0.6666666666666666,0.16666666666666666,1527.4023248102944,27,-1.0,-1.8369701987210297e-16,2014-39,2014-09-22,2229.52,628.496,1755.101162405147,1348.180517104504,1112.9376353376226,717.7509778211057,529.3058643457938,25.0,7.0,26.0,19.5,15.833333333333334,9.46924847422786,7.883623224857659
LATAM,Bookcases,2014,40,9,3,Spring,0.5,0.20000000000000004,2070.084,14,-0.992708874098054,0.1205366802553232,2014-40,2014-09-29,1527.4023248102944,522.7520000000001,1757.0077436077208,1735.0135171045038,1139.0273233703126,512.1043906277855,570.0834448887889,27.0,6.0,24.0,21.5,15.0,5.802298395176405,7.458978726096728
LATAM,Bookcases,2014,41,10,4,Spring,0.4,0.16,2971.498581202574,45,-0.9709418174260521,0.23931566428755738,2014-41,2014-10-06,2070.084,1113.0477436077208,1427.8305812025735,2199.626226503217,1267.6663233703127,595.91574686854,777.5786517770628,14.0,20.0,16.0,27.75,17.416666666666668,12.84198842339716,11.44519218896844
LATAM,Bookcases,2014,42,10,4,Autumn,0.75,0.25,1215.6945812025735,15,-0.9350162426854148,0.35460488704253557,2014-42,2014-10-13,2971.498581202574,2229.52,595.2825812025735,1946.1698718038606,1319.3673233703128,769.3317624358341,748.9046183432439,45.0,25.0,4.0,25.25,18.333333333333332,14.430869689661813,10.688424778348969
LATAM,Bookcases,2014,43,10,4,Autumn,0.6666666666666666,0.20000000000000004,1335.0705812025735,15,-0.8854560256532101,0.464723172043768,2014-43,2014-10-20,1215.6945812025735,1527.4023248102944,1015.4611624051472,1898.0869359019302,1346.0014416034314,809.2058435561933,742.7721125939166,15.0,27.0,16.0,22.25,18.25,15.173990905493518,10.712142642814273
LATAM,Bookcases,2014,44,10,4,Autumn,0.16666666666666666,0.06666666666666667,2484.252,23,-0.822983865893657,0.5680647467311548,2014-44,2014-10-27,1335.0705812025735,2070.084,1048.581162405147,2001.6289359019304,1465.640678069669,863.2429169496478,803.6398714092,15.0,14.0,19.0,24.5,18.583333333333332,14.177446878757825,10.799480907839405
LATAM,Bookcases,2014,45,11,4,Autumn,0.6666666666666666,0.13333333333333333,1229.696,14,-0.7485107481711011,0.6631226582407952,2014-45,2014-11-03,2484.252,2971.498581202574,661.7905812025735,1566.1782906012868,1512.9661296361212,614.3639723797828,767.926724995715,23.0,45.0,8.0,16.75,19.083333333333332,4.193248541803049,10.396313449167126
LATAM,Bookcases,2014,46,11,4,Autumn,0.4444444444444444,0.13333333333333336,2230.7011624051474,29,-0.6631226582407955,0.7485107481711007,2014-46,2014-11-10,1229.696,1215.6945812025735,828.0797436077207,1819.9299359019303,1629.8512478692403,630.7459864584248,760.917786128493,14.0,15.0,18.0,20.25,20.0,7.088723439378917,10.770329614269006
LATAM,Bookcases,2014,47,11,4,Autumn,0.6,0.14,3246.0743248102945,28,-0.5680647467311559,0.8229838658936564,2014-47,2014-11-17,2230.7011624051474,1335.0705812025735,628.496,2297.6808718038606,1847.9827749367648,832.5336620731697,820.6119110708776,29.0,15.0,7.0,23.5,21.75,6.855654600401048,10.15448848360351
LATAM,Bookcases,2014,48,11,4,Spring,0.7142857142857143,0.2857142857142857,1482.5477436077208,27,-0.4647231720437684,0.88545602565321,2014-48,2014-11-24,3246.0743248102945,2484.252,522.7520000000001,2047.2548077057907,1927.9657535707418,905.1919265994975,720.3523018971898,28.0,23.0,6.0,24.5,23.5,7.047458170621996,8.92901297609499
LATAM,Bookcases,2014,49,12,4,Autumn,0.6666666666666666,0.20000000000000004,1429.856,15,-0.35460488704253595,0.9350162426854147,2014-49,2014-12-01,1482.5477436077208,1229.696,1113.0477436077208,2097.294807705791,1954.3664416034314,848.7009974547275,693.0590841290257,27.0,14.0,20.0,24.75,23.083333333333332,6.551081335677854,9.219133594998189
LATAM,Bookcases,2014,50,12,4,Spring,0.25,0.1,1848.1505812025737,17,-0.2393156642875578,0.970941817426052,2014-50,2014-12-08,1429.856,2230.7011624051474,2229.52,2001.6571624051471,1922.585656703646,850.2096805245667,688.0203448278681,15.0,29.0,25.0,21.75,22.416666666666668,6.701989754294371,9.356167954236327
LATAM,Bookcases,2014,51,12,4,Autumn,0.2857142857142857,0.08571428571428573,2159.0331624051473,29,-0.12053668025532363,0.992708874098054,2014-51,2014-12-15,1848.1505812025737,3246.0743248102945,1527.4023248102944,1729.8968718038604,1975.2215598365503,341.2467395056913,679.1427110322368,17.0,28.0,27.0,22.0,22.583333333333332,7.023769168568497,9.46244570858289
LATAM,Bookcases,2014,52,12,4,Winter,0.6666666666666666,0.20000000000000004,744.2505812025736,14,6.432490598706546e-16,1.0,2014-52,2014-12-22,2159.0331624051473,1482.5477436077208,2070.084,1545.3225812025737,1864.7354416034316,611.9352786100309,764.7570928227075,29.0,27.0,14.0,18.75,22.583333333333332,6.946221994724906,9.46244570858289
LATAM,Chairs,2011,16,4,2,Spring,0.6666666666666666,0.26666666666666666,1011.0840000000001,10,0.9350162426854148,-0.35460488704253545,2011-16,2011-04-18,477.256,370.512,38.26,637.6356453006434,469.4634088344057,453.70199565414123,290.35462605821544,9.0,8.0,1.0,8.5,6.833333333333333,3.872983346207417,4.018894767409959
LATAM,Chairs,2011,17,4,2,Spring,1.0,0.30000000000000004,355.40258120257363,8,0.8854560256532099,-0.4647231720437685,2011-17,2011-04-25,1011.0840000000001,67.608,265.44,709.5842906012869,476.9602906012868,342.3224885019237,285.73251633785617,10.0,3.0,3.0,9.75,7.25,1.707825127659933,3.840572873934304
LATAM,Chairs,2011,18,5,2,Spring,0.5,0.1,188.344,3,0.8229838658936565,-0.5680647467311557,2011-18,2011-05-02,355.40258120257363,994.5945812025736,465.77058120257357,508.0216453006434,453.8414088344057,355.6705560288252,297.69327428421144,8.0,12.0,7.0,7.5,6.916666666666667,3.1091263510296048,4.0330077504452575
LATAM,Chairs,2011,19,5,2,Spring,0.3333333333333333,0.06666666666666667,697.636,9,0.7485107481711013,-0.663122658240795,2011-19,2011-05-09,188.344,477.256,246.4905812025736,563.1166453006434,491.43686040085794,366.22846956276237,297.6139296463198,3.0,9.0,2.0,7.5,7.5,3.1091263510296048,3.7537859676477416
LATAM,Chairs,2011,20,5,2,Autumn,1.0,0.4,128.952,6,0.6631226582407952,-0.7485107481711012,2011-20,2011-05-16,697.636,1011.0840000000001,662.176,342.58364530064335,447.0015270675246,255.37870424890144,309.37826161545513,9.0,10.0,11.0,6.5,7.083333333333333,2.6457513110645907,3.604500553811061
LATAM,Chairs,2011,21,5,2,Spring,1.0,0.4,212.592,4,0.5680647467311558,-0.8229838658936564,2011-21,2011-05-23,128.952,355.40258120257363,246.4905812025736,306.881,444.17664530064343,262.8622167321376,311.52286124290254,6.0,8.0,3.0,5.5,7.166666666666667,2.6457513110645907,3.5118845842842465
LATAM,Chairs,2011,22,6,2,Winter,0.0,0.0,286.32,3,0.46472317204376906,-0.8854560256532096,2011-22,2011-05-30,212.592,188.344,447.2505812025736,331.375,430.76576353376225,252.49524428788743,314.824983736718,4.0,3.0,12.0,5.5,6.416666666666667,2.6457513110645907,3.3427896171076075
LATAM,Chairs,2011,23,6,2,Spring,0.4,0.08,888.644,17,0.35460488704253584,-0.9350162426854147,2011-23,2011-06-06,286.32,697.636,378.888,379.12699999999995,473.2454302004289,345.70804126603707,340.5302531416537,3.0,9.0,2.0,7.5,7.666666666666667,6.454972243679028,4.228331571528879
LATAM,Chairs,2011,24,6,2,Spring,0.6666666666666666,0.2222222222222222,2094.9371624051473,57,0.23931566428755768,-0.970941817426052,2011-24,2011-06-13,888.644,128.952,370.512,870.6232906012867,616.9475270675246,870.5715971851445,575.8074008211346,17.0,6.0,8.0,20.25,11.75,25.31633201446581,14.863775367712545
LATAM,Chairs,2011,25,6,2,Spring,1.0,0.30000000000000004,361.968,10,0.12053668025532308,-0.992708874098054,2011-25,2011-06-20,2094.9371624051473,212.592,67.608,907.9672906012867,641.4775270675245,835.4303173372718,556.2141333620864,57.0,4.0,3.0,21.75,12.333333333333334,24.185050478894325,14.624595306496104
LATAM,Chairs,2011,26,6,2,Summer,0.8,0.28,815.588,16,-3.216245299353273e-16,-1.0,2011-26,2011-06-27,361.968,286.32,994.5945812025736,1040.2842906012866,626.5603119673101,740.6953649202081,548.2259244688275,10.0,3.0,12.0,25.0,12.666666666666666,21.556128285632987,14.661844937445524
LATAM,Chairs,2011,27,7,3,Summer,0.75,0.25,609.324,15,-0.12053668025532283,-0.992708874098054,2011-27,2011-07-04,815.588,888.644,477.256,970.4542906012867,637.5659786339768,772.2512435695919,546.2783276074549,16.0,17.0,9.0,24.5,13.166666666666666,21.825062046494466,14.627703065406303
LATAM,Chairs,2011,30,7,3,Summer,1.0,0.2,703.104,12,-0.46472317204376806,-0.8854560256532101,2011-30,2011-07-25,609.324,2094.9371624051473,1011.0840000000001,622.4959999999999,611.9009786339767,193.07210267669424,534.2365271716741,15.0,57.0,10.0,13.25,13.333333333333334,2.753785273643028,14.599709420105427
LATAM,Chairs,2011,31,8,3,Summer,1.0,0.2,246.4905812025736,12,-0.5680647467311556,-0.8229838658936566,2011-31,2011-08-01,703.104,361.968,355.40258120257363,593.6266453006433,602.8249786339768,246.30738797553954,539.8855250684721,12.0,10.0,8.0,13.75,13.666666666666666,2.0615528128087997,14.512272758119611
LATAM,Chairs,2011,32,8,3,Summer,0.5,0.1,492.9811624051472,16,-0.663122658240795,-0.7485107481711013,2011-32,2011-08-08,246.4905812025736,815.588,188.344,512.97493590193,628.2114088344057,197.3540519350565,525.5972978187021,12.0,16.0,3.0,13.75,14.75,2.0615528128087997,14.123642332177374
LATAM,Chairs,2011,33,8,3,Winter,0.0,0.0,803.62,8,-0.7485107481711011,-0.6631226582407952,2011-33,2011-08-15,492.9811624051472,609.324,697.636,561.54893590193,637.0434088344057,246.71139865137437,527.7559752493851,16.0,15.0,9.0,12.0,14.666666666666666,3.265986323710885,14.163546893559557
LATAM,Chairs,2011,35,9,3,Winter,1.0,0.4,185.568,1,-0.8854560256532096,-0.4647231720437691,2011-35,2011-08-29,803.62,703.104,128.952,432.1649359019301,641.7614088344056,281.0471448229726,523.0327744196766,8.0,12.0,6.0,9.25,14.25,6.396613687465153,14.510967638933725
LATAM,Chairs,2011,36,9,3,Summer,0.6666666666666666,0.13333333333333333,832.5799999999999,14,-0.9350162426854147,-0.3546048870425359,2011-36,2011-09-05,185.568,246.4905812025736,212.592,578.6872906012867,693.4270755010724,303.8335886064921,507.1658661978529,1.0,12.0,4.0,9.75,15.083333333333334,6.751543033509688,14.151507040423343
LATAM,Chairs,2011,37,9,3,Summer,0.7142857142857143,0.14285714285714285,1888.8105812025735,30,-0.970941817426052,-0.23931566428755774,2011-37,2011-09-12,832.5799999999999,492.9811624051472,286.32,927.6446453006433,826.9679572679535,706.8562096275257,593.8010780894148,14.0,16.0,3.0,13.25,17.333333333333332,12.365947867699692,14.20200583357751
LATAM,Chairs,2011,38,9,3,Spring,0.0,0.0,343.02,3,-0.992708874098054,-0.12053668025532357,2011-38,2011-09-19,1888.8105812025735,803.62,888.644,812.4946453006432,781.4992906012868,768.6140940068539,609.3356903634012,30.0,8.0,17.0,12.0,16.166666666666668,13.291601358251253,14.794552642063492
LATAM,Chairs,2011,39,9,3,Autumn,0.14285714285714285,0.05714285714285715,977.3465812025736,17,-1.0,-1.8369701987210297e-16,2011-39,2011-09-26,343.02,185.568,2094.9371624051473,1010.4392906012866,688.3667421677391,645.4232947680758,456.60236114863113,3.0,1.0,57.0,16.0,12.833333333333334,11.105554165971782,7.432524755587713
LATAM,Chairs,2011,40,10,4,Spring,0.0,0.0,1144.4717436077208,31,-0.992708874098054,0.1205366802553232,2011-40,2011-10-03,977.3465812025736,832.5799999999999,361.968,1088.412226503217,753.5753874683824,635.5379203375405,461.5992459677646,17.0,14.0,10.0,20.25,14.583333333333334,13.149778198382911,9.00967493443811
LATAM,Chairs,2011,41,10,4,Autumn,1.0,0.20000000000000004,765.8240000000001,11,-0.9709418174260521,0.23931566428755738,2011-41,2011-10-10,1144.4717436077208,1888.8105812025735,815.588,807.6655812025735,749.4283874683824,346.3506252550493,461.21485781338697,31.0,30.0,16.0,15.5,14.166666666666666,11.818065267490553,9.05371177858545
LATAM,Chairs,2011,42,10,4,Autumn,0.4,0.1,2074.889162405147,42,-0.9350162426854148,0.35460488704253557,2011-42,2011-10-17,765.8240000000001,343.02,609.324,1240.6328718038603,871.5588176688112,577.3484379892882,595.2950008557885,11.0,3.0,15.0,25.25,16.416666666666668,13.961255912942308,12.116542661196965
LATAM,Chairs,2011,43,10,4,Autumn,0.0,0.0,464.52,6,-0.8854560256532101,0.464723172043768,2011-43,2011-10-24,2074.889162405147,977.3465812025736,703.104,1112.4262265032169,851.6768176688114,699.3514614531767,605.3321826513722,42.0,17.0,12.0,22.5,15.916666666666666,16.90167644544962,12.434982423742618
LATAM,Chairs,2011,44,11,4,Autumn,0.6666666666666666,0.16666666666666666,870.724,15,-0.822983865893657,0.5680647467311548,2011-44,2011-10-31,464.52,1144.4717436077208,246.4905812025736,1043.9892906012867,903.6962692352636,708.5045269809784,574.6412081495653,6.0,31.0,12.0,18.5,16.166666666666668,16.093476939431078,12.379112417391813
LATAM,Chairs,2011,45,11,4,Spring,0.5,0.16666666666666666,1777.92,23,-0.7485107481711011,0.6631226582407952,2011-45,2011-11-07,870.724,765.8240000000001,492.9811624051472,1297.0132906012868,1010.7745057015013,755.232805885448,609.7934782215293,15.0,11.0,16.0,21.5,16.75,15.329709716755888,12.534497850477948
LATAM,Chairs,2011,46,11,4,Autumn,0.5,0.1,492.9811624051472,5,-0.6631226582407955,0.7485107481711007,2011-46,2011-11-14,1777.92,2074.889162405147,803.62,901.5362906012867,984.8879359019302,612.8888791012115,625.7711264783885,23.0,42.0,8.0,12.25,16.5,8.460693430998031,12.75289628423142
LATAM,Chairs,2011,47,11,4,Autumn,0.5,0.2,373.70000000000005,6,-0.5680647467311559,0.8229838658936564,2011-47,2011-11-21,492.9811624051472,464.52,185.568,878.8312906012868,1000.565602568597,635.731646137644,605.9683004273413,5.0,6.0,1.0,12.25,16.916666666666668,8.460693430998031,12.273092026005012
LATAM,Chairs,2011,48,11,4,Autumn,0.5,0.15000000000000002,467.46799999999996,9,-0.4647231720437684,0.88545602565321,2011-48,2011-11-28,373.70000000000005,870.724,832.5799999999999,778.0172906012867,970.1396025685968,668.5717004710018,624.0657297718841,6.0,15.0,14.0,10.75,16.5,8.34166250416146,12.464495030430887
LATAM,Chairs,2011,49,12,4,Autumn,0.8181818181818182,0.2,2676.487743607721,63,-0.35460488704253595,0.9350162426854147,2011-49,2011-12-05,467.46799999999996,1777.92,1888.8105812025735,1002.6592265032169,1035.779366102359,1117.0635599977531,756.7876521308522,9.0,23.0,30.0,20.75,19.25,28.217902119044926,18.08628309973158
LATAM,Chairs,2011,50,12,4,Autumn,0.6,0.16,1070.632,19,-0.2393156642875578,0.970941817426052,2011-50,2011-12-12,2676.487743607721,492.9811624051472,343.02,1147.0719359019301,1096.4136994356925,1065.3514971743896,724.7058307790529,63.0,5.0,3.0,24.25,20.583333333333332,26.424420523447623,17.354372429570663
LATAM,Chairs,2011,51,12,4,Winter,0.5714285714285714,0.1142857142857143,1192.8397436077207,18,-0.12053668025532363,0.992708874098054,2011-51,2011-12-19,1070.632,373.70000000000005,977.3465812025736,1351.8568718038605,1114.3714629694548,938.2900224499186,724.1568878805604,19.0,6.0,17.0,27.25,20.666666666666668,24.253865671269807,17.337994711213305
LATAM,Chairs,2011,52,12,4,Winter,0.5,0.1,801.1545812025736,32,6.432490598706546e-16,1.0,2011-52,2011-12-26,1192.8397436077207,467.46799999999996,1144.4717436077208,1435.2785171045039,1085.7616994356924,843.4961275096921,729.6208072572052,18.0,9.0,31.0,33.0,20.75,20.99206199177838,17.394487109948994
LATAM,Chairs,2012,1,1,1,Winter,1.0,0.4,39.156,1,0.12053668025532305,0.992708874098054,2012-1,2012-01-02,801.1545812025736,2676.487743607721,765.8240000000001,775.9455812025735,1025.2060327690258,517.7306921301857,786.5246479172533,32.0,63.0,11.0,17.5,19.916666666666668,12.714820748507098,18.128121465799698
LATAM,Chairs,2012,2,1,1,Winter,0.0,0.0,369.28,4,0.23931566428755774,0.970941817426052,2012-2,2012-01-09,39.156,1070.632,2074.889162405147,600.6075812025734,883.0719359019303,503.2224032029236,731.7979297288465,1.0,19.0,42.0,13.75,16.75,14.244882121894396,17.215875337500663
LATAM,Chairs,2012,4,1,1,Winter,0.0,0.0,430.68000000000006,6,0.4647231720437685,0.8854560256532099,2012-4,2012-01-23,369.28,1192.8397436077207,464.52,410.0676453006433,880.2519359019302,312.31017766968506,733.6203886660338,4.0,18.0,6.0,10.75,16.75,14.314910641239315,17.215875337500663
LATAM,Chairs,2012,5,2,1,Winter,0.6666666666666666,0.13333333333333333,648.1759999999999,10,0.5680647467311558,0.8229838658936564,2012-5,2012-01-30,430.68000000000006,801.1545812025736,870.724,371.82299999999987,861.7062692352634,251.9979674494728,736.6896952996991,6.0,32.0,15.0,5.25,16.333333333333332,3.774917217635368,17.322257533607043
LATAM,Chairs,2012,6,2,1,Summer,0.0,0.0,172.536,6,0.6631226582407952,0.7485107481711011,2012-6,2012-02-06,648.1759999999999,39.156,1777.92,405.1679999999999,727.9242692352635,195.88206160510362,700.0367104683197,10.0,1.0,23.0,6.5,14.916666666666666,2.5166114784235725,17.422338499405832
LATAM,Chairs,2012,7,2,1,Summer,0.5,0.1,465.36800000000005,8,0.7485107481711011,0.6631226582407953,2012-7,2012-02-13,172.536,369.28,492.9811624051472,429.1899999999999,725.623172368168,195.90576960705448,700.9240230219885,6.0,4.0,5.0,7.5,15.166666666666666,1.9148542155126624,17.288111171518644
LATAM,Chairs,2012,10,3,1,Winter,0.0,0.0,437.41058120257355,5,0.9350162426854148,0.35460488704253557,2012-10,2012-03-05,465.36800000000005,430.68000000000006,373.70000000000005,430.8726453006433,730.9323874683823,195.95173246701506,698.2522123012551,8.0,6.0,6.0,7.25,15.083333333333334,2.217355782608333,17.33865011697242
LATAM,Chairs,2012,11,3,1,Summer,0.5,0.1,288.444,7,0.970941817426052,0.23931566428755804,2012-11,2012-03-12,437.41058120257355,648.1759999999999,467.46799999999996,340.9396453006433,716.0137208017157,136.50963025009835,706.2596330489307,5.0,10.0,9.0,6.5,14.916666666666666,1.2909944487357852,17.411899449061906
LATAM,Chairs,2012,12,3,1,Winter,1.0,0.30000000000000004,401.23199999999997,8,0.992708874098054,0.120536680255323,2012-12,2012-03-19,288.444,172.536,2676.487743607721,398.11364530064327,526.4090755010724,77.68430264796966,345.2350242209512,7.0,6.0,63.0,7.0,10.333333333333334,1.4142135623730763,8.626948616065956
LATAM,Chairs,2012,13,3,1,Autumn,1.0,0.4,274.8,5,1.0,-1.6081226496766366e-16,2012-13,2012-03-26,401.23199999999997,465.36800000000005,1070.632,350.4716453006433,460.0897421677391,81.05269658070166,305.3178565894676,8.0,8.0,19.0,6.25,9.166666666666666,1.4999999999999825,8.288363511391717
LATAM,Chairs,2012,14,4,2,Spring,0.6,0.16,1154.148,20,0.992708874098054,-0.12053668025532288,2012-14,2012-04-02,274.8,437.41058120257355,1192.8397436077207,529.6559999999998,456.8654302004289,420.16575757669625,296.9662477728531,5.0,5.0,18.0,10.0,9.333333333333334,6.782329983125264,8.499554355519127
LATAM,Chairs,2012,16,4,2,Spring,0.25,0.05,695.7505812025736,20,0.9350162426854148,-0.35460488704253545,2012-16,2012-04-16,1154.148,288.444,801.1545812025736,631.4826453006433,448.0817635337623,390.53267456476414,287.257207797752,20.0,7.0,32.0,13.25,8.333333333333334,7.889866919029746,5.898125023079683
LATAM,Chairs,2012,17,4,2,Spring,0.8571428571428571,0.2,1268.4905812025736,30,0.8854560256532099,-0.4647231720437685,2012-17,2012-04-23,695.7505812025736,401.23199999999997,39.156,848.2972906012867,550.5263119673101,455.4399699855897,342.1317475810364,20.0,8.0,1.0,18.75,10.75,10.307764064044148,8.136617568409207
LATAM,Chairs,2012,18,4,2,Spring,0.6666666666666666,0.20000000000000004,891.8611624051472,18,0.8229838658936565,-0.5680647467311557,2012-18,2012-04-30,1268.4905812025736,274.8,369.28,1002.5625812025734,594.0747421677389,258.2532657707375,350.1294728029519,30.0,5.0,4.0,22.0,11.916666666666666,5.4160256030906355,8.08430953180669
LATAM,Chairs,2012,20,5,2,Spring,1.0,0.2,210.288,3,0.6631226582407952,-0.7485107481711012,2012-20,2012-05-14,891.8611624051472,1154.148,430.68000000000006,766.5975812025735,575.7087421677389,440.48730430871484,364.94630080722686,18.0,20.0,6.0,17.75,11.666666666666666,11.146748404803974,8.326663997864525
LATAM,Chairs,2012,21,5,2,Spring,0.5,0.10000000000000002,1146.3385812025736,15,0.5680647467311558,-0.8229838658936564,2012-21,2012-05-21,210.288,695.7505812025736,648.1759999999999,879.2445812025735,617.2222906012868,472.76270968548107,400.53716664435063,3.0,20.0,10.0,16.5,12.083333333333334,11.090536506409416,8.360712598308536
LATAM,Chairs,2012,22,5,2,Autumn,0.5,0.1,541.456,6,0.46472317204376906,-0.8854560256532096,2012-22,2012-05-28,1146.3385812025736,1268.4905812025736,172.536,697.4859359019301,647.9656239346201,408.6390401957136,376.75444664176166,15.0,30.0,6.0,10.5,12.083333333333334,7.141428428542848,8.360712598308536
LATAM,Chairs,2012,23,6,2,Spring,0.8333333333333334,0.16666666666666666,882.976,21,0.35460488704253584,-0.9350162426854147,2012-23,2012-06-04,541.456,891.8611624051472,465.36800000000005,695.2646453006432,682.7662906012869,407.2520489776202,377.64076141393105,6.0,18.0,8.0,11.25,13.166666666666666,8.26135582092915,8.621678104251703
LATAM,Chairs,2012,24,6,2,Spring,1.0,0.2,614.0319999999999,7,0.23931566428755768,-0.970941817426052,2012-24,2012-06-11,882.976,210.288,437.41058120257355,796.2006453006433,697.484742167739,275.8059619738027,370.5847193368852,21.0,3.0,5.0,12.25,13.333333333333334,7.08872343937891,8.467406314626079
LATAM,Chairs,2012,25,6,2,Spring,0.6,0.16,718.708,16,0.12053668025532308,-0.992708874098054,2012-25,2012-06-18,614.0319999999999,1146.3385812025736,288.444,689.2929999999999,733.3400755010722,148.20969761793395,347.506993395231,7.0,15.0,7.0,12.5,14.083333333333334,7.234178138070233,8.251262529657703
LATAM,Chairs,2012,26,6,2,Summer,0.0,0.0,380.8,8,-3.216245299353273e-16,-1.0,2012-26,2012-06-25,718.708,541.456,401.23199999999997,649.1289999999998,731.6374088344056,210.36310536783628,349.32742613881567,16.0,6.0,8.0,13.0,14.083333333333334,6.683312551921138,8.251262529657703
LATAM,Chairs,2012,27,7,3,Summer,0.5,0.1,598.332,6,-0.12053668025532283,-0.992708874098054,2012-27,2012-07-02,380.8,882.976,274.8,577.9679999999998,758.5984088344057,141.88994845301522,322.3032627316928,8.0,21.0,5.0,9.25,14.166666666666666,4.573474244670744,8.15568216123896
LATAM,Chairs,2012,28,7,3,Summer,0.5555555555555556,0.13333333333333336,1762.0945812025736,29,-0.23931566428755743,-0.9709418174260521,2012-28,2012-07-09,598.332,614.0319999999999,1154.148,864.9836453006433,809.2606239346202,614.2044985293618,422.3762318190664,6.0,7.0,20.0,14.75,14.916666666666666,10.436314802968845,9.100033299972367
LATAM,Chairs,2012,29,7,3,Winter,0.6666666666666666,0.20000000000000004,389.704,10,-0.3546048870425356,-0.9350162426854148,2012-29,2012-07-16,1762.0945812025736,718.708,695.7505812025736,782.7326453006433,783.756742167739,660.5994164055602,438.77477638685156,29.0,16.0,20.0,13.25,14.083333333333334,10.626225419530051,9.049945588317925
LATAM,Chairs,2012,30,7,3,Winter,0.0,0.0,471.77058120257357,9,-0.46472317204376806,-0.8854560256532101,2012-30,2012-07-23,389.704,380.8,1268.4905812025736,805.4752906012867,717.3634088344056,643.4939546866457,418.5720228805691,10.0,8.0,30.0,13.5,12.333333333333334,10.472185381603337,7.607810978118988
LATAM,Chairs,2012,31,7,3,Summer,0.16666666666666666,0.06666666666666667,1094.14,28,-0.5680647467311556,-0.8229838658936566,2012-31,2012-07-30,471.77058120257357,598.332,891.8611624051472,929.4272906012868,734.2199786339767,638.0219399440458,430.15106522179394,9.0,6.0,18.0,19.0,13.166666666666666,10.984838035522719,8.747293953855182
LATAM,Chairs,2012,32,8,3,Winter,0.3333333333333333,0.13333333333333333,681.6705812025735,22,-0.663122658240795,-0.7485107481711013,2012-32,2012-08-06,1094.14,1762.0945812025736,210.288,659.3212906012867,773.5018604008578,314.87328288306765,398.299710603963,28.0,29.0,3.0,17.25,14.75,9.287087810503353,8.454423264024143
LATAM,Chairs,2012,34,8,3,Winter,0.0,0.0,87.76,2,-0.8229838658936564,-0.5680647467311559,2012-34,2012-08-20,681.6705812025735,389.704,1146.3385812025736,583.8352906012866,685.2869786339767,419.7744765781228,424.5769604168926,22.0,10.0,15.0,15.25,13.666666666666666,11.870832602082578,9.217900898235827
LATAM,Chairs,2012,35,8,3,Summer,1.0,0.2,44.752,1,-0.8854560256532096,-0.4647231720437691,2012-35,2012-08-27,87.76,471.77058120257357,541.456,477.0806453006433,643.8949786339767,503.68571930624205,462.4008183537255,2.0,9.0,6.0,13.25,13.25,13.79311422413372,9.69653171359364
LATAM,Chairs,2012,36,9,3,Summer,0.7777777777777778,0.17777777777777778,1764.697162405147,38,-0.9350162426854147,-0.3546048870425359,2012-36,2012-09-03,44.752,1094.14,882.976,644.7199359019301,717.371742167739,801.2241118822031,562.9638667536303,1.0,28.0,21.0,15.75,14.666666666666666,17.708284313657643,11.918917990346522
LATAM,Chairs,2012,37,9,3,Summer,0.5,0.13333333333333333,1924.3785812025735,29,-0.970941817426052,-0.23931566428755774,2012-37,2012-09-10,1764.697162405147,681.6705812025735,614.0319999999999,955.3969359019301,826.5672906012868,1028.9088617515838,659.8425336648213,38.0,22.0,7.0,17.5,16.5,18.84144368141677,12.31776248866947
LATAM,Chairs,2012,38,9,3,Summer,0.5,0.2,352.0425812025736,5,-0.992708874098054,-0.12053668025532357,2012-38,2012-09-17,1924.3785812025735,87.76,718.708,1021.4675812025735,796.0118390348347,960.8575408603214,673.6366910880809,29.0,2.0,16.0,18.25,15.583333333333334,18.062391868188442,12.759725939870574
LATAM,Chairs,2012,39,9,3,Autumn,0.5555555555555556,0.13333333333333336,1321.5745812025737,27,-1.0,-1.8369701987210297e-16,2012-39,2012-09-24,352.0425812025736,44.752,380.8,1340.673226503217,874.4097208017157,706.6973775722183,675.6620253617161,5.0,1.0,8.0,24.75,17.166666666666668,14.008925726121896,12.911118065333058
LATAM,Chairs,2012,40,10,4,Autumn,1.0,0.32,516.4105812025736,12,-0.992708874098054,0.1205366802553232,2012-40,2012-10-01,1321.5745812025737,1764.697162405147,598.332,1028.6015812025735,867.5829359019302,732.193351836339,679.1101205254297,27.0,38.0,6.0,18.25,17.666666666666668,11.644025649805707,12.550504034306808
LATAM,Chairs,2012,41,10,4,Autumn,0.7142857142857143,0.2,1387.296,41,-0.9709418174260521,0.23931566428755738,2012-41,2012-10-08,516.4105812025736,1924.3785812025735,1762.0945812025736,894.33093590193,836.3497208017156,536.1753882855926,641.8255593164411,12.0,29.0,29.0,21.25,18.666666666666668,16.04940289647354,13.937088083327312
LATAM,Chairs,2012,42,10,4,Autumn,0.5,0.1,736.2931624051472,19,-0.9350162426854148,0.35460488704253557,2012-42,2012-10-15,1387.296,352.0425812025736,389.704,990.3935812025734,865.2321510021446,430.67361653200686,627.5384169469247,41.0,5.0,10.0,24.75,19.416666666666668,12.446552400832394,13.6678676486351
LATAM,Chairs,2012,43,10,4,Autumn,0.6,0.16,1119.776,19,-0.8854560256532101,0.464723172043768,2012-43,2012-10-22,736.2931624051472,1321.5745812025737,471.77058120257357,939.9439359019301,919.2326025685969,388.72337234392614,618.4171210075333,19.0,27.0,9.0,22.75,20.25,12.606215398233786,13.274206019741648
LATAM,Chairs,2012,44,11,4,Spring,0.0,0.0,1202.9305812025736,18,-0.822983865893657,0.5680647467311548,2012-44,2012-10-29,1119.776,516.4105812025736,1094.14,1111.57393590193,928.298484335478,274.026535261885,622.001370501702,19.0,12.0,28.0,24.25,19.416666666666668,11.176612486199321,13.055534064027011
LATAM,Chairs,2012,45,11,4,Autumn,0.75,0.15000000000000002,876.636,17,-0.7485107481711011,0.6631226582407952,2012-45,2012-11-05,1202.9305812025736,1387.296,681.6705812025735,983.9089359019301,944.545602568597,215.44635394010788,617.5036854832499,18.0,41.0,22.0,18.25,19.0,0.9574271077563021,13.045375356110615
LATAM,Chairs,2012,46,11,4,Autumn,0.631578947368421,0.15789473684210525,3594.251743607721,76,-0.6631226582407955,0.7485107481711007,2012-46,2012-11-12,876.636,736.2931624051472,87.76,1698.3985812025735,1236.7532478692403,1271.4618337131792,927.1979384078388,17.0,19.0,2.0,32.5,25.166666666666668,29.011491975882016,19.944620296909108
LATAM,Chairs,2012,47,11,4,Spring,0.2857142857142857,0.08571428571428573,1549.0825812025735,26,-0.5680647467311559,0.8229838658936564,2012-47,2012-11-19,3594.251743607721,1119.776,44.752,1805.725226503217,1362.1141296361213,1223.5550287284932,849.8531753552486,76.0,19.0,1.0,34.25,27.25,28.1232406857152,18.439705183997038
LATAM,Chairs,2012,48,11,4,Autumn,0.8,0.16,995.76,13,-0.4647231720437684,0.88545602565321,2012-48,2012-11-26,1549.0825812025735,1202.9305812025736,1764.697162405147,1753.9325812025736,1298.0360327690257,1261.3766416489404,845.7178143353628,26.0,18.0,38.0,33.0,25.166666666666668,29.17761699202547,18.52680286078589
LATAM,Chairs,2012,49,12,4,Autumn,0.5,0.1,1154.1651624051472,13,-0.35460488704253595,0.9350162426854147,2012-49,2012-12-03,995.76,876.636,1924.3785812025735,1823.3148718038601,1233.8515812025737,1203.3327542783773,822.777057498921,13.0,17.0,29.0,32.0,23.833333333333332,29.966648127543394,18.7995809108672
LATAM,Chairs,2012,50,12,4,Autumn,0.375,0.1,1824.228,24,-0.2393156642875578,0.970941817426052,2012-50,2012-12-10,1154.1651624051472,3594.251743607721,352.0425812025736,1380.80893590193,1356.5336994356924,376.1943510175042,788.3774665610551,13.0,76.0,5.0,19.0,25.416666666666668,6.976149845485457,17.845082507429595
LATAM,Chairs,2012,51,12,4,Spring,0.4,0.12000000000000002,1186.0225812025735,20,-0.12053668025532363,0.992708874098054,2012-51,2012-12-17,1824.228,1549.0825812025735,1321.5745812025737,1290.0439359019301,1345.2376994356925,365.7135183841494,789.8935505781762,24.0,26.0,27.0,17.5,24.833333333333332,5.4467115461227396,17.90293695221964
LATAM,Chairs,2012,52,12,4,Winter,0.6666666666666666,0.16666666666666666,1320.7079999999999,26,6.432490598706546e-16,1.0,2012-52,2012-12-24,1186.0225812025735,995.76,516.4105812025736,1371.28093590193,1412.262484335478,310.4719964869723,746.0800277840303,20.0,13.0,12.0,20.75,26.0,5.7373048260195105,17.440808988742987
LATAM,Chairs,2013,1,1,1,Winter,0.6666666666666666,0.20000000000000004,654.8585812025736,19,0.12053668025532305,0.992708874098054,2013-1,2012-12-31,1320.7079999999999,1154.1651624051472,1387.296,1246.4542906012866,1351.2260327690258,480.61542058477266,777.6024605123466,26.0,13.0,41.0,22.25,24.166666666666668,3.304037933599849,16.86757693076132
LATAM,Chairs,2013,2,1,1,Winter,1.0,0.2,246.4905812025736,3,0.23931566428755774,0.970941817426052,2013-2,2013-01-07,654.8585812025736,1824.228,736.2931624051472,852.01993590193,1310.4091510021447,495.5685851239729,824.269771670721,19.0,24.0,19.0,17.0,22.833333333333332,9.831920802501756,17.91308984733756
LATAM,Chairs,2013,3,1,1,Summer,0.0,0.0,339.03999999999996,5,0.3546048870425356,0.9350162426854148,2013-3,2013-01-14,246.4905812025736,1186.0225812025735,1119.776,640.2742906012867,1245.3478176688113,486.1448487986229,870.2167193765541,3.0,20.0,19.0,13.25,21.666666666666668,11.086778913041732,18.62712261648849
LATAM,Chairs,2013,5,1,1,Winter,1.0,0.2,550.0319999999999,11,0.5680647467311558,0.8229838658936564,2013-5,2013-01-28,339.03999999999996,1320.7079999999999,1202.9305812025736,447.6052906012867,1190.939602568597,187.68653470008923,893.2163711917092,5.0,26.0,18.0,9.5,21.083333333333332,7.187952884282616,18.860532785944756
LATAM,Chairs,2013,6,2,1,Winter,1.0,0.2,361.4985812025736,18,0.6631226582407952,0.7485107481711011,2013-6,2013-02-04,550.0319999999999,654.8585812025736,876.636,374.26529060128667,1148.011484335478,127.31080402123084,921.6221922009637,11.0,19.0,17.0,9.25,21.166666666666668,6.751543033509707,18.843051930634964
LATAM,Chairs,2013,7,2,1,Summer,0.5,0.1,697.5999999999999,10,0.7485107481711011,0.6631226582407953,2013-7,2013-02-11,361.4985812025736,246.4905812025736,3594.251743607721,487.04264530064324,906.6238390348344,169.28098285560898,510.15374440384494,18.0,3.0,76.0,11.0,15.666666666666666,5.354126134736347,7.74987780939842
LATAM,Chairs,2013,9,2,1,Summer,0.5,0.1,438.6185812025736,5,0.8854560256532099,0.4647231720437686,2013-9,2013-02-25,697.5999999999999,339.03999999999996,1549.0825812025735,511.93729060128663,814.085172368168,145.97863654075022,483.01516071175746,10.0,5.0,26.0,11.0,13.916666666666666,5.354126134736347,7.573378414291775
LATAM,Chairs,2013,10,3,1,Winter,0.2857142857142857,0.08571428571428573,1169.912,25,0.9350162426854148,0.35460488704253557,2013-10,2013-03-04,438.6185812025736,550.0319999999999,995.76,666.9072906012866,828.5978390348346,364.8497383412507,491.51155341952295,5.0,11.0,13.0,14.5,14.916666666666666,8.81286937760153,8.207073815073226
LATAM,Chairs,2013,11,3,1,Winter,0.6,0.12000000000000002,1067.552,12,0.970941817426052,0.23931566428755804,2013-11,2013-03-11,1169.912,361.4985812025736,1154.1651624051472,843.4206453006432,821.3800755010724,337.61903606814224,486.91043924137375,25.0,18.0,13.0,13.0,14.833333333333334,8.524474568362955,8.233339467547708
LATAM,Chairs,2013,12,3,1,Autumn,0.3333333333333333,0.13333333333333333,1076.8731624051472,31,0.992708874098054,0.120536680255323,2013-12,2013-03-18,1067.552,697.5999999999999,1824.228,938.2389359019301,759.1005057015012,336.2708356682534,383.8711140563426,12.0,10.0,24.0,18.25,15.416666666666666,11.870832602082585,9.139905841302676
LATAM,Chairs,2013,13,3,1,Autumn,0.8,0.28,1485.6480000000001,16,1.0,-1.6081226496766366e-16,2013-13,2013-03-25,1076.8731624051472,438.6185812025736,1186.0225812025735,1199.9962906012868,784.0692906012869,195.96152550357942,422.014096550885,31.0,5.0,20.0,21.0,15.083333333333334,8.602325267042634,9.029832710957539
LATAM,Chairs,2013,14,4,2,Spring,0.4,0.08,769.608,16,0.992708874098054,-0.12053668025532288,2013-14,2013-04-01,1485.6480000000001,1169.912,1320.7079999999999,1099.9202906012865,738.1442906012868,294.0923616115554,386.8254987793704,16.0,25.0,26.0,18.75,14.25,8.381527307120113,8.367958369442768
LATAM,Chairs,2013,15,4,2,Spring,0.42857142857142855,0.17142857142857146,1053.68,32,0.9709418174260521,-0.2393156642875575,2013-15,2013-04-08,769.608,1067.552,654.8585812025736,1096.4522906012867,771.3794088344056,294.6824854071626,396.0423564437917,16.0,12.0,19.0,23.75,15.333333333333334,8.958236433584466,9.763879010584539
LATAM,Chairs,2013,16,4,2,Autumn,0.6,0.2,1132.3011624051471,19,0.9350162426854148,-0.35460488704253545,2013-16,2013-04-15,1053.68,1076.8731624051472,246.4905812025736,1110.3092906012866,845.1969572679533,294.75811279189384,371.0810857750701,32.0,31.0,3.0,20.75,16.666666666666668,7.632168761236882,8.988207762834522
LATAM,Chairs,2013,17,4,2,Autumn,0.3333333333333333,0.13333333333333333,733.8931624051472,18,0.8854560256532099,-0.4647231720437685,2013-17,2013-04-22,1132.3011624051471,1485.6480000000001,339.03999999999996,922.3705812025735,878.1013874683823,200.1442446513534,338.1653906083643,19.0,16.0,5.0,21.25,17.75,7.27438428093174,8.203380677833653
LATAM,Chairs,2013,18,5,2,Spring,0.75,0.15000000000000002,942.7185812025735,18,0.8229838658936565,-0.5680647467311557,2013-18,2013-04-29,733.8931624051472,769.608,550.0319999999999,965.6482265032168,910.8252692352635,172.97299650372793,322.1532349866318,18.0,16.0,11.0,21.75,18.333333333333332,6.849574196011514,7.923880286064319
LATAM,Chairs,2013,19,5,2,Spring,0.6,0.12000000000000002,964.0411624051471,28,0.7485107481711013,-0.663122658240795,2013-19,2013-05-06,942.7185812025735,1053.68,361.4985812025736,943.2385171045036,961.0371510021446,163.3025635307291,271.76646043481065,18.0,32.0,18.0,20.75,19.166666666666668,4.856267428111167,8.39733002299847
LATAM,Chairs,2013,20,5,2,Spring,0.6666666666666666,0.13333333333333333,1589.98,18,0.6631226582407952,-0.7485107481711012,2013-20,2013-05-13,964.0411624051471,1132.3011624051471,697.5999999999999,1057.6582265032168,1035.4021510021446,369.75918470511203,312.21135546108565,28.0,19.0,10.0,20.5,19.833333333333332,5.0000000000000115,7.906652358308886
LATAM,Chairs,2013,21,5,2,Spring,0.0,0.0,384.12,6,0.5680647467311558,-0.8229838658936564,2013-21,2013-05-20,1589.98,733.8931624051472,438.6185812025736,970.21493590193,1030.860602568597,492.75084088117495,321.92680398338183,18.0,18.0,5.0,17.5,19.916666666666668,9.000000000000007,7.739606911950703
LATAM,Chairs,2013,22,5,2,Autumn,0.6,0.16,1220.9305812025736,23,0.46472317204376906,-0.8854560256532096,2013-22,2013-05-27,384.12,942.7185812025735,1169.912,1039.76793590193,1035.1121510021446,507.0049242390978,324.2585859287731,6.0,18.0,25.0,18.75,19.75,9.429563439877096,7.641097017860956
LATAM,Chairs,2013,23,6,2,Winter,1.0,0.4,168.96,5,0.35460488704253584,-0.9350162426854147,2013-23,2013-06-03,1220.9305812025736,964.0411624051471,1067.552,840.9976453006433,960.229484335478,674.7086736537353,408.8184944792525,23.0,28.0,12.0,13.0,19.166666666666668,8.906926143924931,8.504900548115378
LATAM,Chairs,2013,24,6,2,Spring,0.36363636363636365,0.10909090909090911,2518.0143248102945,52,0.23931566428755768,-0.970941817426052,2013-24,2013-06-10,168.96,1589.98,1076.8731624051472,1073.006226503217,1080.3245812025737,1064.8620930441032,608.9090131906133,5.0,18.0,31.0,21.5,20.916666666666668,21.9469056285087,12.420352310427893
LATAM,Chairs,2013,25,6,2,Spring,0.75,0.25,1002.14,21,0.12053668025532308,-0.992708874098054,2013-25,2013-06-17,2518.0143248102945,384.12,1485.6480000000001,1227.511226503217,1040.0322478692403,972.413567795748,595.4994953970296,52.0,6.0,16.0,25.25,21.333333333333332,19.568256607747834,12.32391122488262
LATAM,Chairs,2013,26,6,2,Summer,0.5,0.14,2074.5425812025737,41,-3.216245299353273e-16,-1.0,2013-26,2013-06-24,1002.14,1220.9305812025736,769.608,1440.914226503217,1148.776796302788,1060.191789224167,657.5432217642282,21.0,23.0,16.0,29.75,23.416666666666668,20.90255167836374,13.405957517823817
LATAM,Chairs,2013,27,7,3,Summer,0.2857142857142857,0.08571428571428573,1560.412,25,-0.12053668025532283,-0.992708874098054,2013-27,2013-07-01,2074.5425812025737,168.96,1053.68,1788.777226503217,1191.0044629694548,654.3183186315132,667.0829308972657,41.0,5.0,32.0,34.75,22.833333333333332,14.384598244882154,13.148337837110356
LATAM,Chairs,2013,28,7,3,Summer,0.6,0.12000000000000002,1291.552,19,-0.23931566428755743,-0.9709418174260521,2013-28,2013-07-08,1560.412,2518.0143248102945,1132.3011624051471,1482.1616453006432,1204.2753661023592,455.99382600695895,667.3929148631981,25.0,52.0,19.0,26.5,22.833333333333332,9.983319421247963,13.148337837110356
LATAM,Chairs,2013,29,7,3,Summer,0.2,0.04,1216.4611624051472,18,-0.3546048870425356,-0.9350162426854148,2013-29,2013-07-15,1291.552,1002.14,733.8931624051472,1535.74193590193,1244.489366102359,388.36567156889816,650.805753552684,19.0,21.0,18.0,25.75,22.833333333333332,10.626225419530057,13.148337837110356
LATAM,Chairs,2013,30,7,3,Summer,0.3333333333333333,0.06666666666666667,532.4345812025736,11,-0.46472317204376806,-0.8854560256532101,2013-30,2013-07-22,1216.4611624051472,2074.5425812025737,942.7185812025735,1150.21493590193,1210.2990327690256,437.5229236893067,678.2972049577436,18.0,41.0,18.0,18.25,22.25,5.737304826019509,13.531948727498056
LATAM,Chairs,2013,31,7,3,Summer,1.0,0.2,235.04000000000002,5,-0.5680647467311556,-0.8229838658936566,2013-31,2013-07-29,532.4345812025736,1560.412,964.0411624051471,818.87193590193,1149.5489359019302,517.8190557757102,732.8126656208348,11.0,25.0,28.0,13.25,20.333333333333332,6.551081335677855,14.25312299643538
LATAM,Chairs,2013,32,8,3,Summer,0.5,0.1,138.45600000000002,6,-0.663122658240795,-0.7485107481711013,2013-32,2013-08-05,235.04000000000002,1291.552,1589.98,530.5979359019301,1028.588602568597,487.0118171402996,772.2406012120799,5.0,19.0,18.0,10.0,19.333333333333332,5.944184833375677,14.840566843703245
LATAM,Chairs,2013,33,8,3,Summer,0.6,0.16,1181.2305812025736,31,-0.7485107481711011,-0.6631226582407952,2013-33,2013-08-12,138.45600000000002,1216.4611624051472,384.12,521.7902906012866,1095.014484335478,470.51238216134544,745.588360014902,6.0,18.0,6.0,13.25,21.416666666666668,12.120918557051143,14.55059094915725
LATAM,Chairs,2013,34,8,3,Summer,0.5,0.10000000000000002,1065.4479999999999,19,-0.8229838658936564,-0.5680647467311559,2013-34,2013-08-19,1181.2305812025736,532.4345812025736,1220.9305812025736,655.0436453006432,1082.0576025685968,544.2334925419274,744.5515289946565,31.0,11.0,23.0,15.25,21.083333333333332,12.284814474246925,14.556837402111595
LATAM,Chairs,2013,35,8,3,Summer,0.6,0.2,981.26,16,-0.8854560256532096,-0.4647231720437691,2013-35,2013-08-26,1065.4479999999999,235.04000000000002,168.96,841.5986453006433,1149.7492692352635,475.87577479865456,688.8299537255392,19.0,5.0,5.0,18.0,22.0,10.295630140987003,13.777451934889184
LATAM,Chairs,2013,36,9,3,Summer,0.42857142857142855,0.08571428571428573,958.8571624051472,19,-0.9350162426854147,-0.3546048870425359,2013-36,2013-09-02,981.26,138.45600000000002,2518.0143248102945,1046.69893590193,1019.8195057015013,100.74509499208102,537.7616377476887,16.0,6.0,52.0,21.25,19.25,6.65206734782504,10.028368851322815
LATAM,Chairs,2013,37,9,3,Summer,1.0,0.23333333333333336,711.96,20,-0.970941817426052,-0.23931566428755774,2013-37,2013-09-09,958.8571624051472,1181.2305812025736,1002.14,929.3812906012868,995.6378390348345,152.03770861291719,545.1030964755392,19.0,31.0,21.0,18.5,19.166666666666668,1.7320508075688936,10.016652800877807
LATAM,Chairs,2013,38,9,3,Summer,0.5384615384615384,0.13846153846153847,2747.1905812025734,38,-0.992708874098054,-0.12053668025532357,2013-38,2013-09-16,711.96,1065.4479999999999,2074.5425812025737,1349.81693590193,1051.6918390348346,939.5385985956231,683.2215266056378,20.0,19.0,41.0,23.25,18.916666666666668,9.979144919948473,9.443211446549435
LATAM,Chairs,2013,39,9,3,Autumn,0.8571428571428571,0.2571428571428572,1506.036,23,-1.0,-1.8369701987210297e-16,2013-39,2013-09-23,2747.1905812025734,981.26,1560.412,1481.0109359019302,1047.1605057015013,906.9952321071555,679.7121193591046,38.0,16.0,25.0,25.0,18.75,8.831760866327851,9.343203655355822
LATAM,Chairs,2013,40,10,4,Autumn,0.7272727272727273,0.21818181818181823,1726.9063248102943,46,-0.992708874098054,0.1205366802553232,2013-40,2013-09-30,1506.036,958.8571624051472,1291.552,1673.0232265032168,1083.4400327690257,838.3050664559197,705.0871605914222,23.0,19.0,19.0,31.75,21.0,12.33896267925307,12.217721852813934
LATAM,Chairs,2013,41,10,4,Spring,0.42857142857142855,0.14285714285714285,1769.6877436077207,28,-0.9709418174260521,0.23931566428755738,2013-41,2013-10-07,1726.9063248102943,711.96,1216.4611624051472,1937.4551624051471,1129.54224786924,552.0479031050033,732.1427626057351,46.0,20.0,18.0,33.75,21.833333333333332,10.275375094532238,12.334971226213503
LATAM,Chairs,2013,42,10,4,Autumn,0.5,0.11666666666666668,1976.5491624051472,52,-0.9350162426854148,0.35460488704253557,2013-42,2013-10-14,1769.6877436077207,2747.1905812025734,532.4345812025736,1744.7948077057906,1249.8851296361215,192.92097281643913,743.6676622458065,28.0,38.0,11.0,37.25,25.25,13.937359864766357,14.542258171524553
LATAM,Chairs,2013,43,10,4,Autumn,0.7142857142857143,0.2857142857142857,903.636,22,-0.8854560256532101,0.464723172043768,2013-43,2013-10-21,1976.5491624051472,1506.036,235.04000000000002,1594.1948077057905,1305.6014629694548,473.1019751883171,683.3196786542654,52.0,23.0,5.0,37.0,26.666666666666668,14.282856857085703,13.151794439151521
LATAM,Chairs,2013,44,10,4,Autumn,0.5555555555555556,0.15555555555555556,1054.456,22,-0.822983865893657,0.5680647467311548,2013-44,2013-10-28,903.636,1726.9063248102943,138.45600000000002,1426.082226503217,1381.9347963027878,526.6671025478313,585.2045325513029,22.0,46.0,6.0,31.0,28.0,14.282856857085703,11.583687589961071
LATAM,Chairs,2013,45,11,4,Autumn,0.7777777777777778,0.2,1250.412,24,-0.7485107481711011,0.6631226582407952,2013-45,2013-11-04,1054.456,1769.6877436077207,1181.2305812025736,1296.2632906012868,1387.6999145359068,475.2256177643711,583.3854969863322,22.0,28.0,31.0,30.0,27.416666666666668,14.69693845669907,11.595126980631546
LATAM,Chairs,2013,46,11,4,Autumn,0.6666666666666666,0.16666666666666666,880.1785812025736,22,-0.6631226582407955,0.7485107481711007,2013-46,2013-11-11,1250.412,1976.5491624051472,1065.4479999999999,1022.1706453006433,1372.2607963027879,170.63476445949476,595.0245395962087,24.0,52.0,19.0,22.5,27.666666666666668,1.0000000000000506,11.428300862598103
LATAM,Chairs,2013,47,11,4,Autumn,0.6363636363636364,0.2,1068.9345812025736,29,-0.5680647467311559,0.8229838658936564,2013-47,2013-11-18,880.1785812025736,903.636,981.26,1063.4952906012868,1379.5670114030027,151.27697208986802,590.3066099030078,22.0,22.0,16.0,24.25,28.75,3.30403793359985,10.821905394321108
LATAM,Chairs,2013,48,11,4,Autumn,0.6666666666666666,0.13333333333333333,1304.1625812025736,20,-0.4647231720437684,0.88545602565321,2013-48,2013-11-25,1068.9345812025736,1054.456,958.8571624051472,1125.9219359019303,1408.3424629694548,192.2713869082416,576.1812816326926,29.0,22.0,19.0,23.75,28.833333333333332,3.8622100754188353,10.743567490561148
LATAM,Chairs,2013,49,12,4,Autumn,0.16666666666666666,0.03333333333333333,1313.533162405147,21,-0.35460488704253595,0.9350162426854147,2013-49,2013-12-02,1304.1625812025736,1250.412,711.96,1141.702226503217,1458.4735598365503,207.8533013416848,534.7655653400186,20.0,24.0,20.0,23.0,28.916666666666668,4.082482904638643,10.672465279939546
LATAM,Chairs,2013,50,12,4,Autumn,0.4,0.12000000000000002,1782.0637436077207,19,-0.2393156642875578,0.970941817426052,2013-50,2013-12-09,1313.533162405147,880.1785812025736,2747.1905812025734,1367.1735171045038,1378.0463233703128,298.8466879138954,370.7502062888066,21.0,22.0,38.0,22.25,27.333333333333332,4.573474244670758,10.611600284879774
LATAM,Chairs,2013,51,12,4,Autumn,0.6,0.14,1701.5505812025735,35,-0.12053668025532363,0.992708874098054,2013-51,2013-12-16,1782.0637436077207,1068.9345812025736,1506.036,1525.3275171045038,1394.3392051371939,252.14997909593652,381.039370627679,19.0,29.0,23.0,23.75,28.333333333333332,7.544313531837523,10.730867399773192
LATAM,Chairs,2013,52,12,4,Summer,0.3333333333333333,0.13333333333333333,1087.5425812025735,16,6.432490598706546e-16,1.0,2013-52,2013-12-23,1701.5505812025735,1304.1625812025736,1726.9063248102943,1471.1725171045036,1341.0588931698835,327.49020392697565,374.9616709262339,35.0,20.0,46.0,22.75,25.833333333333332,8.421203397773192,9.684414220172465
LATAM,Chairs,2014,1,12,4,Summer,0.0,0.0,412.02,5,0.12053668025532305,0.992708874098054,2014-1,2013-12-30,1087.5425812025735,1313.533162405147,1769.6877436077207,1245.794226503217,1227.9199145359069,636.53276790378,434.044848233694,16.0,21.0,28.0,18.75,23.916666666666668,12.392874296680871,11.349476025817486
LATAM,Chairs,2014,2,1,1,Winter,0.6666666666666666,0.13333333333333333,552.28,9,0.23931566428755774,0.970941817426052,2014-2,2014-01-06,412.02,1782.0637436077207,1976.5491624051472,938.3482906012867,1109.2308176688114,586.1759881418286,404.44603593598106,5.0,19.0,52.0,16.25,20.333333333333332,13.301002468485853,7.958224257542199
LATAM,Chairs,2014,3,1,1,Summer,0.0,0.0,483.0345812025736,13,0.3546048870425356,0.9350162426854148,2014-3,2014-01-13,552.28,1701.5505812025735,903.636,633.7192906012867,1074.1806994356923,307.92011639683153,440.50104982662634,9.0,35.0,22.0,10.75,19.583333333333332,4.7871355387816985,8.20707381507321
LATAM,Chairs,2014,4,1,1,Summer,0.75,0.25,883.5677436077208,15,0.4647231720437685,0.8854560256532099,2014-4,2014-01-20,483.0345812025736,1087.5425812025735,1054.456,582.7255812025736,1059.9400114030025,208.57583035919407,443.9454914018032,13.0,16.0,22.0,10.5,19.0,4.434711565216698,8.26823054611058
LATAM,Chairs,2014,5,1,1,Winter,0.6666666666666666,0.20000000000000004,336.584,6,0.5680647467311558,0.8229838658936564,2014-5,2014-01-27,883.5677436077208,412.02,1250.412,563.8665812025736,983.7876780696693,231.32535964832215,484.7996586241773,15.0,5.0,24.0,10.75,17.5,4.031128874149284,8.88819441731557
LATAM,Chairs,2014,6,2,1,Winter,0.6666666666666666,0.20000000000000004,484.832,12,0.6631226582407952,0.7485107481711011,2014-6,2014-02-03,336.584,552.28,880.1785812025736,547.0045812025736,950.8421296361213,234.88236348945634,505.4732087863635,6.0,9.0,22.0,11.5,16.666666666666668,3.872983346207427,8.896713727636445
LATAM,Chairs,2014,7,2,1,Winter,1.0,0.2,246.4905812025736,7,0.7485107481711011,0.6631226582407953,2014-7,2014-02-10,484.832,483.0345812025736,1068.9345812025736,487.86858120257364,882.3051296361214,281.50631215373,542.4131472196825,12.0,13.0,29.0,10.0,14.833333333333334,4.242640687119294,8.375650133065177
LATAM,Chairs,2014,8,2,1,Winter,0.6666666666666666,0.13333333333333333,333.304,11,0.8229838658936564,0.5680647467311559,2014-8,2014-02-17,246.4905812025736,883.5677436077208,1304.1625812025736,350.3026453006434,801.4002478692402,98.9145205031044,546.1621118994726,7.0,15.0,20.0,9.0,14.083333333333334,2.943920288775962,8.273268380571807
LATAM,Chairs,2014,9,2,1,Winter,1.0,0.2,146.56,2,0.8854560256532099,0.4647231720437686,2014-9,2014-02-24,333.304,336.584,1313.533162405147,302.7966453006434,704.1524843354781,143.3501903734308,550.5595232579306,11.0,6.0,21.0,8.0,12.5,4.546060565661961,8.639233972775777
LATAM,Chairs,2014,10,3,1,Winter,0.7142857142857143,0.2285714285714286,1304.344,24,0.9350162426854148,0.35460488704253557,2014-10,2014-03-03,146.56,484.832,1782.0637436077207,507.67464530064336,664.3425057015012,536.5656483752487,478.02556369201443,2.0,12.0,19.0,11.0,12.916666666666666,9.416297927883694,9.09003783703827
LATAM,Chairs,2014,11,3,1,Winter,0.6666666666666666,0.15555555555555556,2629.4865812025737,29,0.970941817426052,0.23931566428755804,2014-11,2014-03-10,1304.344,246.4905812025736,1701.5505812025735,1103.4236453006433,741.6705057015014,1136.9417131120017,689.3889287265456,24.0,7.0,35.0,16.5,12.416666666666666,12.288205727444511,7.844608262231984
LATAM,Chairs,2014,12,3,1,Winter,0.6666666666666666,0.13333333333333333,582.7465812025736,9,0.992708874098054,0.120536680255323,2014-12,2014-03-17,2629.4865812025737,333.304,1087.5425812025735,1165.7842906012868,699.604172368168,1086.3354782191218,681.7239143873329,29.0,11.0,16.0,16.0,11.833333333333334,12.622730819174327,7.8141286181253475
LATAM,Chairs,2014,13,3,1,Spring,1.0,0.2,147.84,5,1.0,-1.6081226496766366e-16,2014-13,2014-03-24,582.7465812025736,146.56,412.02,1166.1042906012867,677.589172368168,1085.935284801196,695.9718889918622,9.0,2.0,5.0,16.75,11.833333333333334,11.557825631723876,7.8141286181253475
LATAM,Chairs,2014,14,4,2,Autumn,0.8,0.32,816.904,13,0.992708874098054,-0.12053668025532288,2014-14,2014-03-31,147.84,1304.344,552.28,1044.2442906012866,699.641172368168,1092.580663022209,695.8328114899703,5.0,24.0,9.0,14.0,12.166666666666666,10.519822558706338,7.767453465153997
LATAM,Chairs,2014,15,4,2,Spring,0.5,0.2,831.244,13,0.9709418174260521,-0.2393156642875575,2014-15,2014-04-07,816.904,2629.4865812025737,483.0345812025736,594.6836453006433,728.6586239346201,318.9328164901644,693.2343861773644,13.0,29.0,13.0,10.0,12.166666666666666,3.829708431025362,7.767453465153997
LATAM,Chairs,2014,16,4,2,Spring,0.25,0.05,604.6505812025736,12,0.9350162426854148,-0.35460488704253545,2014-16,2014-04-14,831.244,582.7465812025736,883.5677436077208,600.1596453006433,705.4155270675246,318.84757294096835,692.2434750765369,13.0,9.0,15.0,10.75,11.916666666666666,3.862210075418832,7.7160792367547835
LATAM,Chairs,2014,17,4,2,Spring,0.6666666666666666,0.13333333333333333,654.5865812025736,19,0.8854560256532099,-0.4647231720437685,2014-17,2014-04-21,604.6505812025736,147.84,336.584,726.8462906012867,731.915742167739,114.25487553081513,682.863693720718,12.0,5.0,6.0,14.25,13.0,3.2015621187164367,7.722458393307352
LATAM,Chairs,2014,18,4,2,Spring,0.6666666666666666,0.13333333333333333,274.152,5,0.8229838658936565,-0.5680647467311557,2014-18,2014-04-28,654.5865812025736,816.904,484.832,591.1582906012867,714.3590755010723,232.6222446317538,692.435063951677,19.0,13.0,12.0,12.25,12.416666666666666,5.737304826019509,8.061787906067968
LATAM,Chairs,2014,19,5,2,Autumn,0.5,0.13333333333333333,1518.92,34,0.7485107481711013,-0.663122658240795,2014-19,2014-05-05,274.152,831.244,246.4905812025736,763.0772906012867,820.3948604008579,531.4180392802778,711.4405230880036,5.0,13.0,7.0,17.5,14.666666666666666,12.396235987858038,9.95748538294256
LATAM,Chairs,2014,20,5,2,Spring,0.6,0.2,870.6225812025737,15,0.6631226582407952,-0.7485107481711012,2014-20,2014-05-12,1518.92,604.6505812025736,333.304,829.5702906012867,865.1714088344057,521.5352619913297,694.7092160154281,34.0,12.0,11.0,18.25,15.0,12.038133853162904,9.890307468333905
LATAM,Chairs,2014,21,5,2,Autumn,0.5,0.1,370.308,6,0.5680647467311558,-0.8229838658936564,2014-21,2014-05-19,870.6225812025737,654.5865812025736,146.56,758.5006453006433,883.8170755010724,570.4080596619307,676.4308302241716,15.0,19.0,2.0,15.0,15.333333333333334,13.441230102437304,9.470848414844854
LATAM,Chairs,2014,22,5,2,Autumn,0.5,0.15000000000000002,788.86,12,0.46472317204376906,-0.8854560256532096,2014-22,2014-05-26,370.308,274.152,1304.344,887.1776453006433,840.8600755010724,474.76066338000163,663.5425350911145,6.0,5.0,24.0,16.75,14.333333333333334,12.093386622447827,9.098784467602162
LATAM,Chairs,2014,23,6,2,Autumn,0.375,0.1,1229.3705812025737,29,0.35460488704253584,-0.9350162426854147,2014-23,2014-06-02,788.86,1518.92,2629.4865812025737,814.7902906012868,724.1837421677391,352.7184659458925,385.12936311272136,12.0,34.0,29.0,15.5,14.333333333333334,9.746794344808967,9.098784467602162
LATAM,Chairs,2014,24,6,2,Spring,0.36363636363636365,0.1272727272727273,2144.9997436077206,30,0.23931566428755768,-0.970941817426052,2014-24,2014-06-09,1229.3705812025737,870.6225812025737,582.7465812025736,1133.3845812025734,854.3715057015012,760.1670002564367,558.154286572079,29.0,15.0,9.0,19.25,16.083333333333332,12.093386622447827,9.958626533023619
LATAM,Chairs,2014,25,6,2,Spring,0.75,0.15000000000000002,511.624,10,0.12053668025532308,-0.992708874098054,2014-25,2014-06-16,2144.9997436077206,370.308,147.84,1168.7135812025736,884.6868390348346,714.8121905857888,525.1977233473025,30.0,6.0,5.0,20.25,16.5,10.719919153924005,9.548917120900034
LATAM,Chairs,2014,26,6,2,Summer,0.4444444444444444,0.13333333333333336,1798.676,36,-3.216245299353273e-16,-1.0,2014-26,2014-06-23,511.624,788.86,816.904,1421.1675812025735,966.5011723681679,714.2598082189338,586.5630080182765,10.0,12.0,13.0,26.25,18.416666666666668,11.265729744080796,10.983113760623056
LATAM,Chairs,2014,27,7,3,Summer,0.6666666666666666,0.20000000000000004,956.8945812025736,19,-0.12053668025532283,-0.992708874098054,2014-27,2014-06-30,1798.676,1229.3705812025737,831.244,1353.0485812025734,976.9720541350492,750.7116085392678,585.0485525824497,36.0,29.0,13.0,23.75,18.916666666666668,11.557825631723876,10.849870827327699
LATAM,Chairs,2014,28,7,3,Summer,1.0,0.2,33.232,1,-0.23931566428755743,-0.9709418174260521,2014-28,2014-07-07,956.8945812025736,2144.9997436077206,604.6505812025736,825.1066453006433,929.3538390348346,750.6757336413026,638.8848221227693,19.0,30.0,12.0,16.5,18.0,14.933184523068082,11.901107664262318
LATAM,Chairs,2014,29,7,3,Summer,0.0,0.0,838.42,10,-0.3546048870425356,-0.9350162426854148,2014-29,2014-07-14,33.232,511.624,654.5865812025736,906.8056453006433,944.6732906012868,722.4378038600474,633.8818118456998,1.0,10.0,19.0,16.5,17.25,14.933184523068082,12.114041439585703
LATAM,Chairs,2014,30,7,3,Winter,0.3333333333333333,0.08888888888888889,2288.1863248102945,34,-0.46472317204376806,-0.8854560256532101,2014-30,2014-07-21,838.42,1798.676,274.152,1029.183226503217,1112.509484335478,934.2776004210247,703.0626690087231,10.0,36.0,5.0,16.0,19.666666666666668,14.071247279470292,12.338655690245348
LATAM,Chairs,2014,31,7,3,Summer,0.5,0.1,1220.5919999999999,10,-0.5680647467311556,-0.8229838658936566,2014-31,2014-07-28,2288.1863248102945,956.8945812025736,1518.92,1095.1075812025736,1087.6488176688113,936.776652873643,692.5817294780384,34.0,19.0,34.0,13.75,17.666666666666668,14.15097169808491,11.734435209969389
LATAM,Chairs,2014,32,8,3,Summer,1.0,0.26666666666666666,492.904,6,-0.663122658240795,-0.7485107481711013,2014-32,2014-08-04,1220.5919999999999,33.232,870.6225812025737,1210.0255812025734,1056.1722692352635,777.795240507924,711.6623117544415,10.0,1.0,15.0,15.0,16.916666666666668,12.8062484748657,12.198795270870223
LATAM,Chairs,2014,33,8,3,Summer,1.0,0.2,175.52,5,-0.7485107481711011,-0.6631226582407952,2014-33,2014-08-11,492.904,838.42,370.308,1044.3005812025735,1039.93993590193,937.5763605397182,730.6953391641727,6.0,10.0,6.0,13.75,16.833333333333332,13.671747023210557,12.283272686006264
LATAM,Chairs,2014,34,8,3,Summer,0.8,0.2,729.9359999999999,12,-0.8229838658936564,-0.5680647467311559,2014-34,2014-08-18,175.52,2288.1863248102945,788.86,654.7379999999998,1035.0296025685968,440.3353357007222,732.7311571361897,5.0,34.0,12.0,8.25,16.833333333333332,3.3040379335998464,12.283272686006264
LATAM,Chairs,2014,35,8,3,Summer,0.75,0.2,605.856,12,-0.8854560256532096,-0.4647231720437691,2014-35,2014-08-25,729.9359999999999,1220.5919999999999,1229.3705812025737,501.05399999999986,983.070054135049,237.6336373383788,739.7707546692983,12.0,10.0,29.0,8.75,15.416666666666666,3.774917217635385,11.719900196079328
LATAM,Chairs,2014,36,9,3,Summer,0.25,0.07500000000000001,2092.5,24,-0.9350162426854147,-0.3546048870425359,2014-36,2014-09-01,605.856,492.904,2144.9997436077206,900.9529999999999,978.6950755010724,829.1293313663439,732.392901283252,12.0,6.0,30.0,13.25,14.916666666666666,7.889866919029755,11.155580204407539
LATAM,Chairs,2014,37,9,3,Summer,0.5,0.14,1360.5705812025735,35,-0.970941817426052,-0.23931566428755774,2014-37,2014-09-08,2092.5,175.52,511.624,1197.2156453006432,1049.4406239346201,682.2207384357266,724.1300298325493,24.0,5.0,10.0,20.75,17.0,11.056672193747994,12.416997148337348
LATAM,Chairs,2014,38,9,3,Summer,0.75,0.225,1736.6,35,-0.992708874098054,-0.12053668025532357,2014-38,2014-09-15,1360.5705812025735,729.9359999999999,1798.676,1448.8816453006434,1044.2676239346201,636.5316228891037,718.4908768559093,35.0,12.0,36.0,26.5,16.916666666666668,10.969655114602892,12.280496979381809
LATAM,Chairs,2014,39,9,3,Spring,0.42857142857142855,0.14285714285714285,2092.721162405147,25,-1.0,-1.8369701987210297e-16,2014-39,2014-09-22,1736.6,605.856,956.8945812025736,1820.5979359019302,1138.9198390348345,349.601012189028,778.2633822247798,35.0,12.0,19.0,29.75,17.416666666666668,6.075908711186067,12.493331554606762
LATAM,Chairs,2014,40,10,4,Autumn,0.875,0.225,1754.2185812025737,27,-0.992708874098054,0.1205366802553232,2014-40,2014-09-29,2092.721162405147,2092.5,33.232,1736.0275812025734,1282.3353874683824,299.18194568099165,711.7113513193664,25.0,24.0,1.0,30.5,19.583333333333332,5.259911279353172,11.610796960614104
LATAM,Chairs,2014,41,10,4,Autumn,0.625,0.2,1542.3917436077209,38,-0.9709418174260521,0.23931566428755738,2014-41,2014-10-06,1754.2185812025737,1360.5705812025735,838.42,1781.4828718038602,1340.9996994356923,228.61295883498642,700.7226103179822,27.0,35.0,10.0,31.25,21.916666666666668,6.238322424070971,12.302685097411063
LATAM,Chairs,2014,42,10,4,Spring,0.2222222222222222,0.06666666666666668,1909.1825812025736,40,-0.9350162426854148,0.35460488704253557,2014-42,2014-10-13,1542.3917436077209,1736.6,2288.1863248102945,1824.6285171045038,1309.416054135049,233.55100200126134,661.5981275914738,38.0,35.0,34.0,32.5,22.416666666666668,7.593857166596348,12.943642408065761
LATAM,Chairs,2014,43,10,4,Autumn,0.4444444444444444,0.1111111111111111,1353.5065812025734,35,-0.8854560256532101,0.464723172043768,2014-43,2014-10-20,1909.1825812025736,2092.721162405147,1220.5919999999999,1639.8248718038603,1320.4922692352636,242.9752212095182,661.0882885784026,40.0,25.0,10.0,35.0,24.5,5.715476066494087,12.7742638998033
LATAM,Chairs,2014,44,10,4,Autumn,0.42857142857142855,0.1142857142857143,1403.0905812025735,23,-0.822983865893657,0.5680647467311548,2014-44,2014-10-27,1353.5065812025734,1754.2185812025737,492.904,1552.0428718038602,1396.3411510021444,251.16087796864437,607.550856953281,35.0,27.0,6.0,34.0,25.916666666666668,7.615773105863912,11.405408073950401
LATAM,Chairs,2014,45,11,4,Autumn,0.8333333333333334,0.21666666666666667,2654.121162405147,62,-0.7485107481711011,0.6631226582407952,2014-45,2014-11-03,1403.0905812025735,1542.3917436077209,175.52,1829.9752265032168,1602.89124786924,604.081451199593,575.242987851251,23.0,38.0,5.0,40.0,30.666666666666668,16.309506430300093,13.566893751356858
LATAM,Chairs,2014,46,11,4,Autumn,0.7142857142857143,0.2,972.7239999999999,19,-0.6631226582407955,0.7485107481711007,2014-46,2014-11-10,2654.121162405147,1909.1825812025736,729.9359999999999,1595.8605812025735,1623.1235812025736,731.2342057043093,545.2353264710312,62.0,40.0,12.0,34.75,31.25,19.397164741270824,12.821324566376259
LATAM,Chairs,2014,47,11,4,Autumn,0.7,0.18,2417.8411624051473,37,-0.5680647467311559,0.8229838658936564,2014-47,2014-11-17,972.7239999999999,1353.5065812025734,605.856,1861.944226503217,1774.1223447363361,803.7049583332266,485.53928373919945,19.0,35.0,12.0,35.25,33.333333333333336,19.431503630273532,11.35648259672407
LATAM,Chairs,2014,48,11,4,Autumn,0.5454545454545454,0.18181818181818182,2530.521162405147,43,-0.4647231720437684,0.88545602565321,2014-48,2014-11-24,2417.8411624051473,1403.0905812025735,2092.5,2143.80187180386,1810.624108270098,786.6592872616178,526.3958631106798,37.0,23.0,24.0,40.25,34.916666666666664,17.727097901235837,11.261021537169965
LATAM,Chairs,2014,49,12,4,Autumn,0.75,0.21666666666666667,1885.899743607721,46,-0.35460488704253595,0.9350162426854147,2014-49,2014-12-01,2530.521162405147,2654.121162405147,1360.5705812025735,1951.7465171045037,1854.401538470527,710.6441197951771,507.0538195399465,43.0,62.0,35.0,36.25,35.833333333333336,12.093386622447827,11.70728858705575
LATAM,Chairs,2014,50,12,4,Autumn,0.46153846153846156,0.1076923076923077,2770.9531624051474,59,-0.2393156642875578,0.970941817426052,2014-50,2014-12-08,1885.899743607721,972.7239999999999,1736.6,2401.303807705791,1940.5976353376227,373.83267360964146,569.3035463297749,46.0,19.0,35.0,46.25,37.833333333333336,9.287087810503358,13.469381664510149
LATAM,Chairs,2014,51,12,4,Autumn,0.375,0.1,1571.591743607721,35,-0.12053668025532363,0.992708874098054,2014-51,2014-12-15,2770.9531624051474,2417.8411624051473,2092.721162405147,2189.7414530064343,1897.1701837711707,556.287308585555,576.4755190378448,59.0,37.0,25.0,45.75,38.666666666666664,9.979144919948473,12.900552020136278
LATAM,Chairs,2014,52,12,4,Winter,0.42857142857142855,0.1142857142857143,1562.5103248102944,32,6.432490598706546e-16,1.0,2014-52,2014-12-22,1571.591743607721,2530.521162405147,1754.2185812025737,1947.738743607721,1881.1944957384806,569.0323779584494,583.4118811529644,35.0,43.0,27.0,43.0,39.083333333333336,12.247448713915894,12.565886962388088
LATAM,Furnishings,2011,24,6,2,Winter,0.75,0.30000000000000004,136.68,13,0.23931566428755768,-0.970941817426052,2011-24,2011-06-13,548.524,43.65,79.5,239.59199999999998,167.53166666666667,206.1689766251622,136.06954840637619,25.0,3.0,5.0,12.25,7.833333333333333,9.215023964519391,6.057802381802306
LATAM,Furnishings,2011,25,6,2,Spring,0.5,0.2,374.152,9,0.12053668025532308,-0.992708874098054,2011-25,2011-06-20,136.68,148.09199999999998,123.94,296.10699999999997,188.38266666666667,203.69528178793604,147.47532932992453,13.0,5.0,5.0,13.25,8.166666666666666,8.341662504161466,5.9974742158426135
LATAM,Furnishings,2011,26,6,2,Summer,0.5,0.2,334.668,17,-3.216245299353273e-16,-1.0,2011-26,2011-06-27,374.152,125.072,199.46,348.506,199.65,169.04305384526555,153.44289971428222,9.0,6.0,5.0,16.0,9.166666666666666,6.831300510639733,6.407855028057833
LATAM,Furnishings,2011,27,7,3,Summer,0.5,0.2,74.556,6,-0.12053668025532283,-0.992708874098054,2011-27,2011-07-04,334.668,548.524,101.292,230.014,197.422,146.74995522997617,155.18511030496333,17.0,25.0,6.0,11.25,9.166666666666666,4.787135538781691,6.407855028057833
LATAM,Furnishings,2011,29,7,3,Summer,0.5,0.2,75.582,9,-0.3546048870425356,-0.9350162426854148,2011-29,2011-07-18,74.556,136.68,255.792,214.7395,182.4045,162.081680793975,157.72191526083324,6.0,13.0,8.0,10.25,9.25,4.716990566028303,6.397797916613042
LATAM,Furnishings,2011,30,7,3,Summer,1.0,0.4,178.548,4,-0.46472317204376806,-0.8854560256532101,2011-30,2011-07-25,75.582,374.152,38.142,165.8385,194.105,122.66983065530009,151.1166350785199,9.0,9.0,6.0,9.0,9.083333333333334,5.715476066494083,6.5151338970868204
LATAM,Furnishings,2011,31,8,3,Summer,1.0,0.5,112.16,8,-0.5680647467311556,-0.8229838658936566,2011-31,2011-08-01,178.548,334.668,204.716,110.2115,186.39199999999997,48.79955886071095,152.87758520760684,4.0,17.0,9.0,6.75,9.0,2.2173557826083474,6.522687678055307
LATAM,Furnishings,2011,33,8,3,Winter,1.0,0.4,16.104,2,-0.7485107481711011,-0.6631226582407952,2011-33,2011-08-15,112.16,74.556,85.02,95.5985,180.649,68.00720215535992,158.2325827324506,8.0,6.0,3.0,5.75,8.916666666666666,3.304037933599836,6.612087187091302
LATAM,Furnishings,2011,36,9,3,Spring,0.5,0.2,45.0,4,-0.9350162426854147,-0.3546048870425359,2011-36,2011-09-05,16.104,75.582,43.65,87.953,180.76149999999998,72.57334653989707,158.12676903645726,2.0,9.0,3.0,4.5,9.0,2.516611478423585,6.536610186271836
LATAM,Furnishings,2011,37,9,3,Summer,0.4,0.16,622.684,18,-0.970941817426052,-0.23931566428755774,2011-37,2011-09-12,45.0,178.548,148.09199999999998,198.987,220.31083333333333,285.3163528413096,202.37301933797818,4.0,4.0,5.0,8.0,10.083333333333334,7.118052168020874,6.881573991904803
LATAM,Furnishings,2011,38,9,3,Summer,0.6666666666666666,0.26666666666666666,764.136,19,-0.992708874098054,-0.12053668025532357,2011-38,2011-09-19,622.684,112.16,125.072,361.981,273.5661666666667,387.2133570888277,252.8285510883299,18.0,8.0,6.0,10.75,11.166666666666666,8.99536917900909,7.1963795611320265
LATAM,Furnishings,2011,39,9,3,Autumn,0.75,0.30000000000000004,592.804,13,-1.0,-1.8369701987210297e-16,2011-39,2011-09-26,764.136,16.104,548.524,506.15599999999995,277.2561666666666,316.3885730258496,257.4865626890542,19.0,2.0,25.0,13.5,10.166666666666666,6.855654600401045,5.797073451842801
LATAM,Furnishings,2011,40,10,4,Autumn,0.0,0.0,144.2,2,-0.992708874098054,0.1205366802553232,2011-40,2011-10-03,592.804,45.0,136.68,530.956,277.88283333333334,268.44758459458467,257.12222101555074,13.0,4.0,13.0,13.0,9.25,7.788880963698616,6.166257152659729
LATAM,Furnishings,2011,41,10,4,Autumn,0.75,0.325,113.05,12,-0.9709418174260521,0.23931566428755738,2011-41,2011-10-10,144.2,622.684,374.152,403.54749999999996,256.1243333333333,325.31626272854334,259.27365756293216,2.0,18.0,9.0,11.5,9.5,7.047458170621992,6.215815605080611
LATAM,Furnishings,2011,42,10,4,Autumn,1.0,0.4,41.568,2,-0.9350162426854148,0.35460488704253557,2011-42,2011-10-17,113.05,764.136,334.668,222.9055,231.69933333333333,250.31378695482715,264.9455295075964,12.0,19.0,17.0,7.25,8.25,6.075908711186062,6.077155435054972
LATAM,Furnishings,2011,43,10,4,Autumn,0.0,0.0,259.22,8,-0.8854560256532101,0.464723172043768,2011-43,2011-10-24,41.568,592.804,74.556,139.5095,247.08799999999997,90.6370916770093,260.3108450938119,2.0,13.0,6.0,6.0,8.416666666666666,4.898979485566357,6.0371325724196
LATAM,Furnishings,2011,44,11,4,Autumn,0.25,0.125,371.04,13,-0.822983865893657,0.5680647467311548,2011-44,2011-10-31,259.22,144.2,75.582,196.2195,271.7095,147.60930684637268,256.5601591562352,8.0,2.0,9.0,8.75,8.75,4.9916597106239795,6.180982563844154
LATAM,Furnishings,2011,45,11,4,Spring,1.0,0.4000000000000001,174.732,15,-0.7485107481711011,0.6631226582407952,2011-45,2011-11-07,371.04,113.05,178.548,211.64000000000001,271.3915,138.9950863016385,256.6884607784662,13.0,12.0,4.0,9.5,9.666666666666666,5.802298395176405,6.227991553292183
LATAM,Furnishings,2011,46,11,4,Autumn,0.5,0.25,51.35,5,-0.6631226582407955,0.7485107481711007,2011-46,2011-11-14,174.732,41.568,112.16,214.0855,266.324,135.03503135976703,260.6868656802291,15.0,2.0,8.0,10.25,9.416666666666666,4.573474244670749,6.359793211808831
LATAM,Furnishings,2011,47,11,4,Autumn,0.0,0.0,420.08,14,-0.5680647467311559,0.8229838658936564,2011-47,2011-11-21,51.35,259.22,16.104,254.3005,299.9886666666667,171.8827169157309,251.35364494068853,5.0,8.0,2.0,11.75,10.416666666666666,4.573474244670749,6.022055422789756
LATAM,Furnishings,2011,48,12,4,Autumn,0.0,0.0,316.82000000000005,9,-0.4647231720437684,0.88545602565321,2011-48,2011-11-28,420.08,371.04,45.0,240.7455,322.64033333333333,161.42762056413997,238.18863813347352,14.0,13.0,4.0,10.75,10.833333333333334,4.645786621588786,5.702205846437982
LATAM,Furnishings,2011,50,12,4,Spring,0.0,0.0,190.54,7,-0.2393156642875578,0.970941817426052,2011-50,2011-12-12,316.82000000000005,174.732,622.684,244.69750000000002,286.62833333333333,159.45424304483072,220.72896319543875,9.0,15.0,18.0,8.75,9.916666666666666,3.862210075418824,5.316498049952761
LATAM,Furnishings,2011,51,12,4,Winter,0.5714285714285714,0.24285714285714288,397.306,28,-0.12053668025532363,0.992708874098054,2011-51,2011-12-19,190.54,51.35,764.136,331.1865,256.05916666666667,103.70097541649888,167.591579819856,7.0,5.0,19.0,14.5,10.666666666666666,9.46924847422786,7.0624916197322225
LATAM,Furnishings,2011,52,12,4,Winter,0.75,0.30000000000000004,265.308,14,6.432490598706546e-16,1.0,2011-52,2011-12-26,397.306,420.08,592.804,292.49350000000004,228.76783333333333,87.00767462509633,130.2818516391104,28.0,14.0,13.0,14.5,10.75,9.46924847422786,7.0983352721862625
LATAM,Furnishings,2012,1,1,1,Winter,0.5,0.225,503.54200000000003,17,0.12053668025532305,0.992708874098054,2012-1,2012-01-02,265.308,316.82000000000005,144.2,339.174,258.713,138.97772094835912,149.02578717792443,14.0,9.0,2.0,16.5,12.0,8.736894948054106,6.7285011163503015
LATAM,Furnishings,2012,2,1,1,Summer,0.6666666666666666,0.26666666666666666,145.812,9,0.23931566428755774,0.970941817426052,2012-2,2012-01-09,503.54200000000003,190.54,113.05,327.99199999999996,261.4431666666667,155.71455653641794,146.39144851939295,17.0,7.0,12.0,17.0,11.75,8.041558721209881,6.78400525299968
LATAM,Furnishings,2012,3,1,1,Summer,0.0,0.0,271.46,7,0.3546048870425356,0.9350162426854148,2012-3,2012-01-16,145.812,397.306,41.568,296.5305,280.60083333333336,149.63645038447896,129.01235737981455,9.0,28.0,2.0,11.75,12.166666666666666,4.573474244670752,6.2643774026174555
LATAM,Furnishings,2012,4,1,1,Summer,0.0,0.0,174.32,4,0.4647231720437685,0.8854560256532099,2012-4,2012-01-23,271.46,265.308,259.22,273.7835,273.5258333333333,162.34126567101362,132.5703517943541,7.0,14.0,8.0,9.25,11.833333333333334,5.560275772537429,6.603488517901776
LATAM,Furnishings,2012,5,2,1,Winter,1.0,0.4,129.936,8,0.5680647467311558,0.8229838658936564,2012-5,2012-01-30,174.32,503.54200000000003,371.04,180.382,253.4338333333333,63.434569292565236,134.70123367582016,4.0,17.0,13.0,7.0,11.416666666666666,2.160246899469295,6.6804781175293035
LATAM,Furnishings,2012,7,2,1,Winter,0.25,0.1,414.696,17,0.7485107481711011,0.6631226582407953,2012-7,2012-02-13,129.936,145.812,174.732,247.603,273.43083333333334,126.10200642865792,139.67546593041604,8.0,9.0,15.0,9.0,11.583333333333334,5.597618541248892,6.801849124697746
LATAM,Furnishings,2012,8,2,1,Winter,1.0,0.5,33.8,4,0.8229838658936564,0.5680647467311559,2012-8,2012-02-20,414.696,271.46,51.35,188.188,271.9683333333333,161.99500561848586,142.27980323249963,17.0,7.0,5.0,8.25,11.5,6.130524719249843,6.895321206836889
LATAM,Furnishings,2012,11,3,1,Summer,0.5,0.2,261.648,5,0.970941817426052,0.23931566428755804,2012-11,2012-03-12,33.8,174.32,420.08,210.02000000000004,258.7656666666667,165.35280545548642,134.42019771078336,4.0,4.0,14.0,8.5,10.75,5.916079783099619,7.0855165975774455
LATAM,Furnishings,2012,12,3,1,Spring,1.0,0.4,156.228,11,0.992708874098054,0.120536680255323,2012-12,2012-03-19,261.648,129.936,316.82000000000005,216.59300000000002,245.383,161.58791797656144,136.09862845478185,5.0,8.0,9.0,9.25,10.916666666666666,6.0207972893961506,7.064100448855123
LATAM,Furnishings,2012,13,3,1,Spring,1.0,0.4,889.428,34,1.0,-1.6081226496766366e-16,2012-13,2012-03-26,156.228,414.696,190.54,335.276,303.6236666666667,380.98621425978126,228.59923400624604,11.0,17.0,7.0,13.5,13.166666666666666,14.011899704655804,9.561602502940728
LATAM,Furnishings,2012,14,4,2,Spring,0.5,0.2,169.11599999999999,6,0.992708874098054,-0.12053668025532288,2012-14,2012-04-02,889.428,33.8,397.306,369.105,284.6078333333333,350.04535345580575,229.5866676275723,34.0,4.0,28.0,14.0,11.333333333333334,13.589211407093007,8.510243382197856
LATAM,Furnishings,2012,15,4,2,Spring,1.0,0.4,54.372,3,0.9709418174260521,-0.2393156642875575,2012-15,2012-04-09,169.11599999999999,261.648,265.308,317.286,267.02983333333333,384.8654603988255,239.07751497858044,6.0,5.0,14.0,13.5,10.416666666666666,14.05939780597543,8.784887160586777
LATAM,Furnishings,2012,16,4,2,Spring,0.0,0.0,134.52,7,0.9350162426854148,-0.35460488704253545,2012-16,2012-04-16,54.372,156.228,503.54200000000003,311.85900000000004,236.27800000000002,388.0335852732337,229.42841778487846,3.0,11.0,17.0,12.5,9.583333333333334,14.433756729740645,8.57542295096159
LATAM,Furnishings,2012,17,4,2,Autumn,0.6666666666666666,0.26666666666666666,570.012,23,0.8854560256532099,-0.4647231720437685,2012-17,2012-04-23,134.52,889.428,145.812,232.005,271.628,230.40584937887292,246.2833186245615,7.0,34.0,9.0,9.75,10.75,8.995369179009092,9.401402216497475
LATAM,Furnishings,2012,18,5,2,Spring,1.0,0.4,45.216,2,0.8229838658936565,-0.5680647467311557,2012-18,2012-04-30,570.012,169.11599999999999,271.46,201.03,252.77433333333332,249.23741558602285,254.8095616727889,23.0,6.0,7.0,8.75,10.333333333333334,9.74251849711699,9.689106660512511
LATAM,Furnishings,2012,19,5,2,Spring,1.0,0.4,37.752,2,0.7485107481711013,-0.663122658240795,2012-19,2012-05-07,45.216,54.372,174.32,196.875,241.39366666666663,252.61297684006624,261.5916885054866,2.0,3.0,4.0,8.5,10.166666666666666,9.949874371066201,9.824212513741319
LATAM,Furnishings,2012,20,5,2,Spring,0.6666666666666666,0.26666666666666666,70.296,7,0.6631226582407952,-0.7485107481711012,2012-20,2012-05-14,37.752,134.52,129.936,180.81900000000002,236.4236666666667,259.83511751108597,264.4526965308243,2.0,7.0,8.0,8.5,10.083333333333334,9.949874371066201,9.848473193466297
LATAM,Furnishings,2012,21,5,2,Autumn,0.5,0.2,106.08000000000001,6,0.5680647467311558,-0.8229838658936564,2012-21,2012-05-21,70.296,570.012,414.696,64.83600000000004,210.70566666666664,30.818644746318903,260.51678990503524,7.0,23.0,17.0,4.25,9.166666666666666,2.6299556396765915,9.656211692088375
LATAM,Furnishings,2012,22,6,2,Spring,0.0,0.0,509.73999999999995,13,0.46472317204376906,-0.8854560256532096,2012-22,2012-05-28,106.08000000000001,45.216,33.8,180.967,250.36733333333333,220.9512425581713,267.2772343511962,6.0,2.0,4.0,7.0,9.916666666666666,4.546060565661957,9.56754298594361
LATAM,Furnishings,2012,23,6,2,Spring,1.0,0.4,260.628,9,0.35460488704253584,-0.9350162426854147,2012-23,2012-06-04,509.73999999999995,37.752,261.648,236.68600000000004,250.28233333333333,199.89602765437803,267.2734828813273,13.0,2.0,5.0,8.75,10.25,3.0956959368344585,9.449627217274477
LATAM,Furnishings,2012,24,6,2,Autumn,0.4,0.16,406.11199999999997,24,0.23931566428755768,-0.970941817426052,2012-24,2012-06-11,260.628,70.296,156.228,320.64,271.106,175.78557632145643,269.0081829509011,9.0,7.0,11.0,13.0,11.333333333333334,7.874007874011813,10.254341283159789
LATAM,Furnishings,2012,25,6,2,Autumn,0.5,0.2,303.004,5,0.12053668025532308,-0.992708874098054,2012-25,2012-06-18,406.11199999999997,106.08000000000001,889.428,369.87100000000004,222.23733333333334,111.4779140756886,187.339520457733,24.0,6.0,34.0,12.75,8.916666666666666,8.180260794538686,7.464562744708962
LATAM,Furnishings,2012,26,6,2,Summer,1.0,0.4,20.232,2,-3.216245299353273e-16,-1.0,2012-26,2012-06-25,303.004,509.73999999999995,169.11599999999999,247.49400000000003,209.83033333333333,163.36212190917007,195.91142015779084,5.0,13.0,6.0,10.0,8.583333333333334,9.763879010584542,7.692479601808668
LATAM,Furnishings,2012,27,7,3,Summer,1.0,0.5,33.64,2,-0.12053668025532283,-0.992708874098054,2012-27,2012-07-02,20.232,260.628,54.372,190.74700000000004,208.10266666666664,193.85707101539143,197.4920141544663,2.0,9.0,3.0,8.25,8.5,10.594810050208547,7.763551202428388
LATAM,Furnishings,2012,28,7,3,Summer,0.0,0.0,28.04,1,-0.23931566428755743,-0.9709418174260521,2012-28,2012-07-09,33.64,406.11199999999997,134.52,96.22900000000003,199.2293333333333,137.95961640518743,203.40228271774117,2.0,24.0,7.0,2.5,8.0,1.7320508075688883,8.05661783312892
LATAM,Furnishings,2012,32,8,3,Summer,0.0,0.0,408.09999999999997,7,-0.663122658240795,-0.7485107481711013,2012-32,2012-08-06,28.04,303.004,570.012,122.50300000000001,185.73666666666665,190.47737834889074,180.67044825786257,1.0,5.0,23.0,3.0,6.666666666666667,2.708012801545327,6.52733181369391
LATAM,Furnishings,2012,33,8,3,Summer,0.0,0.0,207.84,6,-0.7485107481711011,-0.6631226582407952,2012-33,2012-08-13,408.09999999999997,20.232,45.216,169.40500000000003,199.28866666666667,179.69302592662436,175.1878313402418,7.0,2.0,2.0,4.0,7.0,2.9439202887759555,6.36753127557726
LATAM,Furnishings,2012,34,8,3,Summer,1.0,0.4,51.084,3,-0.8229838658936564,-0.5680647467311559,2012-34,2012-08-20,207.84,33.64,37.752,173.76600000000002,200.39966666666666,175.46167789767227,174.10922784762732,6.0,2.0,2.0,4.25,7.083333333333333,2.7537852736430577,6.302356461649642
LATAM,Furnishings,2012,35,8,3,Summer,1.0,0.4,37.86,5,-0.8854560256532096,-0.4647231720437691,2012-35,2012-08-27,51.084,28.04,70.296,176.221,197.69666666666663,172.79146091170082,176.547382280397,3.0,1.0,7.0,5.25,6.916666666666667,1.7078251276599443,6.331139971074195
LATAM,Furnishings,2012,36,9,3,Winter,0.0,0.0,291.544,10,-0.9350162426854147,-0.3546048870425359,2012-36,2012-09-03,37.86,408.09999999999997,106.08000000000001,147.08200000000002,213.15199999999996,123.4313105820392,175.91476771746864,5.0,7.0,6.0,6.0,7.25,2.9439202887759555,6.383572667401854
LATAM,Furnishings,2012,37,9,3,Summer,1.0,0.43333333333333335,190.046,14,-0.970941817426052,-0.23931566428755774,2012-37,2012-09-10,291.544,207.84,509.73999999999995,142.63350000000003,186.51083333333335,120.80435894315438,149.07547962134274,10.0,6.0,13.0,8.0,7.333333333333333,4.966554808583783,6.471382223203007
LATAM,Furnishings,2012,38,9,3,Spring,0.5,0.2,257.79200000000003,11,-0.992708874098054,-0.12053668025532357,2012-38,2012-09-17,190.046,51.084,260.628,194.31050000000005,186.2745,112.51547934247321,148.94949264553966,14.0,3.0,9.0,10.0,7.5,3.7416573867739467,6.543560331973859
LATAM,Furnishings,2012,39,9,3,Autumn,0.6,0.27999999999999997,417.48,25,-1.0,-1.8369701987210297e-16,2012-39,2012-09-24,257.79200000000003,37.86,406.11199999999997,289.2155,187.22183333333336,95.3576250315966,150.5028397471946,11.0,5.0,24.0,15.0,7.583333333333333,6.879922480183434,6.775065693520261
LATAM,Furnishings,2012,40,10,4,Autumn,0.5714285714285714,0.24285714285714288,558.832,26,-0.992708874098054,0.1205366802553232,2012-40,2012-10-01,417.48,291.544,303.004,356.0375,208.54083333333332,165.43492817318418,183.00441157416424,25.0,10.0,5.0,19.0,9.333333333333334,7.61577310586391,8.531581259525035
LATAM,Furnishings,2012,41,10,4,Autumn,0.6666666666666666,0.26666666666666666,140.61599999999999,6,-0.9709418174260521,0.23931566428755738,2012-41,2012-10-08,558.832,190.046,20.232,343.68000000000006,218.5728333333333,182.89209910399794,174.8616687544932,26.0,14.0,2.0,17.0,9.666666666666666,10.033277962194942,8.293845838203096
LATAM,Furnishings,2012,42,10,4,Spring,0.25,0.125,584.354,23,-0.9350162426854148,0.35460488704253557,2012-42,2012-10-15,140.61599999999999,257.79200000000003,33.64,425.32050000000004,264.46566666666666,203.49864906595,193.21785124160832,6.0,11.0,2.0,20.0,11.416666666666666,9.416297927883692,8.732992128426059
LATAM,Furnishings,2012,43,10,4,Autumn,0.5,0.2,373.56399999999996,16,-0.8854560256532101,0.464723172043768,2012-43,2012-10-22,584.354,417.48,28.04,414.34150000000005,293.25933333333336,205.23986666256303,180.0810337847096,23.0,25.0,1.0,17.75,12.666666666666666,8.883505314157622,8.161253617310308
LATAM,Furnishings,2012,44,11,4,Autumn,0.3333333333333333,0.13333333333333333,762.8585812025736,30,-0.822983865893657,0.5680647467311548,2012-44,2012-10-29,373.56399999999996,558.832,408.09999999999997,465.3481453006434,322.8225484335478,268.66965369105156,224.33097233832467,16.0,26.0,7.0,18.75,14.583333333333334,10.242883708539637,9.326972941014903
LATAM,Furnishings,2012,45,11,4,Autumn,0.25,0.1,816.344,26,-0.7485107481711011,0.6631226582407952,2012-45,2012-11-05,762.8585812025736,140.61599999999999,207.84,634.2801453006434,373.53121510021447,200.12095490143184,261.6476198775562,30.0,6.0,6.0,23.75,16.25,5.909032633745282,9.440001926039862
LATAM,Furnishings,2012,46,11,4,Autumn,0.4,0.16,357.988,17,-0.6631226582407955,0.7485107481711007,2012-46,2012-11-12,816.344,584.354,51.084,577.6886453006434,399.10654843354786,245.75023082609272,241.48676978100883,26.0,23.0,3.0,22.25,17.416666666666668,6.849574196011509,8.468748252823254
LATAM,Furnishings,2012,47,11,4,Autumn,0.6666666666666666,0.2666666666666667,521.888,35,-0.5680647467311559,0.8229838658936564,2012-47,2012-11-19,357.988,373.56399999999996,37.86,614.7696453006436,439.44221510021447,213.79613872884323,214.5877832242777,17.0,16.0,5.0,27.0,19.916666666666668,7.61577310586391,8.887768237438697
LATAM,Furnishings,2012,48,11,4,Autumn,0.5,0.1875,786.314,25,-0.4647231720437684,0.88545602565321,2012-48,2012-11-26,521.888,762.8585812025736,291.544,620.6335,480.6730484335478,219.45839418213217,230.52774582004932,35.0,30.0,10.0,25.75,21.166666666666668,7.36545993132812,8.408149005397657
LATAM,Furnishings,2012,49,12,4,Spring,0.0,0.0,513.72,12,-0.35460488704253595,0.9350162426854147,2012-49,2012-12-03,786.314,816.344,190.046,544.9775000000001,507.64588176688113,177.68749314362768,211.5894550542957,25.0,26.0,14.0,22.25,21.0,10.04572877727976,8.581163303210326
LATAM,Furnishings,2012,50,12,4,Autumn,0.5,0.2,260.5,10,-0.2393156642875578,0.970941817426052,2012-50,2012-12-10,513.72,357.988,257.79200000000003,520.6055,507.8715484335478,214.71293472836405,211.29999912380705,12.0,17.0,11.0,20.5,20.916666666666668,11.733143937865362,8.691253004479774
LATAM,Furnishings,2012,51,12,4,Autumn,1.0,0.4,61.668,3,-0.12053668025532363,0.992708874098054,2012-51,2012-12-17,260.5,521.888,417.48,405.55050000000006,478.2205484335478,314.0999336830027,247.07403728831133,10.0,35.0,25.0,12.5,19.083333333333332,9.183318209303943,9.976867183032896
LATAM,Furnishings,2012,52,12,4,Summer,0.25,0.1,339.84000000000003,10,6.432490598706546e-16,1.0,2012-52,2012-12-24,61.668,786.314,558.832,293.9320000000001,459.9712151002145,187.5087319993392,248.66112226321007,3.0,25.0,26.0,8.75,17.75,3.9475730941090093,10.037429949942362
LATAM,Furnishings,2013,1,12,4,Winter,0.0,0.0,92.8,6,0.12053668025532305,0.992708874098054,2013-1,2012-12-31,339.84000000000003,513.72,140.61599999999999,188.70200000000006,455.9865484335478,133.33226492238606,254.55706771179845,10.0,12.0,6.0,7.25,17.75,3.4034296427770294,10.037429949942362
LATAM,Furnishings,2013,2,1,1,Winter,0.6666666666666666,0.26666666666666666,360.384,12,0.23931566428755774,0.970941817426052,2013-2,2013-01-07,92.8,260.5,584.354,213.67300000000006,437.3223817668811,158.28037524595402,252.49189711198667,6.0,10.0,23.0,7.75,16.833333333333332,4.031128874149281,10.016652800877809
LATAM,Furnishings,2013,3,1,1,Winter,0.3333333333333333,0.16666666666666666,697.48,14,0.3546048870425356,0.9350162426854148,2013-3,2013-01-14,360.384,61.668,373.56399999999996,372.6260000000001,464.3153817668812,248.3663288719576,262.18437816137026,12.0,3.0,16.0,10.5,16.666666666666668,3.415650255319872,10.048367875913824
LATAM,Furnishings,2013,5,1,1,Winter,1.0,0.45,336.56,11,0.5680647467311558,0.8229838658936564,2013-5,2013-01-28,697.48,339.84000000000003,762.8585812025736,371.80600000000004,428.79050000000007,248.51602558118202,246.46525084537313,14.0,10.0,30.0,10.75,15.083333333333334,3.403429642777029,9.219133594998187
LATAM,Furnishings,2013,6,2,1,Summer,1.0,0.4,50.472,3,0.6631226582407952,0.7485107481711011,2013-6,2013-02-04,336.56,92.8,816.344,361.22400000000005,364.9678333333334,264.72874263794387,235.92053695561188,11.0,6.0,26.0,10.0,13.166666666666666,4.830458915396485,9.133687230480492
LATAM,Furnishings,2013,7,2,1,Winter,1.0,0.5,13.61,1,0.7485107481711011,0.6631226582407953,2013-7,2013-02-11,50.472,360.384,357.988,274.5305,336.26966666666664,316.76261204199386,256.86290808746895,3.0,12.0,17.0,7.25,11.833333333333334,6.2383224240709705,9.675022511914925
LATAM,Furnishings,2013,8,2,1,Summer,0.5,0.25,54.056,8,0.8229838658936564,0.5680647467311559,2013-8,2013-02-18,13.61,697.48,521.888,113.67450000000002,297.28366666666665,149.71057836038182,261.5887783759893,1.0,14.0,35.0,5.75,9.583333333333334,4.573474244670753,6.374071530724132
LATAM,Furnishings,2013,9,2,1,Winter,0.0,0.0,129.78,8,0.8854560256532099,0.4647231720437686,2013-9,2013-02-25,54.056,336.56,786.314,61.97950000000003,242.57250000000002,48.75695074892761,214.41307817663983,8.0,11.0,25.0,5.0,8.166666666666666,3.5590260840104437,4.130448651249169
LATAM,Furnishings,2013,10,3,1,Winter,0.5,0.2,350.72400000000005,6,0.9350162426854148,0.35460488704253557,2013-10,2013-03-04,129.78,50.472,513.72,137.04250000000005,228.98950000000002,150.37161587990389,200.37792805165137,8.0,3.0,12.0,5.75,7.666666666666667,3.304037933599842,3.984819679582491
LATAM,Furnishings,2013,11,3,1,Summer,0.0,0.0,516.6800000000001,16,0.970941817426052,0.23931566428755804,2013-11,2013-03-11,350.72400000000005,13.61,260.5,262.81000000000006,250.33783333333335,210.9139332460835,216.99776930140993,6.0,1.0,10.0,9.5,8.166666666666666,4.434711565216696,4.6286328893359485
LATAM,Furnishings,2013,12,3,1,Autumn,0.0,0.0,94.58,3,0.992708874098054,0.120536680255323,2013-12,2013-03-18,516.6800000000001,54.056,61.668,272.9410000000001,253.08050000000003,198.13010325877636,214.59100224486252,16.0,8.0,3.0,8.25,8.166666666666666,5.56027577253743,4.6286328893359485
LATAM,Furnishings,2013,13,3,1,Spring,1.0,0.4000000000000001,289.56,8,1.0,-1.6081226496766366e-16,2013-13,2013-03-25,94.58,129.78,339.84000000000003,312.8860000000001,248.8905,174.32280458199776,213.2295286068727,3.0,8.0,10.0,8.25,8.0,5.56027577253743,4.592483978296398
LATAM,Furnishings,2013,14,4,2,Autumn,0.0,0.0,140.2,5,0.992708874098054,-0.12053668025532288,2013-14,2013-04-01,289.56,350.72400000000005,92.8,260.25500000000005,252.84050000000002,190.15254604308276,210.49666401351408,8.0,6.0,6.0,8.0,7.916666666666667,5.715476066494087,4.6408920250183385
LATAM,Furnishings,2013,15,4,2,Spring,0.6666666666666666,0.26666666666666666,127.744,10,0.9709418174260521,-0.2393156642875575,2013-15,2013-04-08,140.2,516.6800000000001,360.384,163.02100000000002,233.45383333333334,86.52851894414175,210.40452746504275,5.0,16.0,12.0,6.5,7.75,3.1091263510296137,4.515126093074662
LATAM,Furnishings,2013,16,4,2,Spring,1.0,0.4,158.652,6,0.9350162426854148,-0.35460488704253545,2013-16,2013-04-15,127.744,94.58,697.48,179.03900000000002,188.5515,74.76667295883485,151.67282773636654,10.0,3.0,14.0,7.25,7.083333333333333,2.217355782608357,4.077841080619487
LATAM,Furnishings,2013,17,4,2,Autumn,1.0,0.4,140.64,10,0.8854560256532099,-0.4647231720437685,2013-17,2013-04-22,158.652,289.56,336.56,141.80900000000003,172.22483333333332,12.720931779290497,144.67562106490237,6.0,8.0,11.0,7.75,7.0,2.6299556396765933,4.0000000000000036
LATAM,Furnishings,2013,18,4,2,Spring,0.5,0.2,61.284,5,0.8229838658936565,-0.5680647467311557,2013-18,2013-04-29,140.64,140.2,50.472,122.08000000000003,173.12583333333336,42.46653308194616,143.87992566393922,10.0,5.0,3.0,7.75,7.166666666666667,2.6299556396765933,3.8573031873042996
LATAM,Furnishings,2013,19,5,2,Spring,1.0,0.4,73.776,5,0.7485107481711013,-0.663122658240795,2013-19,2013-05-06,61.284,127.744,13.61,108.58800000000002,178.13966666666667,48.246860208722666,138.7735857439826,5.0,10.0,1.0,6.5,7.5,2.3804761428476278,3.4245105821522515
LATAM,Furnishings,2013,20,5,2,Spring,0.4,0.16,341.8,16,0.6631226582407952,-0.7485107481711012,2013-20,2013-05-13,73.776,158.652,54.056,154.37500000000003,202.11833333333334,129.71624664628573,140.23597645484017,5.0,6.0,8.0,9.0,8.166666666666666,5.228129047119379,4.21756787590654
LATAM,Furnishings,2013,21,5,2,Autumn,0.6666666666666666,0.2833333333333334,802.608,36,0.5680647467311558,-0.8229838658936564,2013-21,2013-05-20,341.8,140.64,129.78,319.867,258.18733333333336,346.8649486183348,220.32158978652242,16.0,10.0,8.0,15.5,10.5,14.617341299520469,9.070431482169262
LATAM,Furnishings,2013,22,5,2,Spring,0.25,0.125,167.2,12,0.46472317204376906,-0.8854560256532096,2013-22,2013-05-27,802.608,61.284,350.72400000000005,346.34600000000006,242.8936666666667,323.82267419890997,219.68294042565225,36.0,5.0,6.0,17.25,11.0,13.301002468485853,8.964576753178946
LATAM,Furnishings,2013,23,6,2,Spring,0.5,0.20000000000000004,1457.7745812025737,54,0.35460488704253584,-0.9350162426854147,2013-23,2013-06-03,167.2,73.776,516.6800000000001,692.3456453006435,321.31821510021445,576.3966923908342,410.9897477237211,12.0,5.0,16.0,29.5,14.166666666666666,19.416487838947603,15.33761468555082
LATAM,Furnishings,2013,24,6,2,Spring,0.3333333333333333,0.13333333333333333,226.716,8,0.23931566428755768,-0.970941817426052,2013-24,2013-06-10,1457.7745812025737,341.8,94.58,663.5746453006434,332.3295484335478,602.0290902098891,406.1037336632768,54.0,16.0,3.0,27.5,14.583333333333334,21.563858652847827,15.072300502054834
LATAM,Furnishings,2013,26,6,2,Summer,0.375,0.15000000000000002,1206.156,39,-3.216245299353273e-16,-1.0,2013-26,2013-06-24,226.716,802.608,289.56,764.4616453006435,408.71254843354774,663.7440726789387,477.28910129489725,8.0,36.0,8.0,28.25,17.166666666666668,22.00568108466539,16.436286537765003
LATAM,Furnishings,2013,27,7,3,Summer,0.5,0.2,95.672,4,-0.12053668025532283,-0.992708874098054,2013-27,2013-07-01,1206.156,167.2,140.2,746.5796453006434,405.0018817668811,685.7957993133236,479.73325126818344,39.0,12.0,5.0,26.25,17.083333333333332,24.22636305074839,16.505967699500978
LATAM,Furnishings,2013,28,7,3,Summer,1.0,0.4,63.93600000000001,6,-0.23931566428755743,-0.9709418174260521,2013-28,2013-07-08,95.672,1457.7745812025737,127.744,398.12,399.68454843354783,543.2787028993498,483.4251498322805,4.0,54.0,10.0,14.25,16.75,16.58061116686194,16.70125199444096
LATAM,Furnishings,2013,29,7,3,Winter,1.0,0.4,308.112,7,-0.3546048870425356,-0.9350162426854148,2013-29,2013-07-15,63.93600000000001,226.716,158.652,418.46900000000005,412.1395484335478,536.196801157933,478.5514077368601,6.0,8.0,6.0,14.0,16.833333333333332,16.71326818229557,16.64513761014327
LATAM,Furnishings,2013,30,7,3,Winter,0.0,0.0,1001.424,38,-0.46472317204376806,-0.8854560256532101,2013-30,2013-07-22,308.112,1206.156,140.64,367.28600000000006,483.8715484335478,436.43554423534283,498.2628322925917,7.0,39.0,10.0,13.75,19.166666666666668,16.214705259938178,17.538701793635138
LATAM,Furnishings,2013,31,8,3,Summer,0.25,0.1,398.42,13,-0.5680647467311556,-0.8229838658936566,2013-31,2013-07-29,1001.424,95.672,61.284,442.97300000000007,511.96621510021447,398.20808040520717,481.49146674057295,38.0,4.0,5.0,16.0,19.833333333333332,14.988884770611415,17.097758137642877
LATAM,Furnishings,2013,32,8,3,Summer,1.0,0.4000000000000001,74.424,6,-0.663122658240795,-0.7485107481711013,2013-32,2013-08-05,398.42,63.93600000000001,73.776,445.5950000000001,512.0202151002144,394.90118780778556,481.437888788943,13.0,6.0,5.0,16.0,19.916666666666668,14.988884770611415,17.021154395918533
LATAM,Furnishings,2013,33,8,3,Summer,1.0,0.4,38.1,5,-0.7485107481711011,-0.6631226582407952,2013-33,2013-08-12,74.424,308.112,341.8,378.09200000000004,486.71188176688116,446.0062869870781,498.866547667231,6.0,7.0,16.0,15.5,19.0,15.416441439796243,17.539565662705662
LATAM,Furnishings,2013,34,8,3,Summer,0.6666666666666666,0.3,230.526,13,-0.8229838658936564,-0.5680647467311559,2013-34,2013-08-19,38.1,1001.424,802.608,185.36750000000006,439.0383817668812,164.74913720259593,493.23734407304636,5.0,38.0,36.0,9.25,17.083333333333332,4.349329450233314,16.751978625785902
LATAM,Furnishings,2013,35,8,3,Summer,0.3333333333333333,0.13333333333333333,342.728,10,-0.8854560256532096,-0.4647231720437691,2013-35,2013-08-26,230.526,398.42,167.2,171.44450000000006,453.6657151002145,141.4477454928136,487.006246995557,13.0,13.0,12.0,8.5,16.916666666666668,3.696845502136493,16.816973748585266
LATAM,Furnishings,2013,36,9,3,Summer,0.5,0.2,180.792,7,-0.9350162426854147,-0.3546048870425359,2013-36,2013-09-02,342.728,74.424,1457.7745812025737,198.03650000000007,347.25050000000005,126.31739731723333,374.0759529207211,10.0,6.0,54.0,8.75,13.0,3.5000000000000218,12.247448713915887
LATAM,Furnishings,2013,38,9,3,Summer,0.6,0.24000000000000005,438.676,17,-0.992708874098054,-0.12053668025532357,2013-38,2013-09-16,180.792,38.1,226.716,298.18050000000005,364.91383333333334,115.58641295440616,372.8693581008169,7.0,5.0,8.0,11.75,13.75,4.272001872658784,12.188854819800822
LATAM,Furnishings,2013,39,9,3,Autumn,0.625,0.275,850.888,19,-1.0,-1.8369701987210297e-16,2013-39,2013-09-23,438.676,230.526,1206.156,453.2710000000001,335.3081666666667,285.64363170682907,308.56142780500073,17.0,13.0,39.0,13.25,12.083333333333334,5.678908345800287,9.49122401660256
LATAM,Furnishings,2013,40,10,4,Autumn,0.5,0.225,498.3960000000001,17,-0.992708874098054,0.1205366802553232,2013-40,2013-09-30,850.888,342.728,95.672,492.18800000000005,368.86850000000004,276.00436725047183,301.95850096344526,19.0,10.0,4.0,15.0,13.166666666666666,5.416025603090654,9.222830696733295
LATAM,Furnishings,2013,41,10,4,Spring,0.6666666666666666,0.2833333333333334,366.908,18,-0.9709418174260521,0.23931566428755738,2013-41,2013-10-07,498.3960000000001,180.792,63.93600000000001,538.7170000000001,394.1161666666667,214.94421791401294,286.4102234849465,17.0,7.0,6.0,17.75,14.166666666666666,0.9574271077564132,9.023538243075292
LATAM,Furnishings,2013,42,10,4,Autumn,0.4,0.16,1088.9585812025737,23,-0.9350162426854148,0.35460488704253557,2013-42,2013-10-14,366.908,438.676,308.112,701.2876453006435,459.1867151002145,329.46612754244217,347.3193613371909,18.0,17.0,7.0,19.25,15.5,2.6299556396766106,9.050364131298299
LATAM,Furnishings,2013,43,10,4,Autumn,0.3333333333333333,0.13333333333333333,1118.708,25,-0.8854560256532101,0.464723172043768,2013-43,2013-10-21,1088.9585812025737,850.888,1001.424,768.2426453006435,468.9603817668812,391.39553135100294,365.15736131345494,23.0,19.0,38.0,20.75,14.416666666666666,3.8622100754188415,6.542981435141472
LATAM,Furnishings,2013,44,10,4,Autumn,0.3333333333333333,0.13333333333333333,510.936,27,-0.822983865893657,0.5680647467311548,2013-44,2013-10-28,1118.708,498.3960000000001,398.42,771.3776453006435,478.33671510021446,388.5535444527827,364.625574239004,25.0,17.0,13.0,23.25,15.583333333333334,3.8622100754188415,7.452374037035359
LATAM,Furnishings,2013,45,11,4,Autumn,0.0,0.0,234.78,7,-0.7485107481711011,0.6631226582407952,2013-45,2013-11-04,510.936,366.908,74.424,738.3456453006435,491.6997151002145,436.9967420157075,351.1670747279883,27.0,18.0,6.0,20.5,15.666666666666666,9.146948489341504,7.340217154743297
LATAM,Furnishings,2013,46,11,4,Autumn,0.5,0.225,478.328,18,-0.6631226582407955,0.7485107481711007,2013-46,2013-11-11,234.78,1088.9585812025737,38.1,585.688,528.3853817668811,376.1031666834692,321.18778161742216,7.0,23.0,5.0,19.25,16.75,9.032349269892826,6.5383484153110025
LATAM,Furnishings,2013,47,11,4,Autumn,0.3333333333333333,0.13333333333333333,727.992,20,-0.5680647467311559,0.8229838658936564,2013-47,2013-11-18,478.328,1118.708,230.526,488.009,569.8408817668811,201.93739609096676,311.1967209801021,18.0,25.0,13.0,18.0,17.333333333333332,8.286535263104044,6.485414871895704
LATAM,Furnishings,2013,48,11,4,Autumn,0.5,0.2,522.448,8,-0.4647231720437684,0.88545602565321,2013-48,2013-11-25,727.992,510.936,342.728,490.887,584.8175484335478,202.45444069880676,303.50252481813686,20.0,27.0,10.0,13.25,17.166666666666668,6.701989754294378,6.712719721588707
LATAM,Furnishings,2013,49,12,4,Autumn,0.5555555555555556,0.2222222222222222,840.6120000000001,33,-0.35460488704253595,0.9350162426854147,2013-49,2013-12-02,522.448,234.78,180.792,642.345,639.8025484335477,171.19392395370457,282.708581605282,8.0,7.0,7.0,19.75,19.333333333333332,10.275375094532242,7.302967433402208
LATAM,Furnishings,2013,50,12,4,Autumn,0.1,0.04,791.716,32,-0.2393156642875578,0.970941817426052,2013-50,2013-12-09,840.6120000000001,478.328,438.676,720.692,669.2225484335478,139.9752222264122,278.2093611143193,33.0,18.0,17.0,23.25,20.583333333333332,11.757976016304854,8.106768589869633
LATAM,Furnishings,2013,51,12,4,Autumn,0.2,0.1,850.21,30,-0.12053668025532363,0.992708874098054,2013-51,2013-12-16,791.716,727.992,850.888,751.2465,669.1660484335479,154.66792487455234,278.16917967843216,32.0,20.0,19.0,25.75,21.5,11.898879499067695,8.522696969643091
LATAM,Furnishings,2013,52,12,4,Winter,1.0,0.4000000000000001,156.288,12,6.432490598706546e-16,1.0,2013-52,2013-12-23,850.21,522.448,498.3960000000001,659.7065,640.6570484335479,336.5883131636234,312.6553932052609,30.0,8.0,17.0,26.75,21.083333333333332,9.912113800799512,8.877533782566301
LATAM,Furnishings,2014,1,12,4,Winter,0.6666666666666666,0.3,369.86,18,0.12053668025532305,0.992708874098054,2014-1,2013-12-30,156.288,840.6120000000001,366.908,542.0185,640.9030484335478,334.543176053057,312.42149815939183,12.0,33.0,18.0,23.0,21.083333333333332,9.591663046625447,8.877533782566301
LATAM,Furnishings,2014,2,1,1,Winter,1.0,0.4,40.008,2,0.23931566428755774,0.970941817426052,2014-2,2014-01-06,369.86,791.716,1088.9585812025737,354.09150000000005,553.4905,357.843951660031,322.2518457436385,18.0,32.0,23.0,15.5,19.333333333333332,11.704699910719631,10.403961949297207
LATAM,Furnishings,2014,3,1,1,Summer,0.0,0.0,428.9905812025736,22,0.3546048870425356,0.9350162426854148,2014-3,2014-01-13,40.008,850.21,1118.708,248.78664530064339,496.01404843354777,181.91274268059468,269.46001062651663,2.0,30.0,25.0,13.5,19.083333333333332,8.6986589004666,10.29084618248252
LATAM,Furnishings,2014,5,1,1,Winter,1.0,0.4,80.256,4,0.5680647467311558,0.8229838658936564,2014-5,2014-01-27,428.9905812025736,156.288,510.936,229.7786453006434,460.12404843354784,198.05563243335257,294.7835346940636,22.0,12.0,27.0,11.5,17.166666666666668,9.983319421247966,10.811049342167845
LATAM,Furnishings,2014,7,2,1,Summer,0.0,0.0,491.62,16,0.7485107481711011,0.6631226582407953,2014-7,2014-02-10,80.256,369.86,234.78,260.2186453006434,481.5273817668811,233.03063840913933,286.13180025062667,4.0,18.0,7.0,11.0,17.916666666666668,9.591663046625447,10.34371423824267
LATAM,Furnishings,2014,10,3,1,Winter,0.4,0.16,465.48,20,0.9350162426854148,0.35460488704253557,2014-10,2014-03-03,491.62,40.008,478.328,366.5866453006434,480.45671510021447,192.60730779265415,286.16889557707924,16.0,2.0,18.0,15.5,18.083333333333332,8.06225774829856,10.36127697757668
LATAM,Furnishings,2014,11,3,1,Winter,0.5,0.2,262.776,7,0.970941817426052,0.23931566428755804,2014-11,2014-03-10,465.48,428.9905812025736,727.992,325.033,441.6887151002145,192.5861730550765,281.0523547671859,20.0,22.0,20.0,11.75,17.0,7.500000000000011,10.81245073556827
LATAM,Furnishings,2014,12,3,1,Winter,0.75,0.30000000000000004,153.552,11,0.992708874098054,0.120536680255323,2014-12,2014-03-17,262.776,80.256,522.448,343.357,410.94738176688116,162.70134181376588,291.4002303786238,7.0,4.0,8.0,13.5,17.25,5.686240703077341,10.618380290797646
LATAM,Furnishings,2014,13,3,1,Spring,1.0,0.4,52.38,3,1.0,-1.6081226496766366e-16,2014-13,2014-03-24,153.552,491.62,840.6120000000001,233.547,345.26138176688113,176.88784850294218,274.0666993909612,11.0,16.0,33.0,10.25,14.75,7.274384280931742,10.091625691181228
LATAM,Furnishings,2014,14,4,2,Spring,1.0,0.4,20.064,1,0.992708874098054,-0.12053668025532288,2014-14,2014-03-31,52.38,465.48,791.716,122.193,280.9570484335478,109.6223127834829,249.18944170078393,3.0,20.0,32.0,5.5,12.166666666666666,4.434711565216707,9.203095658362441
LATAM,Furnishings,2014,16,4,2,Spring,0.0,0.0,151.48,5,0.9350162426854148,-0.35460488704253545,2014-16,2014-04-14,20.064,262.776,850.21,94.369,222.72954843354782,68.43148143946425,174.53294519310631,1.0,7.0,30.0,5.0,10.083333333333334,4.320493798938591,7.464562744708955
LATAM,Furnishings,2014,17,4,2,Autumn,1.0,0.4,78.288,4,0.8854560256532099,-0.4647231720437685,2014-17,2014-04-21,151.48,153.552,156.288,75.553,216.22954843354782,55.94165592829488,178.63653298634884,5.0,11.0,12.0,3.25,9.416666666666666,1.7078251276599774,7.633161305458665
LATAM,Furnishings,2014,18,5,2,Autumn,1.0,0.4,18.912,1,0.8229838658936565,-0.5680647467311557,2014-18,2014-04-28,78.288,52.38,369.86,67.186,186.98388176688115,62.66204273720834,179.92152611048678,4.0,3.0,18.0,2.75,8.0,2.061552812808867,7.471156658656123
LATAM,Furnishings,2014,19,5,2,Spring,0.16666666666666666,0.06666666666666667,513.0825812025736,19,0.7485107481711013,-0.663122658240795,2014-19,2014-05-05,18.912,20.064,40.008,190.44064530064338,226.40676353376227,221.82278414039817,195.9076312514335,1.0,1.0,2.0,7.25,9.416666666666666,8.015609770940708,7.833010954036801
LATAM,Furnishings,2014,20,5,2,Spring,0.16666666666666666,0.08333333333333333,460.22,26,0.6631226582407952,-0.7485107481711012,2014-20,2014-05-12,513.0825812025736,151.48,428.9905812025736,267.62564530064344,229.0092151002145,254.9829498425022,199.0260268780995,19.0,5.0,22.0,12.5,9.75,11.958260743101404,8.475901668312877
LATAM,Furnishings,2014,21,5,2,Autumn,0.75,0.30000000000000004,621.876,20,0.5680647467311558,-0.8229838658936564,2014-21,2014-05-19,460.22,78.288,80.256,403.52264530064343,274.14421510021447,265.09212585550955,222.28068375950937,26.0,4.0,4.0,16.5,11.083333333333334,10.785793124908963,8.743395776068336
LATAM,Furnishings,2014,22,5,2,Autumn,0.0,0.0,296.03999999999996,7,0.46472317204376906,-0.8854560256532096,2014-22,2014-05-26,621.876,18.912,491.62,472.8046453006434,257.8458817668811,135.70641600900413,211.8086199730596,20.0,1.0,16.0,18.0,10.333333333333334,7.958224257542223,8.668997355606649
LATAM,Furnishings,2014,23,6,2,Autumn,0.3333333333333333,0.13333333333333333,240.432,16,0.35460488704253584,-0.9350162426854147,2014-23,2014-06-02,296.03999999999996,513.0825812025736,465.48,404.642,239.09188176688113,172.27772475860007,201.4634125311271,7.0,19.0,20.0,17.25,10.0,7.973915809270465,8.333939371902426
LATAM,Furnishings,2014,24,6,2,Autumn,0.3333333333333333,0.13333333333333333,501.992,15,0.23931566428755768,-0.970941817426052,2014-24,2014-06-09,240.432,460.22,262.776,415.085,259.0265484335478,177.9426188072997,215.3748140852323,16.0,26.0,7.0,14.5,10.666666666666666,5.446711546122742,8.391915301302937
LATAM,Furnishings,2014,25,6,2,Spring,0.75,0.30000000000000004,202.608,11,0.12053668025532308,-0.992708874098054,2014-25,2014-06-16,501.992,621.876,153.552,310.268,263.1145484335478,133.4519522225131,213.64946807091192,15.0,20.0,11.0,12.25,10.666666666666666,4.112987559751037,8.391915301302937
LATAM,Furnishings,2014,26,6,2,Summer,0.0,0.0,930.6,26,-3.216245299353273e-16,-1.0,2014-26,2014-06-23,202.608,296.03999999999996,52.38,468.908,336.2995484335478,335.34610305175755,276.1689691485332,11.0,7.0,3.0,17.0,12.583333333333334,6.377042156569673,9.080031370924313
LATAM,Furnishings,2014,27,7,3,Summer,0.5714285714285714,0.2285714285714286,349.16,19,-0.12053668025532283,-0.992708874098054,2014-27,2014-06-30,930.6,240.432,20.064,496.09000000000003,363.72421510021445,314.40625679100816,257.6285937945785,26.0,16.0,1.0,17.75,14.083333333333334,6.396613687465172,8.458006785755067
LATAM,Furnishings,2014,28,7,3,Summer,1.0,0.4,58.536,3,-0.23931566428755743,-0.9709418174260521,2014-28,2014-07-07,349.16,501.992,151.48,385.22600000000006,355.9788817668811,382.45228297396784,265.85535597003707,19.0,15.0,5.0,14.75,13.916666666666666,9.945685831890467,8.670308092809758
LATAM,Furnishings,2014,29,7,3,Summer,0.6666666666666666,0.26666666666666666,275.744,11,-0.3546048870425356,-0.9350162426854148,2014-29,2014-07-14,58.536,202.608,78.288,403.5100000000001,372.43354843354774,372.42851754039094,252.90064722801725,3.0,11.0,4.0,14.75,14.5,9.945685831890467,8.163109924309706
LATAM,Furnishings,2014,30,7,3,Summer,0.5,0.2,240.104,13,-0.46472317204376806,-0.8854560256532101,2014-30,2014-07-21,275.744,930.6,18.912,230.88600000000005,390.86621510021445,123.54550209538151,231.98796536738516,11.0,26.0,1.0,11.5,15.5,6.608075867199678,7.012974987964677
LATAM,Furnishings,2014,31,7,3,Summer,1.0,0.4,100.56,10,-0.5680647467311556,-0.8229838658936566,2014-31,2014-07-28,240.104,349.16,513.0825812025736,168.73600000000005,356.4893333333334,105.41364627662408,242.55499755175808,13.0,19.0,19.0,9.25,14.75,4.349329450233309,7.085516597577444
LATAM,Furnishings,2014,32,8,3,Summer,0.75,0.325,198.75,10,-0.663122658240795,-0.7485107481711013,2014-32,2014-08-04,100.56,58.536,460.22,203.78950000000003,334.7001666666667,75.67015970865425,244.12862255854677,10.0,3.0,26.0,11.0,13.416666666666666,1.4142135623731351,6.229815892994433
LATAM,Furnishings,2014,33,8,3,Winter,0.0,0.0,136.6,5,-0.7485107481711011,-0.6631226582407952,2014-33,2014-08-11,198.75,275.744,621.876,169.00350000000003,294.26050000000004,62.38224872242548,232.13161332959393,10.0,11.0,20.0,9.5,12.166666666666666,3.316624790355417,6.293334617359906
LATAM,Furnishings,2014,34,8,3,Summer,0.6,0.24000000000000005,577.62,17,-0.8229838658936564,-0.5680647467311559,2014-34,2014-08-18,136.6,240.104,296.03999999999996,253.38250000000002,317.7255,219.92993981038583,246.13708484519555,5.0,13.0,7.0,10.5,13.0,4.932882862316259,6.2084985741686785
LATAM,Furnishings,2014,35,8,3,Winter,1.0,0.4,7.536,1,-0.8854560256532096,-0.4647231720437691,2014-35,2014-08-25,577.62,100.56,240.432,230.12650000000002,298.3175,244.96935467319156,261.48897162508695,17.0,10.0,16.0,8.25,11.75,6.898067362191634,7.008112182580721
LATAM,Furnishings,2014,36,9,3,Summer,0.6,0.24000000000000005,849.508,34,-0.9350162426854147,-0.3546048870425359,2014-36,2014-09-01,7.536,198.75,501.992,392.81600000000003,327.2771666666667,390.21678519168466,302.1746970508748,1.0,10.0,15.0,14.25,13.333333333333334,14.818344486930158,9.509166231812461
LATAM,Furnishings,2014,37,9,3,Winter,0.5,0.2,488.99600000000004,17,-0.970941817426052,-0.23931566428755774,2014-37,2014-09-08,849.508,136.6,202.608,480.9150000000001,351.14283333333333,350.8872738625138,302.74212883809923,34.0,5.0,11.0,17.25,13.833333333333334,13.475286020464775,9.533036655693078
LATAM,Furnishings,2014,38,9,3,Summer,0.8571428571428571,0.35714285714285715,488.65999999999997,26,-0.992708874098054,-0.12053668025532357,2014-38,2014-09-15,488.99600000000004,577.62,930.6,458.675,314.3145,345.49254428810286,247.7251431069598,17.0,17.0,26.0,19.5,13.833333333333334,14.153915830374766,9.533036655693078
LATAM,Furnishings,2014,39,9,3,Autumn,0.625,0.25,557.644,19,-1.0,-1.8369701987210297e-16,2014-39,2014-09-22,488.65999999999997,7.536,349.16,596.202,331.6881666666667,171.9583837250555,257.50871423554287,26.0,1.0,19.0,24.0,13.833333333333334,7.702813338860899,9.533036655693078
LATAM,Furnishings,2014,40,9,3,Autumn,0.25,0.1,748.192,33,-0.992708874098054,0.1205366802553232,2014-40,2014-09-29,557.644,849.508,58.536,570.873,389.15950000000004,122.58310745503806,267.7593906586827,19.0,34.0,3.0,23.75,16.333333333333332,7.274384280931737,10.333822080328208
LATAM,Furnishings,2014,41,10,4,Spring,0.0,0.0,29.64,2,-0.9709418174260521,0.23931566428755738,2014-41,2014-10-06,748.192,488.99600000000004,275.744,456.03400000000005,368.6508333333333,304.7169113434085,286.03717725366124,33.0,17.0,11.0,20.0,15.583333333333334,13.29160135825126,11.057357347718828
LATAM,Furnishings,2014,42,10,4,Autumn,0.75,0.325,416.438,16,-0.9350162426854148,0.35460488704253557,2014-42,2014-10-13,29.64,488.65999999999997,240.104,437.9785,383.3453333333334,304.2786941796397,283.34978695769246,2.0,26.0,13.0,17.5,15.833333333333334,12.714820748507103,11.027513799858092
LATAM,Furnishings,2014,43,10,4,Autumn,0.6666666666666666,0.26666666666666666,485.49600000000004,11,-0.8854560256532101,0.464723172043768,2014-43,2014-10-20,416.438,557.644,100.56,419.9415,415.42333333333335,296.8688367135673,269.89515749010025,16.0,19.0,10.0,15.5,15.916666666666666,13.025615788386618,10.983113760623073
LATAM,Furnishings,2014,44,10,4,Autumn,0.3333333333333333,0.13333333333333333,1612.8065812025736,56,-0.822983865893657,0.5680647467311548,2014-44,2014-10-27,485.49600000000004,748.192,198.75,636.0951453006435,533.2613817668811,681.3424093484243,428.679473117922,11.0,33.0,10.0,21.25,19.75,23.87990787251911,15.731410385825955
LATAM,Furnishings,2014,45,11,4,Autumn,1.0,0.4000000000000001,263.904,8,-0.7485107481711011,0.6631226582407952,2014-45,2014-11-03,1612.8065812025736,29.64,136.6,694.6611453006435,543.8700484335478,619.0586768863211,419.4465638330645,56.0,2.0,5.0,22.75,20.0,22.410934831014973,15.497800430442322
LATAM,Furnishings,2014,46,11,4,Autumn,0.6666666666666666,0.2833333333333334,1021.002,28,-0.6631226582407955,0.7485107481711007,2014-46,2014-11-10,263.904,416.438,577.62,845.8021453006434,580.8185484335478,602.0566871498761,441.6315987513995,8.0,16.0,17.0,25.75,20.916666666666668,22.00568108466539,15.628984340485836
LATAM,Furnishings,2014,47,11,4,Autumn,0.5,0.2,1449.244,69,-0.5680647467311559,0.8229838658936564,2014-47,2014-11-17,1021.002,485.49600000000004,7.536,1086.7391453006435,700.9608817668812,602.6430025068026,466.87772203490164,28.0,11.0,1.0,40.25,26.583333333333332,27.47574688096152,19.579480601028738
LATAM,Furnishings,2014,48,11,4,Autumn,0.6666666666666666,0.26666666666666666,124.152,5,-0.4647231720437684,0.88545602565321,2014-48,2014-11-24,1449.244,1612.8065812025736,849.508,714.5755,640.5145484335477,628.5803356397653,492.16774762694206,69.0,56.0,34.0,27.5,24.166666666666668,29.490111336966272,20.355179521029367
LATAM,Furnishings,2014,49,12,4,Autumn,1.0,0.4,56.711999999999996,4,-0.35460488704253595,0.9350162426854147,2014-49,2014-12-01,124.152,263.904,488.99600000000004,662.7775,604.4908817668811,684.1752133196583,519.3365610576207,5.0,8.0,17.0,26.5,23.083333333333332,30.424770609926817,21.10346086797283
LATAM,Furnishings,2014,50,12,4,Autumn,0.5,0.22000000000000003,1141.458,49,-0.2393156642875578,0.970941817426052,2014-50,2014-12-08,56.711999999999996,1021.002,488.65999999999997,692.8915,658.8907151002145,707.4531749543569,539.8838166810494,4.0,28.0,26.0,31.75,25.0,32.510254792398456,22.3972400897156
LATAM,Furnishings,2014,51,12,4,Autumn,0.6,0.24000000000000005,340.992,16,-0.12053668025532363,0.992708874098054,2014-51,2014-12-15,1141.458,1449.244,557.644,415.8285,640.8363817668811,498.7245446225801,547.1510576675178,49.0,69.0,19.0,18.5,24.75,21.047565179849187,22.48686485282221
LATAM,Furnishings,2014,52,12,4,Summer,0.0,0.0,137.28,5,6.432490598706546e-16,1.0,2014-52,2014-12-22,340.992,124.152,748.192,419.1105,589.9270484335478,496.2020805851179,564.403124562909,16.0,5.0,33.0,18.5,22.416666666666668,21.047565179849187,22.999835309028285
LATAM,Tables,2011,38,9,3,Summer,1.0,0.2,496.0,2,-0.992708874098054,-0.12053668025532357,2011-38,2011-09-19,492.9811624051472,246.4905812025736,246.4905812025736,480.9019359019302,424.42167236816795,228.9592169063703,252.2270575172446,8.0,5.0,6.0,5.5,5.083333333333333,4.123105625617661,3.2321772378645472
LATAM,Tables,2011,39,9,3,Autumn,0.0,0.0,443.43,5,-1.0,-1.8369701987210297e-16,2011-39,2011-09-26,496.0,187.56,862.0920000000001,544.8694359019303,389.5331723681679,136.93582367381833,211.9182701859987,2.0,2.0,4.0,6.25,5.166666666666667,3.5,3.214550253664318
LATAM,Tables,2011,40,10,4,Spring,0.0,0.0,38.144,1,-0.992708874098054,0.1205366802553232,2011-40,2011-10-03,443.43,747.0665812025736,406.704,367.6387906012868,358.81983903483456,220.98147335860756,234.6879345056045,5.0,10.0,3.0,4.0,5.0,3.1622776601683795,3.384456448906597
LATAM,Tables,2011,41,10,4,Spring,1.0,0.2,336.96,2,-0.9709418174260521,0.23931566428755738,2011-41,2011-10-10,38.144,492.9811624051472,246.4905812025736,328.6335,366.35895726795343,204.64869243576095,232.19126586428754,1.0,8.0,10.0,2.5,4.333333333333333,1.7320508075688774,3.08466392256134
LATAM,Tables,2011,43,10,4,Autumn,1.0,0.20000000000000004,1016.6345812025736,8,-0.8854560256532101,0.464723172043768,2011-43,2011-10-24,336.96,496.0,193.008,458.79214530064337,434.9945057015013,409.5575305841926,290.6604382456709,2.0,2.0,2.0,4.0,4.833333333333333,3.1622776601683795,3.1574826950748234
LATAM,Tables,2011,44,11,4,Autumn,1.0,0.2,246.4905812025736,3,-0.822983865893657,0.5680647467311548,2011-44,2011-10-31,1016.6345812025736,443.43,785.9625812025736,409.5572906012868,390.03850570150126,423.61609487673593,272.60044525265295,8.0,5.0,9.0,3.5,4.333333333333333,3.109126351029605,2.902454551623922
LATAM,Tables,2011,45,11,4,Spring,0.0,0.0,523.602,3,-0.7485107481711011,0.6631226582407952,2011-45,2011-11-07,246.4905812025736,38.144,246.4905812025736,530.9217906012868,413.1311239346201,343.75028891207654,271.06775443694033,3.0,1.0,3.0,4.0,4.333333333333333,2.7080128015453204,2.902454551623922
LATAM,Tables,2011,47,11,4,Autumn,1.0,0.2,246.4905812025736,6,-0.5680647467311559,0.8229838658936564,2011-47,2011-11-21,523.602,336.96,182.214,508.30443590193016,418.4875057015013,363.1925756921891,266.68965022330946,3.0,2.0,3.0,5.0,4.583333333333333,2.4494897427831783,2.9063670960444234
LATAM,Tables,2011,49,12,4,Autumn,1.0,0.2,246.4905812025736,5,-0.35460488704253595,0.9350162426854147,2011-49,2011-12-05,246.4905812025736,1016.6345812025736,246.4905812025736,315.76843590193016,418.4875057015013,138.55570939871342,266.68965022330946,6.0,8.0,5.0,4.25,4.583333333333333,1.5000000000000004,2.9063670960444234
LATAM,Tables,2011,50,12,4,Autumn,1.0,0.2,246.4905812025736,5,-0.2393156642875578,0.970941817426052,2011-50,2011-12-12,246.4905812025736,246.4905812025736,187.56,315.76843590193016,423.3983874683824,138.55570939871342,262.56135091360966,5.0,3.0,2.0,4.75,4.833333333333333,1.258305739211792,2.79067711996189
LATAM,Tables,2011,51,12,4,Autumn,0.0,0.0,296.226,3,-0.12053668025532363,0.992708874098054,2011-51,2011-12-19,246.4905812025736,523.602,747.0665812025736,258.9244359019302,385.8283390348345,24.867709398714705,243.60861063992144,5.0,3.0,10.0,4.75,4.25,1.258305739211792,2.3011854652449344
LATAM,Tables,2011,52,12,4,Winter,1.0,0.2,246.4905812025736,6,6.432490598706546e-16,1.0,2011-52,2011-12-26,296.226,246.4905812025736,492.9811624051472,258.9244359019302,365.2874572679534,24.867709398714705,244.143559904898,3.0,6.0,8.0,4.75,4.083333333333333,1.258305739211792,2.0652243256245835
LATAM,Tables,2012,1,1,1,Winter,0.0,0.0,178.248,2,0.12053668025532305,0.992708874098054,2012-1,2012-01-02,246.4905812025736,246.4905812025736,496.0,241.86379060128678,338.80812393462014,48.45971869182644,245.90297142196738,6.0,5.0,2.0,4.0,4.083333333333333,1.825741858350554,2.0652243256245835
LATAM,Tables,2012,11,3,1,Summer,1.0,0.2,246.4905812025736,3,0.970941817426052,0.23931566428755804,2012-11,2012-03-12,178.248,246.4905812025736,443.43,241.86379060128678,322.39650570150127,48.45971869182644,244.85537142714378,2.0,5.0,5.0,3.5,3.9166666666666665,1.7320508075688776,2.0652243256245835
LATAM,Tables,2012,13,3,1,Spring,1.0,0.2,246.4905812025736,3,1.0,-1.6081226496766366e-16,2012-13,2012-03-26,246.4905812025736,296.226,38.144,229.4299359019302,339.7587208017157,34.12129060128798,229.790526409319,3.0,3.0,1.0,3.5,4.083333333333333,1.7320508075688776,1.8809249819912512
LATAM,Tables,2012,14,4,2,Spring,1.0,0.20000000000000004,1074.2025812025736,8,0.992708874098054,-0.12053668025532288,2012-14,2012-04-02,246.4905812025736,246.4905812025736,336.96,436.3579359019302,401.19560256859694,426.4448988677845,312.6058529449341,3.0,6.0,2.0,4.0,4.583333333333333,2.7080128015453204,2.0652243256245835
LATAM,Tables,2012,19,5,2,Spring,1.0,0.2,143.616,1,0.7485107481711013,-0.663122658240795,2012-19,2012-05-07,1074.2025812025736,178.248,1016.6345812025736,427.6999359019302,328.44405413504904,433.7214979989564,252.0849917809729,8.0,2.0,8.0,3.75,4.0,2.98607881119482,2.0
LATAM,Tables,2012,21,5,2,Autumn,1.0,0.2,500.576,2,0.5680647467311558,-0.8229838658936564,2012-21,2012-05-21,143.616,246.4905812025736,246.4905812025736,491.2212906012868,349.61783903483456,416.60423023771574,255.22687927537527,1.0,3.0,3.0,3.5,3.9166666666666665,3.1091263510296057,2.0652243256245835
LATAM,Tables,2012,22,6,2,Spring,0.3333333333333333,0.06666666666666667,796.344,8,0.46472317204376906,-0.8854560256532096,2012-22,2012-05-28,500.576,246.4905812025736,523.602,628.6846453006434,372.34633903483456,399.2907487379293,282.7853533927422,2.0,3.0,3.0,4.75,4.333333333333333,3.7749172176353754,2.348435972120917
LATAM,Tables,2012,25,6,2,Winter,0.8333333333333334,0.16666666666666666,2183.547743607721,21,0.12053668025532308,-0.992708874098054,2012-25,2012-06-18,796.344,1074.2025812025736,246.4905812025736,906.0209359019302,533.7677692352636,892.5152952960023,590.1903726487426,8.0,8.0,6.0,8.0,5.583333333333333,9.201449161228174,5.36755121639338
LATAM,Tables,2012,33,8,3,Summer,1.0,0.2,276.864,1,-0.7485107481711011,-0.6631226582407952,2012-33,2012-08-13,2183.547743607721,143.616,246.4905812025736,939.3329359019302,536.2988874683824,856.327247287665,588.9100811753148,21.0,1.0,5.0,8.0,5.25,9.201449161228174,5.528849954392126
LATAM,Tables,2012,36,9,3,Spring,0.0,0.0,246.4905812025736,6,-0.9350162426854147,-0.3546048870425359,2012-36,2012-09-03,276.864,500.576,246.4905812025736,875.8115812025736,536.2988874683824,907.610800030083,588.9100811753148,1.0,2.0,5.0,9.0,5.333333333333333,8.524474568362947,5.532274451440438
LATAM,Tables,2012,37,9,3,Summer,1.0,0.2,822.704,5,-0.970941817426052,-0.23931566428755774,2012-37,2012-09-10,246.4905812025736,796.344,296.226,882.4015812025737,580.172054135049,906.9369142545588,589.0099984454333,6.0,8.0,3.0,8.25,5.5,8.770214744615247,5.4855181241983955
LATAM,Tables,2012,39,9,3,Autumn,1.0,0.2,246.4905812025736,5,-1.0,-1.8369701987210297e-16,2012-39,2012-09-24,822.704,2183.547743607721,246.4905812025736,398.1372906012868,580.172054135049,283.40639294473175,589.0099984454333,5.0,21.0,6.0,4.25,5.416666666666667,2.217355782608345,5.484827557301444
LATAM,Tables,2012,40,10,4,Autumn,0.0,0.0,246.4905812025736,3,-0.992708874098054,0.1205366802553232,2012-40,2012-10-01,246.4905812025736,276.864,178.248,390.5439359019302,585.8589359019302,288.1067093987132,585.0930659111848,5.0,1.0,2.0,4.75,5.5,1.2583057392117918,5.435573065046089
LATAM,Tables,2012,42,10,4,Autumn,1.0,0.2,475.328,2,-0.9350162426854148,0.35460488704253557,2012-42,2012-10-15,246.4905812025736,246.4905812025736,246.4905812025736,447.7532906012868,604.9287208017157,272.25095987957104,576.6955381400743,3.0,6.0,3.0,3.75,5.416666666666667,1.5,5.484827557301444
LATAM,Tables,2012,43,10,4,Autumn,0.0,0.0,246.4905812025736,4,-0.8854560256532101,0.464723172043768,2012-43,2012-10-22,475.328,822.704,246.4905812025736,303.6999359019302,604.9287208017157,114.41870939871322,576.6955381400743,2.0,5.0,3.0,3.5,5.5,1.2909944487358056,5.452272253590491
LATAM,Tables,2012,44,11,4,Autumn,0.5,0.1,492.9811624051472,5,-0.822983865893657,0.5680647467311548,2012-44,2012-10-29,246.4905812025736,246.4905812025736,1074.2025812025736,365.3225812025736,556.4936025685969,137.40450498127933,557.7974504043661,4.0,5.0,8.0,3.5,5.25,1.2909944487358056,5.395705362937858
LATAM,Tables,2012,45,11,4,Spring,0.0,0.0,742.5905812025736,12,-0.7485107481711011,0.6631226582407952,2012-45,2012-11-05,492.9811624051472,246.4905812025736,143.616,489.34758120257356,606.4081510021446,202.74885208672262,544.12436558564,5.0,3.0,1.0,5.75,6.166666666666667,4.349329450233296,5.540484608494973
LATAM,Tables,2012,46,11,4,Autumn,1.0,0.2,275.072,1,-0.6631226582407955,0.7485107481711007,2012-46,2012-11-12,742.5905812025736,475.328,500.576,439.2835812025736,587.6161510021446,230.22680898486198,551.9494465545737,12.0,2.0,2.0,5.5,6.083333333333333,4.654746681256314,5.615859576937336
LATAM,Tables,2012,48,11,4,Spring,1.0,0.2,246.4905812025736,5,-0.4647231720437684,0.88545602565321,2012-48,2012-11-26,275.072,246.4905812025736,796.344,439.2835812025736,541.7950327690259,230.22680898486198,555.8559777480879,1.0,4.0,8.0,5.75,5.833333333333333,4.573474244670748,5.589492306321231
LATAM,Tables,2012,51,12,4,Spring,1.0,0.2,246.4905812025736,3,-0.12053668025532363,0.992708874098054,2012-51,2012-12-17,246.4905812025736,492.9811624051472,2183.547743607721,377.6609359019302,380.3736025685968,243.65922904242979,208.43677175463802,5.0,5.0,21.0,5.25,4.333333333333333,4.7871355387816905,2.93360880249235
LATAM,Tables,2012,52,12,4,Summer,1.0,0.2,751.6905812025736,10,6.432490598706546e-16,1.0,2012-52,2012-12-24,246.4905812025736,742.5905812025736,276.864,379.9359359019302,419.942484335478,248.20239505769314,230.8636886210769,3.0,12.0,1.0,4.75,5.083333333333333,3.8622100754188224,3.146667308679954
LATAM,Tables,2013,1,12,4,Summer,1.0,0.2,246.4905812025736,4,0.12053668025532305,0.992708874098054,2013-1,2012-12-31,751.6905812025736,275.072,246.4905812025736,372.79058120257355,419.942484335478,252.60000000000002,230.8636886210769,10.0,1.0,6.0,5.5,4.916666666666667,3.1091263510296048,3.146667308679954
LATAM,Tables,2013,4,1,1,Summer,0.3333333333333333,0.06666666666666667,848.1565812025735,9,0.4647231720437685,0.8854560256532099,2013-4,2013-01-21,246.4905812025736,246.4905812025736,822.704,523.2070812025736,422.0635327690258,321.94250525365544,234.98064873107683,4.0,5.0,5.0,6.5,5.25,3.5118845842842465,3.360871099202488
LATAM,Tables,2013,5,2,1,Winter,0.0,0.0,266.94,3,0.5680647467311558,0.8229838658936564,2013-5,2013-01-28,848.1565812025735,246.4905812025736,246.4905812025736,528.3194359019302,423.7676510021447,316.19465572151813,233.6620634647032,9.0,3.0,5.0,6.5,5.083333333333333,3.5118845842842465,3.42340429539033
LATAM,Tables,2013,8,2,1,Summer,0.5,0.1,492.9811624051472,8,0.8229838658936564,0.5680647467311559,2013-8,2013-02-18,266.94,751.6905812025736,246.4905812025736,463.6420812025736,444.3085327690258,279.61799244548797,227.41187618449894,3.0,10.0,3.0,6.0,5.5,2.943920288775949,3.4509550720186004
LATAM,Tables,2013,9,2,1,Summer,1.0,0.2,246.4905812025736,6,0.8854560256532099,0.4647231720437686,2013-9,2013-02-25,492.9811624051472,246.4905812025736,475.328,463.64208120257354,425.2387478692403,279.61799244548797,234.07140130319544,8.0,4.0,2.0,6.5,5.833333333333333,2.6457513110645903,3.270622218625944
LATAM,Tables,2013,11,3,1,Summer,0.0,0.0,523.602,3,0.970941817426052,0.23931566428755804,2013-11,2013-03-11,246.4905812025736,848.1565812025735,246.4905812025736,382.5034359019302,448.33136610235914,146.0234424156895,228.4351557224173,6.0,9.0,4.0,5.0,5.75,2.449489742783178,3.3337120996925274
LATAM,Tables,2013,13,3,1,Spring,1.0,0.2,249.904,1,1.0,-1.6081226496766366e-16,2013-13,2013-03-25,523.602,266.94,492.9811624051472,378.24443590193016,428.07493590193013,150.6913883458896,234.80451517341288,3.0,3.0,5.0,4.5,5.416666666666667,3.1091263510296048,3.60450055381106
LATAM,Tables,2013,16,4,2,Spring,1.0,0.2,509.696,2,0.9350162426854148,-0.35460488704253545,2013-16,2013-04-15,249.904,492.9811624051472,742.5905812025736,382.4231453006434,408.66705413504906,155.1008643980152,215.25601676176007,1.0,8.0,12.0,3.0,4.583333333333333,2.1602468994692865,3.058767824804721
LATAM,Tables,2013,22,6,2,Autumn,1.0,0.2,246.4905812025736,3,0.46472317204376906,-0.8854560256532096,2013-22,2013-05-27,509.696,246.4905812025736,275.072,382.4231453006434,406.2852692352635,155.1008643980152,217.01951637526554,2.0,6.0,1.0,2.25,4.75,0.9574271077563375,2.895921897490268
LATAM,Tables,2013,25,6,2,Autumn,0.0,0.0,213.444,2,0.12053668025532308,-0.992708874098054,2013-25,2013-06-17,246.4905812025736,523.602,246.4905812025736,304.8836453006434,403.53138746838243,137.52796164459122,219.42788871075757,3.0,3.0,5.0,2.0,4.5,0.8164965809277254,2.9999999999999996
LATAM,Tables,2013,26,6,2,Summer,0.6666666666666666,0.13333333333333333,722.4765812025736,8,-3.216245299353273e-16,-1.0,2013-26,2013-06-24,213.444,249.904,246.4905812025736,423.02679060128685,443.1968874683824,239.632849928136,231.16672080305088,2.0,1.0,3.0,3.75,4.916666666666667,2.872281323269014,3.117642854737689
LATAM,Tables,2013,30,7,3,Winter,1.0,0.2,246.4905812025736,2,-0.46472317204376806,-0.8854560256532101,2013-30,2013-07-22,722.4765812025736,509.696,751.6905812025736,357.22543590193027,401.09688746838236,243.99857687018576,215.3379316174644,8.0,2.0,10.0,3.75,4.25,2.872281323269014,2.7675062617979584
LATAM,Tables,2013,33,8,3,Winter,0.3333333333333333,0.06666666666666667,943.9259999999999,5,-0.7485107481711011,-0.6631226582407952,2013-33,2013-08-12,246.4905812025736,246.4905812025736,246.4905812025736,531.5842906012869,459.21650570150115,360.0727794781901,259.42249287742436,2.0,3.0,4.0,4.25,4.333333333333333,2.872281323269014,2.774341308665842
LATAM,Tables,2013,35,8,3,Winter,1.0,0.2,551.872,2,-0.8854560256532096,-0.4647231720437691,2013-35,2013-08-26,943.9259999999999,213.444,848.1565812025735,616.1912906012867,434.5261239346201,294.1213969413669,231.65326887584257,5.0,2.0,9.0,4.25,3.75,2.872281323269014,2.4167972796469903
LATAM,Tables,2013,36,9,3,Summer,0.0,0.0,246.4905812025736,3,-0.9350162426854147,-0.3546048870425359,2013-36,2013-09-02,551.872,722.4765812025736,266.94,497.1947906012868,432.8220057015012,330.78874018469617,233.06905238131654,2.0,8.0,3.0,3.0,3.75,1.4142135623730947,2.4167972796469903
LATAM,Tables,2013,37,9,3,Summer,0.0,0.0,483.408,9,-0.970941817426052,-0.23931566428755774,2013-37,2013-09-09,246.4905812025736,246.4905812025736,492.9811624051472,556.4241453006434,432.024242167739,289.5793391866763,232.8607068069934,3.0,2.0,8.0,4.75,3.8333333333333335,3.095695936834451,2.587850400809463
LATAM,Tables,2013,38,9,3,Spring,1.0,0.2,246.4905812025736,5,-0.992708874098054,-0.12053668025532357,2013-38,2013-09-16,483.408,943.9259999999999,246.4905812025736,382.06529060128685,432.024242167739,159.02375814343185,232.8607068069934,9.0,5.0,6.0,4.75,3.75,3.095695936834451,2.527125567985025
LATAM,Tables,2013,39,9,3,Autumn,1.0,0.2,246.4905812025736,3,-1.0,-1.8369701987210297e-16,2013-39,2013-09-23,246.4905812025736,551.872,523.602,305.7199359019302,408.9316239346201,118.45870939871328,236.6628253521728,5.0,2.0,3.0,5.0,3.75,2.82842712474619,2.527125567985025
LATAM,Tables,2013,40,9,3,Spring,1.0,0.2,246.4905812025736,5,-0.992708874098054,0.1205366802553232,2013-40,2013-09-30,246.4905812025736,246.4905812025736,249.904,305.7199359019302,408.64717236816796,118.45870939871328,236.87329911649607,3.0,3.0,1.0,5.5,4.083333333333333,2.5166114784235827,2.391588796113782
LATAM,Tables,2013,41,10,4,Autumn,0.0,0.0,576.18,4,-0.9709418174260521,0.23931566428755738,2013-41,2013-10-07,246.4905812025736,483.408,509.696,328.9129359019302,414.18750570150127,164.8447093987132,240.20570680997557,5.0,9.0,2.0,4.25,4.25,0.9574271077563358,2.3011854652449344
LATAM,Tables,2013,42,10,4,Autumn,1.0,0.2,168.464,1,-0.9350162426854148,0.35460488704253557,2013-42,2013-10-14,576.18,246.4905812025736,246.4905812025736,309.4062906012868,407.6852906012868,181.61287976037872,246.14057967278532,4.0,5.0,3.0,3.25,4.083333333333333,1.7078251276599317,2.4664414311581235
LATAM,Tables,2013,44,10,4,Autumn,0.0,0.0,596.4345812025736,5,-0.822983865893657,0.5680647467311548,2013-44,2013-10-28,168.464,246.4905812025736,213.444,396.8922906012868,439.6011723681679,221.17969061144734,243.4804767605044,1.0,3.0,2.0,3.75,4.333333333333333,1.8929694486000899,2.3868325657594203
LATAM,Tables,2013,46,11,4,Autumn,1.0,0.2,144.528,1,-0.6631226582407955,0.7485107481711007,2013-46,2013-11-11,596.4345812025736,246.4905812025736,722.4765812025736,371.4016453006434,391.4387906012868,248.48161273770313,239.568640404416,5.0,5.0,8.0,2.75,3.75,2.0615528128088294,2.2613350843332274
LATAM,Tables,2013,48,11,4,Autumn,1.0,0.45,331.023,7,-0.4647231720437684,0.88545602565321,2013-48,2013-11-25,144.528,576.18,246.4905812025736,310.1123953006434,398.4831588344057,208.08660647823166,236.1373011575843,1.0,4.0,2.0,3.5,4.166666666666667,2.999999999999999,2.3677121037112188
LATAM,Tables,2013,49,12,4,Autumn,1.0,0.20000000000000004,978.8851624051472,12,-0.35460488704253595,0.9350162426854147,2013-49,2013-12-02,331.023,168.464,943.9259999999999,512.7176859019303,401.396422368168,361.89189840693183,243.57672349142402,7.0,1.0,5.0,6.25,4.75,4.573474244670747,3.278719262151
LATAM,Tables,2013,50,12,4,Autumn,0.5,0.1,492.9811624051472,10,-0.2393156642875578,0.970941817426052,2013-50,2013-12-09,978.8851624051472,596.4345812025736,551.872,486.85433120257363,396.4888525685969,357.5856996271246,240.8473067286615,12.0,5.0,2.0,7.5,5.416666666666667,4.795831523312719,3.4761089357690342
LATAM,Tables,2013,51,12,4,Spring,0.5,0.1,1230.927743607721,10,-0.12053668025532363,0.992708874098054,2013-51,2013-12-16,492.9811624051472,144.528,246.4905812025736,758.4542671045039,478.52528276902575,418.32779133886385,334.5432092826385,10.0,1.0,3.0,9.75,6.0,2.06155281280883,3.618136134933162
LATAM,Tables,2013,52,12,4,Winter,1.0,0.2,492.9811624051472,7,6.432490598706546e-16,1.0,2013-52,2013-12-23,1230.927743607721,331.023,483.408,798.9438077057906,479.32304630278804,367.97431642579664,334.5673246634479,10.0,7.0,9.0,9.75,5.833333333333333,2.06155281280883,3.511884584284245
LATAM,Tables,2014,1,12,4,Winter,0.0,0.0,172.212,2,0.12053668025532305,0.992708874098054,2014-1,2013-12-30,492.9811624051472,978.8851624051472,246.4905812025736,597.2755171045038,473.13316453590693,448.68279907972305,339.91104509831575,7.0,12.0,5.0,7.25,5.583333333333333,3.7749172176353745,3.6793856535947382
LATAM,Tables,2014,3,1,1,Winter,0.0,0.0,537.6,3,0.3546048870425356,0.9350162426854148,2014-3,2014-01-13,172.212,492.9811624051472,246.4905812025736,608.430226503217,497.3922827690258,445.77083324749617,332.57422395930695,2.0,10.0,3.0,5.5,5.583333333333333,3.6968455021364717,3.6793856535947382
LATAM,Tables,2014,10,3,1,Winter,0.0,0.0,254.19,5,0.9350162426854148,0.35460488704253557,2014-10,2014-03-03,537.6,1230.927743607721,246.4905812025736,364.2457906012868,498.03390100214466,178.5251911704193,332.0531864942897,3.0,10.0,5.0,4.25,5.583333333333333,2.217355782608344,3.6793856535947382
LATAM,Tables,2014,11,3,1,Winter,0.0,0.0,246.4905812025736,2,0.970941817426052,0.23931566428755804,2014-11,2014-03-10,254.19,492.9811624051472,576.18,302.6231453006434,470.5597827690258,160.95322651727668,338.5747947642353,5.0,7.0,4.0,3.0,5.416666666666667,1.4142135623730936,3.8009169547583763
LATAM,Tables,2014,13,3,1,Spring,1.0,0.20000000000000004,896.1811624051472,18,1.0,-1.6081226496766366e-16,2014-13,2014-03-24,246.4905812025736,172.212,168.464,483.6154359019302,531.2028796361213,306.5882359131258,344.6635358790349,2.0,2.0,1.0,7.0,6.833333333333333,7.438637868140465,4.987864059774271
LATAM,Tables,2014,15,4,2,Spring,1.0,0.2,246.4905812025736,13,0.9709418174260521,-0.2393156642875575,2014-15,2014-04-07,896.1811624051472,537.6,596.4345812025736,410.83808120257356,502.04087963612136,323.5824105892017,353.33776445274333,18.0,3.0,5.0,9.5,7.5,7.325753658611969,5.248376372313111
LATAM,Tables,2014,16,4,2,Spring,1.0,0.2,246.4905812025736,3,0.9350162426854148,-0.35460488704253545,2014-16,2014-04-14,246.4905812025736,254.19,144.528,408.913226503217,510.53776140300255,324.8452906012869,345.08858751969564,13.0,5.0,1.0,9.0,7.666666666666667,7.788880963698614,5.051252469947578
LATAM,Tables,2014,18,4,2,Spring,1.0,0.2,246.4905812025736,3,0.8229838658936565,-0.5680647467311557,2014-18,2014-04-28,246.4905812025736,246.4905812025736,331.023,408.913226503217,503.49339316988363,324.8452906012869,349.9152302440615,3.0,2.0,7.0,9.25,7.333333333333333,7.499999999999999,5.228129047119372
LATAM,Tables,2014,21,5,2,Spring,1.0,0.2,246.4905812025736,7,0.5680647467311558,-0.8229838658936564,2014-21,2014-05-19,246.4905812025736,896.1811624051472,978.8851624051472,246.4905812025736,442.4605114030025,0.0,322.23654653425154,3.0,18.0,12.0,6.5,6.916666666666667,4.725815626252608,5.017393987344667
LATAM,Tables,2014,23,6,2,Spring,1.0,0.2,246.4905812025736,2,0.35460488704253584,-0.9350162426854147,2014-23,2014-06-02,246.4905812025736,246.4905812025736,492.9811624051472,246.4905812025736,421.91962963612133,0.0,326.5507136760172,7.0,13.0,10.0,3.75,6.25,2.2173557826083434,5.101247619232697
LATAM,Tables,2014,24,6,2,Spring,1.0,0.2,569.184,2,0.23931566428755768,-0.970941817426052,2014-24,2014-06-09,246.4905812025736,246.4905812025736,1230.927743607721,327.1639359019302,366.77431766881136,161.3467093987133,213.9859077238922,2.0,3.0,10.0,3.5,5.583333333333333,2.3804761428476153,5.089353117196246
LATAM,Tables,2014,25,6,2,Spring,1.0,0.2,246.4905812025736,8,0.12053668025532308,-0.992708874098054,2014-25,2014-06-16,569.184,246.4905812025736,492.9811624051472,327.1639359019302,346.23343590193025,161.3467093987133,212.5957605545504,2.0,3.0,7.0,4.75,5.666666666666667,3.2015621187164225,5.122736011393153
LATAM,Tables,2014,26,6,2,Summer,0.6666666666666666,0.13333333333333333,812.6251624051472,12,-3.216245299353273e-16,-1.0,2014-26,2014-06-23,246.4905812025736,246.4905812025736,172.212,468.6975812025736,399.6011994356925,275.15789598736734,243.12864078051362,8.0,7.0,2.0,6.0,6.5,4.898979485566355,5.282905536642776
LATAM,Tables,2014,27,7,3,Summer,0.16666666666666666,0.03333333333333333,2052.961162405147,16,-0.12053668025532283,-0.992708874098054,2014-27,2014-06-30,812.6251624051472,246.4905812025736,537.6,920.315226503217,525.881296302788,789.8980433914232,537.1153963925844,12.0,2.0,3.0,9.5,7.583333333333333,5.972157622389637,5.80686636402948
LATAM,Tables,2014,28,7,3,Summer,1.0,0.2,359.648,2,-0.23931566428755743,-0.9709418174260521,2014-28,2014-07-07,2052.961162405147,569.184,254.19,867.931226503217,534.6694629694547,827.0217699041044,533.1137525974821,16.0,2.0,5.0,9.5,7.333333333333333,5.972157622389637,5.98989047302101
LATAM,Tables,2014,30,7,3,Winter,0.3333333333333333,0.06666666666666667,576.9380000000001,7,-0.46472317204376806,-0.8854560256532101,2014-30,2014-07-21,359.648,246.4905812025736,246.4905812025736,950.5430812025736,562.2067478692403,757.8664640021914,525.3529499216115,2.0,8.0,2.0,9.25,7.75,6.0759087111860595,5.754444922287148
LATAM,Tables,2014,33,8,3,Summer,1.0,0.2,537.28,2,-0.7485107481711011,-0.6631226582407952,2014-33,2014-08-11,576.9380000000001,812.6251624051472,896.1811624051472,881.7067906012868,532.2983176688114,786.5316298200614,514.7198006272062,7.0,12.0,18.0,6.75,6.416666666666667,6.601767440112785,4.9627399567968355
LATAM,Tables,2014,35,8,3,Winter,1.0,0.2,246.4905812025736,5,-0.8854560256532096,-0.4647231720437691,2014-35,2014-08-25,537.28,2052.961162405147,246.4905812025736,430.0891453006434,532.2983176688114,154.6230396241457,514.7198006272062,2.0,16.0,13.0,4.0,5.75,2.4494897427831734,4.515126093074658
LATAM,Tables,2014,36,9,3,Summer,1.0,0.2,246.4905812025736,8,-0.9350162426854147,-0.3546048870425359,2014-36,2014-09-01,246.4905812025736,359.648,246.4905812025736,401.79979060128676,532.2983176688114,180.06497029147846,514.7198006272062,5.0,2.0,3.0,5.5,6.166666666666667,2.6457513110645863,4.468746688915915
LATAM,Tables,2014,37,9,3,Summer,0.42857142857142855,0.08571428571428573,1809.6663248102943,28,-0.970941817426052,-0.23931566428755774,2014-37,2014-09-08,246.4905812025736,576.9380000000001,246.4905812025736,709.9818718038604,662.5629629694548,745.8284399768955,622.3604359354825,8.0,7.0,3.0,10.75,8.25,11.757976016304847,7.593358341938756
LATAM,Tables,2014,38,9,3,Winter,1.0,0.2,168.48,1,-0.992708874098054,-0.12053668025532357,2014-38,2014-09-15,1809.6663248102943,537.28,246.4905812025736,617.7818718038604,656.0620812025736,795.4401645792591,627.487938620655,28.0,2.0,7.0,10.5,7.75,12.013880860626733,7.87545092504088
LATAM,Tables,2014,40,9,3,Autumn,0.5,0.1,781.9,5,-0.992708874098054,0.1205366802553232,2014-40,2014-09-29,168.48,246.4905812025736,246.4905812025736,751.6342265032171,700.6795327690257,756.2157744034045,614.6210960378161,1.0,5.0,2.0,10.5,8.0,12.013880860626733,7.722458393307381
LATAM,Tables,2014,41,10,4,Autumn,0.25,0.05,1114.5917436077207,20,-0.9709418174260521,0.23931566428755738,2014-41,2014-10-06,781.9,246.4905812025736,569.184,968.6595171045038,746.1301780696691,684.0455740573562,624.106133011352,5.0,8.0,2.0,13.5,9.5,12.662279942148386,8.185352771872449
LATAM,Tables,2014,42,10,4,Spring,0.0,0.0,353.5065812025736,7,-0.9350162426854148,0.35460488704253557,2014-42,2014-10-13,1114.5917436077207,1809.6663248102943,246.4905812025736,604.6195812025736,755.0481780696691,426.1359041345565,617.0422345392839,20.0,28.0,8.0,8.25,9.416666666666666,8.220908303425682,8.207073815073224
LATAM,Tables,2014,43,10,4,Spring,1.0,0.20000000000000004,739.4717436077208,9,-0.8854560256532101,0.464723172043768,2014-43,2014-10-20,353.5065812025736,168.48,812.6251624051472,747.3675171045038,748.9520598365503,311.57391042601193,616.7829937781117,7.0,1.0,12.0,10.25,9.166666666666666,6.701989754294366,8.166821272500682
LATAM,Tables,2014,44,10,4,Autumn,1.0,0.2,246.4905812025736,4,-0.822983865893657,0.5680647467311548,2014-44,2014-10-27,739.4717436077208,781.9,2052.961162405147,613.5151624051472,598.4128447363358,395.49728447605406,473.35523947148846,9.0,5.0,16.0,10.0,8.166666666666666,6.976149845485449,7.986731420792787
LATAM,Tables,2014,45,11,4,Autumn,0.25,0.05,1248.4771624051473,15,-0.7485107481711011,0.6631226582407952,2014-45,2014-11-03,246.4905812025736,1114.5917436077207,359.648,646.9865171045038,672.4819416034314,453.4578190440279,501.3125683263865,4.0,20.0,2.0,8.75,9.25,4.645786621588784,7.955844049845028
LATAM,Tables,2014,46,11,4,Autumn,1.0,0.2,246.4905812025736,3,-0.6631226582407955,0.7485107481711007,2014-46,2014-11-10,1248.4771624051473,353.5065812025736,576.9380000000001,620.2325171045038,644.9446567036459,478.9834363139853,515.9014680788648,15.0,7.0,7.0,7.75,8.916666666666666,5.499999999999999,8.140340995016825
LATAM,Tables,2014,47,11,4,Autumn,1.0,0.20000000000000004,851.8611624051472,11,-0.5680647467311559,0.8229838658936564,2014-47,2014-11-17,246.4905812025736,739.4717436077208,537.28,648.3298718038604,671.1597535707416,491.44392274594964,517.921857813319,3.0,9.0,2.0,8.25,9.666666666666666,5.737304826019501,7.854741860619589
LATAM,Tables,2014,48,11,4,Spring,0.3333333333333333,0.06666666666666667,895.9411624051472,16,-0.4647231720437684,0.88545602565321,2014-48,2014-11-24,851.8611624051472,246.4905812025736,246.4905812025736,810.6925171045038,725.2806353376227,415.9092084489836,503.2356665066051,11.0,4.0,5.0,11.25,10.583333333333334,5.909032633745278,7.902339507827392
LATAM,Tables,2014,49,12,4,Autumn,1.0,0.2,246.4905812025736,5,-0.35460488704253595,0.9350162426854147,2014-49,2014-12-01,895.9411624051472,1248.4771624051473,246.4905812025736,560.1958718038604,725.2806353376227,362.6823957702524,503.2356665066051,16.0,15.0,8.0,8.75,10.333333333333334,5.909032633745278,8.037789534819916
LATAM,Tables,2014,50,12,4,Autumn,1.0,0.20000000000000004,832.5011624051472,11,-0.2393156642875578,0.970941817426052,2014-50,2014-12-08,246.4905812025736,246.4905812025736,1809.6663248102943,706.6985171045038,643.8502051371937,307.95163160406594,374.37711114327317,5.0,3.0,28.0,10.75,8.916666666666666,4.499999999999999,5.838093296045663
LATAM,Tables,2014,51,12,4,Spring,0.5,0.1,872.0640000000001,5,-0.12053668025532363,0.992708874098054,2014-51,2014-12-15,832.5011624051472,851.8611624051472,168.48,711.749226503217,702.4822051371938,311.2737985031176,347.2741387608926,11.0,11.0,1.0,9.25,9.25,5.315072906367324,5.4460160584679596
LATAM,Tables,2014,52,12,4,Summer,1.0,0.2,246.4905812025736,5,6.432490598706546e-16,1.0,2014-52,2014-12-22,872.0640000000001,895.9411624051472,781.9,549.3865812025736,657.8647535707415,350.12690857424695,369.80648171707327,5.0,16.0,5.0,6.5,9.25,2.9999999999999987,5.4460160584679596
US,Bookcases,2011,25,6,2,Spring,1.0,0.32,193.0656,4,0.12053668025532308,-0.992708874098054,2011-25,2011-06-20,212.94,349.965,395.959,262.55989999999997,256.4505151002145,73.85575881703467,69.19169439184459,3.0,7.0,7.0,2.75,3.9166666666666665,0.9574271077563378,2.5030284687057627
US,Bookcases,2011,27,7,3,Summer,1.0,0.15,119.833,1,-0.12053668025532283,-0.992708874098054,2011-27,2011-07-04,193.0656,290.666,181.47,219.85165,251.31409843354777,97.72249141569196,77.09974105270695,4.0,2.0,5.0,2.5,3.5833333333333335,1.2909944487358054,2.6097137890209456
US,Bookcases,2011,30,7,3,Summer,0.0,0.0,246.4905812025736,8,-0.46472317204376806,-0.8854560256532101,2011-30,2011-07-25,119.833,353.568,141.96,193.0822953006434,260.0249802004289,53.57932741796052,69.11286205431304,1.0,2.0,2.0,4.0,4.083333333333333,2.943920288775949,2.8431203515386634
US,Bookcases,2011,32,8,3,Summer,1.0,0.2,155.456,4,-0.663122658240795,-0.7485107481711013,2011-32,2011-08-08,246.4905812025736,212.94,290.666,178.7112953006434,248.75748020042894,54.1834540482837,74.47683322869514,8.0,3.0,2.0,4.25,4.25,2.8722813232690143,2.767506261797958
US,Bookcases,2011,33,8,3,Summer,0.0,0.0,246.4905812025736,9,-0.7485107481711011,-0.6631226582407952,2011-33,2011-08-15,155.456,193.0656,302.45,192.0675406012868,244.09419530064338,64.50314839255834,72.53593654902369,4.0,4.0,5.0,5.5,4.583333333333333,3.696845502136472,3.088345639315455
US,Bookcases,2011,38,9,3,Summer,0.8,0.194,1839.3923812025737,15,-0.992708874098054,-0.12053668025532357,2011-38,2011-09-19,246.4905812025736,119.833,246.4905812025736,621.9573859019303,376.83601196731007,812.7570677829444,466.26192049830837,9.0,1.0,10.0,9.0,5.0,4.546060565661952,4.067610422035836
US,Bookcases,2011,43,10,4,Autumn,1.0,0.15,246.4905812025736,6,-0.8854560256532101,0.464723172043768,2011-43,2011-10-24,1839.3923812025737,246.4905812025736,205.666,621.9573859019303,380.2380604008578,812.7570677829444,465.0468045551295,15.0,8.0,2.0,8.5,5.333333333333333,4.795831523312719,3.961940143032161
US,Bookcases,2011,45,11,4,Autumn,1.0,0.3233333333333333,812.6192000000001,7,-0.7485107481711011,0.6631226582407952,2011-45,2011-11-07,246.4905812025736,155.456,308.499,786.2481859019302,422.24807706752455,751.1068876756877,480.4905347460652,6.0,4.0,3.0,9.25,5.666666666666667,4.031128874149275,3.915780041490244
US,Bookcases,2011,46,11,4,Autumn,0.75,0.1625,1223.0716624051472,25,-0.6631226582407955,0.7485107481711007,2011-46,2011-11-14,812.6192000000001,246.4905812025736,349.965,1030.3934562025736,495.00696560128677,671.6977236561219,531.9048099272164,7.0,9.0,7.0,13.25,7.166666666666667,8.80814017448254,6.833518105410251
US,Bookcases,2011,47,11,4,Autumn,1.0,0.2,275.952,3,-0.5680647467311559,0.8229838658936564,2011-47,2011-11-21,1223.0716624051472,1839.3923812025737,290.666,639.5333609019303,493.7807989346201,468.0276664495521,532.435382419669,25.0,15.0,2.0,10.25,7.25,9.979144919948467,6.7705914875222755
US,Bookcases,2011,48,11,4,Autumn,1.0,0.175,657.8225812025736,9,-0.4647231720437684,0.88545602565321,2011-48,2011-11-28,275.952,246.4905812025736,353.568,742.3663609019303,519.135347368168,391.87712999359377,532.3957551232241,3.0,6.0,2.0,11.0,7.833333333333333,9.660917830792958,6.575897219575763
US,Bookcases,2011,50,12,4,Autumn,1.0,0.15,254.9745,3,-0.2393156642875578,0.970941817426052,2011-50,2011-12-12,657.8225812025736,812.6192000000001,212.94,602.9551859019302,522.6382223681679,452.98142598000373,530.3322939216914,9.0,7.0,3.0,10.0,7.833333333333333,10.392304845413264,6.575897219575763
US,Bookcases,2011,52,12,4,Winter,0.5,0.1,588.4505812025736,9,6.432490598706546e-16,1.0,2011-52,2011-12-26,254.9745,1223.0716624051472,193.0656,444.2999156012869,555.5869708017157,208.61166218492485,520.1801676184676,3.0,25.0,4.0,6.0,8.25,3.4641016151377544,6.468454923002023
US,Bookcases,2012,1,1,1,Winter,1.0,0.41000000000000003,698.9405812025736,14,0.12053668025532305,0.992708874098054,2012-1,2012-01-02,588.4505812025736,275.952,119.833,550.0470609019303,603.8459359019303,201.9302600175767,502.64600561920145,9.0,3.0,1.0,8.75,9.333333333333334,4.5,6.227991553292185
US,Bookcases,2012,6,2,1,Winter,0.0,0.0,283.92,4,0.6631226582407952,0.7485107481711011,2012-6,2012-02-06,698.9405812025736,657.8225812025736,246.4905812025736,456.5714156012869,606.9650541350492,221.0465670720666,500.33771183817964,14.0,9.0,8.0,7.5,9.0,5.066228051190222,6.4102191141106175
US,Bookcases,2012,9,3,1,Winter,1.0,0.32,246.4905812025736,6,0.8854560256532099,0.4647231720437686,2012-9,2012-02-27,283.92,254.9745,155.456,454.4504359019303,614.5512692352636,223.65106812860952,493.5130924410099,4.0,3.0,4.0,8.25,9.166666666666666,4.349329450233296,6.293334617359911
US,Bookcases,2012,10,3,1,Winter,0.0,0.0,512.94,3,0.9350162426854148,0.35460488704253557,2012-10,2012-03-05,246.4905812025736,588.4505812025736,246.4905812025736,435.5727906012869,636.7553874683824,211.42290086034112,481.29057581767086,6.0,9.0,9.0,6.75,8.666666666666666,4.9916597106239795,6.5412444372518905
US,Bookcases,2012,11,3,1,Winter,0.0,0.0,141.96,2,0.970941817426052,0.23931566428755804,2012-11,2012-03-12,512.94,698.9405812025736,1839.3923812025737,296.32764530064344,495.3026890348346,156.40541843116947,317.1502580671049,3.0,14.0,15.0,3.75,7.583333333333333,1.7078251276599339,6.4731379679036
US,Bookcases,2012,12,3,1,Spring,1.0,0.31,742.5236,7,0.992708874098054,0.120536680255323,2012-12,2012-03-19,141.96,283.92,246.4905812025736,410.9785453006435,536.6387739346202,270.64461912799425,314.08363086470945,2.0,4.0,6.0,4.5,7.666666666666667,2.380476142847617,6.45731907969319
US,Bookcases,2012,14,4,2,Spring,1.0,0.5,352.45,5,0.992708874098054,-0.12053668025532288,2012-14,2012-04-02,742.5236,246.4905812025736,812.6192000000001,437.4684000000001,498.2913406012868,253.84245787674467,305.2938673865212,7.0,6.0,7.0,4.25,7.5,2.2173557826083456,6.50174801670499
US,Bookcases,2012,16,4,2,Spring,0.0,0.0,523.26,9,0.9350162426854148,-0.35460488704253545,2012-16,2012-04-16,352.45,512.94,1223.0716624051472,440.0484000000001,439.9737020675246,254.91540484817094,204.44011250468557,5.0,3.0,25.0,5.75,6.166666666666667,2.9860788111948193,3.5632807491088454
US,Bookcases,2012,20,5,2,Spring,1.0,0.15,509.9575,5,0.6631226582407952,-0.7485107481711012,2012-20,2012-05-14,523.26,141.96,275.952,532.047775,459.4741604008579,160.33365100461404,198.44503574533,9.0,2.0,3.0,6.5,6.333333333333333,1.9148542155126753,3.446561747421317
US,Bookcases,2012,22,5,2,Spring,0.0,0.0,246.4905812025736,7,0.46472317204376906,-0.8854560256532096,2012-22,2012-05-28,509.9575,742.5236,657.8225812025736,408.03952030064346,425.19649373419117,132.7294089731895,196.58566537028682,5.0,7.0,9.0,6.5,6.166666666666667,1.9148542155126753,3.3529724488018453
US,Bookcases,2012,26,6,2,Summer,1.0,0.5,482.94,6,-3.216245299353273e-16,-1.0,2012-26,2012-06-25,246.4905812025736,352.45,254.9745,440.66202030064346,444.1936187341912,130.53002858353403,189.52890362103355,7.0,5.0,3.0,6.75,6.416666666666667,1.7078251276599319,3.2039275140289174
US,Bookcases,2012,27,7,3,Summer,0.0,0.0,301.96,2,-0.12053668025532283,-0.992708874098054,2012-27,2012-07-02,482.94,523.26,588.4505812025736,385.3370203006434,420.3194036339767,130.74997357695014,187.7410817887968,6.0,9.0,9.0,5.0,5.833333333333333,2.160246899469287,3.325748947320898
US,Bookcases,2012,28,7,3,Summer,0.0,0.0,127.764,6,-0.23931566428755743,-0.9709418174260521,2012-28,2012-07-09,301.96,509.9575,698.9405812025736,289.78864530064345,372.7213552004289,147.85386449335144,183.0265417247762,2.0,5.0,14.0,5.25,5.166666666666667,2.217355782608345,2.124888588879782
US,Bookcases,2012,29,7,3,Summer,1.0,0.2375,1058.8205812025735,16,-0.3546048870425356,-0.9350162426854148,2012-29,2012-07-16,127.764,246.4905812025736,283.92,492.87114530064343,437.2964036339767,404.2060879445387,266.5082446969618,6.0,7.0,4.0,7.5,6.166666666666667,5.972157622389639,3.737605780402338
US,Bookcases,2012,30,7,3,Summer,0.0,0.0,246.4905812025736,5,-0.46472317204376806,-0.8854560256532101,2012-30,2012-07-23,1058.8205812025735,482.94,246.4905812025736,433.7587906012868,437.2964036339767,422.99541266234985,266.5082446969618,16.0,6.0,6.0,7.25,6.083333333333333,6.075908711186062,3.752776749732568
US,Bookcases,2012,32,8,3,Summer,0.5,0.16,615.6897812025736,8,-0.663122658240795,-0.7485107481711013,2012-32,2012-08-06,246.4905812025736,301.96,512.94,512.1912359019302,445.85888540085784,419.4825096210905,270.77591200894926,5.0,2.0,3.0,8.75,6.5,4.9916597106239795,3.6556307750696555
US,Bookcases,2012,33,8,3,Summer,1.0,0.5,301.47,3,-0.7485107481711011,-0.6631226582407952,2012-33,2012-08-13,615.6897812025736,127.764,141.96,555.6177359019302,459.15138540085786,372.8147098232863,258.12063261046245,8.0,6.0,2.0,8.0,6.583333333333333,5.715476066494083,3.553700589355817
US,Bookcases,2012,34,8,3,Summer,1.0,0.15,246.4905812025736,6,-0.8229838658936564,-0.5680647467311559,2012-34,2012-08-20,301.47,1058.8205812025735,742.5236,352.53523590193026,417.8153005010724,177.3404546916471,248.14028536455123,3.0,16.0,7.0,5.5,6.5,2.081665999466136,3.554766326548574
US,Bookcases,2012,35,8,3,Summer,1.0,0.15,554.1565812025735,9,-0.8854560256532096,-0.4647231720437691,2012-35,2012-08-27,246.4905812025736,246.4905812025736,352.45,429.45173590193025,434.6241822679535,182.656341081876,250.13368674071148,6.0,5.0,5.0,6.5,6.833333333333333,2.6457513110645925,3.588702812826368
US,Bookcases,2012,36,9,3,Summer,1.0,0.15,704.531,7,-0.9350162426854147,-0.3546048870425359,2012-36,2012-09-03,554.1565812025735,615.6897812025736,523.26,451.66204060128683,449.7300989346202,215.32983869112203,261.2018709247753,9.0,8.0,9.0,6.25,6.666666666666667,2.500000000000002,3.5248038845079637
US,Bookcases,2012,37,9,3,Summer,0.5,0.1,408.344,3,-0.970941817426052,-0.23931566428755774,2012-37,2012-09-10,704.531,301.47,509.9575,478.38054060128684,441.2623072679535,196.26861602133445,260.7185208956286,7.0,3.0,5.0,6.25,6.5,2.500000000000002,3.6556307750696555
US,Bookcases,2012,38,9,3,Summer,0.6,0.18,995.7517436077208,24,-0.992708874098054,-0.12053668025532357,2012-38,2012-09-17,408.344,246.4905812025736,246.4905812025736,665.6958312025736,503.7007374683824,251.0750518357673,297.0239411019723,3.0,6.0,7.0,10.75,7.916666666666667,9.17877987534291,6.244391422902976
US,Bookcases,2012,40,10,4,Autumn,0.6666666666666666,0.21666666666666667,222.45,4,-0.992708874098054,0.1205366802553232,2012-40,2012-10-01,995.7517436077208,554.1565812025735,482.94,582.7691859019302,481.9932374683824,339.428241580663,307.9952508335898,24.0,9.0,6.0,9.5,7.75,9.814954576223638,6.326351813859808
US,Bookcases,2012,41,10,4,Autumn,1.0,0.2,492.9811624051472,7,-0.9709418174260521,0.23931566428755738,2012-41,2012-10-08,222.45,704.531,301.96,529.881726503217,497.91166766881133,330.49569331133836,302.73598319883564,4.0,7.0,2.0,9.5,8.166666666666666,9.814954576223638,6.072790781740129
US,Bookcases,2012,44,10,4,Autumn,1.0,0.15,938.3320000000001,4,-0.822983865893657,0.5680647467311548,2012-44,2012-10-29,492.9811624051472,408.344,127.764,662.3787265032171,565.4590010021446,369.4683553486246,303.06748380243675,7.0,3.0,6.0,9.75,8.0,9.604686356149273,6.164414002968977
US,Bookcases,2012,45,11,4,Autumn,0.0,0.0,246.4905812025736,5,-0.7485107481711011,0.6631226582407952,2012-45,2012-11-05,938.3320000000001,995.7517436077208,1058.8205812025735,475.0634359019303,497.76483433547804,332.16356679008015,271.97829103290604,4.0,24.0,16.0,5.0,7.083333333333333,1.4142135623730951,5.664215155988811
US,Bookcases,2012,46,11,4,Autumn,0.6666666666666666,0.15666666666666665,792.9511624051472,10,-0.6631226582407955,0.7485107481711007,2012-46,2012-11-12,246.4905812025736,222.45,246.4905812025736,617.6887265032171,543.3032161023592,309.22972576760435,271.8297237993905,5.0,4.0,5.0,6.5,7.5,2.6457513110645894,5.68090901817018
US,Bookcases,2012,47,11,4,Autumn,0.6,0.144,1010.2568,17,-0.5680647467311559,0.8229838658936564,2012-47,2012-11-19,792.9511624051472,492.9811624051472,615.6897812025736,747.0076359019303,576.1838010021447,345.70375775044454,303.41055691122864,10.0,7.0,8.0,9.0,8.25,5.944184833375668,6.311965548932369
US,Bookcases,2012,48,11,4,Autumn,0.5,0.1,417.4705812025736,13,-0.4647231720437684,0.88545602565321,2012-48,2012-11-26,1010.2568,938.3320000000001,301.47,616.7922812025737,585.8505161023592,347.7061825223576,295.6100772678209,17.0,4.0,3.0,11.25,9.083333333333334,5.057996968497837,6.2152061815186705
US,Bookcases,2012,49,12,4,Autumn,1.0,0.15,359.499,3,-0.35460488704253595,0.9350162426854147,2012-49,2012-12-03,417.4705812025736,246.4905812025736,246.4905812025736,645.0443859019302,595.267884335478,310.15185847266076,285.44130062677425,13.0,5.0,6.0,10.75,8.833333333333334,5.9090326337452765,6.407855028057835
US,Bookcases,2012,50,12,4,Autumn,0.0,0.0,69.576,4,-0.2393156642875578,0.970941817426052,2012-50,2012-12-10,359.499,792.9511624051472,554.1565812025735,464.20059530064344,554.8861692352635,394.5681471275351,323.5228979076542,3.0,10.0,9.0,9.25,8.416666666666666,6.849574196011504,6.556860852757534
US,Bookcases,2012,51,12,4,Autumn,1.0,0.3,359.058,3,-0.12053668025532363,0.992708874098054,2012-51,2012-12-17,69.576,1010.2568,704.531,301.40089530064347,526.0967525685968,156.96569217347894,324.36607413167894,4.0,17.0,7.0,5.75,8.083333333333334,4.856267428111155,6.73469083225508
US,Bookcases,2012,52,12,4,Winter,0.6,0.144,1520.5417812025735,15,6.432490598706546e-16,1.0,2012-52,2012-12-24,359.058,417.4705812025736,408.344,577.1686953006434,618.7799010021446,643.5721910253498,429.5155900142587,3.0,13.0,3.0,6.25,9.083333333333334,5.852349955359812,6.801849124697749
US,Bookcases,2013,1,1,1,Winter,0.0,0.0,173.94,3,0.12053668025532305,0.992708874098054,2013-1,2012-12-31,1520.5417812025735,359.499,995.7517436077208,530.7789453006434,550.2955890348346,670.6118460095084,429.46199094139223,15.0,3.0,24.0,6.25,7.333333333333333,5.852349955359812,5.104958967573204
US,Bookcases,2013,2,1,1,Winter,0.0,0.0,246.4905812025736,6,0.23931566428755774,0.970941817426052,2013-2,2013-01-07,173.94,69.576,222.45,575.0075906012868,552.2989708017158,634.9403565091475,427.84663866317,3.0,4.0,4.0,6.75,7.5,5.678908345800273,5.018148879997303
US,Bookcases,2013,4,1,1,Winter,1.0,0.2,451.136,4,0.4647231720437685,0.8854560256532099,2013-4,2013-01-21,246.4905812025736,359.058,492.9811624051472,598.0270906012868,548.8118739346202,626.1091823657487,428.54400797699304,6.0,3.0,7.0,7.0,7.25,5.47722557505166,5.119037551585792
US,Bookcases,2013,5,1,1,Winter,0.0,0.0,48.58,1,0.5680647467311558,0.8229838658936564,2013-5,2013-01-28,451.136,1520.5417812025735,938.3320000000001,230.03664530064347,474.66587393462015,168.55167792390066,431.9810687982632,4.0,15.0,4.0,3.5,7.0,2.081665999466134,5.359782899266792
US,Bookcases,2013,6,2,1,Winter,0.0,0.0,239.98,2,0.6631226582407952,0.7485107481711011,2013-6,2013-02-04,48.58,173.94,246.4905812025736,246.5466453006435,474.1233255010723,164.4087595816983,432.2976715082977,1.0,3.0,5.0,3.25,6.75,2.2173557826083465,5.528849954392126
US,Bookcases,2013,11,3,1,Winter,1.0,0.26,418.116,6,0.970941817426052,0.23931566428755804,2013-11,2013-03-11,239.98,246.4905812025736,792.9511624051472,289.4530000000001,442.88706196731005,185.4390644893002,420.54847582615264,2.0,6.0,10.0,3.25,6.416666666666667,2.2173557826083465,5.434876152027642
US,Bookcases,2013,12,3,1,Spring,0.0,0.0,72.294,1,0.992708874098054,0.120536680255323,2013-12,2013-03-18,418.116,451.136,1010.2568,194.74250000000006,364.7234953006434,171.56074091217238,391.68488097298916,6.0,4.0,17.0,2.5,5.083333333333333,2.3804761428476184,4.481443219916249
US,Bookcases,2013,13,3,1,Spring,1.0,0.5,601.445,8,1.0,-1.6081226496766366e-16,2013-13,2013-03-25,72.294,48.58,417.4705812025736,332.95875000000007,380.05469686709563,227.98229720071868,397.4946280516824,1.0,1.0,13.0,4.25,4.666666666666667,3.3040379335998353,3.869069264008717
US,Bookcases,2013,15,4,2,Spring,0.6666666666666666,0.11666666666666665,1300.269,16,0.9709418174260521,-0.2393156642875575,2013-15,2013-04-08,601.445,239.98,359.499,598.0310000000001,458.4521968670956,517.0166549328949,477.7446620767476,8.0,2.0,3.0,7.75,5.75,6.238322424070966,5.011350752405618
US,Bookcases,2013,16,4,2,Spring,1.0,0.15,257.499,3,0.9350162426854148,-0.35460488704253545,2013-16,2013-04-15,1300.269,418.116,69.576,557.8767500000001,474.1124468670957,541.3137860984607,466.7931363182024,16.0,6.0,4.0,7.0,5.666666666666667,6.68331255192114,5.051252469947578
US,Bookcases,2013,23,6,2,Spring,1.0,0.2,136.784,1,0.35460488704253584,-0.9350162426854147,2013-23,2013-06-03,257.499,72.294,359.058,573.9992500000001,455.5896135337623,522.6696222410322,476.09108795359003,3.0,1.0,3.0,7.0,5.5,6.68331255192114,5.178627406773131
US,Bookcases,2013,24,6,2,Spring,1.0,0.15,246.4905812025736,5,0.23931566428755768,-0.970941817426052,2013-24,2013-06-10,136.784,601.445,1520.5417812025735,485.26064530064343,349.418680200429,546.0650453102925,339.4677712909979,1.0,8.0,15.0,6.25,4.666666666666667,6.701989754294366,4.2283315715288765
US,Bookcases,2013,25,6,2,Spring,1.0,0.175,593.2339999999999,4,0.12053668025532308,-0.992708874098054,2013-25,2013-06-17,246.4905812025736,1300.269,173.94,308.50189530064347,384.35984686709565,197.48932917858832,341.3375517558961,5.0,16.0,3.0,3.25,4.75,1.707825127659934,4.202272112689859
US,Bookcases,2013,27,7,3,Summer,0.5,0.075,492.9811624051472,12,-0.12053668025532283,-0.992708874098054,2013-27,2013-07-01,593.2339999999999,257.499,246.4905812025736,367.3724359019302,404.90072863397677,211.79742513216237,339.6993441419271,4.0,3.0,6.0,5.5,5.25,4.654746681256313,4.692837869853086
US,Bookcases,2013,29,7,3,Summer,0.5,0.1,1084.036,9,-0.3546048870425356,-0.9350162426854148,2013-29,2013-07-15,492.9811624051472,136.784,451.136,604.1854359019302,457.6423953006435,351.51505294268276,392.55096995940755,12.0,1.0,4.0,7.5,5.666666666666667,3.69684550213647,4.792671172707028
US,Bookcases,2013,31,7,3,Summer,1.0,0.5,177.45,5,-0.5680647467311556,-0.8229838658936566,2013-31,2013-07-29,1084.036,246.4905812025736,48.58,586.9252906012867,468.38156196731006,375.78999900153036,381.96271627948994,9.0,5.0,1.0,7.5,6.0,3.69684550213647,4.572645941803378
US,Bookcases,2013,33,8,3,Summer,0.0,0.0,241.96,2,-0.7485107481711011,-0.6631226582407952,2013-33,2013-08-12,177.45,593.2339999999999,239.98,499.10679060128683,468.5465619673101,413.0243197783327,381.8554946118988,5.0,4.0,2.0,7.0,6.0,4.3969686527576375,4.572645941803378
US,Bookcases,2013,35,8,3,Summer,1.0,0.41000000000000003,320.2528,6,-0.8854560256532096,-0.4647231720437691,2013-35,2013-08-26,241.96,492.9811624051472,418.116,455.92470000000003,460.3912953006434,422.79219522261775,384.0690638867752,2.0,12.0,6.0,5.5,6.0,2.886751345948127,4.572645941803378
US,Bookcases,2013,36,9,3,Summer,0.6666666666666666,0.16666666666666666,790.1745812025736,10,-0.9350162426854147,-0.3546048870425359,2013-36,2013-09-02,320.2528,1084.036,72.294,382.45934530064346,520.2146770675246,278.0109503570652,373.89728355547413,6.0,9.0,1.0,5.75,6.75,3.304037933599833,4.413306326018253
US,Bookcases,2013,37,9,3,Summer,0.5,0.16,420.4305812025736,7,-0.970941817426052,-0.23931566428755774,2013-37,2013-09-09,790.1745812025736,177.45,601.445,443.2044906012868,505.130142167739,242.5718848370878,373.97361930026636,10.0,5.0,8.0,6.25,6.666666666666667,3.3040379335998327,4.39696865275764
US,Bookcases,2013,38,9,3,Summer,0.5,0.075,437.546,4,-0.992708874098054,-0.12053668025532357,2013-38,2013-09-16,420.4305812025736,241.96,1300.269,492.1009906012868,433.23655883440557,205.3391995453422,277.7697726210781,7.0,2.0,16.0,6.75,5.666666666666667,2.4999999999999964,3.312053286059414
US,Bookcases,2013,39,9,3,Autumn,1.0,0.20666666666666667,1149.1140812025735,14,-1.0,-1.8369701987210297e-16,2013-39,2013-09-23,437.546,320.2528,257.499,699.3163109019301,507.5378156012868,344.90298411248483,338.99119441002296,4.0,6.0,3.0,8.75,6.583333333333333,4.2720018726587625,3.9648073054937956
US,Bookcases,2013,40,10,4,Autumn,1.0,0.2,523.92,5,-0.992708874098054,0.1205366802553232,2013-40,2013-09-30,1149.1140812025735,790.1745812025736,136.784,632.7526656012868,539.7991489346201,347.20789662786245,318.28886100012147,14.0,10.0,1.0,7.5,6.916666666666667,4.509249752822892,3.6045005538110617
US,Bookcases,2013,41,10,4,Autumn,0.0,0.0,90.882,3,-0.9709418174260521,0.23931566428755738,2013-41,2013-10-07,523.92,420.4305812025736,246.4905812025736,550.3655203006434,526.831767167739,440.8524145768979,334.10186854640716,5.0,7.0,5.0,6.5,6.75,5.066228051190219,3.7446932147677034
US,Bookcases,2013,42,10,4,Autumn,0.5,0.075,241.64600000000002,3,-0.9350162426854148,0.35460488704253557,2013-42,2013-10-14,90.882,437.546,593.2339999999999,501.3905203006434,497.53276716773894,467.63156789244357,343.04586662403005,3.0,4.0,4.0,6.25,6.666666666666667,5.251983752196241,3.821787619172553
US,Bookcases,2013,43,10,4,Autumn,0.0,0.0,246.4905812025736,4,-0.8854560256532101,0.464723172043768,2013-43,2013-10-21,241.64600000000002,1149.1140812025735,492.9811624051472,275.7346453006435,476.9918854008578,180.5396741119026,350.6388274964934,3.0,14.0,12.0,3.75,6.0,0.9574271077563362,3.4902461491731755
US,Bookcases,2013,45,11,4,Autumn,0.5,0.16,508.4505812025736,9,-0.7485107481711011,0.6631226582407952,2013-45,2013-11-04,246.4905812025736,523.92,1084.036,271.86729060128687,429.0264338344057,173.47875238894943,295.00421241579164,4.0,5.0,9.0,4.75,6.0,2.872281323269013,3.4902461491731755
US,Bookcases,2013,46,11,4,Autumn,0.0,0.0,341.96,2,-0.6631226582407955,0.7485107481711007,2013-46,2013-11-11,508.4505812025736,90.882,177.45,334.63679060128686,442.73560050107227,124.74227373148146,285.9333847411995,9.0,3.0,5.0,4.5,5.75,3.109126351029604,3.6711405213193244
US,Bookcases,2013,47,11,4,Autumn,1.0,0.3,490.106,7,-0.5680647467311559,0.8229838658936564,2013-47,2013-11-18,341.96,241.64600000000002,241.96,396.75179060128687,463.4144338344056,124.86285756982623,278.98169519961107,2.0,3.0,2.0,5.5,6.166666666666667,3.109126351029603,3.485902343944126
US,Bookcases,2013,48,11,4,Autumn,1.0,0.175,586.4105812025737,13,-0.4647231720437684,0.88545602565321,2013-48,2013-11-25,490.106,246.4905812025736,320.2528,481.7317906012869,485.5942489346201,102.10749858831296,277.1393015847404,7.0,4.0,6.0,7.75,6.75,4.573474244670745,4.002839900961226
US,Bookcases,2013,49,12,4,Autumn,0.6666666666666666,0.15666666666666665,534.0965812025736,13,-0.35460488704253595,0.9350162426854147,2013-49,2013-12-02,586.4105812025737,508.4505812025736,790.1745812025736,488.1432906012868,464.25441560128684,105.10561672021181,260.94004064018156,13.0,9.0,10.0,8.75,7.0,5.315072906367322,4.306443375391641
US,Bookcases,2013,50,12,4,Autumn,0.0,0.0,405.86,7,-0.2393156642875578,0.970941817426052,2013-50,2013-12-09,534.0965812025736,341.96,420.4305812025736,504.11829060128684,463.0402005010723,76.4237200515733,261.1962759713974,13.0,2.0,7.0,10.0,7.0,3.4641016151377495,4.306443375391641
US,Bookcases,2013,52,12,4,Winter,1.0,0.3,141.372,2,6.432490598706546e-16,1.0,2013-52,2013-12-23,405.86,490.106,437.546,416.9347906012869,438.3590338344057,198.7514623238967,277.3198018521817,7.0,7.0,4.0,8.75,6.833333333333333,5.315072906367322,4.4687466889159175
US,Bookcases,2014,1,12,4,Winter,1.0,0.26,401.9888,6,0.12053668025532305,0.992708874098054,2014-1,2013-12-30,141.372,586.4105812025737,1149.1140812025735,370.82934530064347,376.0985937341911,164.82811452874375,163.92978131583732,2.0,13.0,14.0,7.0,6.166666666666667,4.54606056566195,3.8573031873042956
US,Bookcases,2014,3,1,1,Winter,0.0,0.0,212.94,3,0.3546048870425356,0.9350162426854148,2014-3,2014-01-13,401.9888,534.0965812025736,523.92,290.5402000000001,350.18359373419116,134.15462427770916,163.015118396412,6.0,13.0,5.0,4.5,6.0,2.380476142847615,3.9542842128966442
US,Bookcases,2014,4,1,1,Winter,0.0,0.0,84.98,1,0.4647231720437685,0.8854560256532099,2014-4,2014-01-20,212.94,405.86,90.882,210.32020000000006,349.6917604008579,138.091437819632,163.87521413892492,3.0,7.0,3.0,3.0,5.833333333333333,2.160246899469286,4.130448651249167
US,Bookcases,2014,6,2,1,Winter,0.5,0.1,600.754,4,0.6631226582407952,0.7485107481711011,2014-6,2014-02-03,84.98,141.372,241.64600000000002,325.1657,379.6174270675245,225.19212391162054,174.77719827526585,1.0,2.0,3.0,3.5,5.916666666666667,2.0816659994661317,4.077841080619483
US,Bookcases,2014,7,2,1,Winter,1.0,0.15,203.983,2,0.7485107481711011,0.6631226582407953,2014-7,2014-02-10,600.754,401.9888,246.4905812025736,275.66425000000004,376.0751286339767,224.4373423272443,178.11943892424006,4.0,6.0,4.0,2.5,5.75,1.2909944487358056,4.202272112689861
US,Bookcases,2014,8,2,1,Winter,1.0,0.32,89.0664,1,0.8229838658936564,0.5680647467311559,2014-8,2014-02-17,203.983,212.94,508.4505812025736,244.69585000000004,341.1264468670956,243.69695715859203,190.498319088739,2.0,3.0,9.0,2.0,5.083333333333333,1.4142135623730958,4.273774855458755
US,Bookcases,2014,9,2,1,Winter,1.0,0.2,231.92,5,0.8854560256532099,0.4647231720437686,2014-9,2014-02-24,89.0664,84.98,341.96,281.4308500000001,331.9564468670956,221.67607710882257,193.08547136118847,1.0,1.0,2.0,3.0,5.333333333333333,1.825741858350553,4.1633319989322635
US,Bookcases,2014,10,3,1,Winter,0.0,0.0,441.96,2,0.9350162426854148,0.35460488704253557,2014-10,2014-03-03,231.92,600.754,490.106,241.73235000000005,327.9442802004289,147.1046110220772,189.97567368861843,5.0,4.0,7.0,2.5,4.916666666666667,1.7320508075688772,4.2310182168734665
US,Bookcases,2014,13,3,1,Spring,1.0,0.26,504.0585812025736,7,1.0,-1.6081226496766366e-16,2014-13,2014-03-24,441.96,203.983,586.4105812025737,316.75124530064346,321.08161353376227,191.30952171361633,181.06869275757253,2.0,2.0,13.0,3.75,4.416666666666667,2.7537852736430497,3.4761089357690316
US,Bookcases,2014,14,4,2,Spring,1.0,0.235,687.9968,10,0.992708874098054,-0.12053668025532288,2014-14,2014-03-31,504.0585812025736,89.0664,534.0965812025736,466.48384530064345,333.90663176688116,188.06157359430009,201.7924656136392,7.0,1.0,13.0,6.0,4.166666666666667,3.36650164612069,2.855085839605374
US,Bookcases,2014,16,4,2,Spring,1.0,0.18333333333333335,543.457,12,0.9350162426854148,-0.35460488704253545,2014-16,2014-04-14,687.9968,231.92,405.86,544.3680953006435,345.3730484335478,104.4705856819516,209.9953497440124,10.0,5.0,7.0,7.75,4.583333333333333,4.349329450233293,3.579190699111468
US,Bookcases,2014,17,4,2,Spring,1.0,0.175,732.117,11,0.8854560256532099,-0.4647231720437685,2014-17,2014-04-21,543.457,441.96,141.372,616.9073453006434,394.6017984335478,110.2372772532691,226.42504969991688,12.0,2.0,2.0,10.0,5.333333333333333,2.160246899469278,3.915780041490242
US,Bookcases,2014,18,4,2,Spring,1.0,0.26,534.6176,7,0.8229838658936565,-0.5680647467311557,2014-18,2014-04-28,732.117,504.0585812025736,401.9888,624.5471,405.65419843354783,100.43250985008116,230.02674247588564,11.0,7.0,6.0,10.0,5.416666666666667,2.160246899469278,3.9418116124288303
US,Bookcases,2014,19,5,2,Spring,0.5,0.16,336.4815812025736,10,0.7485107481711013,-0.663122658240795,2014-19,2014-05-05,534.6176,687.9968,212.94,536.6682953006434,415.94933020042896,161.58094827129196,223.28325602538425,7.0,10.0,3.0,10.0,6.0,2.160246899469278,4.067610422035835
US,Bookcases,2014,20,5,2,Spring,0.0,0.0,209.979,7,0.6631226582407952,-0.7485107481711012,2014-20,2014-05-12,336.4815812025736,543.457,84.98,453.29879530064346,426.36591353376224,228.9127370595512,208.8911316111686,10.0,12.0,1.0,8.75,6.5,2.0615528128088223,3.753785967647742
US,Bookcases,2014,21,5,2,Spring,0.0,0.0,549.4305812025736,12,0.5680647467311558,-0.8229838658936564,2014-21,2014-05-19,209.979,732.117,600.754,407.6271906012869,422.08896196731007,163.6676211614572,205.4938073551339,7.0,11.0,4.0,9.0,7.166666666666667,2.449489742783171,3.9733963794062634
US,Bookcases,2014,22,5,2,Spring,0.6666666666666666,0.2733333333333334,562.5864,7,0.46472317204376906,-0.8854560256532096,2014-22,2014-05-26,549.4305812025736,534.6176,203.983,414.6193906012869,451.97257863397675,171.3198759677466,196.78269195450972,12.0,7.0,2.0,9.0,7.583333333333333,2.449489742783171,3.629633924274244
US,Bookcases,2014,23,6,2,Spring,1.0,0.2,241.568,2,0.35460488704253584,-0.9350162426854147,2014-23,2014-06-02,562.5864,336.4815812025736,89.0664,390.8909953006435,464.68104530064346,191.17236486309713,174.92565618277283,7.0,10.0,1.0,7.0,7.666666666666667,4.082482904638627,3.4728383291777467
US,Bookcases,2014,24,6,2,Spring,0.6666666666666666,0.09999999999999999,935.0755812025735,10,0.23931566428755768,-0.970941817426052,2014-24,2014-06-09,241.568,209.979,231.92,572.1651406012868,523.2773437341912,283.7881074168586,205.04541359865826,2.0,7.0,5.0,7.75,8.083333333333334,4.349329450233293,3.423404295390335
US,Bookcases,2014,25,6,2,Spring,1.0,0.175,324.2185812025736,11,0.12053668025532308,-0.992708874098054,2014-25,2014-06-16,935.0755812025735,549.4305812025736,441.96,515.8621406012868,513.4655588344057,310.85237365687135,211.98980787890628,10.0,12.0,2.0,7.5,8.833333333333334,4.041451884327377,2.918073253904287
US,Bookcases,2014,26,6,2,Summer,1.0,0.2,400.784,1,-3.216245299353273e-16,-1.0,2014-26,2014-06-23,324.2185812025736,562.5864,504.0585812025736,475.4115406012868,504.8593437341912,313.2636868469249,214.4880382981475,11.0,7.0,7.0,6.0,8.333333333333334,5.228129047119372,3.6762958960278955
US,Bookcases,2014,27,6,2,Summer,0.6666666666666666,0.15666666666666665,1092.4887812025736,15,-0.12053668025532283,-0.992708874098054,2014-27,2014-06-30,400.784,241.568,687.9968,688.1417359019301,538.5670088344057,382.74769231062993,270.38539026505737,1.0,2.0,10.0,9.25,8.75,5.909032633745276,4.136863106707351
US,Bookcases,2014,28,7,3,Summer,1.0,0.5,87.21,3,-0.23931566428755743,-0.9709418174260521,2014-28,2014-07-07,1092.4887812025736,935.0755812025735,543.457,476.17534060128685,500.5464255010724,432.01504766211116,300.082308751649,15.0,10.0,12.0,7.5,8.0,6.608075867199667,4.306443375391643
US,Bookcases,2014,29,7,3,Summer,1.0,0.15,246.4905812025736,5,-0.3546048870425356,-0.9350162426854148,2014-29,2014-07-14,87.21,324.2185812025736,732.117,456.74334060128683,460.0775572679535,442.74327613813057,298.756514083192,3.0,11.0,11.0,6.0,7.5,6.218252702059209,4.2746610710940915
US,Bookcases,2014,30,7,3,Summer,0.0,0.0,302.94,3,-0.46472317204376806,-0.8854560256532101,2014-30,2014-07-21,246.4905812025736,400.784,534.6176,432.2823406012868,440.77109060128674,449.51658604629904,300.97917775311845,5.0,1.0,7.0,6.5,7.166666666666667,5.744562646538027,4.468746688915918
US,Bookcases,2014,31,7,3,Summer,0.0,0.0,115.96,2,-0.5680647467311556,-0.8229838658936566,2014-31,2014-07-28,302.94,1092.4887812025736,336.4815812025736,188.15014530064346,422.39429216773897,103.24832075304256,314.3603291547835,3.0,15.0,10.0,3.25,6.5,1.2583057392117911,4.602370930489869
US,Bookcases,2014,32,8,3,Summer,0.5,0.15,329.112,5,-0.663122658240795,-0.7485107481711013,2014-32,2014-08-04,115.96,87.21,209.979,248.62564530064344,432.322042167739,94.92599637074662,308.8755543836611,2.0,3.0,7.0,3.75,6.333333333333333,1.499999999999999,4.618802153517006
US,Bookcases,2014,35,8,3,Summer,1.0,0.5,130.98,2,-0.8854560256532096,-0.4647231720437691,2014-35,2014-08-25,329.112,246.4905812025736,549.4305812025736,219.74800000000005,397.4511604008578,111.85273074896271,317.94025521879337,5.0,5.0,12.0,3.0,5.5,1.4142135623730951,4.400413203738525
US,Bookcases,2014,36,9,3,Summer,1.0,0.22499999999999998,486.1565812025736,11,-0.9350162426854147,-0.3546048870425359,2014-36,2014-09-01,130.98,302.94,562.5864,265.5521453006435,391.0820088344056,176.25137776811684,315.08415556894295,2.0,3.0,7.0,5.0,5.833333333333333,4.242640687119284,4.667748792285075
US,Bookcases,2014,38,9,3,Summer,0.0,0.0,565.5691624051472,8,-0.992708874098054,-0.12053668025532357,2014-38,2014-09-15,486.1565812025736,115.96,241.568,377.9544359019302,418.08210570150123,191.73675128714808,314.98939969898936,11.0,2.0,2.0,6.5,6.333333333333333,3.8729833462074152,4.5393898935936985
US,Bookcases,2014,39,9,3,Autumn,0.0,0.0,422.548,4,-1.0,-1.8369701987210297e-16,2014-39,2014-09-22,565.5691624051472,329.112,935.0755812025735,401.31343590193023,375.3714739346201,189.48120071446274,270.05872338843784,8.0,5.0,10.0,6.25,5.833333333333333,4.031128874149274,4.42787314701546
US,Bookcases,2014,40,10,4,Autumn,0.0,0.0,217.764,6,-0.992708874098054,0.1205366802553232,2014-40,2014-09-29,422.548,130.98,324.2185812025736,423.00943590193026,366.50025883440566,148.81391003751108,273.6168473642502,4.0,2.0,11.0,7.25,5.416666666666667,2.9860788111948167,4.12218682769525
US,Bookcases,2014,41,10,4,Autumn,1.0,0.175,622.018,5,-0.9709418174260521,0.23931566428755738,2014-41,2014-10-06,217.764,486.1565812025736,400.784,456.9747906012868,384.93642550107234,180.22116487554942,283.4147627230179,6.0,11.0,1.0,5.75,5.75,1.7078251276599303,3.887626057587889
US,Bookcases,2014,42,10,4,Autumn,0.0,0.0,246.4905812025736,5,-0.9350162426854148,0.35460488704253557,2014-42,2014-10-13,622.018,565.5691624051472,1092.4887812025736,377.2051453006435,314.4365755010723,186.6342987238808,176.44400980772147,5.0,8.0,15.0,5.0,4.916666666666667,0.8164965809277226,2.574643252722182
US,Bookcases,2014,43,10,4,Autumn,1.0,0.32,328.3992,3,-0.8854560256532101,0.464723172043768,2014-43,2014-10-20,246.4905812025736,422.548,87.21,353.66794530064345,334.5356755010724,184.93884671201155,161.29383885728947,5.0,4.0,3.0,4.75,4.916666666666667,1.2583057392117898,2.574643252722182
US,Bookcases,2014,44,10,4,Autumn,0.5,0.075,756.645,7,-0.822983865893657,0.5680647467311548,2014-44,2014-10-27,328.3992,217.764,246.4905812025736,488.3881953006435,377.04854373419124,240.7831474550941,198.8395750348792,3.0,6.0,5.0,5.0,5.083333333333333,1.6329931618554503,2.6443192398846667
US,Bookcases,2014,46,11,4,Autumn,1.0,0.32,205.9992,3,-0.6631226582407955,0.7485107481711007,2014-46,2014-11-10,756.645,622.018,302.94,384.38349530064346,368.9701437341912,253.34316764006306,204.02575991088165,7.0,5.0,3.0,4.5,5.083333333333333,1.9148542155126755,2.6443192398846667
US,Bookcases,2014,47,11,4,Autumn,1.0,0.26,511.70079999999996,4,-0.5680647467311559,0.8229838658936564,2014-47,2014-11-17,205.9992,246.4905812025736,115.96,450.68605,401.94854373419116,239.55473073218556,190.97801558063557,3.0,5.0,2.0,4.25,5.25,1.8929694486000908,2.4908925016036796
US,Bookcases,2014,48,11,4,Autumn,1.0,0.18333333333333335,927.5575812025736,10,-0.4647231720437684,0.88545602565321,2014-48,2014-11-24,511.70079999999996,328.3992,329.112,600.4756453006435,451.8190088344056,313.5092232538795,241.64466126184092,4.0,3.0,5.0,6.0,5.666666666666667,3.1622776601683777,2.839120649181019
US,Bookcases,2014,49,12,4,Autumn,0.0,0.0,384.312,10,-0.35460488704253595,0.9350162426854147,2014-49,2014-12-01,927.5575812025736,756.645,130.98,507.39239530064344,472.93000883440567,306.88976722158253,221.27420263715027,10.0,7.0,2.0,6.75,6.333333333333333,3.774917217635373,2.8391206491810212
US,Bookcases,2014,50,12,4,Autumn,0.75,0.125,1142.6435812025736,23,-0.2393156642875578,0.970941817426052,2014-50,2014-12-08,384.312,205.9992,486.1565812025736,741.5534906012869,527.6372588344057,353.98894732399043,294.03335133134226,10.0,3.0,11.0,11.75,7.333333333333333,8.015609770940696,5.499311251640906
US,Bookcases,2014,51,12,4,Autumn,0.5,0.075,221.851,8,-0.12053668025532363,0.992708874098054,2014-51,2014-12-15,1142.6435812025736,511.70079999999996,565.5691624051472,669.0910406012869,498.9940786339767,436.7225347987591,306.48045379852636,23.0,4.0,8.0,12.75,7.333333333333333,6.898067362191623,5.499311251640906
US,Bookcases,2014,52,12,4,Winter,0.5,0.1,412.964,3,6.432490598706546e-16,1.0,2014-52,2014-12-22,221.851,927.5575812025736,422.548,540.4426453006434,498.19541196731006,410.19271367907635,306.7101787497856,8.0,10.0,4.0,11.0,7.25,8.524474568362946,5.561638084397277
US,Chairs,2011,19,5,2,Spring,1.0,0.2333333333333333,782.7305812025736,15,0.7485107481711013,-0.663122658240795,2011-19,2011-05-09,374.3595812025736,373.7925812025736,246.4905812025736,781.8016859019302,638.5987557015013,300.44089804731254,343.60489700979804,7.0,14.0,9.0,10.25,8.916666666666666,3.947573094109004,4.521832559590159
US,Chairs,2011,20,5,2,Spring,1.0,0.25,340.652,7,0.6631226582407952,-0.7485107481711012,2011-20,2011-05-16,782.7305812025736,879.802,545.94,647.0141859019302,621.491422368168,357.366526524929,353.60253389155605,15.0,7.0,6.0,10.25,9.0,3.947573094109004,4.472135954999579
US,Chairs,2011,21,5,2,Spring,1.0,0.25,585.068,4,0.5680647467311558,-0.8229838658936564,2011-21,2011-05-23,340.652,1090.3145812025734,246.4905812025736,520.7025406012867,649.7062072679533,205.45564433014582,333.9202977166084,7.0,12.0,3.0,8.25,9.083333333333334,4.716990566028302,4.358029857908759
US,Chairs,2011,22,6,2,Spring,0.0,0.0,246.4905812025736,7,0.46472317204376906,-0.8854560256532096,2011-22,2011-05-30,585.068,374.3595812025736,190.45800000000003,488.73529060128675,654.3755890348347,242.43513358065098,327.23951545258666,4.0,7.0,3.0,8.25,9.416666666666666,4.716990566028302,3.9876703915337774
US,Chairs,2011,23,6,2,Spring,1.0,0.2,416.84258120257357,6,0.35460488704253584,-0.9350162426854147,2011-23,2011-06-06,246.4905812025736,782.7305812025736,1066.3085812025736,397.2632906012867,600.2534223681679,143.2843392416597,305.93007785311187,7.0,15.0,14.0,6.0,8.75,1.4142135623730951,3.8168287645874046
US,Chairs,2011,24,6,2,Spring,0.0,0.0,246.4905812025736,8,0.23931566428755768,-0.970941817426052,2011-24,2011-06-13,416.84258120257357,340.652,966.984,373.7229359019302,540.2123041350491,162.17499200365475,298.0120404160785,6.0,7.0,9.0,6.25,8.666666666666666,1.707825127659933,3.8217876191725524
US,Chairs,2011,25,6,2,Summer,1.0,0.3,416.5485812025736,8,0.12053668025532308,-0.992708874098054,2011-25,2011-06-20,246.4905812025736,585.068,246.4905812025736,331.59308120257356,554.3838041350491,98.26797586701403,286.59969350085055,8.0,4.0,4.0,7.25,9.0,0.9574271077563381,3.5419563161414827
US,Chairs,2011,26,6,2,Summer,1.0,0.3,246.4905812025736,5,-3.216245299353273e-16,-1.0,2011-26,2011-06-27,416.5485812025736,246.4905812025736,899.514,331.59308120257356,499.9651859019302,98.26797586701403,276.94436263817926,8.0,7.0,13.0,6.75,8.333333333333334,1.5,3.4728383291777427
US,Chairs,2011,27,7,3,Summer,1.0,0.19999999999999998,714.548,5,-0.12053668025532283,-0.992708874098054,2011-27,2011-07-04,246.4905812025736,416.84258120257357,373.7925812025736,406.0194359019302,528.3614708017157,220.7560106607563,280.2807115511892,5.0,6.0,14.0,6.5,7.583333333333333,1.7320508075688772,3.0883456393154547
US,Chairs,2011,28,7,3,Summer,0.6666666666666666,0.16666666666666666,881.9845812025735,10,-0.23931566428755743,-0.9709418174260521,2011-28,2011-07-11,714.548,246.4905812025736,879.802,564.8929359019302,528.5433525685968,286.54834192443565,280.5301007376654,5.0,8.0,7.0,7.0,7.833333333333333,2.449489742783178,3.157482695074823
US,Chairs,2011,29,7,3,Summer,1.0,0.24,1245.0983248102943,16,-0.3546048870425356,-0.9350162426854148,2011-29,2011-07-18,881.9845812025735,416.5485812025736,1090.3145812025734,772.0303718038604,541.4419978692403,414.47939671336906,310.6497773633667,10.0,8.0,12.0,9.0,8.166666666666666,5.228129047119374,3.785938897200182
US,Chairs,2011,30,7,3,Summer,0.5,0.1,314.3705812025736,5,-0.46472317204376806,-0.8854560256532101,2011-30,2011-07-25,1245.0983248102943,246.4905812025736,374.3595812025736,789.0003718038604,536.4429145359069,386.21582900739344,314.04706222776,16.0,5.0,7.0,9.0,8.0,5.228129047119374,3.884701930767544
US,Chairs,2011,31,8,3,Summer,0.5,0.1,586.6345812025736,12,-0.5680647467311556,-0.8229838658936566,2011-31,2011-08-01,314.3705812025736,714.548,782.7305812025736,757.0220171045038,520.1015812025736,399.5023139644945,305.03922978440386,5.0,5.0,15.0,10.75,7.75,4.573474244670748,3.467380462644281
US,Chairs,2011,33,8,3,Summer,0.6666666666666666,0.16666666666666666,1116.748,19,-0.7485107481711011,-0.6631226582407952,2011-33,2011-08-15,586.6345812025736,881.9845812025735,340.652,815.7128718038604,584.7762478692403,439.24745160776945,343.39604693425014,12.0,10.0,7.0,13.0,8.75,6.0553007081949835,4.7314230033219005
US,Chairs,2011,36,9,3,Summer,0.7142857142857143,0.15714285714285717,1567.176906012868,34,-0.9350162426854147,-0.3546048870425359,2011-36,2011-09-05,1116.748,1245.0983248102943,585.068,896.2325171045038,666.6186567036459,557.7357933557577,445.3662542780919,19.0,16.0,4.0,17.5,11.25,12.396235987858034,8.454423264024149
US,Chairs,2011,37,9,3,Summer,1.0,0.2,586.6065812025736,12,-0.970941817426052,-0.23931566428755774,2011-37,2011-09-12,1567.176906012868,314.3705812025736,246.4905812025736,964.2915171045038,694.9616567036459,473.28090438911414,426.6269958598529,34.0,5.0,7.0,19.25,11.666666666666666,10.372238588334406,8.348471099367218
US,Chairs,2011,38,9,3,Summer,1.0,0.10000000000000002,1072.5091624051472,13,-0.992708874098054,-0.12053668025532357,2011-38,2011-09-19,586.6065812025736,586.6345812025736,416.84258120257357,1085.7601624051472,749.6005384705271,400.8541770324218,429.7444843006834,12.0,12.0,6.0,19.5,12.25,10.14889156509222,8.15893263963993
US,Chairs,2011,39,9,3,Autumn,1.0,0.20000000000000004,638.5491624051472,10,-1.0,-1.8369701987210297e-16,2011-39,2011-09-26,1072.5091624051472,1116.748,246.4905812025736,966.2104530064339,782.2720869040749,456.04134100099174,402.02749315243784,13.0,19.0,8.0,17.25,12.416666666666666,11.236102527122116,8.084309531806696
US,Chairs,2011,40,10,4,Autumn,1.0,0.19999999999999998,627.1215812025736,11,-0.992708874098054,0.1205366802553232,2011-40,2011-10-03,638.5491624051472,1567.176906012868,416.5485812025736,731.1966218038604,799.8198369040748,228.63048500581482,388.99755458343924,10.0,34.0,8.0,11.5,12.666666666666666,1.290994448735808,7.981038134038059
US,Chairs,2011,41,10,4,Autumn,0.6,0.13999999999999999,1231.7625812025735,18,-0.9709418174260521,0.23931566428755738,2011-41,2011-10-10,627.1215812025736,586.6065812025736,246.4905812025736,892.4856218038603,881.9258369040749,306.82195152110313,364.81808648542955,11.0,12.0,5.0,13.0,13.75,3.5590260840104375,7.723929758166558
US,Chairs,2011,42,10,4,Autumn,0.0,0.0,792.3705812025736,12,-0.9350162426854148,0.35460488704253557,2011-42,2011-10-17,1231.7625812025735,1072.5091624051472,714.548,822.450976503217,888.4110520042892,283.0867180565471,362.25489592702735,18.0,13.0,5.0,12.75,14.333333333333334,3.593976442141305,7.253003557565695
US,Chairs,2011,44,10,4,Autumn,0.5,0.07500000000000001,678.6245812025736,14,-0.822983865893657,0.5680647467311548,2011-44,2011-10-31,792.3705812025736,638.5491624051472,881.9845812025735,832.4698312025737,871.4643853376225,275.00237258294675,367.3043691452704,12.0,10.0,10.0,13.75,14.666666666666666,3.0956959368344523,7.126561498217692
US,Chairs,2011,45,11,4,Autumn,0.8,0.2,1416.0597436077207,17,-0.7485107481711011,0.6631226582407952,2011-45,2011-11-07,678.6245812025736,627.1215812025736,1245.0983248102943,1029.7043718038603,885.7111702374082,351.03767169015333,385.95614782569595,14.0,11.0,16.0,15.25,14.75,2.753785273643052,7.149380138420139
US,Chairs,2011,46,11,4,Autumn,0.6,0.13999999999999999,1225.8905812025735,17,-0.6631226582407955,0.7485107481711007,2011-46,2011-11-14,1416.0597436077207,1231.7625812025735,314.3705812025736,1028.2363718038603,961.6711702374081,349.9215290669958,351.44332690089846,17.0,18.0,5.0,15.0,15.75,2.449489742783179,6.468454923002022
US,Chairs,2011,47,11,4,Autumn,1.0,0.2333333333333333,1396.995743607721,17,-0.5680647467311559,0.8229838658936564,2011-47,2011-11-21,1225.8905812025735,792.3705812025736,586.6345812025736,1179.3926624051471,1029.2012671045038,344.62208087391326,350.68346327052404,17.0,12.0,12.0,16.25,16.166666666666668,1.5000000000000016,6.365151334819268
US,Chairs,2011,48,12,4,Autumn,0.5,0.15,979.3117436077208,25,-0.4647231720437684,0.88545602565321,2011-48,2011-11-28,1396.995743607721,678.6245812025736,1116.748,1254.564453006434,1017.7482457384805,202.44640968603534,349.8075158060803,17.0,14.0,19.0,19.0,16.666666666666668,4.0,6.826863160050932
US,Chairs,2011,49,12,4,Autumn,1.0,0.2,584.8425812025736,8,-0.35460488704253595,0.9350162426854147,2011-49,2011-12-05,979.3117436077208,1416.0597436077207,1567.176906012868,1046.7601624051472,935.8870520042892,352.4532168960654,323.4949318754269,25.0,17.0,34.0,16.75,14.5,6.946221994724903,4.582575694955841
US,Chairs,2011,50,12,4,Autumn,1.0,0.2333333333333333,1613.1457436077208,32,-0.2393156642875578,0.970941817426052,2011-50,2011-12-12,584.8425812025736,1225.8905812025735,586.6065812025736,1143.573953006434,1021.4319822047182,456.02744425982047,356.7537917888478,8.0,17.0,12.0,20.5,16.166666666666668,10.344080432788601,6.7262488983403115
US,Chairs,2011,51,12,4,Autumn,0.875,0.1625,2103.2257436077207,39,-0.12053668025532363,0.992708874098054,2011-51,2011-12-19,1613.1457436077208,1396.995743607721,1072.5091624051472,1320.131453006434,1107.325030638266,672.2851185278769,474.7385330278382,32.0,17.0,13.0,26.0,18.333333333333332,13.291601358251256,9.306237725636532
US,Chairs,2011,52,12,4,Winter,0.8,0.16,1200.1037436077208,29,6.432490598706546e-16,1.0,2011-52,2011-12-26,2103.2257436077207,979.3117436077208,638.5491624051472,1375.329453006434,1154.1212457384806,643.4187702357366,451.4342666461428,39.0,25.0,10.0,27.0,19.916666666666668,13.341664064126334,9.375580790090561
US,Chairs,2012,1,1,1,Winter,1.0,0.2,61.584,1,0.12053668025532305,0.992708874098054,2012-1,2012-01-02,1200.1037436077208,584.8425812025736,627.1215812025736,1244.5148077057906,1106.9931139715993,870.7412315139513,533.5113635481081,29.0,8.0,11.0,25.25,19.083333333333332,16.700798384109266,10.604101550672254
US,Chairs,2012,3,1,1,Winter,1.0,0.3,199.304,4,0.3546048870425356,0.9350162426854148,2012-3,2012-01-16,61.584,1613.1457436077208,1231.7625812025735,891.0543718038604,1020.9548988713849,954.1856254461928,591.6448058792196,1.0,32.0,18.0,18.25,17.916666666666668,18.679311193581704,11.468996415897896
US,Chairs,2012,4,1,1,Winter,1.0,0.25,428.4765812025736,7,0.4647231720437685,0.8854560256532099,2012-4,2012-01-23,199.304,2103.2257436077207,792.3705812025736,472.3670812025736,990.630398871385,508.2103278226964,613.3532426219156,4.0,39.0,12.0,10.25,17.5,12.737739202856996,11.789826122551595
US,Chairs,2012,5,2,1,Winter,1.0,0.1,90.882,1,0.5680647467311558,0.8229838658936564,2012-5,2012-01-30,428.4765812025736,1200.1037436077208,678.6245812025736,195.06164530064342,941.6518504378372,166.50346359307468,662.0654303778545,7.0,29.0,14.0,3.25,16.416666666666668,2.8722813232690108,12.702600545008908
US,Chairs,2012,6,2,1,Winter,0.5,0.1,450.41058120257355,14,0.6631226582407952,0.7485107481711011,2012-6,2012-02-06,90.882,61.584,1416.0597436077207,292.26829060128676,861.181086904075,175.84129195981825,657.8329150399165,1.0,1.0,17.0,6.5,16.166666666666668,5.567764362830021,12.719586423617661
US,Chairs,2012,9,2,1,Winter,1.0,0.20000000000000004,736.0160000000001,13,0.8854560256532099,0.4647231720437686,2012-9,2012-02-27,450.41058120257355,199.304,1225.8905812025735,426.4462906012868,820.3582051371937,263.95404108032284,648.2732853054728,14.0,4.0,17.0,8.75,15.833333333333334,6.020797289396146,12.748143061448262
US,Chairs,2012,10,3,1,Winter,0.6666666666666666,0.13333333333333333,729.4695812025736,16,0.9350162426854148,0.35460488704253557,2012-10,2012-03-05,736.0160000000001,428.4765812025736,1396.995743607721,501.6945406012868,764.7310249367647,304.51327473119807,622.4188935779672,13.0,7.0,17.0,11.0,15.75,6.782329983125266,12.743090819591753
US,Chairs,2012,11,3,1,Winter,1.0,0.2,246.4905812025736,4,0.970941817426052,0.23931566428755804,2012-11,2012-03-12,729.4695812025736,90.882,979.3117436077208,540.5966859019302,703.6625947363358,236.99058575119315,635.2690270916553,16.0,1.0,25.0,11.75,14.0,5.315072906367323,12.799147698897054
US,Chairs,2012,12,3,1,Spring,1.0,0.3,107.772,2,0.992708874098054,0.120536680255323,2012-12,2012-03-19,246.4905812025736,450.41058120257355,584.8425812025736,454.9370406012868,663.9067129694548,325.75399159345903,657.9054331229786,4.0,14.0,8.0,8.75,13.5,6.80073525436772,13.166762561982967
US,Chairs,2012,13,3,1,Spring,1.0,0.25,613.2345812025736,9,1.0,-1.6081226496766366e-16,2012-13,2012-03-26,107.772,736.0160000000001,1613.1457436077208,424.24168590193017,580.5807827690257,294.74898917581237,586.1608178482328,2.0,13.0,32.0,7.75,11.583333333333334,6.238322424070965,11.835680518387322
US,Chairs,2012,14,4,2,Spring,1.0,0.2,246.4905812025736,3,0.992708874098054,-0.12053668025532288,2012-14,2012-04-02,613.2345812025736,729.4695812025736,2103.2257436077207,303.4969359019302,425.8528525685968,216.5987907033191,341.82788672764127,9.0,16.0,39.0,4.5,8.583333333333334,3.109126351029601,8.284249385356992
US,Chairs,2012,16,4,2,Spring,0.5,0.1,466.4,6,0.9350162426854148,-0.35460488704253545,2012-16,2012-04-16,246.4905812025736,246.4905812025736,1200.1037436077208,358.4742906012868,364.71087393462017,225.05018262593205,241.70396541414632,3.0,4.0,29.0,5.0,6.666666666666667,3.1622776601683755,5.228129047119353
US,Chairs,2012,17,4,2,Spring,0.8,0.2,1093.3971624051471,19,0.8854560256532099,-0.4647231720437685,2012-17,2012-04-23,466.4,107.772,61.584,604.8805812025736,450.69530413504907,358.85860859863914,300.455232533903,6.0,2.0,1.0,9.25,8.166666666666666,6.946221994724901,5.982297116315654
US,Chairs,2012,18,4,2,Spring,1.0,0.3,459.6055812025736,11,0.8229838658936565,-0.5680647467311557,2012-18,2012-04-30,1093.3971624051471,613.2345812025736,199.304,566.4733312025735,472.3871025685969,365.8201159927303,289.8655189971468,19.0,9.0,4.0,9.75,8.75,6.994045086119094,5.879471219266375
US,Chairs,2012,19,5,2,Spring,1.0,0.15000000000000002,319.73199999999997,9,0.7485107481711013,-0.663122658240795,2012-19,2012-05-07,459.6055812025736,246.4905812025736,428.4765812025736,584.7836859019301,463.32505413504913,345.7476534815503,293.04548327244476,11.0,3.0,7.0,11.25,8.916666666666666,5.560275772537424,5.853644293527864
US,Chairs,2012,20,5,2,Spring,1.0,0.2,344.0585812025736,5,0.6631226582407952,-0.7485107481711012,2012-20,2012-05-14,319.73199999999997,466.4,90.882,554.1983312025735,484.4231025685969,364.60770832976186,272.16327638687864,9.0,6.0,1.0,11.0,9.25,5.887840577551897,5.462683323322789
US,Chairs,2012,21,5,2,Spring,1.0,0.3,457.1065812025736,13,0.5680647467311558,-0.8229838658936564,2012-21,2012-05-21,344.0585812025736,1093.3971624051471,450.41058120257355,395.1256859019302,484.9811025685969,73.69157648946121,272.09405852186677,5.0,19.0,14.0,9.5,9.166666666666666,3.4156502553198633,5.390789001677387
US,Chairs,2012,22,5,2,Spring,1.0,0.3,317.058,3,0.46472317204376906,-0.8854560256532096,2012-22,2012-05-28,457.1065812025736,459.6055812025736,736.0160000000001,359.4887906012868,450.0679359019302,66.20246418860567,263.704283703519,13.0,11.0,13.0,7.5,8.333333333333334,4.434711565216688,5.515817475609779
US,Chairs,2012,23,6,2,Spring,1.0,0.1,246.4905812025736,9,0.35460488704253584,-0.9350162426854147,2012-23,2012-06-04,317.058,319.73199999999997,729.4695812025736,341.1784359019302,409.8196859019302,87.55039570720925,253.85730460104367,3.0,9.0,16.0,7.5,7.75,4.434711565216688,4.97493718553308
US,Chairs,2012,24,6,2,Spring,1.0,0.25,443.8625812025736,7,0.23931566428755768,-0.970941817426052,2012-24,2012-06-11,246.4905812025736,344.0585812025736,246.4905812025736,366.1294359019302,426.26735256859683,101.71978539208834,248.6536575431782,9.0,5.0,4.0,8.0,8.0,4.1633319989322635,4.842989309769871
US,Chairs,2012,25,6,2,Spring,1.0,0.2,246.4905812025736,4,0.12053668025532308,-0.992708874098054,2012-25,2012-06-18,443.8625812025736,457.1065812025736,107.772,313.4754359019302,437.82723433547795,93.07270266366514,235.37047838036622,7.0,13.0,2.0,5.75,8.166666666666666,2.7537852736430475,4.648231987117296
US,Chairs,2012,26,6,2,Summer,0.5,0.05,450.822,4,-3.216245299353273e-16,-1.0,2012-26,2012-06-25,246.4905812025736,317.058,613.2345812025736,346.9164359019302,424.29285256859686,115.99658892022842,228.94915190635052,4.0,3.0,9.0,6.0,7.75,2.449489742783174,4.788717801438918
US,Chairs,2012,27,7,3,Summer,0.75,0.2,1031.8700000000001,12,-0.12053668025532283,-0.992708874098054,2012-27,2012-07-02,450.822,246.4905812025736,246.4905812025736,543.2612906012869,489.7411374683824,339.2326884476649,280.05347901088317,4.0,9.0,3.0,6.75,8.5,3.7749172176353722,4.6807147861294345
US,Chairs,2012,28,7,3,Summer,1.0,0.22499999999999998,1413.5055812025737,28,-0.23931566428755743,-0.9709418174260521,2012-28,2012-07-09,1031.8700000000001,443.8625812025736,466.4,785.6720406012869,568.6666025685969,534.6742265984799,386.2141013009719,12.0,7.0,6.0,12.0,10.333333333333334,11.31370849898476,7.22789210229539
US,Chairs,2012,29,7,3,Summer,0.6666666666666666,0.13333333333333333,643.9611624051472,10,-0.3546048870425356,-0.9350162426854148,2012-29,2012-07-16,1413.5055812025737,246.4905812025736,1093.3971624051471,885.0396859019302,531.2136025685968,427.19987393703843,350.87799437301067,28.0,4.0,19.0,13.5,9.583333333333334,10.246950765959598,6.694072457077671
US,Chairs,2012,30,7,3,Summer,1.0,0.2,827.92,5,-0.46472317204376806,-0.8854560256532101,2012-30,2012-07-23,643.9611624051472,450.822,459.6055812025736,979.3141859019302,561.9064708017157,329.9828941233026,360.03426452034324,10.0,4.0,11.0,13.75,9.083333333333334,9.94568583189046,6.801849124697734
US,Chairs,2012,31,7,3,Summer,0.0,0.0,266.86,7,-0.5680647467311556,-0.8229838658936566,2012-31,2012-07-30,827.92,1031.8700000000001,319.73199999999997,788.0616859019302,557.5004708017158,477.90686318244195,363.5734738184049,5.0,12.0,9.0,12.5,8.916666666666666,10.535653752852738,6.828527504432247
US,Chairs,2012,32,8,3,Summer,1.0,0.2,144.784,1,-0.663122658240795,-0.7485107481711013,2012-32,2012-08-06,266.86,1413.5055812025737,344.0585812025736,470.88129060128676,540.8942557015013,319.0597707791103,378.45506854532607,7.0,28.0,5.0,5.75,8.583333333333334,3.7749172176353705,7.1281558667446285
US,Chairs,2012,34,8,3,Summer,1.0,0.2333333333333333,831.2825812025736,7,-0.8229838658936564,-0.5680647467311559,2012-34,2012-08-20,144.784,643.9611624051472,457.1065812025736,517.7116453006433,572.0755890348347,363.57371180510165,386.2580774786072,1.0,10.0,13.0,5.0,8.083333333333334,2.828427124746184,6.9994588535417535
US,Chairs,2012,35,9,3,Summer,0.0,0.0,60.74,1,-0.8854560256532096,-0.4647231720437691,2012-35,2012-08-27,831.2825812025736,827.92,317.058,325.9166453006434,550.7157557015013,347.3759274574223,408.111340726823,7.0,5.0,3.0,4.0,7.916666666666667,3.4641016151377495,7.153617436251552
US,Chairs,2012,36,9,3,Summer,1.0,0.19999999999999998,448.848,6,-0.9350162426854147,-0.3546048870425359,2012-36,2012-09-03,60.74,266.86,246.4905812025736,371.4136453006434,567.5788739346202,348.9768987143064,398.4646940562241,1.0,7.0,9.0,3.75,7.666666666666667,3.201562118716419,7.1647284200682115
US,Chairs,2012,37,9,3,Summer,0.6,0.16,1089.4297436077209,22,-0.970941817426052,-0.23931566428755774,2012-37,2012-09-10,448.848,144.784,443.8625812025736,607.5750812025736,621.3761374683824,449.6116300314983,423.0632983833593,6.0,1.0,7.0,9.0,8.916666666666666,9.055385138137414,8.26227278145374
US,Chairs,2012,38,9,3,Summer,0.5,0.07500000000000001,1235.6851624051474,13,-0.992708874098054,-0.12053668025532357,2012-38,2012-09-17,1089.4297436077209,831.2825812025736,246.4905812025736,708.675726503217,703.8090192352635,550.7702849071078,439.43169256070274,22.0,7.0,4.0,10.5,9.666666666666666,9.110433579144297,8.183501510337539
US,Chairs,2012,39,9,3,Autumn,0.5,0.07500000000000001,1173.7085812025737,21,-1.0,-1.8369701987210297e-16,2012-39,2012-09-24,1235.6851624051474,60.74,450.822,986.9178718038605,764.0495676688114,363.6865888804686,450.9947005355883,13.0,1.0,4.0,15.5,11.083333333333334,7.505553499465133,8.57542295096158
US,Chairs,2012,40,10,4,Autumn,0.5,0.1,684.108,7,-0.992708874098054,0.1205366802553232,2012-40,2012-10-01,1173.7085812025737,448.848,1031.8700000000001,1045.7328718038605,735.0694010021447,248.4227709727783,443.3286374452811,21.0,6.0,12.0,15.75,10.666666666666666,7.088723439378911,8.647998542314783
US,Chairs,2012,41,10,4,Autumn,0.3333333333333333,0.06666666666666667,1040.046,9,-0.9709418174260521,0.23931566428755738,2012-41,2012-10-08,684.108,1089.4297436077209,1413.5055812025737,1033.3869359019304,703.9477692352635,246.74876209461362,402.6114179313184,7.0,22.0,28.0,12.5,9.083333333333334,6.1913918736689,6.707639245101368
US,Chairs,2012,42,10,4,Autumn,1.0,0.3,246.4905812025736,5,-0.9350162426854148,0.35460488704253557,2012-42,2012-10-15,1040.046,1235.6851624051474,643.9611624051472,786.0882906012868,670.8252208017158,414.85325739283155,423.78799798981026,9.0,13.0,10.0,10.5,8.666666666666666,7.187952884282606,6.800178250783141
US,Chairs,2012,43,10,4,Autumn,0.8333333333333334,0.16666666666666666,1671.1051624051472,32,-0.8854560256532101,0.464723172043768,2012-43,2012-10-22,246.4905812025736,1173.7085812025737,827.92,910.4374359019303,741.0906510021447,602.069821380652,512.7637559335698,5.0,21.0,5.0,13.25,10.916666666666666,12.606215398233786,9.43357960916343
US,Chairs,2012,44,11,4,Autumn,1.0,0.11666666666666668,1458.6091624051473,33,-0.822983865893657,0.5680647467311548,2012-44,2012-10-29,1671.1051624051472,684.108,266.86,1104.062726503217,840.4030812025736,628.9590407946797,527.7547606898146,32.0,7.0,7.0,19.75,13.083333333333334,14.818344486930155,11.26102153716997
US,Chairs,2012,45,11,4,Autumn,0.6666666666666666,0.10000000000000002,1014.9745812025736,6,-0.7485107481711011,0.6631226582407952,2012-45,2012-11-05,1458.6091624051473,1040.046,144.784,1097.7948718038604,912.9189629694548,629.9338159264254,481.2165102318004,33.0,9.0,1.0,19.0,13.5,15.59914527573012,10.858595254870252
US,Chairs,2012,46,11,4,Autumn,0.8333333333333334,0.16666666666666666,1618.957162405147,22,-0.6631226582407955,0.7485107481711007,2012-46,2012-11-12,1014.9745812025736,246.4905812025736,831.2825812025736,1440.9115171045037,978.5585114030026,298.007184567772,521.1338567644491,6.0,5.0,7.0,23.25,14.75,12.526638282742365,10.905586558357053
US,Chairs,2012,47,11,4,Autumn,1.0,0.26666666666666666,1313.334,14,-0.5680647467311559,0.8229838658936564,2012-47,2012-11-19,1618.957162405147,1671.1051624051472,60.74,1351.468726503217,1082.941344736336,256.71755136310145,439.66102236765477,22.0,32.0,1.0,18.75,15.833333333333334,11.528949070347505,10.025724488292674
US,Chairs,2012,48,11,4,Autumn,0.6,0.12000000000000002,1325.351743607721,30,-0.4647231720437684,0.88545602565321,2012-48,2012-11-26,1313.334,1458.6091624051473,448.848,1318.1543718038604,1155.9833233703125,246.62748049624014,395.3119394756455,14.0,33.0,6.0,18.0,17.833333333333332,10.327955589886443,10.276480944664886
US,Chairs,2012,49,12,4,Autumn,0.8571428571428571,0.1285714285714286,1727.0240000000001,24,-0.35460488704253595,0.9350162426854147,2012-49,2012-12-03,1325.351743607721,1014.9745812025736,1089.4297436077209,1496.166726503217,1209.1161780696693,208.94826802946562,427.12226233633527,30.0,6.0,22.0,22.5,18.0,6.608075867199665,10.366028432072978
US,Chairs,2012,50,12,4,Autumn,0.3333333333333333,0.06666666666666667,1083.828,7,-0.2393156642875578,0.970941817426052,2012-50,2012-12-10,1727.0240000000001,1618.957162405147,1235.6851624051474,1362.3844359019301,1196.461414535907,267.2907687947972,428.51086726122657,24.0,22.0,13.0,18.75,17.5,10.242883708539633,10.766108438479096
US,Chairs,2012,51,12,4,Autumn,0.25,0.075,1414.585,21,-0.12053668025532363,0.992708874098054,2012-51,2012-12-17,1083.828,1313.334,1173.7085812025737,1387.6971859019302,1216.5344494356925,265.88786961704886,432.9667511190685,7.0,14.0,21.0,20.5,17.5,9.746794344808961,10.766108438479096
US,Chairs,2012,52,12,4,Winter,1.0,0.26666666666666666,733.6065812025736,10,6.432490598706546e-16,1.0,2012-52,2012-12-24,1414.585,1325.351743607721,684.108,1239.7608953006434,1220.6593312025736,427.58861003777724,427.63615688010174,21.0,30.0,7.0,15.5,17.75,8.266397845091493,10.532417489912659
US,Chairs,2013,1,12,4,Winter,0.5,0.15,417.2765812025736,6,0.12053668025532305,0.992708874098054,2013-1,2012-12-31,733.6065812025736,1727.0240000000001,1040.046,912.3240406012868,1168.7618796361214,431.54435723210133,485.43158222380526,10.0,24.0,9.0,11.0,17.5,6.879922480183427,10.791410725875712
US,Chairs,2013,4,1,1,Winter,1.0,0.2,400.0585812025736,9,0.4647231720437685,0.8854560256532099,2013-4,2013-01-21,417.2765812025736,1083.828,246.4905812025736,741.3816859019302,1181.5592129694548,474.2744406141167,460.2802687144548,6.0,7.0,5.0,11.5,17.833333333333332,6.557438524301996,10.42578388884834
US,Chairs,2013,5,1,1,Winter,0.5,0.1,681.6585812025736,8,0.5680647467311558,0.8229838658936564,2013-5,2013-01-28,400.0585812025736,1414.585,1671.1051624051472,558.1500812025736,1099.1053312025736,174.04750150366192,453.1805657649326,9.0,21.0,32.0,8.25,15.833333333333334,1.707825127659917,9.74057430949468
US,Chairs,2013,6,2,1,Winter,1.0,0.3,241.5,4,0.6631226582407952,0.7485107481711011,2013-6,2013-02-04,681.6585812025736,733.6065812025736,1458.6091624051473,435.1234359019302,997.6795676688113,182.40766345069625,499.26277927051746,8.0,10.0,33.0,6.75,13.416666666666666,2.2173557826083328,8.628265740980023
US,Chairs,2013,7,2,1,Winter,0.6666666666666666,0.13333333333333333,617.5640000000001,8,0.7485107481711011,0.6631226582407953,2013-7,2013-02-11,241.5,417.2765812025736,1014.9745812025736,485.1952906012868,964.5620192352635,202.28276720987648,511.0527471027734,4.0,6.0,6.0,7.25,13.583333333333334,2.2173557826083328,8.490190417966678
US,Chairs,2013,10,3,1,Winter,0.5,0.15,918.3299999999999,10,0.9350162426854148,0.35460488704253557,2013-10,2013-03-04,617.5640000000001,400.0585812025736,1618.957162405147,614.7631453006434,906.176422368168,280.45264308693714,467.67528310241045,8.0,9.0,22.0,7.5,12.583333333333334,2.5166114784235725,8.10676858986963
US,Chairs,2013,11,3,1,Winter,1.0,0.225,1076.4451624051471,11,0.970941817426052,0.23931566428755804,2013-11,2013-03-11,918.3299999999999,681.6585812025736,1313.334,713.4597906012868,886.4356859019302,367.72826445720136,453.71794055238996,10.0,8.0,14.0,8.25,12.333333333333334,3.095695936834443,8.105366721929954
US,Chairs,2013,12,3,1,Spring,1.0,0.25,696.318,12,0.992708874098054,0.120536680255323,2013-12,2013-03-18,1076.4451624051471,241.5,1325.351743607721,827.1642906012868,834.0162072679535,209.36823477764693,434.3211498490007,11.0,4.0,30.0,10.25,10.833333333333334,1.7078251276599172,5.905826604192482
US,Chairs,2013,13,3,1,Spring,1.0,0.3,246.4905812025736,6,1.0,-1.6081226496766366e-16,2013-13,2013-03-25,696.318,617.5640000000001,1727.0240000000001,734.3959359019302,710.6384223681679,360.70808956548177,361.8188877664123,12.0,8.0,24.0,9.75,9.333333333333334,2.629955639676573,4.334498677803305
US,Chairs,2013,14,4,2,Spring,0.6666666666666666,0.06666666666666667,820.9771624051472,17,0.992708874098054,-0.12053668025532288,2013-14,2013-04-01,246.4905812025736,918.3299999999999,1083.828,710.0577265032169,688.7341859019302,347.19166307875014,344.7250040760628,6.0,10.0,7.0,11.5,10.166666666666666,4.509249752822889,4.7831775922275455
US,Chairs,2013,15,4,2,Spring,1.0,0.2,783.3171624051472,17,0.9709418174260521,-0.2393156642875575,2013-15,2013-04-08,820.9771624051472,1076.4451624051471,1414.585,636.775726503217,636.1285327690258,265.3754186054437,262.1704669253749,17.0,11.0,21.0,13.0,9.833333333333334,5.228129047119369,4.0414518843273575
US,Chairs,2013,16,4,2,Spring,1.0,0.225,1221.1531624051472,15,0.9350162426854148,-0.35460488704253545,2013-16,2013-04-15,783.3171624051472,696.318,733.6065812025736,767.9845171045038,676.7574145359068,400.150412026104,311.7414817612215,17.0,12.0,10.0,13.75,10.25,5.251983752196239,4.309081319513666
US,Chairs,2013,17,4,2,Spring,1.0,0.15000000000000002,681.1365812025736,9,0.8854560256532099,-0.4647231720437685,2013-17,2013-04-22,1221.1531624051472,246.4905812025736,417.2765812025736,876.6460171045038,698.7457478692403,237.14862371722452,300.8922033730386,15.0,6.0,6.0,14.5,10.5,3.7859388972001753,4.123105625617639
US,Chairs,2013,18,5,2,Spring,1.0,0.2333333333333333,595.368,15,0.8229838658936565,-0.5680647467311557,2013-18,2013-04-29,681.1365812025736,820.9771624051472,400.0585812025736,820.243726503217,715.0215327690257,278.09580913499155,288.2851208110421,9.0,17.0,9.0,14.0,11.0,3.4641016151377473,4.285281363415499
US,Chairs,2013,19,5,2,Spring,1.0,0.1,442.764,4,0.7485107481711013,-0.663122658240795,2013-19,2013-05-06,595.368,783.3171624051472,681.6585812025736,735.1054359019303,695.1136510021447,338.6960760791083,298.85335598619577,15.0,17.0,8.0,10.75,10.666666666666666,5.31507290636732,4.677476657214625
US,Chairs,2013,21,5,2,Spring,0.0,0.0,246.4905812025736,2,0.5680647467311558,-0.8229838658936564,2013-21,2013-05-20,442.764,1221.1531624051472,241.5,491.43979060128686,695.5295327690259,190.7488688030837,298.1674104372633,4.0,15.0,4.0,7.5,10.5,5.8022983951764,4.963503161715873
US,Chairs,2013,22,5,2,Spring,0.8333333333333334,0.19999999999999998,1947.4661624051473,29,0.46472317204376906,-0.8854560256532096,2013-22,2013-05-27,246.4905812025736,681.1365812025736,617.5640000000001,808.0221859019302,806.3547129694547,772.9350261213596,466.30285755881687,2.0,9.0,8.0,12.5,12.25,12.396235987858033,7.200063131036348
US,Chairs,2013,24,6,2,Spring,1.0,0.25,501.72400000000005,5,0.23931566428755768,-0.970941817426052,2013-24,2013-06-10,1947.4661624051473,595.368,918.3299999999999,784.6111859019303,771.637546302788,782.8772019580255,472.67324203407856,29.0,15.0,10.0,10.0,11.833333333333334,12.727922061357855,7.4812897931905304
US,Chairs,2013,25,6,2,Spring,1.0,0.16666666666666666,964.114,11,0.12053668025532308,-0.992708874098054,2013-25,2013-06-17,501.72400000000005,442.764,1076.4451624051471,914.9486859019303,762.2766161023592,749.6889235258266,467.1682497489351,5.0,4.0,11.0,11.75,11.833333333333334,12.093386622447824,7.4812897931905304
US,Chairs,2013,26,6,2,Summer,0.75,0.22499999999999998,1168.922,10,-3.216245299353273e-16,-1.0,2013-26,2013-06-24,964.114,246.4905812025736,696.318,1145.556540601287,801.6602827690258,603.0607272106404,480.8236267181275,11.0,2.0,12.0,13.75,11.666666666666666,10.499999999999998,7.499494932488727
US,Chairs,2013,27,7,3,Summer,1.0,0.25,723.6139999999999,6,-0.12053668025532283,-0.992708874098054,2013-27,2013-07-01,1168.922,1947.4661624051473,246.4905812025736,839.5935000000001,841.4205676688113,289.579959759534,449.4453371320375,10.0,29.0,6.0,8.0,11.666666666666666,2.943920288775944,7.499494932488727
US,Chairs,2013,28,7,3,Summer,1.0,0.2,1195.8365812025736,11,-0.23931566428755743,-0.9709418174260521,2013-28,2013-07-08,723.6139999999999,501.72400000000005,820.9771624051472,1013.1216453006434,872.6588525685969,218.99385403212258,460.7794813017361,6.0,5.0,17.0,9.5,11.166666666666666,2.38047614284761,7.309188903308099
US,Chairs,2013,29,7,3,Summer,0.75,0.15000000000000002,1161.5885812025736,10,-0.3546048870425356,-0.9350162426854148,2013-29,2013-07-15,1195.8365812025736,964.114,783.3171624051472,1062.4902906012867,904.1814708017158,226.3968149911705,467.00879680634955,11.0,11.0,17.0,9.25,10.583333333333334,2.217355782608338,7.076957915187369
US,Chairs,2013,30,7,3,Summer,0.75,0.125,1262.8120000000001,13,-0.46472317204376806,-0.8854560256532101,2013-30,2013-07-22,1161.5885812025736,1168.922,1221.1531624051472,1085.9627906012868,907.6530406012868,245.19638318453306,469.72618337923774,10.0,10.0,15.0,10.0,10.416666666666666,2.943920288775944,6.9864587639666125
US,Chairs,2013,33,8,3,Summer,1.0,0.15000000000000002,371.06,4,-0.7485107481711011,-0.6631226582407952,2013-33,2013-08-12,1262.8120000000001,723.6139999999999,681.1365812025736,997.8242906012869,881.8133255010724,419.9522084756081,491.3506112744896,13.0,6.0,9.0,9.5,10.0,3.872983346207413,7.223698372843234
US,Chairs,2013,34,8,3,Summer,1.0,0.15000000000000002,1105.878,13,-0.8229838658936564,-0.5680647467311559,2013-34,2013-08-19,371.06,1195.8365812025736,595.368,975.3346453006434,924.3558255010724,408.0535800248459,486.37016742580437,4.0,11.0,15.0,10.0,9.833333333333334,4.242640687119281,7.120180453961087
US,Chairs,2013,35,8,3,Summer,1.0,0.26666666666666666,739.4717436077208,14,-0.8854560256532096,-0.4647231720437691,2013-35,2013-08-26,1105.878,1161.5885812025736,442.764,869.8054359019302,949.0814708017157,398.2956590792221,466.81030645138037,13.0,10.0,4.0,11.0,10.666666666666666,4.690415759823426,6.958752935996668
US,Chairs,2013,36,9,3,Summer,0.8333333333333334,0.2333333333333333,1209.7005812025736,20,-0.9350162426854147,-0.3546048870425359,2013-36,2013-09-02,739.4717436077208,1262.8120000000001,246.4905812025736,856.5275812025736,1029.3489708017157,381.3518239094367,414.94845114510844,14.0,13.0,2.0,12.75,12.166666666666666,6.601767440112784,6.8600733276405945
US,Chairs,2013,37,9,3,Summer,0.6666666666666666,0.13333333333333333,796.3945812025736,10,-0.970941817426052,-0.23931566428755774,2013-37,2013-09-09,1209.7005812025736,371.06,1947.4661624051473,962.8612265032169,933.4263390348347,230.2154567615533,300.7444011236859,20.0,4.0,29.0,14.25,10.583333333333334,4.193248541803038,4.358029857908739
US,Chairs,2013,38,9,3,Summer,0.7,0.15,2016.864906012868,27,-0.992708874098054,-0.12053668025532357,2013-38,2013-09-16,796.3945812025736,1105.878,501.72400000000005,1190.607953006434,1059.6880812025736,589.347985144747,403.5171542308462,10.0,13.0,5.0,17.75,12.416666666666666,7.410578025138568,6.082139774982493
US,Chairs,2013,39,9,3,Autumn,0.75,0.1875,2658.8855812025736,27,-1.0,-1.8369701987210297e-16,2013-39,2013-09-23,2016.864906012868,739.4717436077208,964.114,1670.4614124051473,1200.919046302788,831.3184481744458,610.516252803913,27.0,14.0,11.0,21.0,13.75,8.041558721209878,7.362373629105312
US,Chairs,2013,40,10,4,Autumn,1.0,0.16666666666666666,687.8291624051471,14,-0.992708874098054,0.1205366802553232,2013-40,2013-09-30,2658.8855812025736,1209.7005812025736,1168.922,1539.9935577057906,1160.8279765032169,958.8968031989807,628.3442119620964,27.0,20.0,10.0,19.5,14.083333333333334,8.81286937760152,7.267090618714336
US,Chairs,2013,41,10,4,Autumn,1.0,0.2,120.784,1,-0.9709418174260521,0.23931566428755738,2013-41,2013-10-07,687.8291624051471,796.3945812025736,723.6139999999999,1371.0909124051473,1110.5921431698837,1169.8366202201469,687.765332611976,14.0,10.0,6.0,17.25,13.666666666666666,12.446552400832394,7.889386810292933
US,Chairs,2013,42,10,4,Autumn,1.0,0.2,410.512,6,-0.9350162426854148,0.35460488704253557,2013-42,2013-10-14,120.784,2016.864906012868,1195.8365812025736,969.5026859019302,1045.148428069669,1149.8041188970242,715.7122145529598,1.0,27.0,11.0,12.0,13.25,11.343133018115703,8.170067319184087
US,Chairs,2013,43,10,4,Autumn,1.0,0.2333333333333333,685.958,8,-0.8854560256532101,0.464723172043768,2013-43,2013-10-21,410.512,2658.8855812025736,1161.5885812025736,476.27079060128676,1005.512546302788,270.4445397853141,721.8216306702044,6.0,27.0,10.0,7.25,13.083333333333334,5.377421934967223,8.262272781453744
US,Chairs,2013,44,11,4,Autumn,0.6,0.12,1826.9195812025737,28,-0.822983865893657,0.5680647467311548,2013-44,2013-10-28,685.958,687.8291624051471,1262.8120000000001,761.0433953006434,1052.5215114030025,747.113158011659,757.5846502986723,8.0,14.0,13.0,10.75,14.333333333333334,11.870832602082578,9.316001223050513
US,Chairs,2013,45,11,4,Autumn,0.8888888888888888,0.1888888888888889,1935.2907436077207,26,-0.7485107481711011,0.6631226582407952,2013-45,2013-11-04,1826.9195812025737,120.784,371.06,1214.6700812025736,1182.8740733703125,778.9630444183348,764.2149725470589,28.0,1.0,4.0,17.0,16.166666666666668,11.604596790352804,9.262174625209711
US,Chairs,2013,46,11,4,Autumn,1.0,0.2375,2475.2071624051473,31,-0.6631226582407955,0.7485107481711007,2013-46,2013-11-11,1935.2907436077207,410.512,1105.878,1730.8438718038606,1296.9848369040749,752.0842724980874,849.1820122043059,26.0,6.0,13.0,23.25,17.666666666666668,10.372238588334405,10.120486274099793
US,Chairs,2013,47,11,4,Autumn,0.8,0.22000000000000003,1198.188,20,-0.5680647467311559,0.8229838658936564,2013-47,2013-11-18,2475.2071624051473,685.958,739.4717436077208,1858.9013718038605,1335.2111916034314,523.8425839453898,831.9536647842323,31.0,8.0,14.0,26.25,18.166666666666668,4.645786621588781,10.07096035262985
US,Chairs,2013,48,11,4,Autumn,0.6,0.13999999999999999,1361.2845812025737,22,-0.4647231720437684,0.88545602565321,2013-48,2013-11-25,1198.188,1826.9195812025737,1209.7005812025736,1742.4926218038604,1347.8431916034315,581.8444251733046,831.0249970565405,20.0,28.0,20.0,24.75,18.333333333333332,4.856267428111152,10.120486274099795
US,Chairs,2013,49,12,4,Autumn,0.42857142857142855,0.09999999999999999,1571.783162405147,25,-0.35460488704253595,0.9350162426854147,2013-49,2013-12-02,1361.2845812025737,1935.2907436077207,796.3945812025736,1651.615726503217,1412.4589067036459,569.9605157888655,814.2246315034237,22.0,26.0,10.0,24.5,19.583333333333332,4.7958315233127164,9.922044632885383
US,Chairs,2013,50,12,4,Autumn,0.7142857142857143,0.15714285714285717,2122.2431624051474,27,-0.2393156642875578,0.970941817426052,2013-50,2013-12-09,1571.783162405147,2475.2071624051473,2016.864906012868,1563.374726503217,1421.2404280696692,402.7432608513566,821.8682128511446,25.0,31.0,27.0,23.5,19.583333333333332,3.1091263510296,9.922044632885383
US,Chairs,2013,51,12,4,Autumn,0.5,0.1,1127.8600000000001,8,-0.12053668025532363,0.992708874098054,2013-51,2013-12-16,2122.2431624051474,1198.188,2658.8855812025736,1545.792726503217,1293.6549629694548,424.9241608313136,725.4535190855313,27.0,20.0,27.0,20.5,18.0,8.582928793055821,10.144411806955137
US,Chairs,2013,52,12,4,Winter,0.8571428571428571,0.15714285714285717,1393.2223248102944,30,6.432490598706546e-16,1.0,2013-52,2013-12-23,1127.8600000000001,1361.2845812025737,687.8291624051471,1553.7771624051472,1352.437726503217,420.57939967714236,700.0347193558565,8.0,22.0,14.0,22.5,19.333333333333332,9.88264472024906,10.611600284879774
US,Chairs,2014,1,12,4,Winter,0.5714285714285714,0.14285714285714285,1964.6085812025735,28,0.12053668025532305,0.992708874098054,2014-1,2013-12-30,1393.2223248102944,1571.783162405147,120.784,1651.9835171045038,1506.0897749367648,469.23390774044964,600.3793892062323,30.0,25.0,1.0,23.25,21.583333333333332,10.242883708539633,9.129954030884305
US,Chairs,2014,3,1,1,Winter,0.0,0.0,302.67,3,0.3546048870425356,0.9350162426854148,2014-3,2014-01-13,1964.6085812025735,2122.2431624051474,410.512,1197.0902265032169,1497.1029416034316,690.9733691507209,618.7941981652897,28.0,27.0,6.0,17.25,21.333333333333332,13.744695946679455,9.623204279555774
US,Chairs,2014,4,1,1,Winter,1.0,0.2,454.3365812025736,6,0.4647231720437685,0.8854560256532099,2014-4,2014-01-20,302.67,1127.8600000000001,685.958,1028.7093718038604,1477.8011567036458,788.6305208091347,649.2585782542667,3.0,8.0,8.0,16.75,21.166666666666668,14.22146265332789,9.888775393742076
US,Chairs,2014,5,1,1,Winter,1.0,0.2,539.9200000000001,5,0.5680647467311558,0.8229838658936564,2014-5,2014-01-27,454.3365812025736,1393.2223248102944,1826.9195812025737,815.3837906012868,1370.5511916034313,772.4049969095104,691.2840782598621,6.0,30.0,28.0,10.5,19.25,11.733143937865359,10.644033753490941
US,Chairs,2014,7,2,1,Winter,1.0,0.2,246.4905812025736,4,0.7485107481711011,0.6631226582407953,2014-7,2014-02-10,539.9200000000001,1964.6085812025735,1935.2907436077207,385.85429060128683,1229.817844736336,135.11468787508366,736.3004229144041,5.0,28.0,26.0,4.5,17.416666666666668,1.290994448735786,11.252945742284007
US,Chairs,2014,8,2,1,Winter,1.0,0.3,492.9811624051472,8,0.8229838658936564,0.5680647467311559,2014-8,2014-02-17,246.4905812025736,302.67,2475.2071624051473,433.4320812025736,1064.6323447363359,129.44740561889103,648.6363452074935,4.0,3.0,31.0,5.75,15.5,1.7078251276599183,10.672820194732543
US,Chairs,2014,9,2,1,Winter,1.0,0.2,443.2745812025736,5,0.8854560256532099,0.4647231720437686,2014-9,2014-02-24,492.9811624051472,454.3365812025736,1198.188,430.66658120257364,1001.7228931698837,128.96921750219462,670.7375424695872,8.0,6.0,20.0,5.5,14.25,1.7320508075688628,10.972071984651008
US,Chairs,2014,10,3,1,Winter,0.5,0.1,351.332,4,0.9350162426854148,0.35460488704253557,2014-10,2014-03-03,443.2745812025736,539.9200000000001,1361.2845812025737,383.5195812025736,917.5601780696693,108.57483595666108,684.7362275637424,5.0,5.0,22.0,5.25,12.75,1.8929694486000779,11.04638978457338
US,Chairs,2014,11,3,1,Winter,1.0,0.3,89.768,1,0.970941817426052,0.23931566428755804,2014-11,2014-03-10,351.332,246.4905812025736,1571.783162405147,344.3389359019302,794.0589145359071,179.5717477429388,689.6443184996793,4.0,4.0,25.0,4.5,10.75,2.88675134594812,10.796674572208872
US,Chairs,2014,12,3,1,Spring,0.0,0.0,246.4905812025736,6,0.992708874098054,0.120536680255323,2014-12,2014-03-17,89.768,492.9811624051472,2122.2431624051474,282.7162906012868,637.7461994356925,151.68874395122782,561.9977233038013,1.0,8.0,27.0,4.0,9.0,2.160246899469275,9.553676113032463
US,Chairs,2014,13,3,1,Spring,0.5714285714285714,0.1142857142857143,1643.7971624051472,21,1.0,-1.6081226496766366e-16,2014-13,2014-03-24,246.4905812025736,443.2745812025736,1127.8600000000001,582.8469359019302,680.7409629694548,715.4199193573256,619.6773542649948,6.0,5.0,8.0,8.0,10.083333333333334,8.906926143924922,10.148518327441895
US,Chairs,2014,14,4,2,Spring,1.0,0.2,218.352,3,0.992708874098054,-0.12053668025532288,2014-14,2014-03-31,1643.7971624051472,351.332,1393.2223248102944,549.6019359019302,582.8351025685969,732.6466760297228,588.9240905994983,21.0,4.0,30.0,7.75,7.833333333333333,9.069178573608523,8.122173167921053
US,Chairs,2014,16,4,2,Spring,1.0,0.2,655.056,9,0.9350162426854148,-0.35460488704253545,2014-16,2014-04-14,218.352,89.768,1964.6085812025735,690.9239359019302,473.7057208017157,665.857626419728,400.9255969928275,3.0,1.0,28.0,9.75,6.25,7.889866919029746,5.136765873228345
US,Chairs,2014,17,4,2,Spring,0.5,0.15,563.5485812025736,12,0.8854560256532099,-0.4647231720437685,2014-17,2014-04-21,655.056,246.4905812025736,302.67,770.1884359019302,495.4456025685968,612.0106661266626,397.86952290561925,9.0,6.0,3.0,11.25,7.0,7.4999999999999964,5.2742944379491705
US,Chairs,2014,18,5,2,Spring,1.0,0.2,246.4905812025736,5,0.8229838658936565,-0.5680647467311557,2014-18,2014-04-28,563.5485812025736,1643.7971624051472,454.3365812025736,420.86179060128677,478.1251025685969,221.07463436928418,404.2940406337134,12.0,21.0,6.0,7.25,6.916666666666667,4.0311288741492675,5.299371031861524
US,Chairs,2014,19,5,2,Spring,0.4,0.12,925.9805812025736,13,0.7485107481711013,-0.663122658240795,2014-19,2014-05-05,246.4905812025736,218.352,539.9200000000001,597.7689359019301,510.29681766881134,280.2214641909584,424.51320501737035,5.0,3.0,5.0,9.75,7.583333333333333,3.593976442141296,5.534328132554812
US,Chairs,2014,20,5,2,Spring,0.8,0.2,1230.4645812025735,15,0.6631226582407952,-0.7485107481711012,2014-20,2014-05-12,925.9805812025736,655.056,246.4905812025736,741.6210812025736,592.2946510021446,428.10451216924565,462.2760110931096,13.0,9.0,4.0,11.25,8.5,4.34932945023329,5.791843794980517
US,Chairs,2014,21,5,2,Spring,1.0,0.225,1261.1005812025737,25,0.5680647467311558,-0.8229838658936564,2014-21,2014-05-19,1230.4645812025735,563.5485812025736,492.9811624051472,916.0090812025736,656.3046025685968,471.2836575096436,498.9954573680282,15.0,12.0,8.0,14.5,9.916666666666666,8.22597511950204,7.488880646220311
US,Chairs,2014,22,5,2,Spring,0.5,0.15,408.82899999999995,5,0.46472317204376906,-0.8854560256532096,2014-22,2014-05-26,1261.1005812025737,246.4905812025736,443.2745812025736,956.5936859019303,653.4341374683823,395.26911924197833,500.42932842601056,25.0,5.0,5.0,14.5,9.916666666666666,8.22597511950204,7.488880646220311
US,Chairs,2014,23,6,2,Spring,0.0,0.0,246.4905812025736,6,0.35460488704253584,-0.9350162426854147,2014-23,2014-06-02,408.82899999999995,925.9805812025736,351.332,786.7211859019303,644.6973525685969,534.35182604046,507.0544187969521,5.0,13.0,4.0,12.75,10.083333333333334,9.322910847297996,7.366488411390554
US,Chairs,2014,24,6,2,Spring,1.0,0.2,1288.7205812025736,16,0.23931566428755768,-0.970941817426052,2014-24,2014-06-09,246.4905812025736,1230.4645812025735,89.768,801.2851859019302,744.6100676688114,551.0119096122424,505.8902813897165,6.0,15.0,1.0,13.0,11.333333333333334,9.416297927883686,6.945676658355476
US,Chairs,2014,25,6,2,Spring,0.75,0.175,1041.4317436077208,18,0.12053668025532308,-0.992708874098054,2014-25,2014-06-16,1288.7205812025736,1261.1005812025737,246.4905812025736,746.367976503217,810.855164535907,498.33688253144453,486.405543016866,16.0,25.0,6.0,11.25,12.333333333333334,6.701989754294362,6.971804687888242
US,Chairs,2014,26,6,2,Summer,0.75,0.1,1125.922,10,-3.216245299353273e-16,-1.0,2014-26,2014-06-23,1041.4317436077208,408.82899999999995,1643.7971624051472,925.641226503217,767.6989010021447,464.2528222513321,424.8656533178743,18.0,5.0,21.0,12.5,11.416666666666666,5.507570547286097,6.430867795722475
US,Chairs,2014,27,7,3,Summer,1.0,0.3,569.058,3,-0.12053668025532283,-0.992708874098054,2014-27,2014-06-30,1125.922,246.4905812025736,218.352,1006.2830812025736,796.9244010021447,309.02298317910225,394.62821269101437,10.0,6.0,3.0,11.75,11.416666666666666,6.7515430335096935,6.430867795722475
US,Chairs,2014,28,7,3,Summer,1.0,0.2,361.376,4,-0.23931566428755743,-0.9709418174260521,2014-28,2014-07-07,569.058,1288.7205812025736,655.056,774.4469359019301,772.4510676688113,368.61353805228373,412.90920492701275,3.0,16.0,9.0,8.75,11.0,6.898067362191622,6.755469164785187
US,Chairs,2014,29,7,3,Summer,1.0,0.21666666666666667,1232.5025812025735,20,-0.3546048870425356,-0.9350162426854148,2014-29,2014-07-14,361.376,1041.4317436077208,563.5485812025736,822.2146453006433,828.1972343354779,423.09766079380057,427.05648463157127,4.0,18.0,12.0,9.25,11.666666666666666,7.804912982645393,7.240458716424137
US,Chairs,2014,30,7,3,Summer,0.8,0.16,1460.696,14,-0.46472317204376806,-0.8854560256532101,2014-30,2014-07-21,1232.5025812025735,1125.922,246.4905812025736,905.9081453006434,929.3810192352635,524.2253863046571,420.4936287565035,20.0,10.0,5.0,10.25,12.416666666666666,8.18026079453868,6.947312539043523
US,Chairs,2014,31,7,3,Summer,0.5,0.1,497.51800000000003,7,-0.5680647467311556,-0.8229838658936566,2014-31,2014-07-28,1460.696,569.058,925.9805812025736,888.0231453006434,893.675804135049,540.5157303996549,438.60932770549067,14.0,3.0,13.0,11.25,11.916666666666666,7.182153808805078,7.115390915388115
US,Chairs,2014,32,8,3,Summer,1.0,0.2,207.184,1,-0.663122658240795,-0.7485107481711013,2014-32,2014-08-04,497.51800000000003,361.376,1230.4645812025735,849.4751453006434,808.402422368168,593.4960537169593,465.8077331595205,7.0,4.0,15.0,10.5,10.75,8.266397845091493,7.6885392867329605
US,Chairs,2014,33,8,3,Summer,0.5,0.1,670.1385812025736,7,-0.7485107481711011,-0.6631226582407952,2014-33,2014-08-11,207.184,1232.5025812025735,1261.1005812025737,708.8841453006435,759.1555890348346,536.3770336798881,444.3405273420573,1.0,20.0,25.0,7.25,9.25,5.3150729063673205,6.283094200095404
US,Chairs,2014,34,8,3,Summer,0.8,0.18,1418.8411624051473,25,-0.8229838658936564,-0.5680647467311559,2014-34,2014-08-18,670.1385812025736,1460.696,408.82899999999995,698.4204359019302,843.3232692352636,516.8755205364967,467.0282746617721,7.0,14.0,5.0,10.0,10.916666666666666,10.392304845413262,7.5733784142917635
US,Chairs,2014,35,8,3,Summer,1.0,0.2,230.28,3,-0.8854560256532096,-0.4647231720437691,2014-35,2014-08-25,1418.8411624051473,497.51800000000003,246.4905812025736,631.6109359019302,841.9723874683824,566.3981382395674,468.93112467134176,25.0,7.0,6.0,9.0,10.666666666666666,10.95445115010332,7.796658180777109
US,Chairs,2014,36,9,3,Summer,0.8571428571428571,0.1285714285714286,1900.0435812025735,22,-0.9350162426854147,-0.3546048870425359,2014-36,2014-09-01,230.28,207.184,1288.7205812025736,1054.8258312025737,892.9159708017156,747.1635952792145,548.3568939653074,3.0,1.0,16.0,14.25,11.166666666666666,10.87428158546577,8.34302466771257
US,Chairs,2014,37,9,3,Summer,1.0,0.2285714285714286,1546.7005812025736,27,-0.970941817426052,-0.23931566428755774,2014-37,2014-09-08,1900.0435812025735,670.1385812025736,1041.4317436077208,1273.9663312025737,935.0217072679535,724.9428871172503,579.3217649079387,22.0,7.0,18.0,19.25,11.916666666666666,11.026483271348724,9.35616795423632
US,Chairs,2014,38,9,3,Summer,0.8181818181818182,0.13636363636363635,2687.4653248102945,46,-0.992708874098054,-0.12053668025532357,2014-38,2014-09-15,1546.7005812025736,1418.8411624051473,1125.922,1591.1223718038605,1065.1503176688113,1024.900879857853,770.0746733695814,27.0,25.0,10.0,24.5,14.916666666666666,17.67295485574875,13.527469247513524
US,Chairs,2014,39,9,3,Autumn,0.6666666666666666,0.13333333333333333,2191.1971624051475,18,-1.0,-1.8369701987210297e-16,2014-39,2014-09-22,2687.4653248102945,230.28,569.058,2081.351662405147,1200.3285812025736,482.4120661028475,816.0749175682645,46.0,3.0,3.0,28.25,16.166666666666668,12.392874296680867,13.009320667983557
US,Chairs,2014,40,9,3,Autumn,1.0,0.225,696.23,9,-0.992708874098054,0.1205366802553232,2014-40,2014-09-29,2191.1971624051475,1900.0435812025735,361.376,1780.3982671045042,1228.2330812025737,860.5350698543235,790.091536385358,18.0,22.0,4.0,25.0,16.583333333333332,15.811388300841896,12.659587335894937
US,Chairs,2014,41,10,4,Autumn,1.0,0.2,1295.73,14,-0.9709418174260521,0.23931566428755738,2014-41,2014-10-06,696.23,1546.7005812025736,1232.5025812025735,1717.6556218038606,1233.5020327690258,891.8340619069659,790.333385221654,9.0,27.0,20.0,21.75,16.083333333333332,16.58061116686193,12.630830486863433
US,Chairs,2014,42,10,4,Autumn,1.0,0.3,254.604,14,-0.9350162426854148,0.35460488704253557,2014-42,2014-10-13,1295.73,2687.4653248102945,1460.696,1109.440290601287,1132.9943661023592,837.9319012725109,834.2823930487534,14.0,46.0,14.0,13.75,16.083333333333332,3.68555739791599,12.630830486863433
US,Chairs,2014,43,10,4,Autumn,1.0,0.20000000000000004,1304.1065812025736,9,-0.8854560256532101,0.464723172043768,2014-43,2014-10-20,254.604,2191.1971624051475,497.51800000000003,887.6676453006435,1200.2100812025735,509.0364177206148,810.585196849521,14.0,18.0,7.0,11.5,16.25,2.88675134594812,12.512720799977188
US,Chairs,2014,44,10,4,Autumn,0.75,0.15000000000000002,449.9905812025736,12,-0.822983865893657,0.5680647467311548,2014-44,2014-10-27,1304.1065812025736,696.23,207.184,826.1077906012868,1220.4439629694548,552.904030628082,786.2076729721306,9.0,9.0,1.0,12.25,17.166666666666668,2.3629078131262937,11.668398139912568
US,Chairs,2014,45,11,4,Autumn,0.7142857142857143,0.15714285714285717,1687.0325812025737,19,-0.7485107481711011,0.6631226582407952,2014-45,2014-11-03,449.9905812025736,1295.73,670.1385812025736,923.9334359019302,1305.1851296361215,683.0021105998935,776.240572887833,12.0,14.0,7.0,13.5,18.166666666666668,4.203173404306158,11.223622274902917
US,Chairs,2014,46,11,4,Autumn,1.0,0.2,1909.2291624051472,22,-0.6631226582407955,0.7485107481711007,2014-46,2014-11-10,1687.0325812025737,254.604,1418.8411624051473,1337.5897265032172,1346.0507963027883,642.3486377184803,795.4389962417713,19.0,14.0,25.0,15.5,17.916666666666668,6.027713773341704,11.090194959621954
US,Chairs,2014,47,11,4,Autumn,1.0,0.26666666666666666,1350.3020000000001,17,-0.5680647467311559,0.8229838658936564,2014-47,2014-11-17,1909.2291624051472,1304.1065812025736,230.28,1349.1385812025737,1439.385962969455,641.9611342947816,714.1741146866882,22.0,9.0,3.0,17.5,19.083333333333332,4.203173404306157,10.06757471320976
US,Chairs,2014,48,11,4,Autumn,0.6,0.12,1376.3303248102943,18,-0.4647231720437684,0.88545602565321,2014-48,2014-11-24,1350.3020000000001,449.9905812025736,1900.0435812025735,1580.723517104504,1395.7431916034318,267.13805962756857,699.3117136501257,17.0,12.0,22.0,19.0,18.75,2.1602468994692745,10.02836885132282
US,Chairs,2014,49,12,4,Autumn,0.6666666666666666,0.16666666666666666,3108.645487215442,58,-0.35460488704253595,0.9350162426854147,2014-49,2014-12-01,1376.3303248102943,1687.0325812025737,1546.7005812025736,1936.126743607721,1525.9052671045038,823.0201181638748,857.4457709533892,18.0,19.0,27.0,28.75,21.333333333333332,19.61929322546219,15.071546541463992
US,Chairs,2014,50,12,4,Autumn,0.8333333333333334,0.21666666666666667,1224.5365812025736,13,-0.2393156642875578,0.970941817426052,2014-50,2014-12-08,3108.645487215442,1909.2291624051472,2687.4653248102945,1764.9535983070775,1403.994538470527,898.243181878978,777.5603080671532,58.0,22.0,46.0,26.5,18.583333333333332,21.11081871142535,13.034627541725738
US,Chairs,2014,51,12,4,Autumn,0.75,0.125,930.1425812025735,18,-0.12053668025532363,0.992708874098054,2014-51,2014-12-15,1224.5365812025736,1350.3020000000001,2191.1971624051475,1659.9137436077208,1298.906656703646,983.4230089125108,746.0761910301404,13.0,17.0,18.0,26.75,18.583333333333332,20.966242709015205,13.034627541725738
US,Chairs,2014,52,12,4,Winter,0.3333333333333333,0.05000000000000001,1444.0351624051473,23,6.432490598706546e-16,1.0,2014-52,2014-12-22,930.1425812025735,1376.3303248102943,696.23,1676.839953006434,1361.2237535707416,977.4798315945573,722.0028075323667,18.0,18.0,9.0,28.0,19.75,20.41241452319315,12.721670845093781
US,Furnishings,2011,14,4,2,Spring,0.0,0.0,139.5,12,0.992708874098054,-0.12053668025532288,2011-14,2011-04-04,177.68,8.32,76.728,181.359,152.11083333333332,111.00368533822048,157.88491256713965,2.0,5.0,3.0,8.75,7.5,6.396613687465163,5.776126415136391
US,Furnishings,2011,15,4,2,Spring,0.0,0.0,187.76,4,0.9709418174260521,-0.2393156642875575,2011-15,2011-04-11,139.5,334.824,61.879999999999995,144.593,162.60083333333333,51.794356281999185,155.50880722783594,12.0,16.0,3.0,5.75,7.583333333333333,4.349329450233298,5.712161401675191
US,Furnishings,2011,16,4,2,Spring,0.3333333333333333,0.06666666666666667,158.39600000000002,11,0.9350162426854148,-0.35460488704253545,2011-16,2011-04-18,187.76,73.43199999999999,497.92199999999997,165.834,134.307,21.368829261332895,114.40906835164296,4.0,5.0,21.0,7.25,6.75,4.991659710623981,4.07040315179981
US,Furnishings,2011,17,4,2,Spring,0.0,0.0,320.71,7,0.8854560256532099,-0.4647231720437685,2011-17,2011-04-25,158.39600000000002,177.68,75.24,201.5915,154.76283333333333,81.85705635842675,124.39660132878035,11.0,2.0,6.0,8.5,6.833333333333333,3.696845502136475,4.06388379695477
US,Furnishings,2011,18,5,2,Spring,0.0,0.0,39.64,9,0.8229838658936565,-0.5680647467311557,2011-18,2011-05-02,320.71,139.5,347.5,176.6265,129.10783333333333,115.44358233498008,112.1797104016046,7.0,12.0,5.0,7.75,7.166666666666667,2.986078811194823,4.06388379695477
US,Furnishings,2011,19,5,2,Spring,0.3333333333333333,0.06666666666666667,411.782,13,0.7485107481711013,-0.663122658240795,2011-19,2011-05-09,39.64,187.76,25.16,232.632,161.32633333333334,165.94110636407515,133.16780706471155,9.0,4.0,5.0,10.0,7.833333333333333,2.5819888974716148,4.323999271157397
US,Furnishings,2011,20,5,2,Spring,0.3333333333333333,0.06666666666666667,299.42400000000004,13,0.6631226582407952,-0.7485107481711012,2011-20,2011-05-16,411.782,158.39600000000002,20.32,267.889,184.585,159.77830027468258,130.65113359978588,13.0,11.0,4.0,10.5,8.583333333333334,3.000000000000003,4.378840305862092
US,Furnishings,2011,21,5,2,Spring,0.0,0.0,29.32,2,0.5680647467311558,-0.8229838658936564,2011-21,2011-05-23,299.42400000000004,320.71,63.552,195.0415,181.73233333333334,191.03698805117992,133.86814627924906,13.0,7.0,6.0,9.25,8.25,5.188127472091129,4.7314230033219005
US,Furnishings,2011,22,6,2,Spring,0.0,0.0,227.98399999999998,23,0.46472317204376906,-0.8854560256532096,2011-22,2011-05-30,29.32,39.64,8.32,242.1275,200.0376666666667,160.78205634854484,122.53898935984964,2.0,9.0,5.0,12.75,9.75,8.578072821638516,6.224949798994365
US,Furnishings,2011,23,6,2,Spring,0.0,0.0,86.25999999999999,9,0.35460488704253584,-0.9350162426854147,2011-23,2011-06-06,227.98399999999998,411.782,334.824,160.747,179.32399999999998,124.59734346552769,118.62974216366732,23.0,13.0,16.0,11.75,9.166666666666666,8.770214744615247,5.905826604192496
US,Furnishings,2011,24,6,2,Spring,0.0,0.0,6.24,3,0.23931566428755768,-0.970941817426052,2011-24,2011-06-13,86.25999999999999,299.42400000000004,73.43199999999999,87.451,173.72466666666665,99.54125150241327,125.47071297922537,9.0,13.0,5.0,9.25,9.0,9.673847907287636,6.0603030227268935
US,Furnishings,2011,25,6,2,Summer,0.6666666666666666,0.13333333333333333,112.266,4,0.12053668025532308,-0.992708874098054,2011-25,2011-06-20,6.24,29.32,177.68,108.1875,168.27349999999998,91.72775586302484,126.6982235654327,3.0,2.0,2.0,9.75,9.166666666666666,9.215023964519391,5.874959703278952
US,Furnishings,2011,27,7,3,Summer,1.0,0.20000000000000004,301.744,7,-0.12053668025532283,-0.992708874098054,2011-27,2011-07-04,112.266,227.98399999999998,139.5,126.62750000000001,181.7938333333333,125.15953348560132,131.89861998990904,4.0,23.0,12.0,5.75,8.75,2.753785273643054,5.832900416836145
US,Furnishings,2011,28,7,3,Summer,0.5,0.1,156.094,11,-0.23931566428755743,-0.9709418174260521,2011-28,2011-07-11,301.744,86.25999999999999,187.76,144.086,179.155,122.49390344557297,132.0850382071407,7.0,9.0,4.0,6.25,9.333333333333334,3.5939764421413063,5.662208585049306
US,Furnishings,2011,29,7,3,Summer,0.0,0.0,59.760000000000005,8,-0.3546048870425356,-0.9350162426854148,2011-29,2011-07-18,156.094,6.24,158.39600000000002,157.466,170.93533333333335,103.93511774820553,136.4899281674348,11.0,3.0,11.0,7.5,9.083333333333334,2.8867513459481318,5.6481426284678
US,Furnishings,2011,30,7,3,Summer,0.2,0.04,385.024,29,-0.46472317204376806,-0.8854560256532101,2011-30,2011-07-25,59.760000000000005,112.266,320.71,225.65550000000002,176.29483333333334,145.54254570056136,143.96379625058097,8.0,4.0,7.0,13.75,10.916666666666666,10.307764064044154,7.993842327161271
US,Furnishings,2011,31,8,3,Summer,1.0,0.2,44.128,4,-0.5680647467311556,-0.8229838658936566,2011-31,2011-08-01,385.024,301.744,39.64,161.25150000000002,176.66883333333337,157.18266484889486,143.5818331087843,29.0,7.0,9.0,13.0,10.5,11.045361017187263,8.229658117277577
US,Furnishings,2011,32,8,3,Summer,0.2,0.04,600.806,22,-0.663122658240795,-0.7485107481711013,2011-32,2011-08-08,44.128,156.094,411.782,272.4295,192.42083333333335,269.48007861744924,177.97083513564462,4.0,11.0,13.0,15.75,11.25,11.729592206608608,8.863869460804452
US,Furnishings,2011,33,8,3,Summer,0.0,0.0,289.24,7,-0.7485107481711011,-0.6631226582407952,2011-33,2011-08-15,600.806,59.760000000000005,299.42400000000004,329.7995,191.57216666666667,230.7578437778442,177.43767927299967,22.0,8.0,13.0,15.5,10.75,11.9582607431014,8.925194166464442
US,Furnishings,2011,34,8,3,Summer,0.2,0.04,63.584,14,-0.8229838658936564,-0.5680647467311559,2011-34,2011-08-22,289.24,385.024,29.32,249.4395,194.42749999999998,259.3180646972619,174.84611425245296,7.0,29.0,2.0,11.75,11.75,8.015609770940701,8.518696016303306
US,Furnishings,2011,35,9,3,Summer,0.0,0.0,70.71,1,-0.8854560256532096,-0.4647231720437691,2011-35,2011-08-29,63.584,44.128,227.98399999999998,256.08500000000004,181.3213333333333,252.5551738346824,177.96872100524416,14.0,4.0,23.0,11.0,9.916666666666666,9.055385138137419,8.240237566448867
US,Furnishings,2011,36,9,3,Summer,0.4444444444444444,0.08888888888888889,881.4065812025736,36,-0.9350162426854147,-0.3546048870425359,2011-36,2011-09-05,70.71,600.806,86.25999999999999,326.2351453006434,247.5835484335478,384.64818905327036,265.74014060353403,1.0,22.0,9.0,14.5,12.166666666666666,15.286159317064135,11.142329879855252
US,Furnishings,2011,37,9,3,Summer,0.25,0.05,374.074,26,-0.970941817426052,-0.23931566428755774,2011-37,2011-09-12,881.4065812025736,289.24,6.24,347.4436453006434,278.23638176688115,384.26700846330436,256.42188554987797,36.0,7.0,3.0,19.25,14.083333333333334,15.129992289048486,11.397434586410888
US,Furnishings,2011,38,9,3,Summer,0.0,0.0,270.204,8,-0.992708874098054,-0.12053668025532357,2011-38,2011-09-19,374.074,63.584,112.266,399.0986453006434,291.3978817668811,345.30185338626734,251.1272165519639,26.0,14.0,4.0,17.75,14.416666666666666,16.09088769044973,11.131105747027792
US,Furnishings,2011,39,9,3,Autumn,0.2857142857142857,0.05714285714285715,789.172,19,-1.0,-1.8369701987210297e-16,2011-39,2011-09-26,270.204,70.71,301.744,578.7141453006434,332.01688176688117,301.64621561192723,289.4488273995583,8.0,1.0,7.0,22.25,15.416666666666666,11.786291472158096,10.941649645720565
US,Furnishings,2011,40,10,4,Autumn,0.5,0.1,161.696,8,-0.992708874098054,0.1205366802553232,2011-40,2011-10-03,789.172,881.4065812025736,156.094,398.7865,332.4837151002145,274.3215332190796,289.14365535445944,19.0,36.0,11.0,15.25,15.166666666666666,8.845903006477068,11.08507049498504
US,Furnishings,2011,41,10,4,Autumn,0.6666666666666666,0.13333333333333333,125.726,19,-0.9709418174260521,0.23931566428755738,2011-41,2011-10-10,161.696,374.074,59.760000000000005,336.6995,337.9808817668811,307.83602642261775,284.06985210558656,8.0,26.0,8.0,13.5,16.083333333333332,6.350852961085884,10.891684345352093
US,Furnishings,2011,42,10,4,Autumn,0.3333333333333333,0.06666666666666667,229.12,10,-0.9350162426854148,0.35460488704253557,2011-42,2011-10-17,125.726,270.204,385.024,326.4285,324.98888176688115,311.45828025970553,285.28528328772865,19.0,8.0,29.0,14.0,14.5,5.830951894845301,10.202495238465396
US,Furnishings,2011,43,10,4,Autumn,0.0,0.0,63.92,4,-0.8854560256532101,0.464723172043768,2011-43,2011-10-24,229.12,789.172,44.128,145.1155,326.6382151002145,69.04184946103305,283.56594615089284,10.0,19.0,4.0,10.25,14.5,6.344288770224761,10.202495238465396
US,Furnishings,2011,44,11,4,Autumn,0.3333333333333333,0.06666666666666668,961.454,32,-0.822983865893657,0.5680647467311548,2011-44,2011-10-31,63.92,161.696,600.806,345.05499999999995,356.69221510021447,416.5456157061311,330.4941610638169,4.0,8.0,22.0,16.25,15.333333333333334,12.175795661885921,11.227671444275792
US,Furnishings,2011,45,11,4,Autumn,0.16666666666666666,0.03333333333333333,209.68,23,-0.7485107481711011,0.6631226582407952,2011-45,2011-11-07,961.454,125.726,289.24,366.0435,350.0622151002145,403.7283995241519,332.7605749616359,32.0,19.0,7.0,17.25,16.666666666666668,12.632629707758133,11.097365234663368
US,Furnishings,2011,46,11,4,Autumn,0.2,0.04,340.916,13,-0.6631226582407955,0.7485107481711007,2011-46,2011-11-14,209.68,229.12,63.584,393.99249999999995,373.17321510021446,394.86226364265286,320.45848808010265,23.0,10.0,14.0,18.0,16.583333333333332,12.138094304022083,11.122935627328648
US,Furnishings,2011,47,11,4,Autumn,0.1111111111111111,0.022222222222222223,606.542,36,-0.5680647467311559,0.8229838658936564,2011-47,2011-11-21,340.916,63.92,70.71,529.6479999999999,417.82588176688114,331.847554217294,311.6934295104652,13.0,4.0,1.0,26.0,19.5,10.23067283548187,11.253282349446478
US,Furnishings,2011,48,12,4,Autumn,0.125,0.025,678.628,28,-0.4647231720437684,0.88545602565321,2011-48,2011-11-28,606.542,961.454,881.4065812025736,458.9415,400.92766666666665,220.68784886878848,288.94240034723924,36.0,32.0,36.0,25.0,18.833333333333332,9.626352718795767,10.3908467879041
US,Furnishings,2011,49,12,4,Autumn,0.0,0.0,154.072,11,-0.35460488704253595,0.9350162426854147,2011-49,2011-12-05,678.628,209.68,374.074,445.03950000000003,382.5941666666667,242.3155203084054,297.6495822558141,28.0,23.0,26.0,22.0,17.583333333333332,12.027745701779143,10.352499332250277
US,Furnishings,2011,50,12,4,Autumn,0.09090909090909091,0.018181818181818184,401.294,34,-0.2393156642875578,0.970941817426052,2011-50,2011-12-12,154.072,340.916,270.204,460.134,393.51833333333326,235.45064871716372,295.5478883181766,11.0,13.0,8.0,27.25,19.75,11.354147553500733,10.872191382354591
US,Furnishings,2011,51,12,4,Autumn,0.75,0.15000000000000002,297.166,11,-0.12053668025532363,0.992708874098054,2011-51,2011-12-19,401.294,606.542,789.172,382.79,352.51783333333333,221.74002281951704,268.5658127183366,34.0,36.0,19.0,21.0,19.083333333333332,11.803954139750514,11.163726433354944
US,Furnishings,2011,52,12,4,Winter,0.3,0.06000000000000001,943.924,44,6.432490598706546e-16,1.0,2011-52,2011-12-26,297.166,678.628,161.696,449.11400000000003,417.7035,345.0901645309525,309.80371815378385,11.0,28.0,8.0,25.0,22.083333333333332,16.673332000533065,12.65240425110316
US,Furnishings,2012,1,1,1,Winter,0.0,0.0,206.98,19,0.12053668025532305,0.992708874098054,2012-1,2012-01-02,943.924,154.072,125.726,462.34099999999995,424.4746666666667,330.7269483244446,303.66924742834436,44.0,11.0,19.0,27.0,22.083333333333332,14.809906594348709,12.65240425110316
US,Furnishings,2012,2,1,1,Winter,0.0,0.0,542.45,13,0.23931566428755774,0.970941817426052,2012-2,2012-01-09,206.98,401.294,229.12,497.63,450.58549999999997,329.57063210183014,298.776072464282,19.0,34.0,10.0,21.75,22.333333333333332,15.217862311551295,12.41943735611337
US,Furnishings,2012,3,1,1,Winter,0.0,0.0,254.744,7,0.3546048870425356,0.9350162426854148,2012-3,2012-01-16,542.45,297.166,63.92,487.02450000000005,466.4875,338.7271723235873,280.86680072314454,13.0,11.0,4.0,20.75,22.583333333333332,16.25576820700886,12.041280008471865
US,Furnishings,2012,5,1,1,Winter,0.0,0.0,446.02,16,0.5680647467311558,0.8229838658936564,2012-5,2012-01-30,254.744,943.924,961.454,362.54850000000005,423.5346666666667,158.27761415416037,233.7511281393617,7.0,44.0,32.0,13.75,21.25,5.123475382979799,11.786934214706475
US,Furnishings,2012,6,2,1,Winter,0.0,0.0,40.784,2,0.6631226582407952,0.7485107481711011,2012-6,2012-02-06,446.02,206.98,209.68,320.99950000000007,409.46000000000004,221.7964285037069,252.158425750739,16.0,19.0,23.0,9.5,19.5,6.244997998398398,12.999999999999998
US,Furnishings,2012,10,3,1,Winter,0.25,0.05,846.62,17,0.9350162426854148,0.35460488704253557,2012-10,2012-03-05,40.784,542.45,340.916,397.04200000000003,451.60200000000003,342.387551339122,280.34423582186514,2.0,13.0,13.0,10.5,19.833333333333332,7.234178138070235,12.868801832574025
US,Furnishings,2012,11,3,1,Winter,0.5,0.1,408.178,16,0.970941817426052,0.23931566428755804,2012-11,2012-03-12,846.62,254.744,606.542,435.4005000000001,435.07166666666666,329.48317991413955,276.1952559132212,17.0,7.0,36.0,12.75,18.166666666666668,7.182153808805081,11.838560518556093
US,Furnishings,2012,12,3,1,Spring,0.0,0.0,138.85999999999999,7,0.992708874098054,0.120536680255323,2012-12,2012-03-19,408.178,446.02,678.628,358.61050000000006,390.09099999999995,360.5154529739328,276.87617067365903,16.0,16.0,28.0,10.5,16.416666666666668,7.234178138070235,11.804916797930453
US,Furnishings,2012,13,3,1,Spring,0.0,0.0,19.92,3,1.0,-1.6081226496766366e-16,2012-13,2012-03-26,138.85999999999999,40.784,154.072,353.39450000000005,378.91166666666663,366.7437432154319,289.6842205058133,7.0,2.0,11.0,10.75,15.75,6.849574196011505,12.351849327861062
US,Furnishings,2012,14,4,2,Spring,0.6666666666666666,0.13333333333333333,663.12,7,0.992708874098054,-0.12053668025532288,2012-14,2012-04-02,19.92,846.62,401.294,307.5195,400.73049999999995,287.36930279288123,301.1564217154511,3.0,17.0,34.0,8.25,13.5,5.5,11.123276168794547
US,Furnishings,2012,15,4,2,Spring,0.6666666666666666,0.13333333333333333,159.56799999999998,7,0.9709418174260521,-0.2393156642875575,2012-15,2012-04-09,663.12,408.178,297.166,245.36700000000002,389.26399999999995,285.21870454559377,307.99986304955644,7.0,16.0,11.0,6.0,13.166666666666666,1.999999999999998,11.264048467526578
US,Furnishings,2012,16,4,2,Spring,0.0,0.0,709.0211624051472,18,0.9350162426854148,-0.35460488704253545,2012-16,2012-04-16,159.56799999999998,138.85999999999999,943.924,387.90729060128683,369.68876353376226,349.48039132204127,275.2687481420959,7.0,7.0,44.0,8.75,11.0,6.448514040717701,6.120011883529754
US,Furnishings,2012,17,4,2,Spring,1.0,0.2,97.04,2,0.8854560256532099,-0.4647231720437685,2012-17,2012-04-23,709.0211624051472,19.92,206.98,407.1872906012868,360.5270968670956,323.57991947043456,282.90019017850113,18.0,3.0,19.0,8.5,9.583333333333334,6.757711644237763,6.067174470921865
US,Furnishings,2012,18,5,2,Spring,0.14285714285714285,0.028571428571428574,424.3105812025736,29,0.8229838658936565,-0.5680647467311557,2012-18,2012-04-30,97.04,663.12,542.45,347.4849359019302,350.6821453006434,279.6700815650098,278.00703178923595,2.0,7.0,13.0,14.0,10.916666666666666,12.027745701779143,8.251262529657705
US,Furnishings,2012,19,5,2,Spring,0.25,0.05,233.72,16,0.7485107481711013,-0.663122658240795,2012-19,2012-05-07,424.3105812025736,159.56799999999998,254.744,366.0229359019302,348.93014530064335,265.1421754667596,278.73189931096465,29.0,7.0,7.0,16.25,11.666666666666666,11.086778913041726,8.271894730002453
US,Furnishings,2012,20,5,2,Spring,0.5,0.1,286.046,7,0.6631226582407952,-0.7485107481711012,2012-20,2012-05-14,233.72,709.0211624051472,446.02,260.27914530064345,335.59897863397674,135.30539472212746,277.48898821997375,16.0,18.0,16.0,13.5,10.916666666666666,11.846237095944574,8.251262529657705
US,Furnishings,2012,21,5,2,Spring,0.0,0.0,110.3,13,0.5680647467311558,-0.8229838658936564,2012-21,2012-05-21,286.046,97.04,40.784,263.59414530064345,341.39197863397675,130.0325832107208,271.4343343284059,7.0,2.0,2.0,16.25,11.833333333333334,9.287087810503355,7.767453465154025
US,Furnishings,2012,22,5,2,Spring,0.25,0.05,123.608,14,0.46472317204376906,-0.8854560256532096,2012-22,2012-05-28,110.3,424.3105812025736,846.62,188.41850000000002,281.1409786339767,85.41322226095956,225.43995131531562,13.0,29.0,17.0,12.5,11.583333333333334,3.872983346207417,7.633161305458667
US,Furnishings,2012,23,6,2,Spring,0.3333333333333333,0.06666666666666667,563.848,14,0.35460488704253584,-0.9350162426854147,2012-23,2012-06-04,123.608,233.72,408.178,270.95050000000003,294.11347863397674,210.9780518466317,237.56727548531447,14.0,16.0,16.0,12.0,11.416666666666666,3.366501646120693,7.549332701797172
US,Furnishings,2012,24,6,2,Spring,0.8333333333333334,0.16666666666666666,577.16,23,0.23931566428755768,-0.970941817426052,2012-24,2012-06-11,563.848,286.046,138.85999999999999,343.72900000000004,330.6384786339767,261.9699464976851,245.1016667214804,14.0,7.0,7.0,16.0,12.75,4.69041575982343,8.091802810701251
US,Furnishings,2012,25,6,2,Spring,0.2,0.04,433.82,19,0.12053668025532308,-0.992708874098054,2012-25,2012-06-18,577.16,110.3,19.92,424.60900000000004,365.13014530064333,210.82832766969423,225.76082474391606,23.0,13.0,3.0,17.5,14.083333333333334,4.358898943540674,7.645061785032848
US,Furnishings,2012,26,6,2,Summer,0.5,0.1,546.8285812025736,19,-3.216245299353273e-16,-1.0,2012-26,2012-06-25,433.82,123.608,663.12,530.4141453006434,355.4391937341912,65.58165440622145,213.9959310313865,19.0,14.0,7.0,18.75,15.083333333333334,3.6855573979159972,7.415687712034817
US,Furnishings,2012,27,7,3,Summer,0.7142857142857143,0.14285714285714285,790.828,30,-0.12053668025532283,-0.992708874098054,2012-27,2012-07-02,546.8285812025736,563.848,159.56799999999998,587.1591453006434,408.04419373419114,149.13129915535401,237.7407486517802,19.0,14.0,7.0,22.75,17.0,5.188127472091128,8.079153871088682
US,Furnishings,2012,28,7,3,Summer,0.5,0.1,504.86400000000003,16,-0.23931566428755743,-0.9709418174260521,2012-28,2012-07-09,790.828,577.16,709.0211624051472,569.0851453006435,391.0310968670956,155.01211059419595,220.95678164405388,30.0,23.0,18.0,21.0,16.833333333333332,6.164414002968978,8.07727826946826
US,Furnishings,2012,29,7,3,Summer,0.0,0.0,7.38,1,-0.3546048870425356,-0.9350162426854148,2012-29,2012-07-16,504.86400000000003,433.82,97.04,462.4751453006435,383.55943020042895,328.55212961142837,232.99012510411706,16.0,19.0,2.0,16.5,16.75,11.9582607431014,8.24758917943463
US,Furnishings,2012,30,7,3,Summer,0.0,0.0,149.76,6,-0.46472317204376806,-0.8854560256532101,2012-30,2012-07-23,7.38,546.8285812025736,424.3105812025736,363.2080000000001,360.6802151002144,353.6000099095021,241.9331984824016,1.0,19.0,29.0,13.25,14.833333333333334,12.789970028633116,7.802486006317975
US,Furnishings,2012,31,7,3,Summer,0.0,0.0,20.04,8,-0.5680647467311556,-0.8229838658936566,2012-31,2012-07-30,149.76,790.828,233.72,170.51100000000005,342.8735484335478,232.00271378585214,259.36291337868477,6.0,30.0,16.0,7.75,14.166666666666666,6.2383224240709705,8.03213243884533
US,Furnishings,2012,32,8,3,Summer,0.2,0.04,322.312,14,-0.663122658240795,-0.7485107481711013,2012-32,2012-08-06,20.04,504.86400000000003,286.046,124.87300000000006,345.89571510021443,146.51061898715744,258.8513322556467,8.0,16.0,7.0,7.25,14.75,5.37742193496723,7.712150979284098
US,Furnishings,2012,33,8,3,Summer,0.3333333333333333,0.06666666666666667,390.142,13,-0.7485107481711011,-0.6631226582407952,2012-33,2012-08-13,322.312,7.38,110.3,220.56350000000006,369.2158817668812,167.66279112055045,248.07817041285293,14.0,1.0,13.0,10.25,14.75,3.8622100754188278,7.712150979284098
US,Furnishings,2012,34,8,3,Summer,0.25,0.05,68.878,11,-0.8229838658936564,-0.5680647467311559,2012-34,2012-08-20,390.142,149.76,123.608,200.34300000000007,364.6550484335478,183.20509035504446,253.449037771294,13.0,6.0,14.0,11.5,14.5,2.6457513110645987,7.78693544575551
US,Furnishings,2012,35,8,3,Summer,0.0,0.0,128.52,4,-0.8854560256532096,-0.4647231720437691,2012-35,2012-08-27,68.878,20.04,563.848,227.46300000000008,328.37771510021446,153.18802098075423,253.50093282933418,11.0,8.0,14.0,10.5,13.666666666666666,4.509249752822899,8.35935331702087
US,Furnishings,2012,36,9,3,Summer,0.2,0.04,525.452,20,-0.9350162426854147,-0.3546048870425359,2012-36,2012-09-03,128.52,322.312,577.16,278.24800000000005,324.0687151002145,215.93545002770307,249.2922328796927,4.0,14.0,23.0,12.0,13.416666666666666,6.582805886043836,8.095546849217707
US,Furnishings,2012,37,9,3,Summer,0.3,0.06000000000000001,936.43,39,-0.970941817426052,-0.23931566428755774,2012-37,2012-09-10,525.452,390.142,433.82,414.82000000000005,365.9528817668811,402.4756675411156,305.33177019792765,20.0,13.0,19.0,18.5,15.083333333333334,15.154757228892409,10.916695581733622
US,Furnishings,2012,38,9,3,Summer,0.125,0.025,574.184,20,-0.992708874098054,-0.12053668025532357,2012-38,2012-09-17,936.43,68.878,546.8285812025736,541.1465000000001,368.2325,330.57902111850143,306.90303604307104,39.0,11.0,19.0,20.75,15.166666666666666,14.31491064123932,10.95306792500151
US,Furnishings,2012,39,9,3,Autumn,0.0,0.0,14.91,3,-1.0,-1.8369701987210297e-16,2012-39,2012-09-24,574.184,128.52,790.828,512.744,303.57266666666663,379.15910689137695,291.104997096903,20.0,4.0,30.0,20.5,12.916666666666666,14.708274315273474,10.387565410215961
US,Furnishings,2012,40,10,4,Autumn,1.0,0.2,75.976,4,-0.992708874098054,0.1205366802553232,2012-40,2012-10-01,14.91,525.452,504.86400000000003,400.375,267.832,436.41818971104607,290.4724382856941,3.0,20.0,16.0,16.5,11.916666666666666,16.901676445449624,10.638338330032674
US,Furnishings,2012,41,10,4,Autumn,0.0,0.0,218.68,8,-0.9709418174260521,0.23931566428755738,2012-41,2012-10-08,75.976,936.43,7.38,220.93750000000006,285.44033333333334,250.49907072814986,279.4437080094319,4.0,39.0,1.0,8.75,12.5,7.8049129826454,10.166790858655268
US,Furnishings,2012,42,10,4,Autumn,0.0,0.0,249.406,24,-0.9350162426854148,0.35460488704253557,2012-42,2012-10-15,218.68,574.184,149.76,139.74300000000005,293.7441666666667,112.40778697225545,276.51048343691264,8.0,20.0,6.0,9.75,14.0,9.74251849711699,10.444659357341868
US,Furnishings,2012,43,10,4,Autumn,0.0,0.0,57.21,12,-0.8854560256532101,0.464723172043768,2012-43,2012-10-22,249.406,14.91,20.04,150.31800000000007,296.84166666666664,97.78825324137843,273.35588342449824,24.0,3.0,8.0,12.0,14.333333333333334,8.64098759787715,10.298573010888742
US,Furnishings,2012,44,11,4,Autumn,0.25,0.05,414.748,18,-0.822983865893657,0.5680647467311548,2012-44,2012-10-29,57.21,75.976,322.312,235.01100000000008,304.54466666666667,146.50654405861857,275.43337093695993,12.0,4.0,14.0,15.5,14.666666666666666,7.0000000000000036,10.35140160323785
US,Furnishings,2012,45,11,4,Autumn,0.16666666666666666,0.03333333333333333,363.942,18,-0.7485107481711011,0.6631226582407952,2012-45,2012-11-05,414.748,218.68,390.142,271.32650000000007,302.36133333333333,158.61246419601858,274.79627106155084,18.0,8.0,13.0,18.0,15.083333333333334,4.898979485566361,10.37880999776453
US,Furnishings,2012,46,11,4,Autumn,0.1111111111111111,0.022222222222222223,637.58,39,-0.6631226582407955,0.7485107481711007,2012-46,2012-11-12,363.942,249.406,68.878,368.37000000000006,349.7531666666667,239.07118588961444,279.8616790844536,18.0,24.0,11.0,21.75,17.416666666666668,11.842719282327012,12.339576634356282
US,Furnishings,2012,47,11,4,Autumn,0.3333333333333333,0.06666666666666667,357.90000000000003,15,-0.5680647467311559,0.8229838658936564,2012-47,2012-11-19,637.58,57.21,128.52,443.5425000000001,368.86816666666664,131.84656744741807,271.0729207125014,39.0,12.0,4.0,22.5,18.333333333333332,11.09053650640942,11.641097521932865
US,Furnishings,2012,48,11,4,Autumn,0.36363636363636365,0.07272727272727274,1351.9025812025736,51,-0.4647231720437684,0.88545602565321,2012-48,2012-11-26,357.90000000000003,414.748,525.452,677.8311453006435,437.7390484335478,467.92976277352165,392.33631153248734,15.0,18.0,20.0,30.75,20.916666666666668,17.211914478058507,14.999747472621806
US,Furnishings,2012,49,12,4,Autumn,0.3333333333333333,0.06666666666666668,615.244,34,-0.35460488704253595,0.9350162426854147,2012-49,2012-12-03,1351.9025812025736,363.942,936.43,740.6566453006435,410.9735484335479,426.80103486525906,365.24266324402134,51.0,18.0,39.0,34.75,20.5,14.974979131871939,14.51331676896648
US,Furnishings,2012,50,12,4,Autumn,0.42857142857142855,0.08571428571428573,587.3199999999999,32,-0.2393156642875578,0.970941817426052,2012-50,2012-12-10,615.244,637.58,574.184,728.0916453006434,412.0682151002145,431.5604187796455,365.7955556079307,34.0,39.0,20.0,33.0,21.5,14.719601443879746,14.884403063121294
US,Furnishings,2012,51,12,4,Autumn,0.4,0.08,340.126,15,-0.12053668025532363,0.992708874098054,2012-51,2012-12-17,587.3199999999999,357.90000000000003,14.91,723.6481453006435,439.16954843354785,436.70344403112443,345.16103235212955,32.0,15.0,3.0,33.0,22.5,14.719601443879746,13.898986228564233
US,Furnishings,2012,52,12,4,Winter,0.6666666666666666,0.13333333333333333,966.4639999999999,21,6.432490598706546e-16,1.0,2012-52,2012-12-24,340.126,1351.9025812025736,75.976,627.2885,513.3768817668812,257.71099587134404,355.5465275756269,15.0,51.0,4.0,25.5,23.916666666666668,9.036961141150641,12.652404251103162
US,Furnishings,2013,1,12,4,Winter,0.0,0.0,70.56,6,0.12053668025532305,0.992708874098054,2013-1,2012-12-31,966.4639999999999,615.244,218.68,491.1175,501.0335484335478,380.7344918912215,369.02314661367467,21.0,34.0,8.0,18.5,23.75,10.908712114635716,12.892034186060222
US,Furnishings,2013,2,1,1,Winter,0.4,0.08,198.006,28,0.23931566428755774,0.970941817426052,2013-2,2013-01-07,70.56,587.3199999999999,249.406,393.789,496.75021510021446,397.342984806158,372.49136887485173,6.0,32.0,24.0,17.5,24.083333333333332,9.327379053088817,12.950663958643085
US,Furnishings,2013,3,1,1,Winter,0.5,0.1,638.366,11,0.3546048870425356,0.9350162426854148,2013-3,2013-01-14,198.006,340.126,57.21,468.34900000000005,545.1798817668812,411.64133242585507,347.06067811498633,28.0,15.0,12.0,16.5,24.0,9.882644720249065,13.038404810405298
US,Furnishings,2013,4,1,1,Winter,0.25,0.05,230.142,21,0.4647231720437685,0.8854560256532099,2013-4,2013-01-21,638.366,966.4639999999999,414.748,284.2685000000001,529.7960484335478,245.91818381120186,357.30795228925626,11.0,21.0,18.0,16.5,24.25,9.882644720249065,12.941301044611889
US,Furnishings,2013,5,2,1,Winter,0.0,0.0,92.474,9,0.5680647467311558,0.8229838658936564,2013-5,2013-01-28,230.142,70.56,363.942,289.74700000000007,507.17371510021445,239.73666858729266,376.8241052822607,21.0,6.0,18.0,17.25,23.5,8.883505314157622,13.581404399197657
US,Furnishings,2013,6,2,1,Winter,0.6666666666666666,0.13333333333333333,165.432,9,0.6631226582407952,0.7485107481711011,2013-6,2013-02-04,92.474,198.006,637.58,281.60350000000005,467.8280484335478,244.39964032365802,386.49533601942824,9.0,28.0,39.0,12.5,21.0,5.744562646538032,13.22532006830424
US,Furnishings,2013,7,2,1,Winter,0.0,0.0,328.64,10,0.7485107481711011,0.6631226582407953,2013-7,2013-02-11,165.432,638.366,357.90000000000003,204.17200000000005,465.3897151002145,100.23963741621095,387.3432684528938,9.0,11.0,15.0,12.25,20.583333333333332,5.8523499553598155,13.507293203931336
US,Furnishings,2013,8,2,1,Winter,0.0,0.0,249.21,14,0.8229838658936564,0.5680647467311559,2013-8,2013-02-18,328.64,230.142,1351.9025812025736,208.93900000000008,373.4986666666667,102.31819342293646,271.34076426024416,10.0,21.0,51.0,10.5,17.5,2.3804761428476238,9.586922911398151
US,Furnishings,2013,9,2,1,Winter,0.0,0.0,16.192,2,0.8854560256532099,0.4647231720437686,2013-9,2013-02-25,249.21,92.474,615.244,189.86850000000007,323.57766666666663,133.59093284975137,277.8498428364545,14.0,9.0,34.0,8.75,14.833333333333334,4.991659710623982,9.013457951442614
US,Furnishings,2013,10,3,1,Winter,0.25,0.05,410.28,19,0.9350162426854148,0.35460488704253557,2013-10,2013-03-04,16.192,165.432,587.3199999999999,251.08050000000003,308.8243333333333,169.83920144556365,267.0633620572717,2.0,9.0,32.0,11.25,13.75,7.182153808805084,7.399324293474358
US,Furnishings,2013,11,3,1,Winter,0.3333333333333333,0.06666666666666667,302.036,19,0.970941817426052,0.23931566428755804,2013-11,2013-03-11,410.28,328.64,340.126,244.42950000000005,305.6501666666667,166.27297513326317,266.88380447672307,19.0,10.0,15.0,13.5,14.083333333333334,8.020806277010646,7.549332701797163
US,Furnishings,2013,12,3,1,Spring,0.0,0.0,368.2405812025736,17,0.992708874098054,0.120536680255323,2013-12,2013-03-18,302.036,249.21,966.4639999999999,274.18714530064346,255.7982151002145,177.67420335353964,170.80468611278116,19.0,14.0,21.0,14.25,13.75,8.220908303425684,7.300373589444197
US,Furnishings,2013,13,3,1,Spring,0.0,0.0,474.16,13,1.0,-1.6081226496766366e-16,2013-13,2013-03-25,368.2405812025736,16.192,70.56,388.6791453006434,289.4315484335478,72.33796369324264,170.74992565330908,17.0,2.0,6.0,17.0,14.333333333333334,2.828427124746198,6.89312349484262
US,Furnishings,2013,14,4,2,Spring,0.0,0.0,160.8,10,0.992708874098054,-0.12053668025532288,2013-14,2013-04-01,474.16,410.28,198.006,326.3091453006434,286.3310484335478,131.14951177068073,172.88540486265185,13.0,19.0,28.0,14.75,12.833333333333334,4.03112887414928,5.457827295534238
US,Furnishings,2013,15,4,2,Spring,0.0,0.0,184.61999999999998,9,0.9709418174260521,-0.2393156642875575,2013-15,2013-04-08,160.8,302.036,638.366,296.95514530064344,248.51888176688112,150.15612137850005,134.17844503512248,10.0,19.0,11.0,12.25,12.666666666666666,3.59397644214131,5.548682617331664
US,Furnishings,2013,16,4,2,Spring,0.5,0.1,235.584,20,0.9350162426854148,-0.35460488704253545,2013-16,2013-04-15,184.61999999999998,368.2405812025736,230.142,263.79100000000005,248.9723817668811,143.6731757984074,134.11987164416715,9.0,17.0,21.0,13.0,12.583333333333334,4.966554808583784,5.418123347254138
US,Furnishings,2013,17,4,2,Spring,0.3333333333333333,0.06666666666666667,141.74,10,0.8854560256532099,-0.4647231720437685,2013-17,2013-04-22,235.584,474.16,92.474,180.68600000000004,253.07788176688112,40.585344941248074,129.5707312309915,20.0,13.0,9.0,12.25,12.666666666666666,5.188127472091131,5.365433699886577
US,Furnishings,2013,18,5,2,Spring,0.3333333333333333,0.06666666666666667,444.068,21,0.8229838658936565,-0.5680647467311557,2013-18,2013-04-29,141.74,160.8,165.432,251.50300000000004,276.2975484335478,133.98500618104035,137.1793477498263,10.0,10.0,9.0,15.0,13.666666666666666,6.377042156569668,5.7260700998048035
US,Furnishings,2013,19,5,2,Spring,0.4,0.08,388.672,26,0.7485107481711013,-0.663122658240795,2013-19,2013-05-06,444.068,184.61999999999998,328.64,302.5160000000001,281.3002151002144,138.79077759947432,140.32037141785312,21.0,9.0,10.0,19.25,15.0,6.70198975429437,6.592006178284824
US,Furnishings,2013,20,5,2,Spring,0.3333333333333333,0.06666666666666667,598.284,18,0.6631226582407952,-0.7485107481711012,2013-20,2013-05-13,388.672,235.584,249.21,393.19100000000003,310.38971510021446,189.64847704810794,166.7557884628412,26.0,20.0,14.0,18.75,15.333333333333334,6.70198975429437,6.637816362374444
US,Furnishings,2013,21,5,2,Spring,0.0,0.0,384.1805812025736,24,0.5680647467311558,-0.8229838658936564,2013-21,2013-05-20,598.284,141.74,16.192,453.80114530064344,341.05543020042893,100.09804848654598,139.31344195510465,18.0,10.0,2.0,22.25,17.166666666666668,3.500000000000006,5.573204290227117
US,Furnishings,2013,22,5,2,Spring,0.125,0.025,391.134,30,0.46472317204376906,-0.8854560256532096,2013-22,2013-05-27,384.1805812025736,444.068,410.28,440.56764530064345,339.4599302004289,105.1836375521929,138.55614577406266,24.0,21.0,19.0,24.5,18.083333333333332,5.0000000000000036,6.694072457077676
US,Furnishings,2013,23,6,2,Spring,0.3333333333333333,0.06666666666666667,1045.492,20,0.35460488704253584,-0.9350162426854147,2013-23,2013-06-03,391.134,388.672,302.036,604.7726453006435,401.41459686709555,310.1494164825485,245.35614656359195,30.0,26.0,19.0,23.0,18.166666666666668,5.291502622129185,6.712719721588706
US,Furnishings,2013,24,6,2,Spring,0.0,0.0,75.298,15,0.23931566428755768,-0.970941817426052,2013-24,2013-06-10,1045.492,598.284,368.2405812025736,474.0261453006434,377.0027151002144,408.4526451878278,262.9027239739144,20.0,18.0,17.0,22.25,18.0,6.344288770224763,6.768912897813187
US,Furnishings,2013,25,6,2,Spring,1.0,0.2,266.352,3,0.12053668025532308,-0.992708874098054,2013-25,2013-06-17,75.298,384.1805812025736,474.16,444.5690000000001,359.68538176688116,421.1437291012813,262.76529924140976,15.0,24.0,13.0,17.0,17.166666666666668,11.224972160321826,7.952510562232793
US,Furnishings,2013,26,6,2,Summer,0.0,0.0,92.59200000000001,8,-3.216245299353273e-16,-1.0,2013-26,2013-06-24,266.352,391.134,160.8,369.93350000000004,354.00138176688114,458.56180955497524,268.14131494263427,3.0,30.0,10.0,11.5,17.0,7.505553499465139,8.135220844071664
US,Furnishings,2013,27,7,3,Summer,0.0,0.0,50.8,10,-0.12053668025532283,-0.992708874098054,2013-27,2013-07-01,92.59200000000001,1045.492,184.61999999999998,121.26050000000005,342.8497151002145,98.23553282969195,278.4120755534157,8.0,20.0,9.0,9.0,17.083333333333332,4.966554808583786,8.05050346628122
US,Furnishings,2013,28,7,3,Summer,0.0,0.0,441.218,17,-0.23931566428755743,-0.9709418174260521,2013-28,2013-07-08,50.8,75.298,235.584,212.74050000000005,359.98588176688116,178.63981315391817,277.53668542037354,10.0,15.0,20.0,9.5,16.833333333333332,5.802298395176408,7.9981058363650614
US,Furnishings,2013,29,7,3,Summer,0.0,0.0,314.85200000000003,22,-0.3546048870425356,-0.9350162426854148,2013-29,2013-07-15,441.218,266.352,141.74,224.86550000000005,374.41188176688115,185.02346835919707,269.5452766754585,17.0,3.0,10.0,14.25,17.833333333333332,6.448514040717706,7.814128618125373
US,Furnishings,2013,30,7,3,Summer,0.2,0.04,459.328,23,-0.46472317204376806,-0.8854560256532101,2013-30,2013-07-22,314.85200000000003,92.59200000000001,444.068,316.5495000000001,375.68354843354786,188.46185574363165,269.93948558446914,22.0,8.0,21.0,18.0,18.0,5.944184833375675,7.908568425793283
US,Furnishings,2013,31,7,3,Summer,0.25,0.05,619.672,15,-0.5680647467311556,-0.8229838658936566,2013-31,2013-07-29,459.328,50.8,388.672,458.7675000000001,394.93354843354774,125.04696233948833,279.0333149346128,23.0,10.0,26.0,19.25,17.083333333333332,3.8622100754188318,7.525210155124426
US,Furnishings,2013,32,8,3,Summer,0.0,0.0,109.8,9,-0.663122658240795,-0.7485107481711013,2013-32,2013-08-05,619.672,441.218,598.284,375.91300000000007,354.2265484335478,216.73415881827847,282.2829842840519,15.0,17.0,18.0,17.25,16.333333333333332,6.551081335677854,7.8663071309724355
US,Furnishings,2013,33,8,3,Summer,0.0,0.0,312.03,3,-0.7485107481711011,-0.6631226582407952,2013-33,2013-08-12,109.8,314.85200000000003,384.1805812025736,375.20750000000004,348.214,217.00360046398634,282.3553549464029,9.0,22.0,24.0,12.5,14.583333333333334,8.544003745317536,8.328028614627863
US,Furnishings,2013,34,8,3,Summer,0.25,0.05,135.832,13,-0.8229838658936564,-0.5680647467311559,2013-34,2013-08-19,312.03,459.328,391.134,294.3335000000001,326.9388333333333,234.75777858536108,288.38144027716726,3.0,23.0,30.0,10.0,13.166666666666666,5.2915026221291885,6.766674130463108
US,Furnishings,2013,35,8,3,Summer,0.0,0.0,233.57999999999998,7,-0.8854560256532096,-0.4647231720437691,2013-35,2013-08-26,135.832,619.672,1045.492,197.81050000000005,259.27950000000004,92.93857090035365,178.95306643439434,13.0,15.0,20.0,8.0,12.083333333333334,4.163331998932275,6.612087187091291
US,Furnishings,2013,36,9,3,Summer,0.15384615384615385,0.03076923076923077,814.746,43,-0.9350162426854147,-0.3546048870425359,2013-36,2013-09-02,233.57999999999998,109.8,75.298,374.047,320.9001666666667,302.51120155789283,229.90012879186304,7.0,9.0,15.0,16.5,14.416666666666666,18.138357147217057,11.131105747027787
US,Furnishings,2013,37,9,3,Summer,0.2857142857142857,0.05714285714285715,389.6125812025736,28,-0.970941817426052,-0.23931566428755774,2013-37,2013-09-09,814.746,312.03,266.352,393.44264530064345,331.17188176688114,299.6834418775144,229.99497173458687,43.0,3.0,3.0,22.75,16.5,16.13226580490168,11.139609916460673
US,Furnishings,2013,38,9,3,Summer,0.42857142857142855,0.08571428571428573,424.912,19,-0.992708874098054,-0.12053668025532357,2013-38,2013-09-16,389.6125812025736,135.832,92.59200000000001,465.71264530064343,358.86521510021447,247.0936125706481,218.36965292496248,28.0,13.0,8.0,24.25,17.416666666666668,15.173990905493522,10.824705188791162
US,Furnishings,2013,39,9,3,Autumn,0.4444444444444444,0.08888888888888889,942.606,42,-1.0,-1.8369701987210297e-16,2013-39,2013-09-23,424.912,233.57999999999998,50.8,642.9691453006435,433.1823817668812,277.50555531542835,253.00215424318168,19.0,7.0,10.0,33.0,20.083333333333332,11.575836902790229,12.623631038891325
US,Furnishings,2013,40,10,4,Autumn,0.3333333333333333,0.06666666666666667,91.498,13,-0.992708874098054,0.1205366802553232,2013-40,2013-09-30,942.606,814.746,441.218,462.15714530064344,404.0390484335478,353.4917342765703,271.46113561082257,42.0,43.0,17.0,25.5,19.75,12.609520212918495,12.76447484943341
US,Furnishings,2013,41,10,4,Autumn,0.5,0.1,568.112,18,-0.9709418174260521,0.23931566428755738,2013-41,2013-10-07,91.498,389.6125812025736,314.85200000000003,506.78200000000004,425.1440484335478,352.54665196349083,273.73231468746496,13.0,28.0,22.0,23.0,19.416666666666668,12.935738607954839,12.752599259711245
US,Furnishings,2013,42,10,4,Autumn,0.25,0.05,290.26,25,-0.9350162426854148,0.35460488704253557,2013-42,2013-10-14,568.112,424.912,459.328,473.119,411.0550484335478,369.0138727021881,276.1531765443455,18.0,19.0,23.0,24.5,19.583333333333332,12.66227994214839,12.81659672124981
US,Furnishings,2013,43,10,4,Autumn,0.14285714285714285,0.028571428571428574,316.044,28,-0.8854560256532101,0.464723172043768,2013-43,2013-10-21,290.26,942.606,619.672,316.47850000000005,385.7527151002145,195.46802145534363,269.12145214468205,25.0,42.0,15.0,21.0,20.666666666666668,6.7823299831252735,12.942764446406008
US,Furnishings,2013,44,10,4,Autumn,0.42857142857142855,0.08571428571428573,708.2585812025736,25,-0.822983865893657,0.5680647467311548,2013-44,2013-10-28,316.044,91.498,109.8,470.66864530064345,435.6242635337623,201.99030112896608,268.7858208906426,28.0,13.0,9.0,24.0,22.0,4.242640687119294,12.446248065545326
US,Furnishings,2013,45,11,4,Autumn,0.16666666666666666,0.03333333333333333,1254.1125812025737,48,-0.7485107481711011,0.6631226582407952,2013-45,2013-11-04,708.2585812025736,568.112,312.03,642.1687906012869,514.1311453006434,450.57009784804376,353.6037344253621,25.0,18.0,3.0,31.5,25.75,11.090536506409421,12.969369508751967
US,Furnishings,2013,46,11,4,Autumn,0.16666666666666666,0.03333333333333333,857.276,45,-0.6631226582407955,0.7485107481711007,2013-46,2013-11-11,1254.1125812025737,290.26,135.832,783.9227906012869,574.2514786339767,387.76916148366274,344.65480823114154,48.0,25.0,13.0,36.5,28.416666666666668,11.676186592091334,13.392388159176853
US,Furnishings,2013,47,11,4,Autumn,0.42857142857142855,0.08571428571428573,244.004,21,-0.5680647467311559,0.8229838658936564,2013-47,2013-11-18,857.276,316.044,233.57999999999998,765.9127906012868,575.1201453006435,417.2924894056374,343.73001971862107,45.0,28.0,7.0,34.75,29.583333333333332,13.720422734012246,11.88167675137824
US,Furnishings,2013,48,11,4,Autumn,0.0,0.0,820.1865812025736,22,-0.4647231720437684,0.88545602565321,2013-48,2013-11-25,244.004,708.2585812025736,814.746,793.8947906012868,575.5735270675245,415.8880988647082,344.0782326631229,21.0,25.0,43.0,34.0,27.833333333333332,14.491376746189442,11.255974844364635
US,Furnishings,2013,49,12,4,Autumn,0.0,0.0,695.01,34,-0.35460488704253595,0.9350162426854147,2013-49,2013-12-02,820.1865812025736,1254.1125812025737,389.6125812025736,654.1191453006435,601.0233119673101,282.08603609619354,340.34734011816084,22.0,48.0,28.0,30.5,28.333333333333332,11.328430311977622,11.396437508221052
US,Furnishings,2013,50,12,4,Autumn,0.0,0.0,1180.01,30,-0.2393156642875578,0.970941817426052,2013-50,2013-12-09,695.01,857.276,424.912,734.8026453006435,663.9481453006434,386.4223811830234,373.05805130720984,34.0,45.0,19.0,26.75,29.25,6.291528696058963,11.013421563957964
US,Furnishings,2013,51,12,4,Autumn,0.16666666666666666,0.03333333333333333,580.2,26,-0.12053668025532363,0.992708874098054,2013-51,2013-12-16,1180.01,244.004,942.606,818.8516453006434,633.7476453006435,259.95416271494435,362.98185724121635,30.0,21.0,42.0,28.0,27.916666666666668,5.163977794943228,10.273163037150658
US,Furnishings,2013,52,12,4,Winter,0.18181818181818182,0.03636363636363637,1839.9631624051472,51,6.432490598706546e-16,1.0,2013-52,2013-12-23,580.2,820.1865812025736,91.498,1073.7957906012869,779.4530755010724,573.1228430147066,462.7461942032408,26.0,22.0,13.0,35.25,31.083333333333332,10.996211468804459,11.081994678784401
US,Furnishings,2014,1,12,4,Winter,0.125,0.025,852.654,37,0.12053668025532305,0.992708874098054,2014-1,2013-12-30,1839.9631624051472,695.01,568.112,1113.206790601287,803.1649088344058,543.0228627049024,458.20011065220604,51.0,34.0,18.0,36.0,32.666666666666664,10.984838035522724,10.377715051829542
US,Furnishings,2014,3,1,1,Winter,0.0,0.0,84.56,8,0.3546048870425356,0.9350162426854148,2014-3,2014-01-13,852.654,1180.01,290.26,839.3442906012868,786.0232421677391,738.979107432238,482.34430215918786,37.0,30.0,25.0,30.5,31.25,18.15672510852843,12.469052599426808
US,Furnishings,2014,4,1,1,Winter,1.0,0.2,31.968,2,0.4647231720437685,0.8854560256532099,2014-4,2014-01-20,84.56,580.2,316.044,702.2862906012867,762.350242167739,846.1346412720792,513.473923663285,8.0,26.0,28.0,24.5,29.083333333333332,23.359509127262644,15.072300502054826
US,Furnishings,2014,5,1,1,Winter,0.0,0.0,149.95,17,0.5680647467311558,0.8229838658936564,2014-5,2014-01-27,31.968,1839.9631624051472,708.2585812025736,279.783,715.8245270675246,384.95111572077155,543.2513745904006,2.0,51.0,25.0,16.0,28.416666666666668,15.297058540778357,15.441728196577268
US,Furnishings,2014,6,2,1,Winter,0.0,0.0,319.04,5,0.6631226582407952,0.7485107481711011,2014-6,2014-02-03,149.95,852.654,1254.1125812025737,146.3795,637.90181196731,124.8145806693547,525.8035541643587,17.0,37.0,48.0,8.0,24.833333333333332,6.480740698407867,15.473339730783465
US,Furnishings,2014,7,2,1,Winter,0.25,0.05,280.202,9,0.7485107481711011,0.6631226582407953,2014-7,2014-02-10,319.04,84.56,857.276,195.29000000000002,589.81231196731,130.70820113010072,530.2860355312572,5.0,8.0,45.0,8.25,21.833333333333332,6.500000000000006,14.677337715820334
US,Furnishings,2014,8,2,1,Winter,0.4,0.08,173.44,9,0.8229838658936564,0.5680647467311559,2014-8,2014-02-17,280.202,31.968,244.004,230.65800000000002,583.9319786339767,81.75913129023286,534.8409829931633,9.0,2.0,21.0,10.0,20.833333333333332,5.033222956847173,15.140753754104315
US,Furnishings,2014,9,2,1,Winter,0.0,0.0,91.96,2,0.8854560256532099,0.4647231720437686,2014-9,2014-02-24,173.44,149.95,820.1865812025736,216.1605,523.2464302004289,103.17672632107269,546.7782506349887,9.0,17.0,22.0,6.25,19.166666666666668,3.4034296427770325,16.072751268321582
US,Furnishings,2014,10,3,1,Winter,0.0,0.0,175.47,8,0.9350162426854148,0.35460488704253557,2014-10,2014-03-03,91.96,319.04,695.01,180.26800000000003,479.9514302004289,77.14650479877142,552.4806246075887,2.0,5.0,34.0,7.0,17.0,3.3665016461207027,15.637949179654417
US,Furnishings,2014,11,3,1,Winter,0.6666666666666666,0.13333333333333333,77.288,4,0.970941817426052,0.23931566428755804,2014-11,2014-03-10,175.47,280.202,1180.01,129.5395,388.0579302004289,52.21526853006559,515.9550807614113,8.0,9.0,30.0,5.75,14.833333333333334,3.304037933599845,15.473339730783463
US,Furnishings,2014,12,3,1,Spring,0.2,0.04,189.768,14,0.992708874098054,0.120536680255323,2014-12,2014-03-17,77.288,173.44,580.2,133.62150000000003,355.5219302004289,57.1922786717478,515.0466285050569,4.0,9.0,26.0,7.0,13.833333333333334,5.291502622129188,15.068530321853082
US,Furnishings,2014,13,3,1,Spring,0.2,0.04,335.728,21,1.0,-1.6081226496766366e-16,2014-13,2014-03-24,189.768,91.96,1839.9631624051472,194.56350000000003,230.16899999999998,106.56534383966893,218.72961045006326,14.0,2.0,51.0,11.75,11.333333333333334,7.410578025138575,9.966610925150684
US,Furnishings,2014,14,4,2,Spring,0.16666666666666666,0.03333333333333333,363.512,22,0.992708874098054,-0.12053668025532288,2014-14,2014-03-31,335.728,175.47,852.654,241.574,189.40716666666665,133.4261381089435,111.44649066935762,21.0,8.0,37.0,15.25,10.083333333333334,8.301606270274853,6.934214687571549
US,Furnishings,2014,15,4,2,Spring,0.5,0.10000000000000002,944.204,22,0.9709418174260521,-0.2393156642875575,2014-15,2014-04-07,363.512,77.288,84.56,458.303,261.0441666666666,332.7765979011548,240.03153905110565,22.0,4.0,8.0,19.75,11.25,3.862210075418832,7.68853928673295
US,Furnishings,2014,16,4,2,Spring,0.3333333333333333,0.06666666666666667,331.212,13,0.9350162426854148,-0.35460488704253545,2014-16,2014-04-14,944.204,189.768,31.968,493.664,285.9811666666667,300.6993332793853,229.37700689311134,22.0,14.0,2.0,19.5,12.166666666666666,4.358898943540682,7.120180453961075
US,Furnishings,2014,17,4,2,Spring,0.4166666666666667,0.08333333333333333,770.672,36,0.8854560256532099,-0.4647231720437685,2014-17,2014-04-21,331.212,335.728,149.95,602.4,337.708,303.1808306869024,263.3809315897621,13.0,21.0,17.0,23.25,13.75,9.500000000000004,9.873057921802767
US,Furnishings,2014,18,5,2,Spring,0.5,0.10000000000000002,611.302,28,0.8229838658936565,-0.5680647467311557,2014-18,2014-04-28,770.672,363.512,319.04,664.3475,362.06316666666663,260.39562613006166,274.76465289203196,36.0,22.0,5.0,24.75,15.666666666666666,9.708243919473803,10.245472022786291
US,Furnishings,2014,20,5,2,Spring,0.0,0.0,109.086,10,0.6631226582407952,-0.7485107481711012,2014-20,2014-05-12,611.302,944.204,280.202,455.568,347.8035,293.8581293935339,283.69444164020115,28.0,22.0,9.0,21.75,15.75,12.33896267925307,10.190235968362495
US,Furnishings,2014,21,5,2,Spring,0.0,0.0,566.0899999999999,12,0.5680647467311558,-0.8229838658936564,2014-21,2014-05-19,109.086,331.212,173.44,514.2875,380.52433333333335,284.02850775875805,284.39831688778696,10.0,13.0,9.0,21.5,16.0,12.583057392117919,10.045351706589996
US,Furnishings,2014,22,5,2,Spring,0.1111111111111111,0.022222222222222223,899.306,33,0.46472317204376906,-0.8854560256532096,2014-22,2014-05-26,566.0899999999999,770.672,91.96,546.446,447.80316666666664,326.79562250842173,304.69868504589414,12.0,36.0,2.0,20.75,18.583333333333332,11.470977871713178,10.103629710818433
US,Furnishings,2014,23,6,2,Spring,0.5,0.1,102.438,16,0.35460488704253584,-0.9350162426854147,2014-23,2014-06-02,899.306,611.302,175.47,419.22999999999996,441.7171666666666,386.689926330301,311.29078006433247,33.0,28.0,8.0,17.75,19.25,10.46820583162814,9.592847714455125
US,Furnishings,2014,24,6,2,Spring,0.3333333333333333,0.06666666666666667,49.92,8,0.23931566428755768,-0.970941817426052,2014-24,2014-06-09,102.438,109.086,77.288,404.43850000000003,439.4365,403.2834895583175,314.28930394101434,16.0,10.0,4.0,17.25,19.583333333333332,10.996211468804459,9.07001386521273
US,Furnishings,2014,25,6,2,Spring,0.6,0.12000000000000002,293.442,19,0.12053668025532308,-0.992708874098054,2014-25,2014-06-16,49.92,566.0899999999999,189.768,336.27650000000006,448.076,389.66545541656666,308.1675717268123,8.0,12.0,14.0,19.0,20.0,10.424330514074596,8.903523306687466
US,Furnishings,2014,26,6,2,Summer,0.0,0.0,929.44,11,-3.216245299353273e-16,-1.0,2014-26,2014-06-23,293.442,899.306,335.728,343.81000000000006,497.55199999999996,404.19929358671607,334.9836505350943,19.0,33.0,21.0,13.5,19.166666666666668,4.9328828623162515,9.262174625209699
US,Furnishings,2014,27,7,3,Summer,0.1111111111111111,0.022222222222222223,1214.692,30,-0.12053668025532283,-0.992708874098054,2014-27,2014-06-30,929.44,102.438,363.512,621.8735,568.4836666666666,541.9191151881741,389.67375041071415,11.0,16.0,22.0,17.0,19.833333333333332,9.831920802501754,9.759222522436092
US,Furnishings,2014,28,7,3,Summer,0.0,0.0,1029.39,24,-0.23931566428755743,-0.9709418174260521,2014-28,2014-07-07,1214.692,49.92,944.204,866.741,575.5825,400.0531229741038,397.8311779181306,30.0,8.0,22.0,21.0,20.0,8.041558721209883,9.81649817214041
US,Furnishings,2014,29,7,3,Summer,0.5,0.10000000000000002,830.442,26,-0.3546048870425356,-0.9350162426854148,2014-29,2014-07-14,1029.39,293.442,331.212,1000.991,617.1850000000001,163.99301570900334,396.0524890323596,24.0,19.0,13.0,22.75,21.083333333333332,8.220908303425686,9.690279415554269
US,Furnishings,2014,30,7,3,Summer,0.25,0.05,221.60799999999998,14,-0.46472317204376806,-0.8854560256532101,2014-30,2014-07-21,830.442,929.44,770.672,824.0330000000001,571.4296666666667,431.1778085028652,408.2371873149088,26.0,11.0,36.0,23.5,19.25,6.80685928555405,8.635287014233024
US,Furnishings,2014,31,7,3,Summer,0.25,0.05,166.762,14,-0.5680647467311556,-0.8229838658936566,2014-31,2014-07-28,221.60799999999998,1214.692,611.302,562.0505000000002,534.3846666666667,433.04899629295255,424.1496032549522,14.0,30.0,28.0,19.5,18.083333333333332,6.403124237432853,8.284249385356983
US,Furnishings,2014,32,8,3,Summer,0.0,0.0,191.10999999999999,9,-0.663122658240795,-0.7485107481711013,2014-32,2014-08-04,166.762,1029.39,109.086,352.48050000000006,541.22,319.43001646213577,417.27793494155776,14.0,24.0,10.0,15.75,18.0,7.228416147400484,8.377458933460542
US,Furnishings,2014,33,8,3,Summer,0.3333333333333333,0.06666666666666667,208.204,7,-0.7485107481711011,-0.6631226582407952,2014-33,2014-08-11,191.10999999999999,830.442,566.0899999999999,196.92100000000005,511.39616666666666,23.664932283875373,427.99078492837447,9.0,26.0,12.0,11.0,17.583333333333332,3.559026084010446,8.815877549608809
US,Furnishings,2014,34,8,3,Summer,0.2,0.04,493.7,27,-0.8229838658936564,-0.5680647467311559,2014-34,2014-08-18,208.204,221.60799999999998,899.306,264.9440000000001,477.59566666666666,153.4491227475751,410.2179755086608,7.0,14.0,33.0,14.25,17.083333333333332,8.995369179009094,7.993842327161251
US,Furnishings,2014,35,8,3,Summer,0.25,0.05,532.016,18,-0.8854560256532096,-0.4647231720437691,2014-35,2014-08-25,493.7,166.762,102.438,356.25750000000005,513.3938333333334,181.63610759519614,392.8806035050791,27.0,14.0,16.0,15.25,17.25,9.178779875342913,7.990050631310715
US,Furnishings,2014,36,9,3,Summer,0.2,0.04,761.412,20,-0.9350162426854147,-0.3546048870425359,2014-36,2014-09-01,532.016,191.10999999999999,49.92,498.8330000000001,572.6848333333334,226.96578748055163,369.5730705650492,18.0,9.0,8.0,18.0,18.25,8.286535263104039,7.46050205476083
US,Furnishings,2014,37,9,3,Summer,0.3333333333333333,0.06666666666666667,502.8,34,-0.970941817426052,-0.23931566428755774,2014-37,2014-09-08,761.412,208.204,293.442,572.482,590.1313333333334,127.00948350943547,360.01029846010425,20.0,7.0,19.0,24.75,19.5,7.274384280931735,8.743828992755125
US,Furnishings,2014,38,9,3,Summer,0.375,0.07500000000000001,1202.664,42,-0.992708874098054,-0.12053668025532357,2014-38,2014-09-15,502.8,493.7,929.44,749.7230000000001,612.9,323.346814828908,390.74829322584264,34.0,27.0,11.0,28.5,22.083333333333332,11.474609652039005,10.4225135106071
US,Furnishings,2014,39,9,3,Autumn,0.3333333333333333,0.06666666666666667,400.61400000000003,28,-1.0,-1.8369701987210297e-16,2014-39,2014-09-22,1202.664,532.016,1214.692,716.8725000000001,545.0601666666668,357.68870199798056,344.7280000152514,42.0,18.0,30.0,31.0,21.916666666666668,9.309493362512631,10.299676370320235
US,Furnishings,2014,40,10,4,Autumn,0.4166666666666667,0.08333333333333333,445.498,34,-0.992708874098054,0.1205366802553232,2014-40,2014-09-29,400.61400000000003,761.412,1029.39,637.8940000000001,496.4025,378.82870401277694,309.5653476627277,28.0,20.0,24.0,34.5,22.75,5.744562646538034,10.872191382354575
US,Furnishings,2014,41,10,4,Autumn,0.3333333333333333,0.06666666666666667,160.74800000000002,11,-0.9709418174260521,0.23931566428755738,2014-41,2014-10-06,445.498,502.8,830.442,552.3810000000001,440.5946666666667,451.1842139510943,304.18970365138125,34.0,34.0,26.0,28.75,21.5,13.14977819838292,11.317725438042254
US,Furnishings,2014,42,10,4,Autumn,0.0,0.0,630.4359999999999,21,-0.9350162426854148,0.35460488704253557,2014-42,2014-10-13,160.74800000000002,1202.664,221.60799999999998,409.32400000000007,474.66366666666664,193.27438759097606,300.30308090549676,11.0,42.0,14.0,23.5,22.083333333333332,9.882644720249065,11.073788325536457
US,Furnishings,2014,43,10,4,Autumn,0.2857142857142857,0.05714285714285715,491.512,30,-0.8854560256532101,0.464723172043768,2014-43,2014-10-20,630.4359999999999,400.61400000000003,166.762,432.04850000000005,501.72616666666664,197.21254045572294,284.2363337307477,21.0,28.0,14.0,24.0,23.416666666666668,10.230672835481874,10.974833470124699
US,Furnishings,2014,44,10,4,Autumn,0.5,0.1,110.952,9,-0.822983865893657,0.5680647467311548,2014-44,2014-10-27,491.512,445.498,191.10999999999999,348.41200000000003,495.0463333333333,252.73185729279726,293.0063343712845,30.0,34.0,9.0,17.75,23.416666666666668,9.708243919473803,10.974833470124699
US,Furnishings,2014,45,11,4,Autumn,0.3333333333333333,0.06666666666666668,528.856,31,-0.7485107481711011,0.6631226582407952,2014-45,2014-11-03,110.952,160.74800000000002,208.204,440.439,521.7673333333333,227.36648858615942,278.7433259004789,9.0,11.0,7.0,22.75,25.416666666666668,10.210288928331073,9.83923808333784
US,Furnishings,2014,46,11,4,Autumn,0.4,0.08,1460.016,45,-0.6631226582407955,0.7485107481711007,2014-46,2014-11-10,528.856,630.4359999999999,493.7,647.8340000000001,602.2936666666667,573.4324183418073,388.0469934117243,31.0,21.0,27.0,28.75,26.916666666666668,14.840822079655833,11.357483182572793
US,Furnishings,2014,47,11,4,Autumn,0.125,0.025,1014.9385812025736,46,-0.5680647467311559,0.8229838658936564,2014-47,2014-11-17,1460.016,491.512,532.016,778.6906453006435,642.5372151002144,585.4655055579175,404.77687645379757,45.0,30.0,18.0,32.75,29.25,17.250603854165032,12.20376246007016
US,Furnishings,2014,48,11,4,Autumn,0.3076923076923077,0.06153846153846154,1545.6411624051473,54,-0.4647231720437684,0.88545602565321,2014-48,2014-11-24,1014.9385812025736,110.952,761.412,1137.3629359019303,707.8896453006433,467.6410744979512,481.7111318833933,46.0,9.0,20.0,44.0,32.083333333333336,9.55684745788764,13.714347718113785
US,Furnishings,2014,49,12,4,Autumn,0.4444444444444444,0.08888888888888889,1417.7585812025736,70,-0.35460488704253595,0.9350162426854147,2014-49,2014-12-01,1545.6411624051473,528.856,502.8,1359.5885812025738,784.1361937341912,235.84500617881355,517.3877981269177,54.0,31.0,34.0,53.75,35.083333333333336,11.557825631723876,17.567833898315047
US,Furnishings,2014,50,12,4,Autumn,0.3,0.06000000000000001,1041.892,34,-0.2393156642875578,0.970941817426052,2014-50,2014-12-08,1417.7585812025736,1460.016,1202.664,1255.0575812025736,770.7385270675245,267.08745898172475,507.5529557268389,70.0,45.0,42.0,51.0,34.416666666666664,15.099668870541501,17.43277129866375
US,Furnishings,2014,51,12,4,Autumn,0.1,0.02,649.322,32,-0.12053668025532363,0.992708874098054,2014-51,2014-12-15,1041.892,1014.9385812025736,400.61400000000003,1163.6534359019304,791.4641937341912,404.08197241698315,496.01184002917455,34.0,46.0,28.0,47.5,34.75,17.99073835801818,17.33690231322139
US,Furnishings,2014,52,12,4,Winter,0.375,0.07500000000000001,407.468,21,6.432490598706546e-16,1.0,2014-52,2014-12-22,649.322,1545.6411624051473,445.498,879.1101453006436,788.2950270675245,444.18050935157004,498.53833135454283,32.0,54.0,34.0,39.25,33.666666666666664,21.2818388929779,17.788317582735075
US,Tables,2011,24,6,2,Spring,1.0,0.3,99.918,2,0.23931566428755768,-0.970941817426052,2011-24,2011-06-13,1008.4067436077207,246.4905812025736,333.0,636.6949359019302,582.2982614030026,402.573296965855,312.8629185840839,22.0,3.0,3.0,10.75,8.75,8.301606270274847,6.032111043106188
US,Tables,2011,25,6,2,Summer,1.0,0.2,447.84,5,0.12053668025532308,-0.992708874098054,2011-25,2011-06-20,99.918,567.12,246.4905812025736,606.8749359019303,599.0773796361213,413.7085785101391,298.27519696174033,2.0,10.0,6.0,9.5,8.666666666666666,8.812869377601524,6.0802711263312075
US,Tables,2011,26,6,2,Summer,0.0,0.0,85.98,1,-3.216245299353273e-16,-1.0,2011-26,2011-06-27,447.84,871.335,622.9995812025736,410.5361859019302,554.3257478692402,432.30435017392966,332.66324373569535,5.0,9.0,6.0,7.5,8.25,9.814954576223638,6.440285143320343
US,Tables,2011,27,7,3,Summer,1.0,0.2,502.488,3,-0.12053668025532283,-0.992708874098054,2011-27,2011-07-04,85.98,1008.4067436077207,739.4717436077208,284.0565,534.5771025685968,221.86981325317802,327.6696195771165,1.0,22.0,14.0,2.75,7.333333333333333,1.707825127659935,6.329344836600868
US,Tables,2011,28,7,3,Summer,1.0,0.2,597.7065812025736,6,-0.23931566428755743,-0.9709418174260521,2011-28,2011-07-11,502.488,99.918,823.5691624051472,408.50364530064337,515.7552208017157,223.75556638231618,315.83352017925273,3.0,2.0,8.0,3.75,7.166666666666667,2.2173557826083465,6.3365223231292385
US,Tables,2011,29,7,3,Summer,1.0,0.2333333333333333,513.76,5,-0.3546048870425356,-0.9350162426854148,2011-29,2011-07-18,597.7065812025736,447.84,919.4471624051472,424.9836453006434,481.9479572679534,229.9600329512185,289.290756779059,6.0,5.0,16.0,3.75,6.25,2.2173557826083465,5.706853933489258
US,Tables,2011,31,8,3,Summer,1.0,0.4,707.98,4,-0.5680647467311556,-0.8229838658936566,2011-31,2011-08-01,513.76,85.98,648.0805812025735,580.4836453006434,486.93957550107234,95.02160370283495,292.9120255936312,5.0,1.0,7.0,4.5,6.0,1.2909944487358078,5.736644568830364
US,Tables,2011,33,8,3,Summer,1.0,0.4,246.4905812025736,6,-0.7485107481711011,-0.6631226582407952,2011-33,2011-08-15,707.98,502.488,194.25,516.4842906012868,491.29295726795345,196.7838849116744,288.52179847842405,4.0,3.0,2.0,5.25,6.333333333333333,0.9574271077563412,5.597618541248889
US,Tables,2011,34,8,3,Summer,0.0,0.0,246.4905812025736,3,-0.8229838658936564,-0.5680647467311559,2011-34,2011-08-22,246.4905812025736,597.7065812025736,246.4905812025736,428.6802906012868,491.29295726795345,224.8207174937031,288.52179847842405,6.0,6.0,3.0,4.5,6.333333333333333,1.2909944487358078,5.597618541248889
US,Tables,2011,35,8,3,Summer,1.0,0.45,174.0585,3,-0.8854560256532096,-0.4647231720437691,2011-35,2011-08-29,246.4905812025736,513.76,567.12,343.7549156012868,458.53783226795343,245.205687172507,301.1653565844285,3.0,5.0,10.0,4.0,5.75,1.4142135623730971,5.545268253204709
US,Tables,2011,36,9,3,Summer,0.5,0.15,630.6949999999999,6,-0.9350162426854147,-0.3546048870425359,2011-36,2011-09-05,174.0585,707.98,871.335,324.43366560128675,438.48449893462015,207.0096166755424,278.3257160975694,3.0,4.0,9.0,4.5,5.5,1.732050807568879,5.4522722535904915
US,Tables,2011,37,9,3,Summer,1.0,0.4,464.292,9,-0.970941817426052,-0.23931566428755774,2011-37,2011-09-12,630.6949999999999,246.4905812025736,1008.4067436077207,378.8840203006434,393.14160363397673,208.31451299746996,213.9031579818191,6.0,6.0,22.0,5.25,4.416666666666667,2.872281323269015,2.1933093855190755
US,Tables,2011,38,9,3,Summer,1.0,0.5,320.4055812025736,7,-0.992708874098054,-0.12053668025532357,2011-38,2011-09-19,464.292,246.4905812025736,99.918,397.3627703006434,411.51556873419116,195.54254208313301,195.06627942353455,9.0,3.0,2.0,6.25,4.833333333333333,2.5000000000000013,2.167249338901664
US,Tables,2011,39,9,3,Autumn,0.6666666666666666,0.26666666666666666,722.9385812025736,12,-1.0,-1.8369701987210297e-16,2011-39,2011-09-26,320.4055812025736,174.0585,447.84,534.5827906012868,434.44045050107235,178.44526043739756,214.88212688256812,7.0,3.0,5.0,8.5,5.416666666666667,2.645751311064592,2.9987371079213068
US,Tables,2011,40,10,4,Autumn,1.0,0.2,143.432,1,-0.992708874098054,0.1205366802553232,2011-40,2011-10-03,722.9385812025736,630.6949999999999,85.98,412.7670406012868,439.22811716773896,244.9035247588812,206.90441022225886,12.0,6.0,1.0,7.25,5.416666666666667,4.645786621588786,2.9987371079213068
US,Tables,2011,41,10,4,Autumn,0.0,0.0,246.4905812025736,5,-0.9709418174260521,0.23931566428755738,2011-41,2011-10-10,143.432,464.292,502.488,358.31668590193016,417.8949989346201,253.68411086727642,212.89957223899592,1.0,9.0,3.0,6.25,5.583333333333333,4.573474244670749,2.9063670960444243
US,Tables,2011,42,10,4,Autumn,0.6666666666666666,0.26666666666666666,984.6705812025735,10,-0.9350162426854148,0.35460488704253557,2011-42,2011-10-17,246.4905812025736,320.4055812025736,597.7065812025736,524.3829359019302,450.1419989346202,397.33983652203614,265.4348805407483,5.0,7.0,6.0,7.0,5.916666666666667,4.966554808583781,3.1754264805429417
US,Tables,2011,44,10,4,Autumn,1.0,0.325,1452.3951624051472,19,-0.822983865893657,0.5680647467311548,2011-44,2011-10-31,984.6705812025735,722.9385812025736,513.76,706.7470812025736,528.3615958017157,622.4661863255014,393.3604550424235,10.0,12.0,5.0,8.75,7.083333333333333,7.762087348130012,4.907477288111819
US,Tables,2011,45,11,4,Autumn,1.0,0.2,246.4905812025736,3,-0.7485107481711011,0.6631226582407952,2011-45,2011-11-07,1452.3951624051472,143.432,707.98,732.511726503217,489.90414423526346,592.8038901829051,396.7478835683467,19.0,1.0,4.0,9.25,7.0,7.135591542869216,4.972652484064488
US,Tables,2011,46,11,4,Autumn,0.6666666666666666,0.3333333333333333,684.5705812025736,10,-0.6631226582407955,0.7485107481711007,2011-46,2011-11-14,246.4905812025736,246.4905812025736,246.4905812025736,842.031726503217,526.4108109019302,507.39617485791956,392.44568040518004,3.0,5.0,6.0,10.5,7.333333333333333,6.557438524302001,5.033222956847166
US,Tables,2011,47,11,4,Autumn,1.0,0.3,246.4905812025736,5,-0.5680647467311559,0.8229838658936564,2011-47,2011-11-21,684.5705812025736,984.6705812025735,246.4905812025736,657.486726503217,526.4108109019302,568.7555478285915,392.44568040518004,10.0,10.0,3.0,9.25,7.5,7.135591542869216,4.908249086070214
US,Tables,2011,49,12,4,Autumn,1.0,0.5,490.44,6,-0.35460488704253595,0.9350162426854147,2011-49,2011-12-05,246.4905812025736,1452.3951624051472,174.0585,416.9979359019302,552.7759359019302,212.23758173747458,376.9434540664924,5.0,19.0,3.0,6.0,7.75,2.9439202887759506,4.7314230033219005
US,Tables,2011,50,12,4,Autumn,1.0,0.26666666666666666,629.5111624051472,19,-0.2393156642875578,0.970941817426052,2011-50,2011-12-12,490.44,246.4905812025736,630.6949999999999,512.7530812025736,552.6772827690257,195.40325426440532,376.9213615653017,6.0,3.0,6.0,10.0,8.833333333333334,6.377042156569664,5.686240703077326
US,Tables,2011,51,12,4,Autumn,0.3333333333333333,0.13333333333333333,754.9065812025736,11,-0.12053668025532363,0.992708874098054,2011-51,2011-12-19,629.5111624051472,684.5705812025736,464.292,530.3370812025736,576.8951645359069,217.88955257450922,380.04945876869033,19.0,10.0,9.0,10.25,9.0,6.396613687465163,5.720775535473553
US,Tables,2011,52,12,4,Winter,1.0,0.4,523.764,3,6.432490598706546e-16,1.0,2011-52,2011-12-26,754.9065812025736,246.4905812025736,320.4055812025736,599.6554359019302,593.8416994356925,119.27811199699303,372.0219074633347,11.0,5.0,7.0,9.75,8.666666666666666,6.994045086119097,5.959458995173263
US,Tables,2012,2,1,1,Winter,1.0,0.4,246.4905812025736,4,0.23931566428755774,0.970941817426052,2012-2,2012-01-09,523.764,490.44,722.9385812025736,538.6680812025736,554.1376994356924,216.48816551747913,382.27467504913074,3.0,6.0,12.0,9.25,8.0,7.4105780251385704,5.999999999999999
US,Tables,2012,3,1,1,Winter,1.0,0.3,102.438,1,0.3546048870425356,0.9350162426854148,2012-3,2012-01-16,246.4905812025736,629.5111624051472,143.432,406.89979060128684,550.7215327690258,290.5133767081168,386.43905830357636,4.0,19.0,1.0,4.75,8.0,4.349329450233297,5.999999999999999
US,Tables,2012,4,1,1,Winter,1.0,0.4,246.4905812025736,13,0.4647231720437685,0.8854560256532099,2012-4,2012-01-23,102.438,754.9065812025736,246.4905812025736,279.7957906012868,550.7215327690258,176.2524203430686,386.43905830357636,1.0,11.0,5.0,5.25,8.666666666666666,5.315072906367326,6.080271126331207
US,Tables,2012,7,2,1,Winter,1.0,0.2,35.544,1,0.7485107481711011,0.6631226582407953,2012-7,2012-02-13,246.4905812025736,523.764,984.6705812025735,157.7407906012868,471.62765100214466,106.05581069275107,386.67729223666396,13.0,3.0,10.0,4.75,7.916666666666667,5.6789083458002745,6.444988656923981
US,Tables,2012,9,2,1,Winter,0.5,0.15,740.4105812025737,10,0.8854560256532099,0.4647231720437686,2012-9,2012-02-27,35.544,246.4905812025736,1452.3951624051472,281.2207906012868,412.29560256859685,318.52881758310076,254.5599518837989,1.0,4.0,19.0,6.25,7.166666666666667,6.184658438426491,5.491039532867629
US,Tables,2012,11,3,1,Winter,0.0,0.0,171.96,2,0.970941817426052,0.23931566428755804,2012-11,2012-03-12,740.4105812025737,102.438,246.4905812025736,298.6012906012868,406.0847208017157,307.21769150408613,259.8278199566816,10.0,1.0,3.0,6.5,7.083333333333333,5.916079783099617,5.567083998146987
US,Tables,2012,13,3,1,Spring,0.0,0.0,246.4905812025736,8,1.0,-1.6081226496766366e-16,2012-13,2012-03-26,171.96,246.4905812025736,684.5705812025736,298.6012906012868,369.57805413504906,307.21769150408613,247.63215584185093,2.0,13.0,10.0,5.25,6.916666666666667,4.425306015783919,5.501377238033355
US,Tables,2012,15,4,2,Spring,1.0,0.24,1315.8331624051473,14,0.9709418174260521,-0.2393156642875575,2012-15,2012-04-09,246.4905812025736,35.544,246.4905812025736,618.6735812025736,458.68993590193026,528.8114307738869,364.25460687741815,8.0,1.0,5.0,8.5,7.666666666666667,5.000000000000001,5.820548760966432
US,Tables,2012,17,4,2,Spring,1.0,0.45,191.5155,1,0.8854560256532099,-0.4647231720437685,2012-17,2012-04-23,1315.8331624051473,740.4105812025737,490.44,481.44981090193016,433.77956090193015,557.1496700698852,372.0243633496997,14.0,10.0,6.0,6.25,7.25,6.020797289396148,6.121868401662414
US,Tables,2012,19,5,2,Spring,1.0,0.3,244.006,2,0.7485107481711013,-0.663122658240795,2012-19,2012-05-07,191.5155,171.96,629.5111624051472,499.46131090193023,401.6541307015013,544.8379662283289,370.22622342008384,1.0,2.0,19.0,6.25,5.833333333333333,6.020797289396148,5.024183937956914
US,Tables,2012,25,6,2,Summer,1.0,0.5,246.4905812025736,7,0.12053668025532308,-0.992708874098054,2012-25,2012-06-18,244.006,246.4905812025736,754.9065812025736,499.46131090193023,359.28613070150124,544.8379662283289,354.8994589774008,2.0,8.0,11.0,6.0,5.5,5.94418483337567,4.776838056516237
US,Tables,2012,28,7,3,Summer,1.0,0.3,199.836,4,-0.23931566428755743,-0.9709418174260521,2012-28,2012-07-09,246.4905812025736,1315.8331624051473,523.764,220.46202030064342,332.29213070150126,28.83943315247608,353.56845139837833,7.0,14.0,3.0,3.5,5.583333333333333,2.6457513110645925,4.737823307909414
US,Tables,2012,30,7,3,Summer,0.5,0.25,751.745,5,-0.46472317204376806,-0.8854560256532101,2012-30,2012-07-23,199.836,191.5155,246.4905812025736,360.5193953006434,374.39666560128677,261.6961144959403,372.0242476730296,4.0,1.0,4.0,4.5,5.666666666666667,2.0816659994661353,4.7161874689651855
US,Tables,2012,31,8,3,Summer,1.0,0.3666666666666667,770.4811624051472,17,-0.5680647467311556,-0.8229838658936566,2012-31,2012-07-30,751.745,244.006,102.438,492.13818590193017,430.06692913504907,311.26292426842747,377.5704297133586,5.0,2.0,1.0,8.25,7.0,5.965176722724428,5.477225575051661
US,Tables,2012,32,8,3,Summer,0.5,0.2,629.2965812025736,14,-0.663122658240795,-0.7485107481711013,2012-32,2012-08-06,770.4811624051472,246.4905812025736,246.4905812025736,587.8396859019301,461.9674291350491,266.1380565109735,376.82093640842606,17.0,7.0,13.0,10.0,7.083333333333333,6.480740698407862,5.5833898685514
US,Tables,2012,34,8,3,Summer,1.0,0.35,530.8545812025736,7,-0.8229838658936564,-0.5680647467311559,2012-34,2012-08-20,629.2965812025736,199.836,35.544,670.5943312025736,503.2433109019302,112.2430576607241,352.1877491403531,14.0,4.0,1.0,10.75,7.583333333333333,5.678908345800275,5.247654598759219
US,Tables,2012,35,8,3,Summer,1.0,0.3,103.481,1,-0.8854560256532096,-0.4647231720437691,2012-35,2012-08-27,530.8545812025736,751.745,740.4105812025737,508.5283312025736,450.16584580171576,287.38247333272125,361.0783471502412,7.0,5.0,10.0,9.75,6.833333333333333,7.182153808805082,5.507570547286101
US,Tables,2012,36,9,3,Summer,0.6666666666666666,0.26666666666666666,594.5699999999999,6,-0.9350162426854147,-0.3546048870425359,2012-36,2012-09-03,103.481,770.4811624051472,171.96,464.5505406012868,485.38334580171573,244.1405037174402,351.9716026800412,1.0,17.0,2.0,7.0,7.166666666666667,5.3541261347363385,5.305800142439889
US,Tables,2012,37,9,3,Summer,0.3333333333333333,0.06666666666666667,663.1171624051472,10,-0.970941817426052,-0.23931566428755774,2012-37,2012-09-10,594.5699999999999,629.2965812025736,246.4905812025736,473.0056859019302,520.1022275685968,252.20047854751903,346.77459899605384,6.0,14.0,8.0,6.0,7.333333333333333,3.7416573867739435,5.365433699886598
US,Tables,2012,38,9,3,Summer,1.0,0.4,344.22,2,-0.992708874098054,-0.12053668025532357,2012-38,2012-09-17,663.1171624051472,530.8545812025736,1315.8331624051473,426.3470406012868,439.1344640348346,255.17731457384278,241.55863962200002,10.0,7.0,14.0,4.75,6.333333333333333,4.112987559751024,5.122736011393155
US,Tables,2012,39,9,3,Autumn,0.0,0.0,246.4905812025736,3,-1.0,-1.8369701987210297e-16,2012-39,2012-09-24,344.22,103.481,191.5155,462.0994359019302,443.7157208017157,198.6112755730894,236.9121431740582,2.0,1.0,1.0,5.25,6.5,3.5939764421413063,4.96350316171589
US,Tables,2012,41,10,4,Autumn,1.0,0.42500000000000004,456.16058120257355,6,-0.9709418174260521,0.23931566428755738,2012-41,2012-10-08,246.4905812025736,594.5699999999999,244.006,427.49708120257355,461.3952692352636,178.91976245795018,228.41770035507466,3.0,6.0,2.0,5.25,6.833333333333333,3.5939764421413063,4.764133677487409
US,Tables,2012,42,10,4,Autumn,1.0,0.2,364.776,3,-0.9350162426854148,0.35460488704253557,2012-42,2012-10-15,456.16058120257355,663.1171624051472,246.4905812025736,352.9117906012868,471.25238746838244,86.0273081818152,220.72327575934528,6.0,10.0,7.0,3.5,6.5,1.7320508075688823,4.8896923123128015
US,Tables,2012,43,10,4,Autumn,1.0,0.25,600.537,10,-0.8854560256532101,0.464723172043768,2012-43,2012-10-22,364.776,344.22,199.836,416.9910406012868,504.64413746838244,149.4659261533955,205.73017569702336,3.0,2.0,4.0,5.5,7.0,3.3166247903554025,4.917501213199461
US,Tables,2012,44,11,4,Autumn,0.5,0.1,548.4505812025736,7,-0.822983865893657,0.5680647467311548,2012-44,2012-10-29,600.537,246.4905812025736,751.745,492.4810406012868,487.70293590193023,103.98146149291186,191.40392169398172,10.0,3.0,5.0,6.5,7.166666666666667,2.8867513459481318,4.877281905721545
US,Tables,2012,45,11,4,Autumn,0.0,0.0,246.4905812025736,7,-0.7485107481711011,0.6631226582407952,2012-45,2012-11-05,548.4505812025736,456.16058120257355,770.4811624051472,440.06354060128683,444.0370541350491,163.9493683243522,180.48657405311783,7.0,6.0,17.0,6.75,6.333333333333333,2.872281323269017,3.773913650631695
US,Tables,2012,46,11,4,Autumn,0.0,0.0,707.0911624051472,8,-0.6631226582407955,0.7485107481711007,2012-46,2012-11-12,246.4905812025736,364.776,629.2965812025736,525.6423312025736,450.5199359019302,197.46628873066035,188.9447913555224,7.0,3.0,14.0,8.0,5.833333333333333,1.414213562373101,2.979729497586633
US,Tables,2012,47,11,4,Autumn,1.0,0.35,453.4525812025736,10,-0.5680647467311559,0.8229838658936564,2012-47,2012-11-19,707.0911624051472,600.537,530.8545812025736,488.87122650321703,444.06976923526355,192.50324463302238,187.2667434817237,8.0,10.0,7.0,8.0,6.083333333333333,1.414213562373101,3.203927514028918
US,Tables,2012,48,11,4,Autumn,0.6666666666666666,0.25,1068.0160812025736,16,-0.4647231720437684,0.88545602565321,2012-48,2012-11-26,453.4525812025736,548.4505812025736,103.481,618.762601503217,524.4476926688113,353.8099695238995,229.92847285807093,10.0,7.0,1.0,10.25,7.333333333333333,4.031128874149276,3.8924947208076137
US,Tables,2012,50,12,4,Autumn,0.6666666666666666,0.2333333333333333,885.0085812025736,9,-0.2393156642875578,0.970941817426052,2012-50,2012-12-10,1068.0160812025736,246.4905812025736,594.5699999999999,778.392101503217,548.6509077690258,261.99150058087463,252.18961081619275,16.0,7.0,6.0,10.75,7.583333333333333,3.593976442141306,3.8954129979043826
US,Tables,2012,51,12,4,Autumn,0.5,0.15,492.9811624051472,17,-0.12053668025532363,0.992708874098054,2012-51,2012-12-17,885.0085812025736,707.0911624051472,663.1171624051472,724.8646015032169,534.4729077690258,300.4626689764919,249.94181263397147,9.0,8.0,10.0,13.0,8.166666666666666,4.082482904638632,4.725815626252606
US,Tables,2012,52,12,4,Winter,1.0,0.4,298.0785812025736,10,6.432490598706546e-16,1.0,2012-52,2012-12-24,492.9811624051472,453.4525812025736,344.22,686.021101503217,530.6277895359069,352.7416423469238,253.46484357936387,17.0,10.0,2.0,13.0,8.833333333333334,4.082482904638632,4.323999271157393
US,Tables,2013,1,1,1,Winter,0.0,0.0,246.4905812025736,7,0.12053668025532305,0.992708874098054,2013-1,2012-12-31,298.0785812025736,1068.0160812025736,246.4905812025736,480.639726503217,530.6277895359069,289.7245103596954,253.46484357936387,10.0,16.0,3.0,10.75,9.166666666666666,4.349329450233298,3.9733963794062572
US,Tables,2013,3,1,1,Winter,1.0,0.3,181.797,1,0.3546048870425356,0.9350162426854148,2013-3,2013-01-14,246.4905812025736,885.0085812025736,456.16058120257355,304.8368312025736,507.7641577690258,134.14798825444902,272.45571833006204,7.0,9.0,6.0,8.75,8.75,6.652067347825037,4.555216789572147
US,Tables,2013,4,1,1,Winter,1.0,0.4,313.722,3,0.4647231720437685,0.8854560256532099,2013-4,2013-01-21,181.797,492.9811624051472,364.776,260.0220406012868,503.5096577690258,59.53778434040519,275.2755379028489,1.0,17.0,3.0,5.25,8.75,4.031128874149277,4.555216789572147
US,Tables,2013,5,1,1,Winter,1.0,0.5,246.4905812025736,3,0.5680647467311558,0.8229838658936564,2013-5,2013-01-28,313.722,298.0785812025736,600.537,247.1250406012868,474.0057895359069,53.863138191207824,282.8011831553605,3.0,10.0,10.0,3.5,8.166666666666666,2.516611478423587,4.821039747028044
US,Tables,2013,6,2,1,Winter,1.0,0.2,557.728,4,0.6631226582407952,0.7485107481711011,2013-6,2013-02-04,246.4905812025736,246.4905812025736,548.4505812025736,324.93439530064336,474.7789077690258,164.2765210460746,283.0357847776755,3.0,7.0,7.0,2.75,7.916666666666667,1.258305739211799,4.962739956796836
US,Tables,2013,7,2,1,Winter,1.0,0.3,550.431,3,0.7485107481711011,0.6631226582407953,2013-7,2013-02-11,557.728,181.797,246.4905812025736,417.09289530064336,500.1072760021446,160.56979210454378,274.2114602531882,4.0,1.0,7.0,3.25,7.583333333333333,0.5000000000000181,5.160308893737648
US,Tables,2013,9,3,1,Winter,1.0,0.4,246.4905812025736,8,0.8854560256532099,0.4647231720437686,2013-9,2013-02-25,550.431,313.722,707.0911624051472,400.2850406012868,461.7238942352635,177.61152934749705,274.8405926377666,3.0,3.0,8.0,4.5,7.583333333333333,2.3804761428476207,5.160308893737648
US,Tables,2013,10,3,1,Winter,1.0,0.4,392.4705812025736,5,0.9350162426854148,0.35460488704253557,2013-10,2013-03-04,246.4905812025736,246.4905812025736,453.4525812025736,436.7800406012868,456.64206090193017,148.00715749069033,275.5702470024084,8.0,3.0,10.0,5.0,7.166666666666667,2.160246899469291,5.149286505444372
US,Tables,2013,11,3,1,Winter,1.0,0.3,801.591,7,0.970941817426052,0.23931566428755804,2013-11,2013-03-11,392.4705812025736,557.728,1068.0160812025736,497.7457906012868,434.4399708017157,237.56381074556842,228.55772208890252,5.0,4.0,16.0,5.75,6.416666666666667,2.217355782608349,4.337119558025357
US,Tables,2013,12,3,1,Spring,0.6666666666666666,0.2333333333333333,535.7445812025736,9,0.992708874098054,0.120536680255323,2013-12,2013-03-18,801.591,550.431,885.0085812025736,494.07418590193015,405.3346374683824,236.58962121598483,183.82552544581367,7.0,3.0,9.0,7.25,6.416666666666667,1.7078251276599383,4.337119558025357
US,Tables,2013,15,4,2,Spring,0.0,0.0,343.92,4,0.9709418174260521,-0.2393156642875575,2013-15,2013-04-08,535.7445812025736,246.4905812025736,492.9811624051472,518.4315406012868,392.91287393462017,205.588149721324,182.39525106211758,9.0,8.0,17.0,6.25,5.333333333333333,2.217355782608349,2.8069178610689516
US,Tables,2013,16,4,2,Spring,1.0,0.4,205.176,2,0.9350162426854148,-0.35460488704253545,2013-16,2013-04-15,343.92,392.4705812025736,298.0785812025736,471.60789530064335,385.17099216773903,258.38763986519103,188.65086889118493,4.0,5.0,10.0,5.5,4.666666666666667,3.109126351029608,2.5346089292517
US,Tables,2013,17,4,2,Spring,1.0,0.5,246.4905812025736,6,0.8854560256532099,-0.4647231720437685,2013-17,2013-04-22,205.176,801.591,246.4905812025736,332.8327906012868,385.17099216773903,147.24962284925564,188.65086889118493,2.0,7.0,7.0,5.25,4.583333333333333,2.986078811194823,2.466441431158129
US,Tables,2013,18,5,2,Spring,1.0,0.4,370.62,3,0.8229838658936565,-0.5680647467311557,2013-18,2013-04-29,246.4905812025736,535.7445812025736,181.797,291.5516453006434,400.906242167739,78.49734791174913,177.70256744435258,6.0,9.0,1.0,3.75,4.75,1.7078251276599385,2.2613350843332327
US,Tables,2013,19,5,2,Spring,0.6666666666666666,0.13333333333333333,616.3545812025736,11,0.7485107481711013,-0.663122658240795,2013-19,2013-05-06,370.62,343.92,313.722,359.66029060128676,426.12562393462014,185.0088765666617,185.50788156486482,3.0,4.0,3.0,5.5,5.416666666666667,4.041451884327383,2.8109633849474402
US,Tables,2013,21,5,2,Spring,1.0,0.3,174.286,2,0.5680647467311558,-0.8229838658936564,2013-21,2013-05-20,616.3545812025736,205.176,246.4905812025736,351.9377906012868,420.1085755010724,194.03138644192106,192.88831070984855,11.0,2.0,3.0,5.5,5.333333333333333,4.041451884327383,2.9024545516239257
US,Tables,2013,22,5,2,Spring,0.0,0.0,246.4905812025736,10,0.46472317204376906,-0.8854560256532096,2013-22,2013-05-27,174.286,246.4905812025736,557.728,351.9377906012868,394.1721239346202,194.03138644192106,193.62489795759984,2.0,6.0,4.0,6.5,5.833333333333333,4.654746681256316,3.1574826950748256
US,Tables,2013,23,6,2,Spring,1.0,0.35,248.313,7,0.35460488704253584,-0.9350162426854147,2013-23,2013-06-03,246.4905812025736,370.62,550.431,321.36104060128685,368.9956239346202,199.6612618834005,191.0850324900028,10.0,3.0,3.0,7.5,6.166666666666667,4.041451884327383,3.040135563165606
US,Tables,2013,24,6,2,Spring,0.6666666666666666,0.16666666666666666,1569.628906012868,26,0.23931566428755768,-0.970941817426052,2013-24,2013-06-10,248.313,616.3545812025736,246.4905812025736,559.6796218038604,479.25715100214467,674.1815652398313,391.0672955786062,7.0,11.0,8.0,11.25,7.666666666666667,10.372238588334408,6.499417223291966
US,Tables,2013,25,6,2,Spring,1.0,0.4,376.866,3,0.12053668025532308,-0.992708874098054,2013-25,2013-06-17,1569.628906012868,174.286,392.4705812025736,610.3246218038604,477.9567692352635,642.4420236404305,391.40791016951135,26.0,2.0,5.0,11.5,7.5,10.082988974836118,6.598897979621639
US,Tables,2013,30,7,3,Summer,0.0,0.0,246.4905812025736,8,-0.46472317204376806,-0.8854560256532101,2013-30,2013-07-22,376.866,246.4905812025736,801.591,610.3246218038604,431.6984010021447,642.4420236404305,382.3802385152197,3.0,10.0,7.0,11.0,7.583333333333333,10.230672835481872,6.598323937779866
US,Tables,2013,31,8,3,Summer,1.0,0.2,382.9545812025736,9,-0.5680647467311556,-0.8229838658936566,2013-31,2013-07-29,246.4905812025736,248.313,535.7445812025736,643.9850171045038,418.9659010021446,620.297749314102,381.14254891836515,8.0,7.0,9.0,11.5,7.583333333333333,10.016652800877814,6.598323937779866
US,Tables,2013,32,8,3,Summer,1.0,0.2,513.024,2,-0.663122658240795,-0.7485107481711013,2013-32,2013-08-05,382.9545812025736,1569.628906012868,343.92,379.83379060128686,433.05790100214466,108.84023534130633,381.24176220223717,9.0,26.0,4.0,5.5,7.416666666666667,3.5118845842842528,6.7211786484397535
US,Tables,2013,33,8,3,Summer,1.0,0.35000000000000003,932.7205,11,-0.7485107481711011,-0.6631226582407952,2013-33,2013-08-12,513.024,376.866,205.176,518.7974156012868,493.68660933547795,296.6310502086019,399.1377709810187,2.0,3.0,2.0,7.5,8.166666666666666,3.8729833462074232,6.562058065927645
US,Tables,2013,34,8,3,Summer,1.0,0.30000000000000004,492.9811624051472,18,-0.8229838658936564,-0.5680647467311559,2013-34,2013-08-19,932.7205,246.4905812025736,246.4905812025736,580.4200609019302,514.2274911023591,241.7271223625361,391.5298722965655,11.0,8.0,6.0,10.0,9.166666666666666,6.582805886043836,7.094598884597588
US,Tables,2013,35,8,3,Summer,0.6666666666666666,0.2333333333333333,934.375,9,-0.8854560256532096,-0.4647231720437691,2013-35,2013-08-26,492.9811624051472,382.9545812025736,370.62,718.2751656012869,561.2070744356924,248.71092237733637,406.27665144872867,18.0,9.0,3.0,10.0,9.666666666666666,6.582805886043836,6.826863160050932
US,Tables,2013,36,9,3,Summer,0.6666666666666666,0.20000000000000004,1287.7365812025735,9,-0.9350162426854147,-0.3546048870425359,2013-36,2013-09-02,934.375,513.024,616.3545812025736,911.9533109019303,617.1555744356924,325.4149841555661,457.55366833844386,9.0,2.0,11.0,11.75,9.5,4.272001872658771,6.81575714462784
US,Tables,2013,37,9,3,Summer,1.0,0.3333333333333333,693.4605812025736,9,-0.970941817426052,-0.23931566428755774,2013-37,2013-09-09,1287.7365812025735,932.7205,174.286,852.1383312025737,660.4201228692402,341.89725812569554,435.90408596726974,9.0,11.0,2.0,11.25,10.083333333333334,4.500000000000005,6.402532642823794
US,Tables,2013,38,9,3,Summer,0.5,0.225,629.9285812025736,7,-0.992708874098054,-0.12053668025532357,2013-38,2013-09-16,693.4605812025736,492.9811624051472,246.4905812025736,886.3751859019302,692.3732895359068,297.9797854213523,416.4215635104178,9.0,18.0,10.0,8.5,9.833333333333334,1.0000000000000235,6.4643544757290945
US,Tables,2013,39,9,3,Autumn,1.0,0.5,393.165,3,-1.0,-1.8369701987210297e-16,2013-39,2013-09-23,629.9285812025736,934.375,248.313,751.0726859019302,704.4442895359069,380.39501261111576,404.3022783887143,7.0,9.0,7.0,7.0,9.5,2.8284271247461987,6.721742198404978
US,Tables,2013,40,10,4,Autumn,1.0,0.35,569.96,3,-0.992708874098054,0.1205366802553232,2013-40,2013-09-30,393.165,1287.7365812025735,1569.628906012868,571.6285406012869,621.1385473681679,129.2206900395221,299.1392346564841,3.0,9.0,26.0,5.5,7.583333333333333,3.000000000000008,4.5016831868926
US,Tables,2013,42,10,4,Autumn,1.0,0.45,388.6725812025736,6,-0.9350162426854148,0.35460488704253557,2013-42,2013-10-14,569.96,693.4605812025736,376.866,495.43154060128694,622.1224291350491,123.15283990405418,298.28095824500343,3.0,9.0,3.0,4.75,7.833333333333333,2.061552812808842,4.302923600896431
US,Tables,2013,43,10,4,Autumn,1.0,0.4,246.4905812025736,2,-0.8854560256532101,0.464723172043768,2013-43,2013-10-21,388.6725812025736,629.9285812025736,246.4905812025736,399.572040601287,622.1224291350491,132.4460120252128,298.28095824500343,6.0,7.0,8.0,3.5,7.333333333333333,1.7320508075688912,4.618802153517006
US,Tables,2013,45,11,4,Autumn,0.6666666666666666,0.2333333333333333,739.4717436077208,21,-0.7485107481711011,0.6631226582407952,2013-45,2013-11-04,246.4905812025736,393.165,382.9545812025736,486.1487265032171,651.8321926688113,214.58060340401846,289.93171486010004,2.0,3.0,9.0,8.0,8.333333333333334,8.83176086632785,6.0802711263312075
US,Tables,2013,46,11,4,Autumn,0.6666666666666666,0.20000000000000004,739.4717436077208,13,-0.6631226582407955,0.7485107481711007,2013-46,2013-11-11,739.4717436077208,569.96,513.024,528.5266624051474,670.7028379694547,250.39912785806695,287.434443685851,21.0,3.0,2.0,10.5,9.25,8.346656017032613,5.863988713867347
US,Tables,2013,48,11,4,Autumn,0.5,0.2,559.6665812025735,11,-0.4647231720437684,0.88545602565321,2013-48,2013-11-25,739.4717436077208,388.6725812025736,932.7205,571.2751624051473,639.6150114030025,232.5223739778862,276.4848365331319,13.0,6.0,11.0,11.75,9.25,7.8049129826454,5.863988713867347
US,Tables,2013,49,12,4,Autumn,0.75,0.225,1281.2355812025735,10,-0.35460488704253595,0.9350162426854147,2013-49,2013-12-02,559.6665812025735,246.4905812025736,492.9811624051472,829.9614124051473,705.3028796361214,312.5616907197531,327.42511019969965,11.0,2.0,18.0,13.75,8.583333333333334,4.991659710623984,5.1954233939520496
US,Tables,2013,50,12,4,Autumn,0.8333333333333334,0.23333333333333336,1394.5263248102945,30,-0.2393156642875578,0.970941817426052,2013-50,2013-12-09,1281.2355812025735,739.4717436077208,934.375,993.7250577057907,743.6488233703126,406.7576942882644,379.4959833206412,10.0,21.0,9.0,16.0,10.333333333333334,9.416297927883692,8.08290376865476
US,Tables,2013,51,12,4,Autumn,0.8,0.33999999999999997,1890.5961624051472,23,-0.12053668025532363,0.992708874098054,2013-51,2013-12-16,1394.5263248102945,739.4717436077208,1287.7365812025735,1281.5061624051473,793.8871218038604,549.1862584512289,483.6752559746595,30.0,13.0,9.0,18.5,11.5,9.678154093971985,8.847187534619533
US,Tables,2013,52,12,4,Winter,0.75,0.275,841.6021624051472,11,6.432490598706546e-16,1.0,2013-52,2013-12-23,1890.5961624051472,559.6665812025735,693.4605812025736,1351.9900577057908,806.2322535707416,431.04828409095296,482.76869045933347,23.0,11.0,9.0,18.5,11.666666666666666,9.678154093971985,8.81458845874098
US,Tables,2014,1,1,1,Winter,1.0,0.3,246.4905812025736,5,0.12053668025532305,0.992708874098054,2014-1,2013-12-30,841.6021624051472,1281.2355812025735,629.9285812025736,1093.3038077057909,774.2790869040749,708.7210223354598,507.5518235914164,11.0,10.0,7.0,17.25,11.5,11.324751652906127,8.92901297609499
US,Tables,2014,2,1,1,Winter,0.0,0.0,246.4905812025736,2,0.23931566428755774,0.970941817426052,2014-2,2014-01-06,246.4905812025736,1394.5263248102945,393.165,806.2948718038606,762.0562186709559,775.3961527547152,519.1967018525709,5.0,30.0,3.0,10.25,11.416666666666666,9.287087810503357,9.01975945389125
US,Tables,2014,3,1,1,Winter,1.0,0.2,399.672,7,0.3546048870425356,0.9350162426854148,2014-3,2014-01-13,246.4905812025736,1890.5961624051472,569.96,433.56383120257374,747.8655520042894,281.4467016944011,527.1899978211416,2.0,23.0,3.0,6.25,11.75,3.77491721763538,8.750324669301236
US,Tables,2014,4,1,1,Winter,0.0,0.0,210.98,2,0.4647231720437685,0.8854560256532099,2014-4,2014-01-20,399.672,841.6021624051472,388.6725812025736,275.9082906012869,733.0578369040749,84.19014577544196,540.5231065945559,7.0,11.0,6.0,4.0,11.416666666666666,2.449489742783186,9.059985283284588
US,Tables,2014,5,1,1,Winter,1.0,0.5,69.375,1,0.5680647467311558,0.8229838658936564,2014-5,2014-01-27,210.98,246.4905812025736,246.4905812025736,231.62939530064352,718.2982051371937,135.66141451080534,557.1788165155493,2.0,5.0,2.0,3.0,11.333333333333334,2.708012801545327,9.1585363393278
US,Tables,2014,8,2,1,Winter,1.0,0.4666666666666666,1323.8400000000001,17,0.8229838658936564,0.5680647467311559,2014-8,2014-02-17,69.375,246.4905812025736,739.4717436077208,500.96675000000016,766.9955598365503,565.020579503305,584.084826315188,1.0,2.0,21.0,6.75,11.0,7.3200637519992515,8.842048302391145
US,Tables,2014,10,3,1,Winter,1.0,0.2,399.672,7,0.9350162426854148,0.35460488704253557,2014-10,2014-03-03,1323.8400000000001,399.672,739.4717436077208,500.96675000000016,738.678914535907,565.020579503305,593.6981920736162,17.0,7.0,13.0,6.75,10.5,7.3200637519992515,8.888194417315587
US,Tables,2014,11,3,1,Winter,1.0,0.35,401.2545812025736,7,0.970941817426052,0.23931566428755804,2014-11,2014-03-10,399.672,210.98,559.6665812025735,548.5353953006436,725.477914535907,539.9209396305234,599.7705276652431,7.0,2.0,11.0,8.0,10.166666666666666,6.633249580710802,8.942577758660919
US,Tables,2014,12,3,1,Spring,1.0,0.2,246.4905812025736,5,0.992708874098054,0.120536680255323,2014-12,2014-03-17,401.2545812025736,69.375,1281.2355812025735,592.814290601287,639.249164535907,492.72634939934267,586.8489861447658,7.0,1.0,10.0,9.0,9.75,5.416025603090643,9.066672237074936
US,Tables,2014,13,3,1,Spring,0.0,0.0,292.1,2,1.0,-1.6081226496766366e-16,2014-13,2014-03-24,246.4905812025736,1323.8400000000001,1394.5263248102945,334.8792906012869,547.3803041350491,77.98804619331665,542.4774282191709,5.0,17.0,30.0,5.25,7.416666666666667,2.3629078131263106,6.666856057915881
US,Tables,2014,14,4,2,Spring,0.0,0.0,411.8,2,0.992708874098054,-0.12053668025532288,2014-14,2014-03-31,292.1,399.672,1890.5961624051472,337.9112906012869,424.1472906012868,81.50323980130659,339.6543739083586,2.0,7.0,23.0,4.0,5.666666666666667,2.4494897427831845,4.658000611525259
US,Tables,2014,15,4,2,Spring,1.0,0.45,480.3505812025736,5,0.9709418174260521,-0.2393156642875575,2014-15,2014-04-07,411.8,401.2545812025736,841.6021624051472,357.6852906012869,394.042992167739,107.45676500051327,314.3580826407698,2.0,7.0,11.0,3.5,5.166666666666667,1.732050807568886,4.344972713238585
US,Tables,2014,18,5,2,Spring,1.0,0.4166666666666667,866.4511624051472,14,0.8229838658936565,-0.5680647467311557,2014-18,2014-04-28,480.3505812025736,246.4905812025736,246.4905812025736,512.6754359019303,445.70637393462016,248.34890603473312,337.9617448060341,5.0,5.0,5.0,5.75,5.916666666666667,5.678908345800276,5.035480176314926
US,Tables,2014,19,5,2,Spring,0.5,0.1,587.754,2,0.7485107481711013,-0.663122658240795,2014-19,2014-05-05,866.4511624051472,292.1,246.4905812025736,586.5889359019303,474.144992167739,200.13494057814052,334.0094019347049,14.0,2.0,2.0,5.75,5.916666666666667,5.678908345800276,5.035480176314926
US,Tables,2014,20,5,2,Spring,1.0,0.2,285.48,5,0.6631226582407952,-0.7485107481711012,2014-20,2014-05-12,587.754,411.8,399.672,555.0089359019303,464.628992167739,242.41026991920893,337.9277340744762,2.0,2.0,7.0,6.5,5.75,5.196152422706635,5.029458673202767
US,Tables,2014,21,5,2,Spring,1.0,0.2,171.288,3,0.5680647467311558,-0.8229838658936564,2014-21,2014-05-19,285.48,480.3505812025736,210.98,477.74329060128696,461.32132550107235,313.0900742784469,340.8180701804409,5.0,5.0,2.0,6.0,5.833333333333333,5.477225575051664,4.969604581550698
US,Tables,2014,23,6,2,Spring,1.0,0.4,384.768,2,0.35460488704253584,-0.9350162426854147,2014-23,2014-06-02,171.288,866.4511624051472,69.375,357.3225000000001,487.6040755010724,176.65607986423947,319.3282182641681,3.0,14.0,1.0,3.0,5.916666666666667,1.4142135623731058,4.8889175848560935
US,Tables,2014,24,6,2,Spring,0.5,0.25,561.865,4,0.23931566428755768,-0.970941817426052,2014-24,2014-06-09,384.768,587.754,1323.8400000000001,350.8502500000001,424.1061588344057,165.52291854679987,185.7456616917155,2.0,2.0,17.0,3.5,4.833333333333333,1.2909944487358171,3.4333480435107044
US,Tables,2014,25,6,2,Spring,1.0,0.35,578.445,5,0.12053668025532308,-0.992708874098054,2014-25,2014-06-16,561.865,285.48,399.672,424.0915000000001,439.00390883440565,189.96709147376166,190.71065506865463,4.0,5.0,7.0,3.5,4.666666666666667,1.2909944487358171,3.3665016461206916
US,Tables,2014,26,6,2,Summer,0.0,0.0,246.4905812025736,4,-3.216245299353273e-16,-1.0,2014-26,2014-06-23,578.445,171.288,401.2545812025736,442.8921453006435,426.10690883440566,157.5659726586076,198.5667901820202,5.0,3.0,7.0,3.75,4.416666666666667,1.2583057392118036,3.2879486097878803
US,Tables,2014,27,7,3,Summer,1.0,0.3666666666666667,768.9525812025736,10,-0.12053668025532283,-0.992708874098054,2014-27,2014-06-30,246.4905812025736,384.768,246.4905812025736,538.9382906012869,469.6454088344056,216.4244677362338,212.39979239797472,4.0,2.0,5.0,5.75,4.833333333333333,2.8722813232690196,3.663910810082912
US,Tables,2014,29,7,3,Summer,0.6666666666666666,0.26666666666666666,803.4241624051472,11,-0.3546048870425356,-0.9350162426854148,2014-29,2014-07-14,768.9525812025736,561.865,292.1,599.3280812025737,512.2557557015012,255.1849563547077,224.48903073691218,10.0,4.0,2.0,7.5,5.583333333333333,3.511884584284251,3.941811612428831
US,Tables,2014,30,7,3,Summer,1.0,0.3333333333333333,561.108,11,-0.46472317204376806,-0.8854560256532101,2014-30,2014-07-21,803.4241624051472,578.445,411.8,594.9938312025736,524.6980890348347,255.80436175824568,222.54438109924146,11.0,5.0,2.0,9.0,6.333333333333333,3.3665016461206974,4.0526833609649815
US,Tables,2014,33,8,3,Summer,1.0,0.2,418.296,3,-0.7485107481711011,-0.6631226582407952,2014-33,2014-08-11,561.108,246.4905812025736,480.3505812025736,637.9451859019302,519.5268739346202,181.37984755086143,224.38194358159214,11.0,4.0,5.0,8.75,6.166666666666667,3.862210075418827,4.15239981726522
US,Tables,2014,34,8,3,Summer,1.0,0.26666666666666666,1093.268,6,-0.8229838658936564,-0.5680647467311559,2014-34,2014-08-18,418.296,768.9525812025736,866.4511624051472,719.0240406012869,538.4282770675245,295.83596355075446,262.56688913723553,3.0,10.0,14.0,7.75,5.5,3.947573094109008,3.3439225741362755
US,Tables,2014,35,8,3,Summer,0.5,0.15,492.9811624051472,12,-0.8854560256532096,-0.4647231720437691,2014-35,2014-08-25,1093.268,803.4241624051472,587.754,641.4132906012869,530.5305406012868,306.83059394963016,262.3736070388076,6.0,11.0,2.0,8.0,6.333333333333333,4.242640687119289,3.6265017787828455
US,Tables,2014,36,9,3,Summer,0.8,0.2,1267.5951624051472,18,-0.9350162426854147,-0.3546048870425359,2014-36,2014-09-01,492.9811624051472,561.108,285.48,818.0350812025737,612.3734708017157,425.56190672523707,324.74805800475804,12.0,11.0,5.0,9.75,7.416666666666667,6.652067347825038,4.907477288111818
US,Tables,2014,37,9,3,Summer,1.0,0.4,758.6805812025736,12,-0.970941817426052,-0.23931566428755774,2014-37,2014-09-08,1267.5951624051472,418.296,171.288,903.1312265032171,661.3228525685969,345.48276233714734,295.1380551005114,18.0,3.0,3.0,12.0,8.166666666666666,4.89897948556636,4.858606858561474
US,Tables,2014,38,9,3,Summer,1.0,0.2,300.904,1,-0.992708874098054,-0.12053668025532357,2014-38,2014-09-15,758.6805812025736,1093.268,384.768,705.0402265032171,654.3341859019303,419.38068617041637,303.16575911836054,12.0,6.0,2.0,10.75,8.083333333333334,7.088723439378915,4.981024599478109
US,Tables,2014,40,10,4,Autumn,1.0,0.3333333333333333,761.9985812025736,12,-0.992708874098054,0.1205366802553232,2014-40,2014-09-29,300.904,492.9811624051472,561.865,772.2945812025737,671.0119843354779,394.8936964121309,303.1212683619509,1.0,12.0,4.0,10.75,8.75,7.088723439378915,4.919811526323488
US,Tables,2014,41,10,4,Autumn,1.0,0.4,674.2515812025736,14,-0.9709418174260521,0.23931566428755738,2014-41,2014-10-06,761.9985812025736,1267.5951624051472,578.445,623.9586859019303,678.9958661023592,219.16409922622503,301.71999009452196,12.0,18.0,5.0,9.75,9.5,5.909032633745282,4.981785003207366
US,Tables,2014,42,10,4,Autumn,0.75,0.225,1249.7117436077208,17,-0.9350162426854148,0.35460488704253557,2014-42,2014-10-13,674.2515812025736,758.6805812025736,246.4905812025736,746.7164765032171,762.5976296361214,390.4005236977529,309.86349041708263,14.0,12.0,4.0,11.0,10.583333333333334,6.976149845485453,5.089353117196247
US,Tables,2014,43,10,4,Autumn,0.7777777777777778,0.2777777777777778,2092.9615812025736,25,-0.8854560256532101,0.464723172043768,2014-43,2014-10-20,1249.7117436077208,300.904,768.9525812025736,1194.7308718038605,872.9317129694547,650.1274825870909,493.5874011676741,17.0,1.0,10.0,17.0,11.833333333333334,5.715476066494086,6.562058065927645
US,Tables,2014,44,10,4,Autumn,0.5,0.125,1043.9225812025736,17,-0.822983865893657,0.5680647467311548,2014-44,2014-10-27,2092.9615812025736,761.9985812025736,803.4241624051472,1265.2118718038605,892.9732478692403,601.0027317148483,495.3878525032901,25.0,12.0,11.0,18.25,12.333333333333334,4.716990566028305,6.719487714961249
US,Tables,2014,45,11,4,Autumn,0.8333333333333334,0.26666666666666666,2019.965162405147,32,-0.7485107481711011,0.6631226582407952,2014-45,2014-11-03,1043.9225812025736,674.2515812025736,561.108,1601.640267104504,1014.5446780696693,532.6959903903222,578.5657226342571,17.0,14.0,11.0,22.75,14.083333333333334,7.228416147400481,8.764166021967297
US,Tables,2014,47,11,4,Autumn,0.75,0.30000000000000004,616.5195812025736,13,-0.5680647467311559,0.8229838658936564,2014-47,2014-11-17,2019.965162405147,1249.7117436077208,418.296,1443.342226503217,1031.0633098365504,729.7650434768293,562.6042011583386,32.0,17.0,3.0,21.75,14.916666666666666,8.460693430998038,8.061787906067998
US,Tables,2014,48,11,4,Autumn,0.8,0.22000000000000003,1067.3835812025736,20,-0.4647231720437684,0.88545602565321,2014-48,2014-11-24,616.5195812025736,2092.9615812025736,1093.268,1186.9477265032172,1028.9062749367647,592.7501144376391,562.3936072158813,13.0,25.0,6.0,20.5,16.083333333333332,8.185352771872452,7.6569437688145445
US,Tables,2014,49,12,4,Autumn,0.5,0.2,768.4505812025736,9,-0.35460488704253595,0.9350162426854147,2014-49,2014-12-01,1067.3835812025736,1043.9225812025736,492.9811624051472,1118.0797265032172,1051.8620598365503,629.7540676692822,543.8457409331461,20.0,17.0,12.0,18.5,15.833333333333334,10.082988974836118,7.848952835000388
US,Tables,2014,50,12,4,Autumn,0.75,0.21250000000000002,985.9623248102944,26,-0.2393156642875578,0.970941817426052,2014-50,2014-12-08,768.4505812025736,2019.965162405147,1267.5951624051472,859.5790171045039,1028.392656703646,205.37588185044444,539.7509811498119,9.0,32.0,18.0,17.0,16.5,7.527726527090812,8.372031359885671
US,Tables,2014,51,12,4,Autumn,1.0,0.3,773.0725812025736,6,-0.12053668025532363,0.992708874098054,2014-51,2014-12-15,985.9623248102944,616.5195812025736,758.6805812025736,898.717267104504,1029.5919900369793,151.45518826458584,539.1128077812383,26.0,13.0,12.0,15.25,16.0,9.358596760910974,8.831760866327848
US,Tables,2014,52,12,4,Winter,0.6,0.26,1360.3911624051473,14,6.432490598706546e-16,1.0,2014-52,2014-12-22,773.0725812025736,1067.3835812025736,300.904,971.9691624051472,1117.882586904075,278.1169547671618,493.7765381889988,6.0,20.0,1.0,13.75,17.083333333333332,8.808140174482544,7.525210155124433
