Market,Sub-Category,Year,Week_of_Year,Month,Quarter,Season,Promotion_Flag,Discount,Sales,Quantity,week_sin,week_cos,year_week,year_week_date,Sales_lag_1,Sales_lag_4,Sales_lag_12,Sales_roll_mean_4,Sales_roll_mean_12,Sales_roll_std_4,Sales_roll_std_12,Quantity_lag_1,Quantity_lag_4,Quantity_lag_12,Quantity_roll_mean_4,Quantity_roll_mean_12,Quantity_roll_std_4,Quantity_roll_std_12
APAC,Accessories,2011,17,4,2,Spring,1.0,0.45,659.7855,13,0.8854560256532099,-0.4647231720437685,2011-17,2011-04-25,175.9176,185.19,519.6828,281.870775,307.57005,253.04620843079724,196.71217762489945,4.0,5.0,10.0,6.5,6.166666666666667,4.509249752822893,4.58918359412718
APAC,Accessories,2011,18,5,2,Spring,0.0,0.0,498.39,7,0.8229838658936565,-0.5680647467311557,2011-18,2011-05-02,659.7855,122.76,110.808,375.778275,339.86854999999997,243.84900563812533,193.2570405294062,13.0,3.0,3.0,7.5,6.5,3.8729833462074157,4.482288376589473
APAC,Accessories,2011,19,5,2,Spring,0.5,0.25,364.4805812025736,18,0.7485107481711013,-0.663122658240795,2011-19,2011-05-09,498.39,169.02,440.88,424.64342030064336,333.5019317668811,205.11334797721014,190.87053060127352,7.0,6.0,4.0,10.5,7.666666666666667,6.244997998398397,5.482755334738735
APAC,Accessories,2011,21,5,2,Autumn,0.5,0.05000000000000001,1218.3,19,0.5680647467311558,-0.8229838658936564,2011-21,2011-05-23,364.4805812025736,175.9176,257.85,685.2390203006435,413.5394317668811,375.32227148308755,316.3742812018883,18.0,4.0,2.0,14.25,9.083333333333334,5.499999999999999,6.052172162024794
APAC,Accessories,2011,22,6,2,Spring,0.4,0.04,1233.3525812025737,23,0.46472317204376906,-0.8854560256532096,2011-22,2011-05-30,1218.3,659.7855,266.43,828.6307906012869,494.11631353376225,461.9293658857244,390.05365043982135,19.0,13.0,3.0,16.75,10.75,6.849574196011505,6.916712303609937
APAC,Accessories,2011,23,6,2,Autumn,0.75,0.25,506.025,8,0.35460488704253584,-0.9350162426854147,2011-23,2011-06-06,1233.3525812025737,498.39,234.35250000000002,830.5395406012868,516.7556885337623,460.122143294231,381.3939069474205,23.0,7.0,5.0,17.0,11.0,6.377042156569663,6.741998624632419
APAC,Accessories,2011,24,6,2,Spring,0.5,0.225,195.675,7,0.23931566428755768,-0.970941817426052,2011-24,2011-06-13,506.025,364.4805812025736,687.957,788.3381453006434,475.7321885337623,520.8503817363861,387.7279064331477,8.0,18.0,17.0,14.25,10.166666666666666,7.973915809270458,6.548189664234526
APAC,Accessories,2011,25,6,2,Winter,1.0,0.2233333333333333,564.2952,11,0.12053668025532308,-0.992708874098054,2011-25,2011-06-20,195.675,1218.3,379.89,624.8369453006435,491.09928853376226,436.750438161022,387.2380208189387,7.0,19.0,9.0,12.25,10.333333333333334,7.365459931328117,6.541244437251889
APAC,Accessories,2011,26,6,2,Winter,0.5,0.05,651.1665812025735,9,-3.216245299353273e-16,-1.0,2011-26,2011-06-27,564.2952,1233.3525812025737,185.19,479.29044530064346,529.9306703006434,198.2588137108761,377.0016473676865,11.0,23.0,5.0,8.75,10.666666666666666,1.7078251276599323,6.343691688790071
APAC,Accessories,2011,27,7,3,Summer,1.0,0.42500000000000004,215.7,4,-0.12053668025532283,-0.992708874098054,2011-27,2011-07-04,651.1665812025735,506.025,122.76,406.70919530064344,537.6756703006434,234.95581618302924,368.74058415121357,9.0,8.0,3.0,7.75,10.75,2.9860788111948193,6.239536696087151
APAC,Accessories,2011,28,7,3,Summer,0.5,0.2,321.79200000000003,8,-0.23931566428755743,-0.9709418174260521,2011-28,2011-07-11,215.7,195.675,169.02,438.23844530064343,550.4066703006434,203.5614818869128,357.3157017550345,4.0,7.0,6.0,8.0,10.916666666666666,2.9439202887759484,6.126816366423818
APAC,Accessories,2011,29,7,3,Summer,1.0,0.47,108.6288,2,-0.3546048870425356,-0.9350162426854148,2011-29,2011-07-18,321.79200000000003,564.2952,175.9176,324.3218453006434,544.7992703006433,234.63168056312568,364.1887529618813,8.0,11.0,4.0,5.75,10.75,3.3040379335998344,6.355026643245771
APAC,Accessories,2011,30,7,3,Summer,1.0,0.47,439.5237,12,-0.46472317204376806,-0.8854560256532101,2011-30,2011-07-25,108.6288,651.1665812025735,659.7855,271.4111250000001,526.4441203006434,141.89419205881018,363.4163777675577,2.0,9.0,13.0,6.5,10.666666666666666,4.4347115652166895,6.329344836600865
APAC,Accessories,2011,31,8,3,Summer,0.4,0.18,804.0795,18,-0.5680647467311556,-0.8229838658936566,2011-31,2011-08-01,439.5237,215.7,498.39,418.5060000000001,551.9182453006434,291.2536949644759,371.88626044523954,12.0,4.0,7.0,10.0,11.583333333333334,6.733003292241386,6.542981435141478
APAC,Accessories,2011,32,8,3,Summer,0.3333333333333333,0.15666666666666665,833.8296,11,-0.663122658240795,-0.7485107481711013,2011-32,2011-08-08,804.0795,321.79200000000003,364.4805812025736,546.5154000000001,591.0306635337623,342.5787566185329,375.0487309734523,18.0,8.0,18.0,10.75,11.0,6.601767440112787,6.223124032772663
APAC,Accessories,2011,33,8,3,Summer,0.6,0.21400000000000002,971.2506,21,-0.7485107481711011,-0.6631226582407952,2011-33,2011-08-15,833.8296,108.6288,1218.3,762.1708500000001,570.4432135337623,227.08796875481957,342.887646467248,11.0,2.0,19.0,15.5,11.166666666666666,4.795831523312719,6.478402347006316
APAC,Accessories,2011,34,8,3,Summer,0.75,0.255,416.7108,12,-0.8229838658936564,-0.5680647467311559,2011-34,2011-08-22,971.2506,439.5237,1233.3525812025737,756.4676250000001,502.38973176688114,237.92028938340334,273.3464048949681,21.0,12.0,23.0,15.5,10.25,4.795831523312719,5.327885475154623
APAC,Accessories,2011,35,8,3,Winter,0.6,0.18,937.332,14,-0.8854560256532096,-0.4647231720437691,2011-35,2011-08-29,416.7108,804.0795,506.025,789.78075,538.3319817668811,255.48918216818868,300.84128181105973,12.0,18.0,8.0,14.5,10.75,4.509249752822894,5.378830558942916
APAC,Accessories,2011,36,9,3,Summer,1.0,0.47,119.5044,4,-0.9350162426854147,-0.3546048870425359,2011-36,2011-09-05,937.332,833.8296,195.675,611.1994500000001,531.9844317668811,414.5636774405711,309.40992001814897,14.0,11.0,7.0,12.75,10.5,6.994045086119096,5.632696754421696
APAC,Accessories,2011,37,9,3,Summer,1.0,0.3,185.394,5,-0.970941817426052,-0.23931566428755774,2011-37,2011-09-12,119.5044,971.2506,564.2952,414.73530000000005,500.40933176688117,370.9761581070675,324.76517153033814,4.0,21.0,11.0,8.75,10.0,4.9916597106239795,5.846521887568553
APAC,Accessories,2011,38,9,3,Autumn,1.0,0.5,118.935,3,-0.992708874098054,-0.12053668025532357,2011-38,2011-09-19,185.394,416.7108,651.1665812025735,340.2913500000001,456.05670000000003,399.24772500502735,338.363122484789,5.0,12.0,9.0,6.5,9.5,5.066228051190222,6.1864955566723925
APAC,Accessories,2011,39,9,3,Autumn,1.0,0.47,92.7447,4,-1.0,-1.8369701987210297e-16,2011-39,2011-09-26,118.935,937.332,215.7,129.14452500000004,445.81042500000007,39.52263953966737,348.0269139967119,3.0,14.0,4.0,4.0,9.5,0.816496580927726,6.1864955566723925
APAC,Accessories,2011,40,10,4,Spring,0.25,0.1,502.8945812025736,14,-0.992708874098054,0.1205366802553232,2011-40,2011-10-03,92.7447,119.5044,321.79200000000003,224.99207030064343,460.9023067668811,189.32800624781947,346.0812981122309,4.0,4.0,8.0,6.5,10.0,5.066228051190222,6.295741706611193
APAC,Accessories,2011,41,10,4,Autumn,0.0,0.0,112.2,1,-0.9709418174260521,0.23931566428755738,2011-41,2011-10-10,502.8945812025736,185.394,108.6288,206.69357030064344,461.19990676688116,197.77932601049224,345.7522137336747,14.0,5.0,2.0,5.5,9.916666666666666,5.802298395176403,6.416715859709108
APAC,Accessories,2011,43,10,4,Autumn,1.0,0.47,62.3598,2,-0.8854560256532101,0.464723172043768,2011-43,2011-10-24,112.2,118.935,439.5237,192.54977030064347,429.7695817668812,207.91061193512917,364.53453698329184,1.0,3.0,12.0,5.25,9.083333333333334,5.9651767227244274,6.761634193720993
APAC,Accessories,2011,44,11,4,Autumn,0.3333333333333333,0.15,539.8980812025736,8,-0.822983865893657,0.5680647467311548,2011-44,2011-10-31,62.3598,92.7447,804.0795,304.33811560128686,407.75446353376225,251.91514981186535,347.4509908566971,2.0,4.0,18.0,6.25,8.25,6.020797289396148,6.151496491985431
APAC,Accessories,2011,45,11,4,Autumn,1.0,0.4525,1096.6509,10,-0.7485107481711011,0.6631226582407952,2011-45,2011-11-07,539.8980812025736,502.8945812025736,833.8296,452.7771953006435,429.6562385337623,479.7853564792638,383.1954316015948,8.0,14.0,11.0,5.25,8.166666666666666,4.425306015783918,6.117535649609441
APAC,Accessories,2011,46,11,4,Autumn,0.0,0.0,250.38,4,-0.6631226582407955,0.7485107481711007,2011-46,2011-11-14,1096.6509,112.2,971.2506,487.32219530064344,369.5836885337623,451.2133033952334,345.19258247751026,10.0,1.0,21.0,6.0,6.75,3.651483716701107,4.673425840955333
APAC,Accessories,2011,47,11,4,Spring,0.4,0.1,1041.93,21,-0.5680647467311559,0.8229838658936564,2011-47,2011-11-21,250.38,62.3598,416.7108,732.2147453006435,421.6852885337623,407.38502300824547,396.34589877218065,4.0,2.0,12.0,10.75,7.5,7.274384280931732,6.097689577357817
APAC,Accessories,2011,48,11,4,Spring,0.3333333333333333,0.13333333333333333,544.854,11,-0.4647231720437684,0.88545602565321,2011-48,2011-11-28,1041.93,539.8980812025736,937.332,733.4537250000001,388.97878853376227,406.611969089822,364.8702390688942,21.0,8.0,14.0,11.5,7.25,7.047458170621991,5.863988713867346
APAC,Accessories,2011,49,12,4,Autumn,0.25,0.025,917.6161624051472,24,-0.35460488704253595,0.9350162426854147,2011-49,2011-12-05,544.854,1096.6509,119.5044,688.6950406012869,455.48810206752455,360.5505680335362,383.54712481321394,11.0,10.0,4.0,15.0,8.916666666666666,9.201449161228174,7.476731582149725
APAC,Accessories,2011,50,12,4,Autumn,0.875,0.3725,1134.6312812025735,28,-0.2393156642875578,0.970941817426052,2011-50,2011-12-12,917.6161624051472,250.38,185.394,909.7578609019303,534.5912088344056,259.00714926755677,419.02369018179326,24.0,4.0,5.0,21.0,10.833333333333334,7.2571803523590805,9.143634977735092
APAC,Accessories,2011,51,12,4,Winter,0.5,0.16666666666666666,1077.1485812025737,22,-0.12053668025532363,0.992708874098054,2011-51,2011-12-19,1134.6312812025735,1041.93,118.935,918.5625062025738,614.4423406012869,265.5147214303113,423.8860654923336,28.0,21.0,3.0,21.25,12.416666666666666,7.274384280931732,9.307458722916147
APAC,Accessories,2011,52,12,4,Winter,0.0,0.0,389.94,8,6.432490598706546e-16,1.0,2011-52,2011-12-26,1077.1485812025737,544.854,92.7447,879.8340062025736,639.2086156012869,339.2532591321605,398.5594302555916,22.0,11.0,4.0,20.5,12.75,8.698658900466592,9.046596547371232
APAC,Accessories,2012,1,1,1,Winter,0.6666666666666666,0.3133333333333333,565.8951,14,0.12053668025532305,0.992708874098054,2012-1,2012-01-02,389.94,917.6161624051472,502.8945812025736,791.9037406012869,644.4586588344056,370.35187797592346,397.01252717247775,8.0,24.0,14.0,18.0,12.75,8.793937305515279,9.046596547371232
APAC,Accessories,2012,2,1,1,Winter,0.5,0.21166666666666667,529.3785812025736,12,0.23931566428755774,0.970941817426052,2012-2,2012-01-09,565.8951,1134.6312812025735,112.2,640.5905656012869,679.2235406012868,300.75245916272013,362.9737524148164,14.0,28.0,1.0,14.0,13.666666666666666,5.887840577551898,8.271894730002458
APAC,Accessories,2012,3,1,1,Summer,0.0,0.0,433.14,7,0.3546048870425356,0.9350162426854148,2012-3,2012-01-16,529.3785812025736,1077.1485812025737,62.3598,479.5884203006435,710.1218906012869,81.89871406030288,318.78022244695063,12.0,22.0,2.0,10.25,14.083333333333334,3.3040379335998344,7.739606911950707
APAC,Accessories,2012,4,1,1,Summer,1.0,0.285,299.6055,7,0.4647231720437685,0.8854560256532099,2012-4,2012-01-23,433.14,389.94,539.8980812025736,457.00479530064354,690.0975088344057,118.93854149542705,337.4456163242456,7.0,8.0,8.0,10.0,14.0,3.5590260840104366,7.816067367347156
APAC,Accessories,2012,5,2,1,Summer,1.0,0.4,94.896,4,0.5680647467311558,0.8229838658936564,2012-5,2012-01-30,299.6055,565.8951,1096.6509,339.25502030064354,606.6179338344057,188.18853408708748,351.350393182606,7.0,14.0,10.0,7.5,13.5,3.316624790355399,8.273726213414694
APAC,Accessories,2012,6,2,1,Winter,0.0,0.0,414.9,5,0.6631226582407952,0.7485107481711011,2012-6,2012-02-06,94.896,529.3785812025736,250.38,310.6353750000001,620.3279338344056,155.5030881158402,339.18522938150386,4.0,12.0,4.0,5.75,13.583333333333334,1.4999999999999984,8.173775508331879
APAC,Accessories,2012,7,2,1,Summer,0.6666666666666666,0.22833333333333336,1643.1786,28,0.7485107481711011,0.6631226582407953,2012-7,2012-02-13,414.9,433.14,1041.93,613.1450250000001,670.4319838344056,699.3233256072633,437.33313818476574,5.0,7.0,21.0,11.0,14.166666666666666,11.40175425099138,8.962886439832502
APAC,Accessories,2012,8,2,1,Summer,1.0,0.1,260.82,4,0.8229838658936564,0.5680647467311559,2012-8,2012-02-20,1643.1786,299.6055,544.854,603.44865,646.7624838344057,705.3625904376345,452.1818033222853,28.0,7.0,11.0,10.25,13.583333333333334,11.84271928232701,9.404624909956254
APAC,Accessories,2012,9,3,1,Summer,1.0,0.4,246.4905812025736,7,0.8854560256532099,0.4647231720437686,2012-9,2012-02-27,260.82,94.896,917.6161624051472,641.3472953006435,590.8353520675245,672.2244634449963,457.11287325430766,4.0,4.0,24.0,11.0,12.166666666666666,11.40175425099138,8.962886439832502
APAC,Accessories,2012,10,3,1,Summer,1.0,0.1,121.419,4,0.9350162426854148,0.35460488704253557,2012-10,2012-03-05,246.4905812025736,414.9,1134.6312812025735,567.9770453006435,506.4009953006434,719.5302792161809,440.8217264543141,7.0,5.0,28.0,10.75,10.166666666666666,11.586630226256467,7.696910045104089
APAC,Accessories,2012,11,3,1,Winter,0.0,0.0,246.4905812025736,9,0.970941817426052,0.23931566428755804,2012-11,2012-03-12,121.419,1643.1786,1077.1485812025737,218.80504060128692,437.17949530064334,65.27448719074019,406.96917053802986,4.0,28.0,22.0,6.0,9.083333333333334,2.449489742783178,6.734690832255078
APAC,Accessories,2012,12,3,1,Autumn,1.0,0.20000000000000004,898.344,17,0.992708874098054,0.120536680255323,2012-12,2012-03-19,246.4905812025736,260.82,389.94,378.18604060128695,479.54649530064336,351.7484915473235,427.54739680508743,9.0,4.0,8.0,9.25,9.833333333333334,5.560275772537426,7.094598884597587
APAC,Accessories,2012,13,3,1,Autumn,1.0,0.2233333333333333,325.0278,7,1.0,-1.6081226496766366e-16,2012-13,2012-03-26,898.344,246.4905812025736,565.8951,397.82034530064357,459.4742203006435,344.05478476105617,428.77730314790085,17.0,7.0,14.0,9.25,9.25,5.560275772537426,7.008112182580723
APAC,Accessories,2012,14,4,2,Spring,0.0,0.0,72.84,1,0.992708874098054,-0.12053668025532288,2012-14,2012-04-02,325.0278,121.419,529.3785812025736,385.6755953006435,421.4293385337623,357.65235731941334,442.05924910717187,7.0,4.0,12.0,8.5,8.333333333333334,6.60807586719967,7.327821620165824
APAC,Accessories,2012,16,4,2,Spring,0.6666666666666666,0.3233333333333333,181.8804,8,0.9350162426854148,-0.35460488704253545,2012-16,2012-04-16,72.84,246.4905812025736,433.14,369.5230500000001,400.4910385337623,367.36086739870655,447.3727124619469,1.0,9.0,7.0,8.25,8.416666666666666,6.601767440112787,7.316958301635917
APAC,Accessories,2012,17,4,2,Spring,0.0,0.0,742.95,9,0.8854560256532099,-0.4647231720437685,2012-17,2012-04-23,181.8804,898.344,299.6055,330.6745500000001,437.4364135337623,293.6104486709049,456.4971872867403,8.0,17.0,7.0,6.25,8.583333333333334,3.593976442141304,7.304523297660197
APAC,Accessories,2012,18,4,2,Autumn,1.0,0.285,287.0793,5,0.8229838658936565,-0.5680647467311557,2012-18,2012-04-30,742.95,325.0278,94.896,321.1874250000001,453.45168853376225,294.46557499993537,446.6523928366925,9.0,7.0,4.0,5.75,8.666666666666666,3.593976442141304,7.253003557565693
APAC,Accessories,2012,19,5,2,Autumn,0.3333333333333333,0.03333333333333333,627.951,12,0.7485107481711013,-0.663122658240795,2012-19,2012-05-07,287.0793,72.84,414.9,459.96517500000016,471.20593853376226,268.03004585464384,449.2077041951257,5.0,1.0,5.0,8.5,9.25,2.886751345948129,7.212678231609065
APAC,Accessories,2012,20,5,2,Autumn,0.6666666666666666,0.06666666666666667,541.2405812025736,10,0.6631226582407952,-0.7485107481711012,2012-20,2012-05-14,627.951,181.8804,1643.1786,549.8052203006436,379.37777030064336,193.65771440924095,261.0919654708423,12.0,8.0,28.0,9.0,7.75,2.9439202887759492,4.20227211268986
APAC,Accessories,2012,21,5,2,Spring,0.42857142857142855,0.14857142857142858,1513.1358812025735,21,0.5680647467311558,-0.8229838658936564,2012-21,2012-05-21,541.2405812025736,742.95,260.82,742.3516906012869,483.73742706752455,533.8271925315418,414.5665219543883,10.0,9.0,4.0,12.0,9.166666666666666,6.683312551921141,5.491039532867629
APAC,Accessories,2012,22,5,2,Spring,0.0,0.0,30.51,1,0.46472317204376906,-0.8854560256532096,2012-22,2012-05-28,1513.1358812025735,287.0793,246.4905812025736,678.2093656012869,465.73904530064345,615.8742041107064,430.1966935122505,21.0,5.0,7.0,11.0,8.666666666666666,8.205689083394114,5.959458995173263
APAC,Accessories,2012,23,6,2,Spring,0.6,0.288,1490.3835,23,0.35460488704253584,-0.9350162426854147,2012-23,2012-06-04,30.51,627.951,121.419,893.8174906012869,579.8194203006434,732.3606973061638,505.50866619909084,1.0,12.0,4.0,13.75,10.25,10.242883708539635,7.034008297355976
APAC,Accessories,2012,24,6,2,Autumn,0.5,0.05,216.072,6,0.23931566428755768,-0.970941817426052,2012-24,2012-06-11,1490.3835,541.2405812025736,246.4905812025736,812.5253453006435,577.2845385337623,799.5105574277342,507.4048133680984,23.0,10.0,9.0,12.75,10.0,10.90489186863706,7.135060680126758
APAC,Accessories,2012,25,6,2,Autumn,0.3333333333333333,0.03333333333333333,1325.346,13,0.12053668025532308,-0.992708874098054,2012-25,2012-06-18,216.072,1513.1358812025735,898.344,765.5778750000001,612.8680385337622,748.5463769453847,545.5088231589823,6.0,21.0,17.0,10.75,9.666666666666666,9.535023160258536,6.866696087021411
APAC,Accessories,2012,26,6,2,Winter,0.8571428571428571,0.23428571428571426,1677.3447812025736,32,-3.216245299353273e-16,-1.0,2012-26,2012-06-25,1325.346,30.51,325.0278,1177.2865703006435,725.5611203006433,656.7452440022565,615.7951697685834,13.0,1.0,7.0,18.5,11.75,11.387127235025815,9.333468613738216
APAC,Accessories,2012,27,7,3,Summer,0.0,0.0,38.52,1,-0.12053668025532283,-0.992708874098054,2012-27,2012-07-02,1677.3447812025736,1490.3835,72.84,814.3206953006435,722.7011203006433,809.4701261005694,619.172694892947,32.0,23.0,1.0,13.0,11.75,13.589211407093005,9.333468613738216
APAC,Accessories,2012,28,7,3,Summer,1.0,0.45999999999999996,421.64250000000004,10,-0.23931566428755743,-0.9709418174260521,2012-28,2012-07-09,38.52,216.072,181.8804,865.7133203006435,742.6812953006433,764.0801683867779,603.8122706261211,1.0,6.0,8.0,14.0,11.916666666666666,13.038404810405297,9.278110439811186
APAC,Accessories,2012,29,7,3,Winter,1.0,0.1,483.6585812025736,17,-0.3546048870425356,-0.9350162426854148,2012-29,2012-07-16,421.64250000000004,1325.346,742.95,655.291465601287,721.0736770675245,709.2366099887764,608.4235862959448,10.0,13.0,9.0,15.0,12.583333333333334,13.089435944047908,9.33671475542883
APAC,Accessories,2012,31,8,3,Winter,1.0,0.1,331.452,9,-0.5680647467311556,-0.8229838658936566,2012-31,2012-07-30,483.6585812025736,1677.3447812025736,287.0793,318.8182703006435,724.7714020675245,197.03796738290438,605.6748090763185,17.0,32.0,5.0,9.25,12.916666666666666,6.551081335677848,9.110017795944431
APAC,Accessories,2012,32,8,3,Summer,0.3333333333333333,0.15666666666666665,800.8836,11,-0.663122658240795,-0.7485107481711013,2012-32,2012-08-06,331.452,38.52,627.951,509.4091703006435,739.1824520675245,204.11775921800307,605.2188525212368,9.0,1.0,12.0,11.75,12.833333333333334,3.5939764421413027,9.12372863704441
APAC,Accessories,2012,33,8,3,Summer,1.0,0.40800000000000003,879.8667,21,-0.7485107481711011,-0.6631226582407952,2012-33,2012-08-13,800.8836,421.64250000000004,541.2405812025736,623.9652203006435,767.4012953006435,259.5095485805315,603.0410727706525,11.0,10.0,10.0,14.5,13.75,5.507570547286101,9.3626433718844
APAC,Accessories,2012,34,8,3,Summer,0.0,0.0,418.4805812025736,10,-0.8229838658936564,-0.5680647467311559,2012-34,2012-08-20,879.8667,483.6585812025736,1513.1358812025735,607.6707203006436,676.1800203006434,272.95393898524446,561.3306941299924,21.0,17.0,21.0,12.75,12.833333333333334,5.560275772537425,9.12372863704441
APAC,Accessories,2012,35,8,3,Summer,0.5,0.05,389.934,5,-0.8854560256532096,-0.4647231720437691,2012-35,2012-08-27,418.4805812025736,331.452,30.51,622.2912203006434,706.1320203006434,254.14498504097827,532.6004106160276,10.0,9.0,1.0,11.75,13.166666666666666,6.701989754294366,8.716059715817519
APAC,Accessories,2012,36,9,3,Summer,1.0,0.47,246.4905812025736,9,-0.9350162426854147,-0.3546048870425359,2012-36,2012-09-03,389.934,800.8836,1490.3835,483.69296560128697,602.4742770675244,274.62823216210256,485.0094570410025,5.0,11.0,23.0,11.25,12.0,6.849574196011504,8.201995322647244
APAC,Accessories,2012,37,9,3,Summer,0.0,0.0,733.86,12,-0.970941817426052,-0.23931566428755774,2012-37,2012-09-10,246.4905812025736,879.8667,216.072,447.1912906012869,645.6232770675246,205.39589890635392,470.31801249665205,9.0,21.0,6.0,9.0,12.5,2.9439202887759457,7.982936347439627
APAC,Accessories,2012,38,9,3,Summer,0.0,0.0,86.04,2,-0.992708874098054,-0.12053668025532357,2012-38,2012-09-17,733.86,418.4805812025736,1325.346,364.08114530064347,542.3477770675246,276.0067576007691,442.7506869525702,12.0,10.0,13.0,7.0,11.583333333333334,4.3969686527576375,8.532913105183134
APAC,Accessories,2012,39,9,3,Autumn,1.0,0.285,276.606,4,-1.0,-1.8369701987210297e-16,2012-39,2012-09-24,86.04,389.934,1677.3447812025736,335.7491453006435,425.61954530064344,278.27559048368573,265.46778786838934,2.0,5.0,32.0,6.75,9.25,4.573474244670746,5.848465222136955
APAC,Accessories,2012,40,10,4,Autumn,0.5,0.05000000000000001,1043.4765812025737,22,-0.992708874098054,0.1205366802553232,2012-40,2012-10-01,276.606,246.4905812025736,38.52,534.9956453006434,509.3659270675245,434.5212975185463,289.66193330817435,4.0,9.0,1.0,10.0,11.0,9.092121131323903,6.281285334590801
APAC,Accessories,2012,41,10,4,Autumn,1.0,0.45,422.9775,3,-0.9709418174260521,0.23931566428755738,2012-41,2012-10-08,1043.4765812025737,733.86,421.64250000000004,457.2750203006435,509.4771770675245,414.43347881843283,289.62543268568953,22.0,12.0,10.0,7.75,10.416666666666666,9.535023160258534,6.694072457077684
APAC,Accessories,2012,42,10,4,Autumn,0.0,0.0,204.54,2,-0.9350162426854148,0.35460488704253557,2012-42,2012-10-15,422.9775,86.04,483.6585812025736,486.9000203006435,486.2172953006434,382.01846062958475,302.79600404320564,3.0,2.0,17.0,7.75,9.166666666666666,9.535023160258534,6.753225940693872
APAC,Accessories,2012,43,10,4,Autumn,0.5714285714285714,0.20285714285714285,1400.9649812025737,39,-0.8854560256532101,0.464723172043768,2012-43,2012-10-22,204.54,276.606,331.452,767.989765601287,575.3433770675246,551.6821883739193,396.12086671642663,2.0,4.0,9.0,16.5,11.666666666666666,17.59734828508735,10.940611029415573
APAC,Accessories,2012,44,10,4,Autumn,0.8333333333333334,0.26499999999999996,1012.0749812025736,24,-0.822983865893657,0.5680647467311548,2012-44,2012-10-29,1400.9649812025737,1043.4765812025737,800.8836,760.139365601287,592.9426588344057,546.6558340465717,411.44738278372233,39.0,22.0,11.0,17.0,12.75,17.832554500127006,11.498023545572753
APAC,Accessories,2012,45,11,4,Autumn,0.3333333333333333,0.13333333333333333,446.49,12,-0.7485107481711011,0.6631226582407952,2012-45,2012-11-05,1012.0749812025736,422.9775,879.8667,766.0174906012869,556.8279338344057,541.9278531944223,402.9042444703307,24.0,3.0,21.0,19.25,12.0,15.945218719101975,11.2006493318265
APAC,Accessories,2012,46,11,4,Autumn,0.6,0.13,1500.735,28,-0.6631226582407955,0.7485107481711007,2012-46,2012-11-12,446.49,204.54,418.4805812025736,1090.0662406012868,647.0158020675245,478.0445832983313,482.4053814898626,12.0,2.0,10.0,25.75,13.5,11.146748404803978,12.079283542871691
APAC,Accessories,2012,47,11,4,Autumn,0.5,0.125,727.983,11,-0.5680647467311559,0.8229838658936564,2012-47,2012-11-19,1500.735,1400.9649812025737,389.934,921.8207453006435,675.1865520675245,449.74064019300926,475.8538749461741,28.0,39.0,5.0,18.75,14.0,8.539125638299666,11.816783134015939
APAC,Accessories,2012,48,11,4,Autumn,0.16666666666666666,0.07833333333333332,1144.2213812025736,28,-0.4647231720437684,0.88545602565321,2012-48,2012-11-26,727.983,1012.0749812025736,246.4905812025736,954.8573453006436,749.9974520675246,463.23157575045735,472.8885511325207,11.0,24.0,9.0,19.75,15.583333333333334,9.535023160258536,12.346941714326249
APAC,Accessories,2012,49,12,4,Autumn,1.0,0.285,333.6942,4,-0.35460488704253595,0.9350162426854147,2012-49,2012-12-03,1144.2213812025736,446.49,733.86,926.6583953006435,716.6503020675245,505.95653650753763,487.99804312942746,28.0,12.0,12.0,17.75,14.916666666666666,12.175795661885921,12.76684864179192
APAC,Accessories,2012,50,12,4,Spring,1.0,0.4,70.272,4,-0.2393156642875578,0.970941817426052,2012-50,2012-12-10,333.6942,1500.735,86.04,569.0426453006435,715.3363020675246,469.13170215649427,489.8680553556936,4.0,28.0,2.0,11.75,15.083333333333334,11.324751652906125,12.594792093511819
APAC,Accessories,2012,51,12,4,Spring,1.0,0.1,103.194,2,-0.12053668025532363,0.992708874098054,2012-51,2012-12-17,70.272,727.983,276.606,412.84539530064353,700.8853020675245,501.4699267323969,506.2702989379492,4.0,11.0,4.0,9.5,14.916666666666666,12.36931687685298,12.76684864179192
APAC,Accessories,2012,52,12,4,Summer,0.5,0.1425,1126.9005812025734,13,6.432490598706546e-16,1.0,2012-52,2012-12-24,103.194,1144.2213812025736,1043.4765812025737,408.5151953006435,707.8373020675245,493.0534911759055,511.9433599106847,2.0,28.0,22.0,5.75,14.166666666666666,4.924428900898051,12.575830594895715
APAC,Accessories,2013,1,1,1,Summer,0.6666666666666666,0.06666666666666667,437.92658120257363,14,0.12053668025532305,0.992708874098054,2013-1,2012-12-31,1126.9005812025734,333.6942,422.9775,434.5732906012869,709.0830588344056,490.5289615786716,511.2048254153987,13.0,4.0,3.0,8.25,15.083333333333334,6.1305247192498395,12.078969954077834
APAC,Accessories,2013,2,1,1,Summer,1.0,0.1,358.5945812025736,6,0.23931566428755774,0.970941817426052,2013-2,2013-01-07,437.92658120257363,70.272,204.54,506.65393590193025,721.9209406012868,437.4665102163638,499.17521509745063,14.0,4.0,2.0,8.75,15.416666666666666,5.737304826019501,11.735403570806454
APAC,Accessories,2013,3,1,1,Summer,0.5,0.05,677.1959999999999,10,0.3546048870425356,0.9350162426854148,2013-3,2013-01-14,358.5945812025736,103.194,1400.9649812025737,650.1544359019302,661.6068588344057,345.4783854456948,451.0775884445571,6.0,2.0,39.0,10.75,13.0,3.5939764421413027,9.135345940605937
APAC,Accessories,2013,5,1,1,Winter,1.0,0.45,113.949,2,0.5680647467311558,0.8229838658936564,2013-5,2013-01-28,677.1959999999999,1126.9005812025734,1012.0749812025736,396.9165406012869,586.7630270675245,232.21943673822165,462.017604394106,10.0,13.0,24.0,8.0,11.166666666666666,5.1639777949432215,8.932406102942181
APAC,Accessories,2013,6,2,1,Winter,0.7142857142857143,0.17714285714285713,1577.2209,27,0.6631226582407952,0.7485107481711011,2013-6,2013-02-04,113.949,437.92658120257363,446.49,681.7401203006434,680.9906020675245,639.9781953503091,539.5997826434485,2.0,14.0,12.0,11.25,12.416666666666666,10.996211468804457,10.040448498976826
APAC,Accessories,2013,7,2,1,Winter,0.0,0.0,496.8705812025736,7,0.7485107481711011,0.6631226582407953,2013-7,2013-02-11,1577.2209,358.5945812025736,1500.735,716.3091203006435,597.3352338344056,620.1316837508158,474.895953795856,27.0,6.0,28.0,11.5,10.666666666666666,10.847426730181986,8.835191342614262
APAC,Accessories,2013,8,2,1,Winter,0.0,0.0,28.17,1,0.8229838658936564,0.5680647467311559,2013-8,2013-02-18,496.8705812025736,677.1959999999999,727.983,554.0526203006435,539.0174838344057,711.8957885145729,499.7141493138759,7.0,10.0,11.0,9.25,9.833333333333334,12.120918557051139,9.262174625209717
APAC,Accessories,2013,9,2,1,Summer,0.5,0.05,148.836,4,0.8854560256532099,0.4647231720437686,2013-9,2013-02-25,28.17,113.949,1144.2213812025736,562.7743703006436,456.0687020675245,704.8857775527061,471.9649803503029,1.0,2.0,28.0,9.75,7.833333333333333,11.757976016304847,7.383437648897125
APAC,Accessories,2013,10,3,1,Summer,1.0,0.10000000000000002,907.2345812025736,17,0.9350162426854148,0.35460488704253557,2013-10,2013-03-04,148.836,1577.2209,333.6942,395.27779060128694,503.8637338344056,394.9356642204958,487.23926551428895,4.0,27.0,4.0,7.25,8.916666666666666,6.946221994724902,7.716079236754815
APAC,Accessories,2013,11,3,1,Winter,0.0,0.0,218.52,3,0.970941817426052,0.23931566428755804,2013-11,2013-03-11,907.2345812025736,496.8705812025736,70.272,325.6901453006435,516.2177338344056,395.59027479703946,477.0182881423631,17.0,7.0,4.0,6.25,8.833333333333334,7.274384280931732,7.7791485083620495
APAC,Accessories,2013,12,3,1,Spring,0.0,0.0,339.9105812025736,11,0.992708874098054,0.120536680255323,2013-12,2013-03-18,218.52,28.17,103.194,403.62529060128696,535.9441156012869,344.8977785699152,463.0763696246551,3.0,1.0,2.0,8.75,9.583333333333334,6.551081335677848,7.488880646220322
APAC,Accessories,2013,13,3,1,Autumn,1.0,0.42500000000000004,156.83399999999997,4,1.0,-1.6081226496766366e-16,2013-13,2013-03-25,339.9105812025736,148.836,1126.9005812025734,405.624790601287,455.1052338344057,342.94596245760965,434.31375368124986,11.0,4.0,13.0,8.75,8.833333333333334,6.551081335677848,7.56587233849635
APAC,Accessories,2013,14,4,2,Spring,0.6666666666666666,0.3133333333333333,397.5882812025736,17,0.992708874098054,-0.12053668025532288,2013-14,2013-04-01,156.83399999999997,907.2345812025736,437.92658120257363,278.21321560128695,451.74370883440565,110.08052382726498,434.6148031756575,4.0,17.0,14.0,8.75,9.083333333333334,6.551081335677848,7.798115545476742
APAC,Accessories,2013,15,4,2,Autumn,0.6666666666666666,0.26666666666666666,393.828,8,0.9709418174260521,-0.2393156642875575,2013-15,2013-04-08,397.5882812025736,218.52,358.5945812025736,322.04021560128695,454.6798270675245,113.24522042157643,434.0469516288684,17.0,3.0,6.0,10.0,9.25,5.477225575051661,7.747433592663266
APAC,Accessories,2013,16,4,2,Spring,0.5,0.235,107.2956,3,0.9350162426854148,-0.35460488704253545,2013-16,2013-04-15,393.828,339.9105812025736,677.1959999999999,263.8864703006435,407.1881270675246,153.55987696231807,438.640579059434,8.0,11.0,10.0,8.0,8.666666666666666,6.377042156569663,7.946792758812522
APAC,Accessories,2013,17,4,2,Autumn,0.6666666666666666,0.06666666666666667,541.6005812025736,12,0.8854560256532099,-0.4647231720437685,2013-17,2013-04-22,107.2956,156.83399999999997,113.949,360.0781156012869,442.82575883440563,182.02149408979778,429.93637649619023,3.0,4.0,2.0,10.0,9.5,5.944184833375669,7.704780098330927
APAC,Accessories,2013,18,4,2,Autumn,1.0,0.36,296.5773,11,0.8229838658936565,-0.5680647467311557,2013-18,2013-04-29,541.6005812025736,397.5882812025736,1577.2209,334.8253703006435,336.1054588344057,182.08973008726852,239.53814887055668,12.0,17.0,27.0,8.5,8.166666666666666,4.04145188432738,5.457827295534255
APAC,Accessories,2013,19,5,2,Autumn,0.5,0.10000000000000002,1502.4660000000001,25,0.7485107481711013,-0.663122658240795,2013-19,2013-05-06,296.5773,393.828,496.8705812025736,611.9848703006435,419.9050770675246,619.705248609378,413.57056643483264,11.0,8.0,7.0,12.75,9.666666666666666,9.105858919765158,7.2780283710423195
APAC,Accessories,2013,20,5,2,Autumn,1.0,0.25,281.178,8,0.6631226582407952,-0.7485107481711012,2013-20,2013-05-13,1502.4660000000001,107.2956,28.17,655.4554703006436,440.98907706752453,577.1386139354807,397.9379986274828,25.0,3.0,1.0,14.0,10.25,7.52772652709081,6.784005252999677
APAC,Accessories,2013,22,5,2,Autumn,1.0,0.42500000000000004,458.08799999999997,11,0.46472317204376906,-0.8854560256532096,2013-22,2013-05-27,281.178,541.6005812025736,148.836,634.5773250000001,466.7600770675245,584.0988312042938,387.1657359113488,8.0,12.0,4.0,13.75,10.833333333333334,7.632168761236874,6.492419822494158
APAC,Accessories,2013,23,6,2,Spring,0.5,0.245,1307.751,15,0.35460488704253584,-0.9350162426854147,2013-23,2013-06-03,458.08799999999997,296.5773,907.2345812025736,887.3707500000002,500.1364453006434,607.4029554210692,441.9739336088154,11.0,11.0,17.0,14.75,10.666666666666666,7.41057802513857,6.3436916887900665
APAC,Accessories,2013,24,6,2,Spring,0.5,0.25,1113.945,28,0.23931566428755768,-0.970941817426052,2013-24,2013-06-10,1307.751,1502.4660000000001,218.52,790.2405000000001,574.7551953006433,497.35018953550167,465.08925470139974,15.0,25.0,3.0,15.5,12.75,8.812869377601524,7.58137670395507
APAC,Accessories,2013,25,6,2,Spring,1.0,0.47,178.3503,6,0.12053668025532308,-0.992708874098054,2013-25,2013-06-17,1113.945,281.178,339.9105812025736,764.5335750000002,561.2918385337622,533.7581340741534,474.7437459751785,28.0,8.0,11.0,15.0,12.333333333333334,9.41629792788369,7.819943423805256
APAC,Accessories,2013,26,6,2,Summer,0.5,0.05,338.856,4,-3.216245299353273e-16,-1.0,2013-26,2013-06-24,178.3503,458.08799999999997,156.83399999999997,734.725575,576.4603385337622,559.294697822107,463.4189569408705,6.0,11.0,4.0,13.25,12.333333333333334,10.935416468216166,7.819943423805256
APAC,Accessories,2013,27,7,3,Winter,1.0,0.4,23.112,1,-0.12053668025532283,-0.992708874098054,2013-27,2013-07-01,338.856,1307.751,397.5882812025736,413.56582500000013,545.2539817668811,484.387269094804,488.48946732909087,4.0,15.0,17.0,9.75,11.0,12.338962679253067,8.301149975099284
APAC,Accessories,2013,28,7,3,Summer,0.5,0.235,414.84839999999997,16,-0.23931566428755743,-0.9709418174260521,2013-28,2013-07-08,23.112,1113.945,393.828,238.79167500000017,547.0056817668811,174.33657254042302,487.9344705419202,1.0,28.0,8.0,6.75,11.666666666666666,6.500000000000001,8.359353317020869
APAC,Accessories,2013,29,7,3,Summer,0.3333333333333333,0.16166666666666665,1398.1997999999999,20,-0.3546048870425356,-0.9350162426854148,2013-29,2013-07-15,414.84839999999997,178.3503,107.2956,543.7540500000001,654.5810317668812,594.347138019802,523.2066793732849,16.0,6.0,3.0,10.25,13.083333333333334,9.17877987534291,8.195989410940106
APAC,Accessories,2013,30,7,3,Summer,0.8333333333333334,0.20666666666666667,863.9436000000001,24,-0.46472317204376806,-0.8854560256532101,2013-30,2013-07-22,1398.1997999999999,338.856,541.6005812025736,675.0259500000002,681.44295,591.9894288284627,525.1499243681416,20.0,4.0,12.0,15.25,14.083333333333334,10.04572877727976,8.764166021967291
APAC,Accessories,2013,31,7,3,Summer,0.4444444444444444,0.20888888888888887,2337.494862405147,44,-0.5680647467311556,-0.8229838658936566,2013-31,2013-07-29,863.9436000000001,23.112,296.5773,1253.6216656012868,851.5194135337623,826.8562006367325,692.878134395385,24.0,1.0,11.0,26.0,16.833333333333332,12.436505404118419,12.20903788431365
APAC,Accessories,2013,32,8,3,Summer,0.6,0.20400000000000001,822.0951812025736,11,-0.663122658240795,-0.7485107481711013,2013-32,2013-08-05,2337.494862405147,414.84839999999997,1502.4660000000001,1355.4333609019302,794.8218453006434,705.2861263450314,661.9145891378739,44.0,16.0,25.0,24.75,15.666666666666666,13.937359864766353,12.025226010602067
APAC,Accessories,2013,33,8,3,Summer,0.6666666666666666,0.18999999999999997,334.3152,8,-0.7485107481711011,-0.6631226582407952,2013-33,2013-08-12,822.0951812025736,1398.1997999999999,281.178,1089.4622109019303,799.2499453006434,866.0593281690079,658.3340703600171,11.0,20.0,8.0,21.75,15.666666666666666,16.3783393541592,12.025226010602067
APAC,Accessories,2013,34,8,3,Winter,0.5,0.2,479.81399999999996,12,-0.8229838658936564,-0.5680647467311559,2013-34,2013-08-19,334.3152,863.9436000000001,458.08799999999997,993.4298109019303,801.0604453006434,919.0755662656196,657.3396621278879,8.0,24.0,11.0,18.75,15.75,16.91892431568863,11.993369380241274
APAC,Accessories,2013,35,8,3,Summer,0.5,0.11166666666666665,1231.2297,19,-0.8854560256532096,-0.4647231720437691,2013-35,2013-08-26,479.81399999999996,2337.494862405147,1307.751,716.8635203006436,794.6836703006434,399.2417653979835,652.3295357844777,12.0,44.0,15.0,12.5,16.083333333333332,4.6547466812563165,12.026170956658971
APAC,Accessories,2013,36,9,3,Summer,0.5,0.05,505.20599999999996,3,-0.9350162426854147,-0.3546048870425359,2013-36,2013-09-02,1231.2297,822.0951812025736,1113.945,637.6412250000001,743.9554203006434,402.82439386045314,648.9054642318339,19.0,11.0,28.0,10.5,14.0,6.757711644237766,11.939240115914181
APAC,Accessories,2013,37,9,3,Summer,0.4,0.12,1227.7185812025737,15,-0.970941817426052,-0.23931566428755774,2013-37,2013-09-09,505.20599999999996,334.3152,178.3503,860.9920703006435,831.4027770675244,425.6151177381568,636.3399947339902,3.0,8.0,6.0,12.25,14.75,6.800735254367723,11.670670308707438
APAC,Accessories,2013,38,9,3,Summer,0.5,0.10833333333333334,961.4176624051472,22,-0.992708874098054,-0.12053668025532357,2013-38,2013-09-16,1227.7185812025737,479.81399999999996,338.856,981.3929859019304,883.2829156012868,341.6858897207104,617.6360678496803,15.0,12.0,4.0,14.75,16.25,8.341662504161468,11.314712867445074
APAC,Accessories,2013,39,9,3,Autumn,0.5,0.05,442.3275812025736,8,-1.0,-1.8369701987210297e-16,2013-39,2013-09-23,961.4176624051472,1231.2297,23.112,784.1674562025737,918.2175473681679,375.42386279790185,574.9403049111856,22.0,19.0,1.0,12.0,16.833333333333332,8.286535263104037,10.61588289766657
APAC,Accessories,2013,40,10,4,Autumn,1.0,0.4566666666666667,392.7699812025736,10,-0.992708874098054,0.1205366802553232,2013-40,2013-09-30,442.3275812025736,505.20599999999996,414.84839999999997,756.0584515032172,916.3776791350491,406.21884704481437,576.7301181670556,8.0,3.0,16.0,13.75,16.333333333333332,6.238322424070969,10.798428617445246
APAC,Accessories,2013,41,10,4,Autumn,0.75,0.175,807.5715812025736,15,-0.9709418174260521,0.23931566428755738,2013-41,2013-10-07,392.7699812025736,1227.7185812025737,1398.1997999999999,651.0217015032172,867.1586609019301,277.54921741582666,556.7282665826507,10.0,15.0,20.0,13.75,15.916666666666666,6.238322424070969,10.740393875741265
APAC,Accessories,2013,42,10,4,Autumn,0.5,0.22833333333333336,1424.7132,29,-0.9350162426854148,0.35460488704253557,2013-42,2013-10-14,807.5715812025736,961.4176624051472,863.9436000000001,766.8455859019302,913.8894609019302,475.987709147184,579.5030399451153,15.0,22.0,24.0,15.5,16.333333333333332,9.46924847422786,11.170849510573431
APAC,Accessories,2013,43,10,4,Spring,1.0,0.4,68.76,1,-0.8854560256532101,0.464723172043768,2013-43,2013-10-21,1424.7132,442.3275812025736,2337.494862405147,673.4536906012869,724.828222368168,585.0402445462354,421.331563440798,29.0,8.0,44.0,13.75,12.75,11.701139545645402,7.910005171817635
APAC,Accessories,2013,44,10,4,Autumn,0.42857142857142855,0.042857142857142864,2216.1285812025735,40,-0.822983865893657,0.5680647467311548,2013-44,2013-10-28,68.76,392.7699812025736,822.0951812025736,1129.293340601287,840.997672368168,912.2718144898004,603.4216794464143,1.0,10.0,11.0,21.25,15.166666666666666,16.938614661968867,11.109646368100215
APAC,Accessories,2013,45,11,4,Autumn,0.6,0.13399999999999998,996.0319624051472,26,-0.7485107481711011,0.6631226582407952,2013-45,2013-11-04,2216.1285812025735,807.5715812025736,334.3152,1176.4084359019303,896.14073590193,894.8172934860156,582.7922106936205,40.0,15.0,8.0,24.0,16.666666666666668,16.47219880080778,11.268083109814944
APAC,Accessories,2013,46,11,4,Autumn,0.6666666666666666,0.2833333333333334,477.8415,11,-0.6631226582407955,0.7485107481711007,2013-46,2013-11-11,996.0319624051472,1424.7132,479.81399999999996,939.6905109019302,895.9763609019302,931.71758420695,582.9205734759181,26.0,29.0,12.0,19.5,16.583333333333332,17.09775813764288,11.30935520494051
APAC,Accessories,2013,47,11,4,Autumn,0.5,0.05,685.3829999999999,14,-0.5680647467311559,0.8229838658936564,2013-47,2013-11-18,477.8415,68.76,1231.2297,1093.8462609019302,850.4891359019301,777.9008815203244,575.6329366577584,11.0,1.0,19.0,22.75,16.166666666666668,13.200378782444085,11.304330090185736
APAC,Accessories,2013,48,11,4,Spring,0.6666666666666666,0.06666666666666667,815.451,9,-0.4647231720437684,0.88545602565321,2013-48,2013-11-25,685.3829999999999,2216.1285812025735,505.20599999999996,743.6768656012869,876.3428859019301,218.2515655710772,565.5948024206701,14.0,40.0,3.0,15.0,16.666666666666668,7.615773105863909,10.790006599823851
APAC,Accessories,2013,49,12,4,Autumn,1.0,0.32799999999999996,1235.1831,17,-0.35460488704253595,0.9350162426854147,2013-49,2013-12-02,815.451,996.0319624051472,1227.7185812025737,803.4646500000001,876.9649291350491,319.63427253626793,566.0203226780801,9.0,26.0,15.0,12.75,16.833333333333332,3.500000000000001,10.777361233229357
APAC,Accessories,2013,50,12,4,Autumn,0.0,0.0,426.9,7,-0.2393156642875578,0.970941817426052,2013-50,2013-12-09,1235.1831,477.8415,961.4176624051472,790.7292750000001,832.4217906012868,337.45120400215154,579.6382997984697,17.0,11.0,22.0,11.75,15.583333333333334,4.573474244670749,10.99138781322022
APAC,Accessories,2013,51,12,4,Autumn,0.5,0.15,773.112,18,-0.12053668025532363,0.992708874098054,2013-51,2013-12-16,426.9,685.3829999999999,442.3275812025736,812.6615250000002,859.9871588344057,331.11346575320925,567.130905946021,7.0,14.0,8.0,12.75,16.416666666666668,5.560275772537426,10.740393875741265
APAC,Accessories,2013,52,12,4,Winter,0.375,0.13,1746.9165812025735,32,6.432490598706546e-16,1.0,2013-52,2013-12-23,773.112,815.451,392.7699812025736,1045.5279203006435,972.8327088344057,572.9531912926632,599.5115133173877,18.0,9.0,10.0,18.5,18.25,10.279429296739517,11.402750864275124
APAC,Accessories,2014,1,12,4,Winter,0.5454545454545454,0.1809090909090909,1966.9242,43,0.12053668025532305,0.992708874098054,2014-1,2013-12-30,1746.9165812025735,1235.1831,807.5715812025736,1228.4631953006435,1069.4454270675244,744.7520473144195,660.7470321338179,32.0,17.0,15.0,25.0,20.583333333333332,15.769168230019828,13.37200830319088
APAC,Accessories,2014,2,1,1,Winter,1.0,0.48,448.6557,11,0.23931566428755774,0.970941817426052,2014-2,2014-01-06,1966.9242,426.9,1424.7132,1233.9021203006437,988.1073020675245,736.9859071431694,673.0005439019899,43.0,7.0,29.0,26.0,19.083333333333332,14.30617582258329,13.351597339462844
APAC,Accessories,2014,3,1,1,Winter,0.25,0.025,940.5855812025736,17,0.3546048870425356,0.9350162426854148,2014-3,2014-01-13,448.6557,773.112,68.76,1275.770515601287,1060.7594338344059,706.1963582046438,608.7204103802112,11.0,18.0,1.0,25.75,20.416666666666668,14.5,12.124043229980005
APAC,Accessories,2014,4,1,1,Winter,0.3333333333333333,0.145,892.7325000000001,22,0.4647231720437685,0.8854560256532099,2014-4,2014-01-20,940.5855812025736,1746.9165812025735,2216.1285812025735,1062.2244953006434,950.4764270675246,642.5137570884465,488.3509359404452,17.0,32.0,40.0,23.25,18.916666666666668,13.9134227756269,10.483392349402694
APAC,Accessories,2014,5,1,1,Winter,1.0,0.4566666666666667,189.46679999999998,9,0.5680647467311558,0.8229838658936564,2014-5,2014-01-27,892.7325000000001,1966.9242,996.0319624051472,617.8601453006436,883.2626635337624,361.4127469452028,534.806767870592,22.0,43.0,26.0,14.75,17.5,5.909032633745281,10.587299423880904
APAC,Accessories,2014,6,2,1,Winter,1.0,0.45,89.397,6,0.6631226582407952,0.7485107481711011,2014-6,2014-02-03,189.46679999999998,448.6557,477.8415,528.0454703006435,850.8922885337623,451.01144450134143,572.0365012453493,9.0,11.0,11.0,13.5,17.083333333333332,7.325753658611972,10.958254118851833
APAC,Accessories,2014,7,2,1,Winter,0.7777777777777778,0.23444444444444443,1686.8554624051471,45,0.7485107481711011,0.6631226582407953,2014-7,2014-02-10,89.397,940.5855812025736,685.3829999999999,714.6129406012869,934.3483270675246,740.1926641116931,616.9827996270831,6.0,17.0,14.0,20.5,19.666666666666668,17.74823934929885,13.519906759585234
APAC,Accessories,2014,8,2,1,Winter,1.0,0.4475,681.5310812025735,18,0.8229838658936564,0.5680647467311559,2014-8,2014-02-17,1686.8554624051471,892.7325000000001,815.451,661.8125859019303,923.1883338344056,730.7238106082832,620.5299029808596,45.0,22.0,9.0,19.5,20.416666666666668,17.74823934929885,13.118053717428248
APAC,Accessories,2014,9,2,1,Winter,0.0,0.0,83.58,2,0.8854560256532099,0.4647231720437686,2014-9,2014-02-24,681.5310812025735,189.46679999999998,1235.1831,635.3408859019303,827.2214088344057,755.0521484210282,655.9321318294627,18.0,9.0,17.0,17.75,19.166666666666668,19.397164741270824,14.14749147911088
APAC,Accessories,2014,10,3,1,Summer,0.0,0.0,143.28,3,0.9350162426854148,0.35460488704253557,2014-10,2014-03-03,83.58,89.397,426.9,648.8116359019302,803.5864088344057,742.4407013277837,676.4568009372613,2.0,6.0,7.0,17.0,18.833333333333332,20.049937655763422,14.502873278538054
APAC,Accessories,2014,11,3,1,Winter,0.75,0.3475,397.9839,13,0.970941817426052,0.23931566428755804,2014-11,2014-03-10,143.28,1686.8554624051471,773.112,326.5937453006435,772.3257338344057,273.091362139944,686.5850796010445,3.0,45.0,18.0,9.0,18.416666666666668,7.788880963698612,14.600487746107738
APAC,Accessories,2014,12,3,1,Spring,0.0,0.0,360.63,3,0.992708874098054,0.120536680255323,2014-12,2014-03-17,397.9839,681.5310812025735,1746.9165812025735,246.3684750000001,656.8018520675246,156.1732525796323,621.2089852728003,13.0,18.0,32.0,5.25,16.0,5.188127472091122,14.547727095198187
APAC,Accessories,2014,13,3,1,Spring,0.0,0.0,318.48,8,1.0,-1.6081226496766366e-16,2014-13,2014-03-24,360.63,83.58,1966.9242,305.0934750000001,519.4315020675245,112.65838688842308,468.70230807518993,3.0,2.0,43.0,6.75,13.083333333333334,4.787135538781685,11.912242238618012
APAC,Accessories,2014,14,4,2,Autumn,0.625,0.18375,1580.1252,26,0.992708874098054,-0.12053668025532288,2014-14,2014-03-31,318.48,143.28,448.6557,664.3047750000001,613.7206270675246,611.4101196641102,558.3968145179142,8.0,3.0,11.0,12.5,14.333333333333334,9.88264472024906,12.448682539517861
APAC,Accessories,2014,15,4,2,Spring,0.3333333333333333,0.03333333333333333,595.386,10,0.9709418174260521,-0.2393156642875575,2014-15,2014-04-07,1580.1252,397.9839,940.5855812025736,713.6553000000001,584.9539953006434,590.352463956541,548.8369734903696,26.0,13.0,17.0,11.75,13.75,9.94568583189046,12.476341246899702
APAC,Accessories,2014,16,4,2,Spring,0.0,0.0,61.8,2,0.9350162426854148,-0.35460488704253545,2014-16,2014-04-14,595.386,360.63,892.7325000000001,638.9478000000001,515.7096203006435,664.2067254933204,558.8028886000307,10.0,3.0,22.0,11.5,12.083333333333334,10.246950765959596,12.609219811012265
APAC,Accessories,2014,17,4,2,Autumn,0.8,0.154,1161.5662624051472,25,0.8854560256532099,-0.4647231720437685,2014-17,2014-04-21,61.8,318.48,189.46679999999998,849.7193656012869,596.7179088344056,662.3804439337177,577.3619994111051,2.0,8.0,9.0,15.75,13.416666666666666,11.729592206608604,13.090304068510422
APAC,Accessories,2014,18,5,2,Spring,1.0,0.47,105.4965,4,0.8229838658936565,-0.5680647467311557,2014-18,2014-04-28,1161.5662624051472,1580.1252,89.397,481.0621906012869,598.0595338344057,514.1290686075095,576.093271367886,25.0,26.0,6.0,10.25,13.25,10.404326023342405,13.20554291335133
APAC,Accessories,2014,19,5,2,Spring,0.8888888888888888,0.35444444444444445,1703.4276812025737,47,0.7485107481711013,-0.663122658240795,2014-19,2014-05-05,105.4965,595.386,1686.8554624051471,758.0726109019304,599.4405520675245,809.7642588965033,578.9533904207482,4.0,10.0,45.0,19.5,13.416666666666666,21.07921567168317,13.647899161231791
APAC,Accessories,2014,20,5,2,Autumn,0.5,0.05,690.0,4,0.6631226582407952,-0.7485107481711012,2014-20,2014-05-12,1703.4276812025737,61.8,681.5310812025735,915.1226109019303,600.1462953006434,680.2778811195282,579.0677062651106,47.0,2.0,18.0,20.0,12.25,20.542638584174135,13.817808009297933
APAC,Accessories,2014,21,5,2,Spring,0.6,0.29,1213.056,31,0.5680647467311558,-0.8229838658936564,2014-21,2014-05-19,690.0,1161.5662624051472,83.58,927.9950453006436,694.2692953006434,686.9500271308558,579.2645330665212,4.0,25.0,2.0,21.5,14.666666666666666,21.2367605815953,14.386441428292711
APAC,Accessories,2014,22,5,2,Autumn,0.42857142857142855,0.08571428571428572,1783.005162405147,25,0.46472317204376906,-0.8854560256532096,2014-22,2014-05-26,1213.056,105.4965,143.28,1347.3722109019302,830.9130588344057,505.54611874801844,628.7592225521604,31.0,4.0,3.0,26.75,16.5,17.783419243778738,14.164616607461122
APAC,Accessories,2014,23,6,2,Spring,0.7142857142857143,0.27285714285714285,1175.3511812025736,26,0.35460488704253584,-0.9350162426854147,2014-23,2014-06-02,1783.005162405147,1703.4276812025737,397.9839,1215.3530859019302,895.6936656012869,447.1503005360012,620.0858737306096,25.0,47.0,13.0,21.5,17.583333333333332,11.958260743101397,14.368262584493973
APAC,Accessories,2014,24,6,2,Spring,0.7142857142857143,0.27714285714285714,892.4904,24,0.23931566428755768,-0.970941817426052,2014-24,2014-06-09,1175.3511812025736,690.0,360.63,1265.9756859019303,940.0153656012867,373.19522699984435,596.9403485027123,26.0,4.0,3.0,26.5,19.333333333333332,3.1091263510296,13.693617181561313
APAC,Accessories,2014,25,6,2,Spring,0.4,0.04,1256.7179999999998,14,0.12053668025532308,-0.992708874098054,2014-25,2014-06-16,892.4904,1213.056,318.48,1276.8911859019304,1018.2018656012868,371.7672441181875,568.9186216715242,24.0,31.0,8.0,22.25,19.833333333333332,5.560275772537422,13.347341126663197
APAC,Accessories,2014,26,6,2,Summer,0.4,0.11399999999999999,1152.3942,20,-3.216245299353273e-16,-1.0,2014-26,2014-06-23,1256.7179999999998,1783.005162405147,1580.1252,1119.2384453006434,982.5576156012868,157.65283294639917,543.3361572145782,14.0,25.0,26.0,21.0,19.333333333333332,5.291502622129178,13.206977035803542
APAC,Accessories,2014,27,7,3,Winter,0.2,0.08,1088.238,26,-0.12053668025532283,-0.992708874098054,2014-27,2014-06-30,1152.3942,1175.3511812025736,595.386,1097.4601499999999,1023.6286156012867,153.27367582389564,529.8696697671902,20.0,26.0,10.0,21.0,20.666666666666668,5.291502622129178,12.984839644988314
APAC,Accessories,2014,28,7,3,Summer,1.0,0.375,619.5615,18,-0.23931566428755743,-0.9709418174260521,2014-28,2014-07-07,1088.238,892.4904,61.8,1029.2279250000001,1070.1087406012869,281.7980566792842,457.32539243377516,26.0,24.0,2.0,19.5,22.0,4.9999999999999964,11.646302573622378
APAC,Accessories,2014,29,7,3,Summer,0.5,0.2,504.85200000000003,6,-0.3546048870425356,-0.9350162426854148,2014-29,2014-07-14,619.5615,1256.7179999999998,1161.5662624051472,841.2614250000001,1015.3825520675246,326.6614915840568,483.9067243117363,18.0,14.0,25.0,17.5,20.416666666666668,8.38649708360608,12.46419113324488
APAC,Accessories,2014,30,7,3,Summer,0.6666666666666666,0.18999999999999997,762.3075,12,-0.46472317204376806,-0.8854560256532101,2014-30,2014-07-21,504.85200000000003,1152.3942,105.4965,743.7397500000002,1070.1168020675245,252.66011455856705,401.8171444066733,6.0,20.0,4.0,15.5,21.083333333333332,8.544003745317529,11.696606604507382
APAC,Accessories,2014,31,8,3,Winter,0.4,0.174,751.95,16,-0.5680647467311556,-0.8229838658936566,2014-31,2014-07-28,762.3075,1088.238,1703.4276812025737,659.6677500000001,990.8269953006434,121.96633371856406,356.8463070938856,12.0,26.0,47.0,13.0,18.5,5.291502622129178,8.415353933031074
APAC,Accessories,2014,32,8,3,Summer,1.0,0.47,284.2443,11,-0.663122658240795,-0.7485107481711013,2014-32,2014-08-04,751.95,619.5615,690.0,575.8384500000001,957.0140203006434,227.9270417254347,404.04484141428946,16.0,18.0,4.0,11.25,19.083333333333332,4.1129875597510175,7.513119837788388
APAC,Accessories,2014,33,8,3,Summer,0.42857142857142855,0.19857142857142857,2013.6849812025735,26,-0.7485107481711011,-0.6631226582407952,2014-33,2014-08-11,284.2443,504.85200000000003,1213.056,953.0466953006435,1023.7331020675243,741.41116324786,503.92580319578934,11.0,6.0,31.0,16.25,18.666666666666668,6.849574196011503,6.906299276527874
APAC,Accessories,2014,34,8,3,Summer,0.75,0.16749999999999998,328.1142,8,-0.8229838658936564,-0.5680647467311559,2014-34,2014-08-18,2013.6849812025735,762.3075,1783.005162405147,844.4983703006435,902.4921885337623,807.4857618111425,479.04760176473735,26.0,12.0,25.0,15.25,17.25,7.889866919029748,7.225271306639304
APAC,Accessories,2014,35,8,3,Summer,0.5,0.05,272.84258120257357,7,-0.8854560256532096,-0.4647231720437691,2014-35,2014-08-25,328.1142,751.95,1175.3511812025736,724.7215156012869,827.2831385337622,859.6392513259098,502.58264232509896,8.0,16.0,26.0,13.0,15.666666666666666,8.831760866327844,7.215303601415944
APAC,Accessories,2014,36,9,3,Summer,0.4,0.04,1242.5475812025736,19,-0.9350162426854147,-0.3546048870425359,2014-36,2014-09-01,272.84258120257357,284.2443,892.4904,964.2973359019303,856.4545703006435,828.950398460176,516.6732163345536,7.0,11.0,24.0,15.0,15.25,9.128709291752767,6.8240883507016274
APAC,Accessories,2014,37,9,3,Summer,0.2,0.09,877.89,18,-0.970941817426052,-0.23931566428755774,2014-37,2014-09-08,1242.5475812025736,2013.6849812025735,1256.7179999999998,680.3485906012869,824.8855703006434,463.7601848220891,501.3393679672774,19.0,26.0,14.0,13.0,15.583333333333334,6.377042156569662,6.855102059227424
APAC,Accessories,2014,38,9,3,Winter,0.6666666666666666,0.16666666666666666,363.642,9,-0.992708874098054,-0.12053668025532357,2014-38,2014-09-15,877.89,328.1142,1152.3942,689.230540601287,759.1562203006433,455.0234314638738,506.1793016682729,18.0,8.0,20.0,13.25,14.666666666666666,6.130524719249838,6.945676658355477
APAC,Accessories,2014,39,9,3,Autumn,0.6,0.13399999999999998,974.8836,15,-1.0,-1.8369701987210297e-16,2014-39,2014-09-22,363.642,272.84258120257357,1088.238,864.7407953006436,749.7100203006435,367.94125850764294,500.5056585003682,9.0,7.0,26.0,15.25,13.75,4.4999999999999964,5.9715233323743115
APAC,Accessories,2014,40,10,4,Autumn,0.3333333333333333,0.15666666666666665,603.0612,6,-0.992708874098054,0.1205366802553232,2014-40,2014-09-29,974.8836,1242.5475812025736,619.5615,704.8692000000001,748.3349953006435,276.6736009113958,500.91821206241525,15.0,19.0,18.0,12.0,12.75,5.4772255750516585,6.195672976873744
APAC,Accessories,2014,41,10,4,Spring,0.5714285714285714,0.09999999999999999,1942.5405812025735,36,-0.9709418174260521,0.23931566428755738,2014-41,2014-10-06,603.0612,877.89,504.85200000000003,971.0318453006436,868.1423770675245,694.7826710382983,599.598874598878,6.0,18.0,6.0,16.5,15.25,13.527749258468681,8.750324669301229
APAC,Accessories,2014,42,10,4,Autumn,0.4,0.174,883.8429812025736,21,-0.9350162426854148,0.35460488704253557,2014-42,2014-10-13,1942.5405812025735,363.642,762.3075,1101.0820906012868,878.2703338344057,582.8653614008068,598.6744065994848,36.0,9.0,12.0,19.5,16.0,12.60952021291849,8.831760866327837
APAC,Accessories,2014,43,10,4,Spring,1.0,0.1,122.067,3,-0.8854560256532101,0.464723172043768,2014-43,2014-10-20,883.8429812025736,974.8836,751.95,887.8779406012868,825.7800838344057,770.2632750881982,637.1345965629084,21.0,15.0,16.0,16.5,14.916666666666666,15.198684153570662,9.596006113656513
APAC,Accessories,2014,45,11,4,Autumn,0.375,0.17125,1585.6039624051473,35,-0.7485107481711011,0.6631226582407952,2014-45,2014-11-03,122.067,603.0612,284.2443,1133.5136312025738,934.2267223681679,805.0403705478809,647.2521411090715,3.0,6.0,11.0,23.75,16.916666666666668,15.435349040433131,11.090194959621947
APAC,Accessories,2014,46,11,4,Spring,0.8333333333333334,0.19499999999999998,1042.7155624051472,23,-0.6631226582407955,0.7485107481711007,2014-46,2014-11-10,1585.6039624051473,1942.5405812025735,2013.6849812025735,908.5573765032171,853.3126041350491,604.3090853730399,554.0153622227207,35.0,36.0,26.0,20.5,16.666666666666668,13.203534880225572,10.898985218261311
APAC,Accessories,2014,47,11,4,Autumn,0.35714285714285715,0.09071428571428572,3672.5109248102945,49,-0.5680647467311559,0.8229838658936564,2014-47,2014-11-17,1042.7155624051472,883.8429812025736,328.1142,1605.7243624051473,1132.0123312025735,1504.463315486188,958.9874674765741,23.0,21.0,8.0,27.5,20.083333333333332,19.485036994233976,13.937903411745657
APAC,Accessories,2014,48,11,4,Spring,0.75,0.07500000000000001,1046.25,18,-0.4647231720437684,0.88545602565321,2014-48,2014-11-24,3672.5109248102945,122.067,272.84258120257357,1836.7701124051473,1196.4629494356925,1250.129785492754,921.2423687804879,49.0,3.0,7.0,31.25,21.0,13.81725973797506,13.34847624943828
APAC,Accessories,2014,49,12,4,Autumn,0.8,0.362,722.3453999999999,24,-0.35460488704253595,0.9350162426854147,2014-49,2014-12-01,1046.25,1585.6039624051473,1242.5475812025736,1620.9554718038605,1153.1127676688113,1376.1089600815894,931.0636791368485,18.0,35.0,19.0,28.5,21.416666666666668,13.916417163432069,13.358404459252212
APAC,Accessories,2014,50,12,4,Autumn,0.2,0.02,944.646,14,-0.2393156642875578,0.970941817426052,2014-50,2014-12-08,722.3453999999999,1042.7155624051472,877.89,1596.4380812025736,1158.6757676688114,1390.642094994623,929.4678232211106,24.0,23.0,18.0,26.25,21.083333333333332,15.713582235335986,13.500561155565023
APAC,Accessories,2014,51,12,4,Autumn,0.0,0.0,110.7,2,-0.12053668025532363,0.992708874098054,2014-51,2014-12-15,944.646,3672.5109248102945,363.642,705.98535,1137.5972676688114,419.2736723822398,951.7380110464728,14.0,49.0,9.0,14.5,20.5,9.291573243177572,14.20307265091862
APAC,Accessories,2014,52,12,4,Winter,0.625,0.23375,1684.3743,28,6.432490598706546e-16,1.0,2014-52,2014-12-22,110.7,1046.25,974.8836,865.516425,1196.7214926688114,649.8808831723258,962.6855880595941,2.0,18.0,15.0,17.0,21.583333333333332,11.60459679035281,14.241158873511866
APAC,Copiers,2011,14,4,2,Spring,0.0,0.0,246.4905812025736,5,0.992708874098054,-0.12053668025532288,2011-14,2011-04-04,476.69399999999996,492.9811624051472,439.3605812025736,526.7085062025735,418.10716090193023,267.4744771996469,192.9812763885818,4.0,6.0,5.0,6.5,4.666666666666667,2.6457513110645907,2.4618298195866544
APAC,Copiers,2011,15,4,2,Spring,0.5,0.035,716.8845812025736,5,0.9709418174260521,-0.2393156642875575,2011-15,2011-04-11,246.4905812025736,492.9811624051472,246.4905812025736,582.6843609019302,457.3066609019302,281.14291051892405,202.49264638792326,5.0,7.0,3.0,6.0,4.833333333333333,2.70801280154532,2.405801069888944
APAC,Copiers,2011,18,5,2,Spring,0.0,0.0,767.0505812025735,7,0.8229838658936565,-0.5680647467311557,2011-18,2011-05-02,716.8845812025736,890.6682812025736,278.397,551.7799359019302,498.02779266881134,239.7502050684038,212.14705294027647,5.0,10.0,3.0,5.25,5.166666666666667,1.2583057392117918,2.405801069888944
APAC,Copiers,2011,20,5,2,Autumn,0.5,0.2,492.9811624051472,8,0.6631226582407952,-0.7485107481711012,2011-20,2011-05-16,767.0505812025735,476.69399999999996,531.522,555.851726503217,494.81605620257363,238.18309663693555,211.88545711870321,7.0,4.0,2.0,6.25,5.666666666666667,1.5,2.3094010767585025
APAC,Copiers,2011,21,5,2,Spring,0.3333333333333333,0.13333333333333333,663.0211624051472,8,0.5680647467311558,-0.8229838658936564,2011-21,2011-05-23,492.9811624051472,246.4905812025736,285.78,659.9843718038604,526.2528197363359,119.16389423989828,205.9540019396611,8.0,5.0,2.0,7.0,6.166666666666667,1.414213562373095,2.0816659994661317
APAC,Copiers,2011,22,5,2,Autumn,0.5,0.05,648.0809999999999,4,0.46472317204376906,-0.8854560256532096,2011-22,2011-05-30,663.0211624051472,716.8845812025736,285.12,642.7834765032169,556.4995697363358,113.02016679242358,193.6036809826129,8.0,5.0,2.0,6.75,6.333333333333333,1.8929694486000912,1.7752507291971877
APAC,Copiers,2011,23,6,2,Spring,0.5,0.15,1073.3911624051473,22,0.35460488704253584,-0.9350162426854147,2011-23,2011-06-06,648.0809999999999,767.0505812025735,246.4905812025736,719.3686218038604,625.407951503217,248.22046801847594,218.75623686847135,4.0,7.0,6.0,10.5,7.666666666666667,7.895146188218007,4.849242365066063
APAC,Copiers,2011,25,6,2,Winter,1.0,0.1,246.4905812025736,6,0.12053668025532308,-0.992708874098054,2011-25,2011-06-20,1073.3911624051473,492.9811624051472,543.6705812025737,657.745976503217,600.642951503217,337.64535639456886,244.19346204658987,22.0,8.0,6.0,10.0,7.666666666666667,8.164965809277259,4.849242365066063
APAC,Copiers,2011,26,6,2,Summer,0.5,0.2,318.168,3,-3.216245299353273e-16,-1.0,2011-26,2011-06-27,246.4905812025736,663.0211624051472,492.9811624051472,571.5326859019302,586.0751879694548,377.5215705620709,256.1230734967669,6.0,8.0,6.0,8.75,7.416666666666667,8.920949127381755,5.017393987344667
APAC,Copiers,2011,27,7,3,Summer,1.0,0.37,246.4905812025736,6,-0.12053668025532283,-0.992708874098054,2011-27,2011-07-04,318.168,648.0809999999999,492.9811624051472,471.1350812025737,565.5343062025736,402.92332522768965,273.5586010385493,3.0,4.0,7.0,9.25,7.333333333333333,8.616843969807043,5.033222956847165
APAC,Copiers,2011,28,7,3,Summer,1.0,0.37,455.1876,3,-0.23931566428755743,-0.9709418174260521,2011-28,2011-07-11,246.4905812025736,1073.3911624051473,890.6682812025736,316.58419060128676,529.2442494356925,98.38638406174798,254.74373316452488,6.0,22.0,10.0,4.5,6.75,1.7320508075688719,5.101247619232698
APAC,Copiers,2011,29,7,3,Winter,1.0,0.1,262.278,2,-0.3546048870425356,-0.9350162426854148,2011-29,2011-07-18,455.1876,246.4905812025736,476.69399999999996,320.5310453006434,511.37624943569244,94.89183195837583,266.03423053615285,3.0,6.0,4.0,3.5,6.583333333333333,1.7320508075688719,5.230302152463144
APAC,Copiers,2011,30,7,3,Summer,0.75,0.0675,1280.5111624051472,11,-0.46472317204376806,-0.8854560256532101,2011-30,2011-07-25,262.278,318.168,246.4905812025736,561.1168359019301,597.5446312025736,488.89110239846156,331.7749164314348,2.0,3.0,5.0,5.5,7.083333333333333,4.041451884327378,5.350587619952399
APAC,Copiers,2011,31,8,3,Summer,0.0,0.0,739.4717436077208,13,-0.5680647467311556,-0.8229838658936566,2011-31,2011-08-01,1280.5111624051472,246.4905812025736,716.8845812025736,684.3621265032169,599.4268947363358,443.1353127989099,332.5766232261338,11.0,6.0,5.0,7.25,7.75,5.560275772537424,5.5616380843972735
APAC,Copiers,2011,32,8,3,Summer,0.3333333333333333,0.07333333333333333,1517.392906012868,25,-0.663122658240795,-0.7485107481711013,2011-32,2011-08-08,739.4717436077208,455.1876,767.0505812025735,949.913453006434,661.9554218038603,562.2739558643913,424.7272291193148,13.0,3.0,7.0,12.75,9.25,9.464847243000456,7.448306702014406
APAC,Copiers,2011,33,8,3,Summer,1.0,0.22499999999999998,753.9749999999999,4,-0.7485107481711011,-0.6631226582407952,2011-33,2011-08-15,1517.392906012868,262.278,492.9811624051472,1072.837703006434,683.7049082700981,388.8289600467516,421.96124673444854,25.0,2.0,8.0,13.25,8.916666666666666,8.73212459828649,7.597348022152003
APAC,Copiers,2011,34,8,3,Summer,1.0,0.235,400.8279812025736,7,-0.8229838658936564,-0.5680647467311559,2011-34,2011-08-22,753.9749999999999,1280.5111624051472,663.0211624051472,852.9169077057905,661.855476503217,472.0776970481017,429.84426330985633,4.0,11.0,8.0,12.25,8.833333333333334,9.287087810503355,7.6137833545286115
APAC,Copiers,2011,35,8,3,Summer,0.5,0.05,593.88,5,-0.8854560256532096,-0.4647231720437691,2011-35,2011-08-29,400.8279812025736,739.4717436077208,648.0809999999999,816.5189718038603,657.338726503217,489.0477589137125,430.2867029974397,7.0,13.0,4.0,10.25,8.916666666666666,9.912113800799505,7.561365116448379
APAC,Copiers,2011,36,9,3,Summer,0.75,0.235,1449.8508812025736,12,-0.9350162426854147,-0.3546048870425359,2011-36,2011-09-05,593.88,1517.392906012868,1073.3911624051473,799.6334656012867,688.7103697363359,456.8908279613825,474.7993682002584,5.0,25.0,22.0,7.0,8.083333333333334,3.5590260840104353,6.459078647121195
APAC,Copiers,2011,37,9,3,Summer,0.0,0.0,246.4905812025736,2,-0.970941817426052,-0.23931566428755774,2011-37,2011-09-12,1449.8508812025736,753.9749999999999,246.4905812025736,672.7623609019302,688.7103697363359,537.1979561499456,474.7993682002584,12.0,4.0,6.0,6.5,7.75,4.203173404306162,6.67594051937117
APAC,Copiers,2011,38,9,3,Spring,0.6666666666666666,0.06666666666666667,878.0011624051472,11,-0.992708874098054,-0.12053668025532357,2011-38,2011-09-19,246.4905812025736,400.8279812025736,318.168,792.0556562025736,735.363133270098,508.91912580824794,462.4235005777449,2.0,7.0,3.0,7.5,8.416666666666666,4.795831523312718,6.556860852757532
APAC,Copiers,2011,40,10,4,Autumn,0.0,0.0,1071.5911624051473,10,-0.992708874098054,0.1205366802553232,2011-40,2011-10-03,878.0011624051472,593.88,246.4905812025736,911.4834468038604,804.1215150369793,502.92827510003286,444.10387476610543,11.0,5.0,6.0,8.75,8.75,4.573474244670747,6.524429616309904
APAC,Copiers,2011,41,10,4,Autumn,0.5,0.2,562.9665812025736,5,-0.9709418174260521,0.23931566428755738,2011-41,2011-10-10,1071.5911624051473,1449.8508812025736,455.1876,689.7623718038604,813.1030968038604,362.3047154335482,437.44543210056764,10.0,12.0,3.0,7.0,8.916666666666666,4.242640687119284,6.3883179367190275
APAC,Copiers,2011,42,10,4,Autumn,0.5,0.05,855.7259999999999,5,-0.9350162426854148,0.35460488704253557,2011-42,2011-10-17,562.9665812025736,246.4905812025736,262.278,842.0712265032168,862.5570968038604,209.80643232750643,401.5881669229698,5.0,2.0,2.0,7.75,9.166666666666666,3.2015621187164234,6.147184622888658
APAC,Copiers,2011,43,10,4,Autumn,0.4,0.034,1562.1617436077208,19,-0.8854560256532101,0.464723172043768,2011-43,2011-10-24,855.7259999999999,878.0011624051472,1280.5111624051472,1013.1113718038604,886.0279785707415,421.2191371285829,435.07095422617215,5.0,11.0,11.0,9.75,9.833333333333334,6.601767440112786,6.766674130463117
APAC,Copiers,2011,44,11,4,Autumn,0.0,0.0,997.7011624051472,14,-0.822983865893657,0.5680647467311548,2011-44,2011-10-31,1562.1617436077208,1071.5911624051473,739.4717436077208,994.6388718038604,907.5470968038604,419.41599876891735,433.5466199017752,19.0,10.0,13.0,10.75,9.916666666666666,6.946221994724902,6.8152013687762505
APAC,Copiers,2011,45,11,4,Autumn,0.0,0.0,875.6611624051473,19,-0.7485107481711011,0.6631226582407952,2011-45,2011-11-07,997.7011624051472,562.9665812025736,1517.392906012868,1072.8125171045037,854.069451503217,332.21458609982045,388.74809407900756,14.0,5.0,25.0,14.25,9.416666666666666,6.601767440112786,5.74390322362975
APAC,Copiers,2011,46,11,4,Autumn,1.0,0.07,798.0795,5,-0.6631226582407955,0.7485107481711007,2011-46,2011-11-14,875.6611624051473,855.7259999999999,753.9749999999999,1058.4008921045038,857.7448265032172,345.74580676688,387.9233478667456,19.0,5.0,4.0,14.25,9.5,6.601767440112786,5.6648838550237794
APAC,Copiers,2011,47,11,4,Autumn,0.75,0.20500000000000002,1085.3422624051473,17,-0.5680647467311559,0.8229838658936564,2011-47,2011-11-21,798.0795,1562.1617436077208,400.8279812025736,939.1960218038603,914.7876832700982,127.45211676481944,364.2315324118218,5.0,19.0,7.0,13.75,10.333333333333334,6.18465843842649,5.989890473021011
APAC,Copiers,2011,48,12,4,Autumn,0.25,0.0925,1179.0277624051473,15,-0.4647231720437684,0.88545602565321,2011-48,2011-11-28,1085.3422624051473,997.7011624051472,593.88,984.5276718038604,963.5499968038604,177.5844442884155,356.4494890672373,17.0,14.0,5.0,14.0,11.166666666666666,6.2182527020592095,5.874959703278951
APAC,Copiers,2011,49,12,4,Autumn,0.4,0.04,1232.452906012868,26,-0.35460488704253595,0.9350162426854147,2011-49,2011-12-05,1179.0277624051473,875.6611624051473,1449.8508812025736,1073.7256077057905,945.4334988713849,193.56189567504217,334.3243329008101,15.0,19.0,12.0,15.75,12.333333333333334,8.616843969807043,7.278028371042322
APAC,Copiers,2011,51,12,4,Autumn,0.6,0.2,1764.5401624051472,23,-0.12053668025532363,0.992708874098054,2011-51,2011-12-19,1232.452906012868,798.0795,246.4905812025736,1315.3407733070774,1071.937630638266,305.5765270593257,333.01314949497674,26.0,5.0,2.0,20.25,14.083333333333334,5.123475382979798,7.089792064309891
APAC,Copiers,2011,52,12,4,Winter,0.6666666666666666,0.14666666666666667,719.7811624051471,10,6.432490598706546e-16,1.0,2011-52,2011-12-26,1764.5401624051472,1085.3422624051473,878.0011624051472,1223.9504983070774,1058.7526306382663,427.59569974886614,344.3296555773114,23.0,17.0,11.0,18.5,14.0,7.325753658611969,7.135060680126758
APAC,Copiers,2012,1,1,1,Winter,1.0,0.07,264.9942,2,0.12053668025532305,0.992708874098054,2012-1,2012-01-02,719.7811624051471,1179.0277624051473,1071.5911624051473,995.4421077057904,991.5362171045039,647.3610633158553,413.3964740296021,10.0,15.0,10.0,15.25,13.333333333333334,11.236102527122116,7.877855422677294
APAC,Copiers,2012,2,1,1,Summer,1.0,0.1,246.4905812025736,2,0.23931566428755774,0.970941817426052,2012-2,2012-01-09,264.9942,1232.452906012868,562.9665812025736,748.9515265032169,965.1632171045038,711.5599958174797,451.5566749239971,2.0,26.0,5.0,9.25,13.083333333333334,9.912113800799505,8.207073815073226
APAC,Copiers,2012,3,1,1,Winter,0.0,0.0,739.4717436077208,9,0.3546048870425356,0.9350162426854148,2012-3,2012-01-16,246.4905812025736,1764.5401624051472,855.7259999999999,492.68442180386023,955.4753624051473,273.81937845348233,455.3491786760055,2.0,23.0,5.0,5.75,13.416666666666666,4.349329450233297,7.925314256268079
APAC,Copiers,2012,4,1,1,Winter,0.25,0.0925,1176.1845812025736,8,0.4647231720437685,0.8854560256532099,2012-4,2012-01-23,739.4717436077208,719.7811624051471,1562.1617436077208,606.7852765032169,923.310598871385,442.89000672996207,420.9298094907751,9.0,10.0,19.0,5.25,12.5,3.7749172176353754,7.856670587931807
APAC,Copiers,2012,5,2,1,Summer,0.0,0.0,379.38,2,0.5680647467311558,0.8229838658936564,2012-5,2012-01-30,1176.1845812025736,264.9942,997.7011624051472,635.3817265032168,871.7838353376227,416.36348950472916,447.9719351822149,8.0,2.0,14.0,5.25,11.5,3.7749172176353754,8.393720596645176
APAC,Copiers,2012,6,2,1,Winter,0.0,0.0,246.4905812025736,4,0.6631226582407952,0.7485107481711011,2012-6,2012-02-06,379.38,246.4905812025736,875.6611624051473,635.3817265032168,819.3529535707416,416.36348950472916,482.93195958430096,2.0,2.0,19.0,5.75,10.25,3.3040379335998358,8.291561975888499
APAC,Copiers,2012,7,2,1,Winter,1.0,0.07,671.8598999999999,5,0.7485107481711011,0.6631226582407953,2012-7,2012-02-13,246.4905812025736,739.4717436077208,798.0795,618.4787656012866,808.8346535707415,412.0795842672064,484.8083106542192,4.0,9.0,5.0,4.75,10.25,2.500000000000001,8.291561975888499
APAC,Copiers,2012,11,3,1,Winter,0.6666666666666666,0.15,571.05,4,0.970941817426052,0.23931566428755804,2012-11,2012-03-12,671.8598999999999,1176.1845812025736,1085.3422624051473,467.1951203006432,765.9769650369791,190.6965276896453,480.85849222617463,5.0,8.0,17.0,3.75,9.166666666666666,1.2583057392117936,8.177945211285525
APAC,Copiers,2012,12,3,1,Spring,0.0,0.0,246.4905812025736,2,0.992708874098054,0.120536680255323,2012-12,2012-03-19,571.05,379.38,1179.0277624051473,433.9727656012866,688.265533270098,220.363030653706,483.383917367222,4.0,2.0,15.0,3.75,8.083333333333334,1.2583057392117936,8.19598941094011
APAC,Copiers,2012,13,3,1,Spring,0.3333333333333333,0.12333333333333334,928.4055812025736,12,1.0,-1.6081226496766366e-16,2012-13,2012-03-26,246.4905812025736,246.4905812025736,1232.452906012868,604.4515156012866,662.9282562025736,282.10034781197464,459.6524123449716,2.0,4.0,26.0,5.75,6.916666666666667,4.349329450233297,6.156420644458526
APAC,Copiers,2012,14,4,2,Autumn,0.5,0.05000000000000001,1570.4777436077206,14,0.992708874098054,-0.12053668025532288,2012-14,2012-04-02,928.4055812025736,671.8598999999999,1764.5401624051472,829.1059765032168,646.7563879694547,567.3112298093694,418.98607812153926,12.0,5.0,23.0,8.0,6.166666666666667,5.8878405775518985,4.2817441928883735
APAC,Copiers,2012,15,4,2,Spring,0.0,0.0,492.9811624051472,6,0.9709418174260521,-0.2393156642875575,2012-15,2012-04-09,1570.4777436077206,571.05,719.7811624051471,809.5887671045036,627.8563879694547,580.3416844687383,420.50514563626325,14.0,4.0,10.0,8.5,5.833333333333333,5.507570547286103,4.108380201343087
APAC,Copiers,2012,17,4,2,Autumn,0.0,0.0,191.13,1,0.8854560256532099,-0.4647231720437685,2012-17,2012-04-23,492.9811624051472,246.4905812025736,264.9942,795.7486218038603,621.7010379694547,598.6192149022738,426.7931863496887,6.0,2.0,2.0,8.25,5.75,5.90903263374528,4.202272112689858
APAC,Copiers,2012,18,5,2,Autumn,0.5,0.05,492.9811624051472,12,0.8229838658936565,-0.5680647467311557,2012-18,2012-04-30,191.13,928.4055812025736,246.4905812025736,686.8925171045037,642.2419197363358,605.999601986452,412.7952881021458,1.0,12.0,2.0,8.25,6.583333333333333,5.90903263374528,4.378840305862091
APAC,Copiers,2012,19,5,2,Autumn,0.2857142857142857,0.028571428571428574,2050.912906012868,30,0.7485107481711013,-0.663122658240795,2012-19,2012-05-07,492.9811624051472,1570.4777436077206,739.4717436077208,807.0013077057905,751.5286832700981,841.3938505772002,580.4368728807711,12.0,14.0,9.0,12.25,8.333333333333334,12.658988901172163,8.071648849616485
APAC,Copiers,2012,20,5,2,Autumn,1.0,0.1,512.163,3,0.6631226582407952,-0.7485107481711012,2012-20,2012-05-14,2050.912906012868,492.9811624051472,1176.1845812025736,811.7967671045037,696.193551503217,839.0589621077854,567.7864654941968,30.0,6.0,8.0,11.5,7.916666666666667,13.228756555322954,8.218143268882502
APAC,Copiers,2012,21,5,2,Autumn,1.0,0.1,246.4905812025736,7,0.5680647467311558,-0.8229838658936564,2012-21,2012-05-21,512.163,191.13,379.38,825.6369124051471,685.119433270098,825.7597461779146,575.767193824329,3.0,1.0,2.0,13.0,8.333333333333334,11.916375287812986,8.01513719423593
APAC,Copiers,2012,22,5,2,Autumn,0.8,0.08,1427.0191624051472,20,0.46472317204376906,-0.8854560256532096,2012-22,2012-05-28,246.4905812025736,492.9811624051472,246.4905812025736,1059.1464124051472,783.4968150369792,832.3724109374444,594.5562977879671,7.0,12.0,4.0,15.0,9.666666666666666,12.355835328567094,8.542230210530324
APAC,Copiers,2012,23,6,2,Spring,1.0,0.08,739.4717436077208,11,0.35460488704253584,-0.9350162426854147,2012-23,2012-06-04,1427.0191624051472,2050.912906012868,671.8598999999999,731.2861218038603,789.1311353376227,505.68538535489705,593.7219706658731,20.0,30.0,5.0,10.25,10.166666666666666,7.274384280931734,8.418954084610977
APAC,Copiers,2012,24,6,2,Spring,1.0,0.16571428571428573,2153.353362405147,23,0.23931566428755768,-0.970941817426052,2012-24,2012-06-11,739.4717436077208,512.163,571.05,1141.583712405147,920.9897488713849,830.2684244174682,705.978762147947,11.0,3.0,4.0,15.25,11.75,7.500000000000003,8.925194166464442
APAC,Copiers,2012,25,6,2,Winter,0.0,0.0,246.4905812025736,5,0.12053668025532308,-0.992708874098054,2012-25,2012-06-18,2153.353362405147,246.4905812025736,246.4905812025736,1141.583712405147,920.9897488713849,830.2684244174682,705.978762147947,23.0,7.0,2.0,14.75,12.0,8.261355820929156,8.665501087121799
APAC,Copiers,2012,26,6,2,Summer,0.6666666666666666,0.15,848.8485812025735,7,-3.216245299353273e-16,-1.0,2012-26,2012-06-25,246.4905812025736,1427.0191624051472,928.4055812025736,997.0410671045036,914.359998871385,814.1840753039103,706.2762818360769,5.0,20.0,12.0,11.5,11.583333333333334,8.062257748298553,8.784887160586777
APAC,Copiers,2012,27,7,3,Summer,0.5,0.185,636.9105812025737,15,-0.12053668025532283,-0.992708874098054,2012-27,2012-07-02,848.8485812025735,739.4717436077208,1570.4777436077206,971.4007765032168,836.5627353376227,826.5207071203855,678.2964465196411,7.0,11.0,14.0,12.5,11.666666666666666,8.225975119502046,8.81458845874098
APAC,Copiers,2012,28,7,3,Winter,1.0,0.1,474.444,2,-0.23931566428755743,-0.9709418174260521,2012-28,2012-07-09,636.9105812025737,2153.353362405147,492.9811624051472,551.6734359019301,835.0179718038604,254.74130570419942,679.1706043981585,15.0,23.0,6.0,7.25,11.333333333333334,5.560275772537429,9.118745261905014
APAC,Copiers,2012,30,7,3,Summer,1.0,0.35,246.4905812025736,3,-0.46472317204376806,-0.8854560256532101,2012-30,2012-07-23,474.444,246.4905812025736,191.13,551.6734359019301,839.6313535707415,254.74130570419942,674.5717280024621,2.0,5.0,1.0,6.75,11.5,5.909032633745282,8.929012976094988
APAC,Copiers,2012,31,8,3,Summer,0.5,0.14250000000000002,891.4645624051471,10,-0.5680647467311556,-0.8229838658936566,2012-31,2012-07-30,246.4905812025736,848.8485812025735,492.9811624051472,562.3274312025735,872.8383035707416,271.6433388949827,665.7057148474299,3.0,7.0,12.0,7.5,11.333333333333334,6.137317546507326,8.937493377831832
APAC,Copiers,2012,32,8,3,Summer,0.25,0.0175,1018.2925624051472,15,-0.663122658240795,-0.7485107481711013,2012-32,2012-08-06,891.4645624051471,636.9105812025737,2050.912906012868,657.6729265032169,786.7866082700981,359.32752534431165,557.5305558613984,10.0,15.0,30.0,7.5,10.083333333333334,6.137317546507326,6.90794448223905
APAC,Copiers,2012,33,8,3,Summer,0.75,0.14250000000000002,2556.2815624051473,26,-0.7485107481711011,-0.6631226582407952,2012-33,2012-08-13,1018.2925624051472,474.444,512.163,1178.1323171045037,957.1298218038604,978.9414036198858,746.308251549301,15.0,2.0,3.0,13.5,12.0,9.678154093971985,7.885544888073248
APAC,Copiers,2012,34,8,3,Summer,0.0,0.0,874.9411624051472,7,-0.8229838658936564,-0.5680647467311559,2012-34,2012-08-20,2556.2815624051473,246.4905812025736,246.4905812025736,1335.2449624051471,1009.5007035707416,816.5394120155132,713.2238207924264,26.0,3.0,7.0,14.5,12.0,8.346656017032611,7.885544888073248
APAC,Copiers,2012,35,8,3,Summer,1.0,0.2925,956.1421624051471,12,-0.8854560256532096,-0.4647231720437691,2012-35,2012-08-27,874.9411624051472,891.4645624051471,1427.0191624051472,1351.4143624051471,970.2609535707415,805.3864343038813,701.0134727463148,7.0,10.0,20.0,15.0,11.333333333333334,8.041558721209881,7.475211560804674
APAC,Copiers,2012,36,9,3,Summer,1.0,0.07,492.9811624051472,9,-0.9350162426854147,-0.3546048870425359,2012-36,2012-09-03,956.1421624051471,1018.2925624051472,739.4717436077208,1220.086512405147,949.7200718038604,913.3986596163201,711.917256710543,12.0,15.0,11.0,13.5,11.166666666666666,8.582928793055824,7.505553499465133
APAC,Copiers,2012,37,9,3,Summer,0.0,0.0,385.02,2,-0.970941817426052,-0.23931566428755774,2012-37,2012-09-10,492.9811624051472,2556.2815624051473,2153.353362405147,677.2711218038603,802.3589582700982,280.6041158929273,616.784733619997,9.0,26.0,23.0,7.5,9.416666666666666,4.203173404306168,6.921092049056646
APAC,Copiers,2012,38,9,3,Summer,0.5,0.18,821.4599436077208,16,-0.992708874098054,-0.12053668025532357,2012-38,2012-09-17,385.02,874.9411624051472,246.4905812025736,663.9008171045036,850.2730718038605,269.0835810419077,591.4914532235877,2.0,7.0,5.0,9.75,10.333333333333334,5.909032633745282,7.010814157536564
APAC,Copiers,2012,39,9,3,Autumn,0.3333333333333333,0.03333333333333333,834.336,6,-1.0,-1.8369701987210297e-16,2012-39,2012-09-24,821.4599436077208,956.1421624051471,848.8485812025735,633.4492765032169,849.0636900369792,228.87542690623565,591.5094667216914,16.0,12.0,7.0,8.25,10.25,5.909032633745282,7.059809423129569
APAC,Copiers,2012,40,10,4,Autumn,0.4,0.04,1232.452906012868,27,-0.992708874098054,0.1205366802553232,2012-40,2012-10-01,834.336,492.9811624051472,636.9105812025737,818.3172124051471,898.6922171045038,346.1797824413593,597.0488332690275,6.0,9.0,15.0,12.75,11.25,11.176612486199327,8.497325782535668
APAC,Copiers,2012,42,10,4,Autumn,0.3333333333333333,0.09999999999999999,2057.881743607721,22,-0.9350162426854148,0.35460488704253557,2012-42,2012-10-15,1232.452906012868,385.02,474.444,1236.5326483070774,1030.6453624051474,579.8501170544731,665.7828352172137,27.0,2.0,2.0,17.75,12.916666666666666,9.032349269892821,8.479476113034055
APAC,Copiers,2012,43,10,4,Spring,0.6666666666666666,0.11166666666666668,1383.3690248102944,22,-0.8854560256532101,0.464723172043768,2012-43,2012-10-22,2057.881743607721,821.4599436077208,246.4905812025736,1377.009918607721,1125.3852327057907,509.58106719733786,623.6069686772589,22.0,16.0,3.0,19.25,14.5,9.142392101268321,8.229658117277573
APAC,Copiers,2012,44,10,4,Autumn,0.5,0.14250000000000002,1622.5755812025736,17,-0.822983865893657,0.5680647467311548,2012-44,2012-10-29,1383.3690248102944,834.336,891.4645624051471,1574.0698139083643,1186.3111509389093,360.3219373018709,634.2983179506386,22.0,6.0,10.0,22.0,15.083333333333334,4.082482904638636,8.129165598838128
APAC,Copiers,2012,45,11,4,Spring,0.6,0.18,1647.6631624051472,16,-0.7485107481711011,0.6631226582407952,2012-45,2012-11-05,1622.5755812025736,1232.452906012868,1018.2925624051472,1677.872378006434,1238.7587009389097,279.94623021363293,645.0711309674687,17.0,27.0,15.0,19.25,15.166666666666666,3.201562118716431,8.133358171844831
APAC,Copiers,2012,46,11,4,Autumn,1.0,0.385,547.6536,5,-0.6631226582407955,0.7485107481711007,2012-46,2012-11-12,1647.6631624051472,2057.881743607721,2556.2815624051473,1300.3153421045035,1071.3730374051472,515.7194916521752,520.7362488789818,16.0,22.0,26.0,15.0,13.416666666666666,7.164728420068228,7.844608262232012
APAC,Copiers,2012,47,11,4,Autumn,0.6666666666666666,0.11166666666666668,1883.2295436077209,21,-0.5680647467311559,0.8229838658936564,2012-47,2012-11-19,547.6536,1383.3690248102944,874.9411624051472,1425.2804718038603,1155.3970691720285,596.7483276753454,565.5756279335861,5.0,22.0,7.0,14.75,14.583333333333334,6.849574196011509,7.844608262232011
APAC,Copiers,2012,48,11,4,Autumn,0.42857142857142855,0.12000000000000001,2214.030324810294,30,-0.4647231720437684,0.88545602565321,2012-48,2012-11-26,1883.2295436077209,1622.5755812025736,956.1421624051471,1573.1441577057903,1260.2210827057906,722.0507811645396,637.3081648158101,21.0,17.0,12.0,18.0,16.083333333333332,10.424330514074594,8.948929172439195
APAC,Copiers,2012,49,12,4,Autumn,0.6666666666666666,0.05666666666666667,984.0945812025736,6,-0.35460488704253595,0.9350162426854147,2012-49,2012-12-03,2214.030324810294,1647.6631624051472,492.9811624051472,1407.252012405147,1301.1472009389095,773.6100434043851,598.1234328400288,30.0,16.0,9.0,15.5,15.833333333333334,12.124355652982143,9.203095658362443
APAC,Copiers,2012,50,12,4,Autumn,0.5,0.0425,1411.2331624051471,14,-0.2393156642875578,0.970941817426052,2012-50,2012-12-10,984.0945812025736,547.6536,385.02,1623.1469030064338,1386.6649644726715,538.541704223331,524.0002139216889,6.0,5.0,2.0,17.75,16.833333333333332,10.210288928331071,8.155682161238962
APAC,Copiers,2012,51,12,4,Autumn,1.0,0.07,557.2188,2,-0.12053668025532363,0.992708874098054,2012-51,2012-12-17,1411.2331624051471,1883.2295436077209,821.4599436077208,1291.6442171045035,1364.6448691720284,706.8863933615955,554.5714213428581,14.0,21.0,16.0,13.0,15.666666666666666,12.382783747337808,9.217900898235829
APAC,Copiers,2012,52,12,4,Winter,0.5,0.185,1402.503,6,6.432490598706546e-16,1.0,2012-52,2012-12-24,557.2188,2214.030324810294,834.336,1088.76238590193,1411.9921191720284,406.5769741337589,528.8365163630558,2.0,30.0,6.0,7.0,15.666666666666666,5.033222956847169,9.217900898235829
APAC,Copiers,2013,1,1,1,Winter,0.3333333333333333,0.03333333333333333,1067.0011624051472,18,0.12053668025532305,0.992708874098054,2013-1,2012-12-31,1402.503,984.0945812025736,1232.452906012868,1109.4890312025734,1398.2044738713848,401.54465666685564,536.0505329523107,6.0,6.0,27.0,10.0,14.916666666666666,7.302967433402217,8.554194434559129
APAC,Copiers,2013,2,1,1,Summer,0.75,0.175,966.5071624051473,18,0.23931566428755774,0.970941817426052,2013-2,2013-01-07,1067.0011624051472,1411.2331624051471,2057.881743607721,998.3075312025735,1307.2565921045036,348.1682180659796,505.6752618402105,18.0,14.0,22.0,11.0,14.583333333333334,8.246211251235323,8.328028614627867
APAC,Copiers,2013,4,1,1,Winter,0.0,0.0,246.4905812025736,6,0.4647231720437685,0.8854560256532099,2013-4,2013-01-21,966.5071624051473,557.2188,1383.3690248102944,920.625476503217,1212.5167218038603,486.55070829868976,589.6459558679896,18.0,2.0,22.0,12.0,13.25,6.928203230275511,8.313461154274814
APAC,Copiers,2013,5,1,1,Winter,1.0,0.188,1883.4201,19,0.5680647467311558,0.8229838658936564,2013-5,2013-01-28,246.4905812025736,1402.503,1622.5755812025736,1040.854751503217,1234.2537650369793,670.1099413162704,610.5734243768219,6.0,6.0,17.0,15.25,13.416666666666666,6.184658438426493,8.414903805784473
APAC,Copiers,2013,6,2,1,Winter,0.6666666666666666,0.05666666666666667,970.2525812025735,9,0.6631226582407952,0.7485107481711011,2013-6,2013-02-04,1883.4201,1067.0011624051472,1647.6631624051472,1016.6676062025736,1177.8028832700982,670.5974848371208,600.1021006094168,19.0,18.0,16.0,13.0,12.833333333333334,6.480740698407862,8.462036433746935
APAC,Copiers,2013,8,2,1,Summer,0.0,0.0,674.0805812025735,11,0.8229838658936564,0.5680647467311559,2013-8,2013-02-18,970.2525812025735,966.5071624051473,547.6536,943.5609609019301,1188.3384650369792,693.4393588573691,589.0411236848153,9.0,18.0,5.0,11.25,13.333333333333334,5.5602757725374286,8.127767593909535
APAC,Copiers,2013,9,3,1,Winter,0.3333333333333333,0.023333333333333334,988.1205812025736,12,0.8854560256532099,0.4647231720437686,2013-9,2013-02-25,674.0805812025735,246.4905812025736,1883.2295436077209,1128.96846090193,1113.746051503217,523.179100792991,548.3122162483528,11.0,6.0,21.0,12.75,12.583333333333334,4.3493294502332995,7.763063281666036
APAC,Copiers,2013,10,3,1,Winter,1.0,0.35,414.102,2,0.9350162426854148,0.35460488704253557,2013-10,2013-03-04,988.1205812025736,1883.4201,2214.030324810294,761.63893590193,963.7520244356924,272.8015004586519,458.85301372054937,12.0,19.0,30.0,8.5,10.25,4.509249752822897,6.077155435054967
APAC,Copiers,2013,11,3,1,Winter,0.0,0.0,492.9811624051472,8,0.970941817426052,0.23931566428755804,2013-11,2013-03-11,414.102,970.2525812025735,984.0945812025736,642.3210812025734,922.8259062025736,254.93288032465577,478.3607415180164,2.0,9.0,6.0,8.25,10.416666666666666,4.500000000000003,5.976595767633688
APAC,Copiers,2013,12,3,1,Spring,1.0,0.36,772.875,8,0.992708874098054,0.120536680255323,2013-12,2013-03-18,492.9811624051472,674.0805812025735,1411.2331624051471,667.0196859019301,869.6293926688113,263.67144706282363,453.98279773339084,8.0,11.0,14.0,7.5,9.916666666666666,4.123105625617663,5.900051360844751
APAC,Copiers,2013,13,3,1,Spring,0.3333333333333333,0.11666666666666665,739.4717436077208,15,1.0,-1.6081226496766366e-16,2013-13,2013-03-25,772.875,988.1205812025736,557.2188,604.8574765032168,884.8171379694546,178.18983377493925,445.5514265722085,8.0,12.0,2.0,8.25,11.0,5.315072906367328,5.493798156268404
APAC,Copiers,2013,14,4,2,Spring,0.0,0.0,540.3705812025736,5,0.992708874098054,-0.12053668025532288,2013-14,2013-04-01,739.4717436077208,414.102,1402.503,636.4246218038603,812.9727697363359,140.2852092251593,423.4471342646394,15.0,2.0,6.0,9.0,10.916666666666666,4.242640687119288,5.583389868551394
APAC,Copiers,2013,15,4,2,Autumn,1.0,0.1,246.4905812025736,6,0.9709418174260521,-0.2393156642875575,2013-15,2013-04-08,540.3705812025736,492.9811624051472,1067.0011624051472,574.8019765032169,744.5968879694547,241.74569841193377,444.4251385821718,5.0,8.0,18.0,8.5,9.916666666666666,4.509249752822897,5.26494985443327
APAC,Copiers,2013,16,4,2,Autumn,0.5,0.05,492.9811624051472,7,0.9350162426854148,-0.35460488704253545,2013-16,2013-04-15,246.4905812025736,772.875,966.5071624051473,504.8285171045037,705.1363879694546,202.64873632605588,443.9524414096768,6.0,8.0,18.0,8.25,9.0,4.573474244670751,4.6514904747149135
APAC,Copiers,2013,17,4,2,Spring,0.0,0.0,246.4905812025736,4,0.8854560256532099,-0.4647231720437685,2013-17,2013-04-22,492.9811624051472,739.4717436077208,246.4905812025736,381.5832265032169,705.1363879694546,157.1866934193123,443.9524414096768,7.0,15.0,6.0,5.5,8.833333333333334,1.2909944487358167,4.8021459849327774
APAC,Copiers,2013,18,5,2,Spring,0.16666666666666666,0.016666666666666666,1848.4923248102943,27,0.8229838658936565,-0.5680647467311557,2013-18,2013-04-29,246.4905812025736,540.3705812025736,1883.4201,708.613662405147,702.2257400369793,768.7514172177994,435.5602559698578,4.0,5.0,19.0,11.0,9.5,10.739335795724676,6.571287406727704
APAC,Copiers,2013,19,5,2,Spring,0.8,0.302,1265.2585624051471,13,0.7485107481711013,-0.663122658240795,2013-19,2013-05-06,1848.4923248102943,246.4905812025736,970.2525812025735,963.3056577057904,726.8095718038603,732.5207567157124,459.7188168724205,27.0,6.0,9.0,12.75,9.833333333333334,10.21028892833107,6.644660649838717
APAC,Copiers,2013,20,5,2,Spring,0.6,0.194,1832.3844,13,0.6631226582407952,-0.7485107481711012,2013-20,2013-05-13,1265.2585624051471,492.9811624051472,674.0805812025735,1298.1564671045035,823.3348900369792,751.7429632230383,558.6074411201968,13.0,7.0,11.0,14.25,10.0,9.5,6.701424543266218
APAC,Copiers,2013,21,5,2,Spring,0.0,0.0,739.4717436077208,20,0.5680647467311558,-0.8229838658936564,2013-21,2013-05-20,1832.3844,246.4905812025736,988.1205812025736,1421.4017577057903,802.6141535707416,529.3777247370301,556.5471083796335,13.0,4.0,12.0,18.25,10.666666666666666,6.7019897542943685,7.290508566040854
APAC,Copiers,2013,23,6,2,Spring,0.6,0.184,1262.7527436077207,14,0.35460488704253584,-0.9350162426854147,2013-23,2013-06-03,739.4717436077208,1848.4923248102943,414.102,1274.966862405147,873.335048871385,446.3603810304955,556.6098691254697,20.0,27.0,2.0,15.0,11.666666666666666,3.366501646120696,6.800178250783149
APAC,Copiers,2013,24,6,2,Spring,0.7777777777777778,0.05777777777777778,2669.897287215442,33,0.23931566428755768,-0.970941817426052,2013-24,2013-06-10,1262.7527436077207,1265.2585624051471,492.9811624051472,1626.1265436077206,1054.7447259389094,826.6794867469152,744.4346944051825,14.0,13.0,8.0,20.0,13.75,9.201449161228176,9.036541977387746
APAC,Copiers,2013,25,6,2,Autumn,0.6666666666666666,0.25666666666666665,636.4263812025736,7,0.12053668025532308,-0.992708874098054,2013-25,2013-06-17,2669.897287215442,1832.3844,772.875,1327.137038908364,1043.3740077057905,936.2304085861564,750.1515806167529,33.0,13.0,8.0,18.5,13.666666666666666,11.030261405182866,9.098784467602181
APAC,Copiers,2013,26,6,2,Winter,0.8,0.08,1483.2677436077208,18,-3.216245299353273e-16,-1.0,2013-26,2013-06-24,636.4263812025736,739.4717436077208,739.4717436077208,1513.0860389083641,1105.3570077057905,850.5489029893827,753.4797179036477,7.0,20.0,15.0,18.0,13.916666666666666,10.984838035522722,9.179605193860542
APAC,Copiers,2013,29,7,3,Summer,0.0,0.0,246.4905812025736,2,-0.3546048870425356,-0.9350162426854148,2013-29,2013-07-15,1483.2677436077208,1262.7527436077207,540.3705812025736,1259.0204983070773,1080.8670077057907,1072.9554834179742,777.8930338628182,18.0,14.0,5.0,15.0,13.666666666666666,13.735598518691011,9.48044238834812
APAC,Copiers,2013,30,7,3,Summer,1.0,0.085,1199.5554812025734,13,-0.46472317204376806,-0.8854560256532101,2013-30,2013-07-22,246.4905812025736,2669.897287215442,246.4905812025736,891.4350468038602,1160.2890827057906,555.6338501632366,732.2755215530899,2.0,33.0,6.0,10.0,14.25,6.976149845485453,9.17630347441416
APAC,Copiers,2013,31,7,3,Summer,0.25,0.0925,1572.4308812025736,10,-0.5680647467311556,-0.8229838658936566,2013-31,2013-07-29,1199.5554812025734,636.4263812025736,492.9811624051472,1125.4361718038604,1250.2432259389095,607.1481772113656,708.7737080260454,13.0,7.0,7.0,10.75,14.5,6.701989754294369,8.999999999999996
APAC,Copiers,2013,32,8,3,Winter,0.0,0.0,246.4905812025736,2,-0.663122658240795,-0.7485107481711013,2013-32,2013-08-05,1572.4308812025736,1483.2677436077208,246.4905812025736,816.2418812025735,1250.2432259389095,675.2738228228474,708.7737080260454,10.0,18.0,4.0,6.75,14.333333333333334,5.619905100029126,9.227757861556352
APAC,Copiers,2013,33,8,3,Summer,0.0,0.0,1235.1917436077208,17,-0.7485107481711011,-0.6631226582407952,2013-33,2013-08-12,246.4905812025736,246.4905812025736,1848.4923248102943,1063.4171718038601,1199.1348441720284,569.9427320914571,683.3700996237077,2.0,2.0,27.0,10.5,13.5,6.350852961085886,8.393720596645172
APAC,Copiers,2013,34,8,3,Winter,1.0,0.18,1302.4757436077207,25,-0.8229838658936564,-0.5680647467311559,2013-34,2013-08-19,1235.1917436077208,1199.5554812025734,1265.2585624051471,1089.147237405147,1202.2362759389096,580.3652212056355,683.7818094639698,17.0,13.0,13.0,13.5,14.5,9.81495457622364,9.020179397530644
APAC,Copiers,2013,35,8,3,Summer,0.75,0.13,864.8762436077208,16,-0.8854560256532096,-0.4647231720437691,2013-35,2013-08-26,1302.4757436077207,1572.4308812025736,1832.3844,912.2585780064338,1121.610596239553,483.7517879231292,659.3283306051985,25.0,10.0,13.0,15.0,14.75,9.556847457887637,9.016399200648475
APAC,Copiers,2013,36,9,3,Winter,0.6666666666666666,0.06666666666666667,1330.1085812025735,9,-0.9350162426854147,-0.3546048870425359,2013-36,2013-09-02,864.8762436077208,246.4905812025736,739.4717436077208,1183.1630780064338,1170.8303327057906,215.90274359709437,650.1903665622731,16.0,2.0,20.0,16.75,13.833333333333334,6.551081335677852,8.993263472109989
APAC,Copiers,2013,37,9,3,Summer,0.5,0.09166666666666667,1478.9434872154416,41,-0.970941817426052,-0.23931566428755774,2013-37,2013-09-09,1330.1085812025735,1235.1917436077208,1262.7527436077207,1244.1010139083642,1188.846228006434,264.42851861949623,655.9387275312365,9.0,17.0,14.0,22.75,16.083333333333332,13.817259737975064,11.935114984656394
APAC,Copiers,2013,38,9,3,Summer,0.5,0.05000000000000001,1627.3577436077207,16,-0.992708874098054,-0.12053668025532357,2013-38,2013-09-16,1478.9434872154416,1302.4757436077207,2669.897287215442,1325.321513908364,1101.9679327057904,330.0799689415054,489.9923754533828,41.0,25.0,33.0,20.5,14.666666666666666,14.05939780597543,10.688424778348967
APAC,Copiers,2013,39,9,3,Autumn,0.0,0.0,281.88,2,-1.0,-1.8369701987210297e-16,2013-39,2013-09-23,1627.3577436077207,864.8762436077208,636.4263812025736,1179.572453006434,1072.4224009389095,610.6410698818211,529.6961245376206,16.0,16.0,7.0,17.0,14.25,16.990193249832878,11.103848636641914
APAC,Copiers,2013,40,10,4,Autumn,0.75,0.14250000000000002,1753.9941812025736,15,-0.992708874098054,0.1205366802553232,2013-40,2013-09-30,281.88,1330.1085812025735,1483.2677436077208,1285.543853006434,1094.9829374051471,678.4853214179752,553.9934599419771,2.0,9.0,18.0,18.5,14.0,16.299284237863535,11.045361017187258
APAC,Copiers,2013,41,10,4,Spring,0.75,0.0675,988.2917436077207,19,-0.9709418174260521,0.23931566428755738,2013-41,2013-10-07,1753.9941812025736,1478.9434872154416,246.4905812025736,1162.8809171045036,1156.7997009389094,676.2143666009183,488.18627922858684,15.0,41.0,2.0,13.0,15.416666666666666,7.527726527090812,10.439943689619412
APAC,Copiers,2013,42,10,4,Autumn,0.6666666666666666,0.2333333333333333,785.7151624051471,8,-0.9350162426854148,0.35460488704253557,2013-42,2013-10-14,988.2917436077207,1627.3577436077207,1199.5554812025734,952.4702718038602,1122.3130077057906,611.3434207624355,499.38034051016825,19.0,16.0,13.0,11.0,15.0,7.527726527090812,10.642966093750708
APAC,Copiers,2013,43,10,4,Autumn,0.6666666666666666,0.3,991.3305812025736,8,-0.8854560256532101,0.464723172043768,2013-43,2013-10-21,785.7151624051471,281.88,1572.4308812025736,1129.8329171045036,1073.8879827057906,427.08746705445384,479.5450939858585,8.0,2.0,10.0,12.5,14.833333333333334,5.446711546122734,10.743567490561148
APAC,Copiers,2013,44,11,4,Autumn,0.6666666666666666,0.15,1061.2501624051472,15,-0.822983865893657,0.5680647467311548,2013-44,2013-10-28,991.3305812025736,1753.9941812025736,246.4905812025736,956.6469124051471,1141.7846144726718,118.83301349894174,403.3780419553655,8.0,15.0,2.0,12.5,15.916666666666666,5.446711546122734,9.958626533023635
APAC,Copiers,2013,45,11,4,Autumn,0.25,0.0175,1162.2917436077207,12,-0.7485107481711011,0.6631226582407952,2013-45,2013-11-04,1061.2501624051472,988.2917436077207,1235.1917436077208,1000.1469124051471,1135.7096144726718,159.2516421162998,402.3911569515979,15.0,19.0,17.0,10.75,15.5,3.4034296427770285,10.013627078772567
APAC,Copiers,2013,46,11,4,Autumn,0.6666666666666666,0.15333333333333332,1551.7500248102942,28,-0.6631226582407955,0.7485107481711007,2013-46,2013-11-11,1162.2917436077207,785.7151624051471,1302.4757436077207,1191.6556280064337,1156.4824712395528,250.11059030768521,417.9175231146824,12.0,8.0,25.0,15.75,15.75,8.655441448399193,10.305558958860281
APAC,Copiers,2013,47,11,4,Autumn,0.3333333333333333,0.03333333333333333,990.1411624051473,11,-0.5680647467311559,0.8229838658936564,2013-47,2013-11-18,1551.7500248102942,991.3305812025736,864.8762436077208,1191.3582733070773,1166.9212144726716,250.42864848263048,411.4865786054989,28.0,8.0,16.0,16.5,15.333333333333334,7.852812659593168,10.395220346900109
APAC,Copiers,2013,48,11,4,Autumn,0.3333333333333333,0.03333333333333334,2090.4440684180154,35,-0.4647231720437684,0.88545602565321,2013-48,2013-11-25,990.1411624051473,1061.2501624051472,1330.1085812025735,1448.6567498102943,1230.2825050739584,488.11222969955054,489.9556339317635,11.0,15.0,9.0,21.5,17.5,11.902380714238085,11.59545365453829
APAC,Copiers,2013,49,12,4,Spring,0.75,0.07500000000000001,1239.6585812025737,9,-0.35460488704253595,0.9350162426854147,2013-49,2013-12-02,2090.4440684180154,1162.2917436077207,1478.9434872154416,1467.9984592090077,1210.3420962395528,474.32041110095054,483.7454198370388,35.0,12.0,41.0,20.75,14.833333333333334,12.763881332363864,9.113759161872009
APAC,Copiers,2013,50,12,4,Autumn,0.6666666666666666,0.09833333333333333,1494.880306012868,26,-0.2393156642875578,0.970941817426052,2013-50,2013-12-09,1239.6585812025737,1551.7500248102942,1627.3577436077207,1453.781029509651,1199.302309773315,471.81893592027416,474.7921424059654,9.0,28.0,16.0,20.25,15.666666666666666,12.419742348374225,9.67032323736655
APAC,Copiers,2013,51,12,4,Spring,0.6666666666666666,0.16666666666666666,818.5395812025736,7,-0.12053668025532363,0.992708874098054,2013-51,2013-12-16,1494.880306012868,990.1411624051473,281.88,1410.8806342090077,1244.0239415401963,531.9922682676273,399.88857905206015,26.0,11.0,2.0,19.25,16.083333333333332,13.524668819112236,9.119991360974106
APAC,Copiers,2013,52,12,4,Winter,0.25,0.0875,1305.2925812025737,12,6.432490598706546e-16,1.0,2013-52,2013-12-23,818.5395812025736,2090.4440684180154,1753.9941812025736,1214.5927624051471,1206.6321415401962,285.35006678592885,367.5380094873218,7.0,35.0,15.0,13.5,15.833333333333334,8.582928793055826,9.193212252262613
APAC,Copiers,2014,1,12,4,Winter,0.6666666666666666,0.13999999999999999,1883.8582624051473,19,0.12053668025532305,0.992708874098054,2014-1,2013-12-30,1305.2925812025737,1239.6585812025737,988.2917436077207,1375.6426827057905,1281.2626847733152,442.6487278294496,407.8827980292826,12.0,9.0,19.0,16.0,15.833333333333334,8.28653526310404,9.193212252262613
APAC,Copiers,2014,2,1,1,Winter,0.6666666666666666,0.25,710.0985812025735,7,0.23931566428755774,0.970941817426052,2014-2,2014-01-06,1883.8582624051473,1494.880306012868,785.7151624051471,1179.4472515032169,1274.961303006434,536.2134028170257,416.72279248556464,19.0,26.0,8.0,11.25,15.75,5.67890834580028,9.274843786971681
APAC,Copiers,2014,3,1,1,Summer,0.6666666666666666,0.26666666666666666,811.1131624051472,17,0.3546048870425356,0.9350162426854148,2014-3,2014-01-13,710.0985812025735,818.5395812025736,991.3305812025736,1177.5906468038604,1259.9431847733151,537.889798771604,430.8805917939512,7.0,7.0,8.0,13.75,16.5,5.377421934967233,8.94935243975278
APAC,Copiers,2014,4,1,1,Summer,0.8,0.134,1446.2683624051472,12,0.4647231720437685,0.8854560256532099,2014-4,2014-01-20,811.1131624051472,1305.2925812025737,1061.2501624051472,1212.8345921045038,1292.028034773315,553.4400584699916,429.0712837279254,17.0,12.0,15.0,13.75,16.25,5.377421934967233,9.036541977387746
APAC,Copiers,2014,5,1,1,Summer,0.6666666666666666,0.16666666666666666,739.4717436077208,16,0.5680647467311558,0.8229838658936564,2014-5,2014-01-27,1446.2683624051472,1883.8582624051473,1162.2917436077207,926.7379624051471,1256.7930347733152,348.9423013860244,457.13661362486505,12.0,19.0,12.0,13.0,16.583333333333332,4.546060565661961,8.938764744164322
APAC,Copiers,2014,6,2,1,Winter,0.0,0.0,625.8705812025736,9,0.6631226582407952,0.7485107481711011,2014-6,2014-02-03,739.4717436077208,710.0985812025735,1551.7500248102942,905.680962405147,1179.636414472672,368.37352405657776,480.37281984024355,16.0,7.0,28.0,13.5,15.0,3.6968455021364828,8.399134154509884
APAC,Copiers,2014,7,2,1,Winter,0.8,0.182,1550.4128436077208,23,0.7485107481711011,0.6631226582407953,2014-7,2014-02-10,625.8705812025736,811.1131624051472,990.1411624051473,1090.5058827057906,1226.325721239553,475.11131497899055,487.45596723317004,9.0,17.0,11.0,15.0,16.0,6.05530070819499,8.59175080051684
APAC,Copiers,2014,8,2,1,Winter,1.0,0.17,722.5302812025736,8,0.8229838658936564,0.5680647467311559,2014-8,2014-02-17,1550.4128436077208,1446.2683624051472,2090.4440684180154,909.571362405147,1112.332905638266,430.14810769366494,422.6457256239971,23.0,12.0,35.0,14.0,13.75,6.976149845485455,6.426153946604025
APAC,Copiers,2014,9,2,1,Winter,0.6,0.15999999999999998,1282.7417436077208,26,0.8854560256532099,0.4647231720437686,2014-9,2014-02-24,722.5302812025736,739.4717436077208,1239.6585812025737,1045.3888624051472,1115.9231691720283,444.079145920396,424.006450182914,8.0,16.0,9.0,16.5,15.166666666666666,9.32737905308882,7.120180453961095
APAC,Copiers,2014,10,3,1,Winter,0.75,0.19999999999999998,1202.6942436077209,27,0.9350162426854148,0.35460488704253557,2014-10,2014-03-03,1282.7417436077208,625.8705812025736,1494.880306012868,1189.594778006434,1091.574330638266,345.0540411001668,408.36731285634977,26.0,9.0,26.0,21.0,15.25,8.831760866327851,7.26291952316697
APAC,Copiers,2014,11,3,1,Winter,0.25,0.125,1237.1117436077207,16,0.970941817426052,0.23931566428755804,2014-11,2014-03-10,1202.6942436077209,1550.4128436077208,818.5395812025736,1111.2695030064338,1126.4553441720284,261.22510380835956,400.73063126986557,27.0,23.0,7.0,19.25,16.0,8.995369179009094,6.782329983125263
APAC,Copiers,2014,12,3,1,Spring,0.6666666666666666,0.19999999999999998,779.5861624051472,21,0.992708874098054,0.120536680255323,2014-12,2014-03-17,1237.1117436077207,722.5302812025736,1305.2925812025737,1125.5334733070772,1082.6464759389094,232.95026439698256,408.0708824231731,16.0,8.0,12.0,22.5,16.75,5.066228051190229,6.7973925482162185
APAC,Copiers,2014,13,3,1,Spring,0.0,0.0,1207.4011624051473,16,1.0,-1.6081226496766366e-16,2014-13,2014-03-24,779.5861624051472,1282.7417436077208,1883.8582624051473,1106.698328006434,1026.2750509389095,218.60642299287943,325.74820870817047,21.0,26.0,19.0,20.0,16.5,5.228129047119381,6.762194372189596
APAC,Copiers,2014,14,3,1,Autumn,0.5,0.05,628.6305812025736,13,0.992708874098054,-0.12053668025532288,2014-14,2014-03-31,1207.4011624051473,1202.6942436077209,710.0985812025735,963.182412405147,1019.4860509389096,305.67552901713435,333.6889308496434,16.0,27.0,7.0,16.5,17.0,3.316624790355412,6.193838580689384
APAC,Copiers,2014,15,4,2,Spring,0.5,0.035,915.8484,6,0.9709418174260521,-0.2393156642875575,2014-15,2014-04-07,628.6305812025736,1237.1117436077207,811.1131624051472,882.866576503217,1028.213987405147,246.11195512780637,329.08118752397513,13.0,16.0,17.0,14.0,16.083333333333332,6.271629240742266,6.960385743403136
APAC,Copiers,2014,16,4,2,Spring,1.0,0.17333333333333334,618.3856624051472,9,0.9350162426854148,-0.35460488704253545,2014-16,2014-04-14,915.8484,779.5861624051472,1446.2683624051472,842.5664515032169,959.2237624051472,279.5831379371283,320.129617154328,6.0,21.0,12.0,11.0,15.833333333333334,4.396968652757648,7.171069824248147
APAC,Copiers,2014,17,4,2,Autumn,0.0,0.0,246.4905812025736,4,0.8854560256532099,-0.4647231720437685,2014-17,2014-04-21,618.3856624051472,1207.4011624051473,739.4717436077208,602.3388062025734,918.141998871385,274.3871860864524,377.40234039046567,9.0,16.0,16.0,8.0,14.833333333333334,3.9157800414902537,7.941070838407501
APAC,Copiers,2014,18,4,2,Autumn,0.5,0.05,1335.21,8,0.8229838658936565,-0.5680647467311557,2014-18,2014-04-28,246.4905812025736,628.6305812025736,625.8705812025736,778.9836609019301,977.2536171045036,460.9628669656987,382.97290752881736,4.0,13.0,9.0,6.75,14.75,2.2173557826083625,8.012773892638267
APAC,Copiers,2014,19,5,2,Autumn,0.6666666666666666,0.3,1755.351162405147,19,0.7485107481711013,-0.663122658240795,2014-19,2014-05-05,1335.21,915.8484,1550.4128436077208,988.8593515032169,994.3318103376226,682.1120663853534,414.15577238299045,8.0,6.0,23.0,10.0,14.416666666666666,6.3770421565696696,7.716079236754812
APAC,Copiers,2014,22,5,2,Autumn,0.8571428571428571,0.17857142857142858,1527.7593248102944,22,0.46472317204376906,-0.8854560256532096,2014-22,2014-05-26,1755.351162405147,618.3856624051472,722.5302812025736,1216.2027671045037,1061.4342306382662,668.8928478645105,431.00422546057354,19.0,9.0,8.0,13.25,15.583333333333334,8.616843969807046,7.716079236754811
APAC,Copiers,2014,23,6,2,Autumn,0.5,0.125,1422.591162405147,19,0.35460488704253584,-0.9350162426854147,2014-23,2014-06-02,1527.7593248102944,246.4905812025736,1282.7417436077208,1510.227912405147,1073.0883488713848,181.38745613069923,439.3423347788873,22.0,4.0,26.0,17.0,15.0,6.164414002968983,7.096734204099538
APAC,Copiers,2014,24,6,2,Autumn,1.0,0.18333333333333335,622.8241624051471,8,0.23931566428755768,-0.970941817426052,2014-24,2014-06-09,1422.591162405147,1335.21,1202.6942436077209,1332.1314530064337,1024.7658421045037,492.8437812582123,455.3877400992252,19.0,8.0,27.0,17.0,13.416666666666666,6.164414002968983,6.244391422902971
APAC,Copiers,2014,25,6,2,Autumn,0.8181818181818182,0.14,3718.372906012868,47,0.12053668025532308,-0.992708874098054,2014-25,2014-06-16,622.8241624051471,1755.351162405147,1237.1117436077207,1822.8868889083642,1231.537605638266,1326.6944808216929,903.4545527973552,8.0,19.0,16.0,24.0,16.0,16.472198800807785,11.560119533826784
APAC,Copiers,2014,26,6,2,Summer,0.4,0.034,1717.3669624051472,20,-3.216245299353273e-16,-1.0,2014-26,2014-06-23,3718.372906012868,1527.7593248102944,779.5861624051472,1870.2887983070773,1309.686005638266,1315.9788686333368,901.3633817954112,47.0,22.0,21.0,23.5,15.916666666666666,16.583123951777,11.5243484006952
APAC,Copiers,2014,27,6,2,Summer,0.25,0.0175,1126.821162405147,15,-0.12053668025532283,-0.992708874098054,2014-27,2014-06-30,1717.3669624051472,1422.591162405147,1207.4011624051473,1796.3462983070772,1302.9710056382662,1357.183619029356,902.4941034052501,20.0,19.0,16.0,22.5,15.833333333333334,17.058722109231983,11.527306184828605
APAC,Copiers,2014,28,7,3,Summer,0.75,0.23500000000000001,1367.6715812025736,13,-0.23931566428755743,-0.9709418174260521,2014-28,2014-07-07,1126.821162405147,622.8241624051471,628.6305812025736,1982.558153006434,1364.5577556382661,1182.3353328047222,877.1538528174366,15.0,8.0,13.0,23.75,15.833333333333334,15.777093099385157,11.527306184828605
APAC,Copiers,2014,29,7,3,Winter,0.0,0.0,246.4905812025736,2,-0.3546048870425356,-0.9350162426854148,2014-29,2014-07-14,1367.6715812025736,3718.372906012868,915.8484,1114.5875718038603,1308.7779374051472,627.46488756397,928.086259700087,13.0,47.0,6.0,12.5,15.5,7.59385716659635,11.889644080612182
APAC,Copiers,2014,30,7,3,Summer,0.5,0.05,1047.402,5,-0.46472317204376806,-0.8854560256532101,2014-30,2014-07-21,246.4905812025736,1717.3669624051472,618.3856624051472,947.0963312025735,1344.529298871385,486.5162552917489,907.099429700843,2.0,20.0,9.0,8.75,15.166666666666666,6.238322424070973,12.141838510878094
APAC,Copiers,2014,31,7,3,Summer,0.75,0.20500000000000002,1028.121162405147,14,-0.5680647467311556,-0.8229838658936566,2014-31,2014-07-28,1047.402,1126.821162405147,246.4905812025736,922.4213312025734,1409.665180638266,476.7678630843074,847.1683322692895,5.0,15.0,4.0,8.5,16.0,5.916079783099622,11.638494123147778
APAC,Copiers,2014,32,8,3,Summer,0.8333333333333334,0.17333333333333334,2432.8305,20,-0.663122658240795,-0.7485107481711013,2014-32,2014-08-04,1028.121162405147,1367.6715812025736,1335.21,1188.71106090193,1501.1335556382662,909.463207483545,896.2326274983349,14.0,13.0,8.0,10.25,17.0,8.261355820929158,11.401754250991377
APAC,Copiers,2014,33,8,3,Summer,0.3333333333333333,0.13333333333333333,2057.181162405147,21,-0.7485107481711011,-0.6631226582407952,2014-33,2014-08-11,2432.8305,246.4905812025736,1755.351162405147,1641.3837062025734,1526.286055638266,713.7181439300724,908.1716256925808,20.0,2.0,19.0,15.0,17.166666666666668,7.34846922834954,11.448170424159748
APAC,Copiers,2014,34,8,3,Summer,0.2857142857142857,0.06714285714285714,2798.6991812025735,19,-0.8229838658936564,-0.5680647467311559,2014-34,2014-08-18,2057.181162405147,1047.402,1527.7593248102944,2079.208001503217,1632.1977103376228,763.3228137719311,979.654779975466,21.0,5.0,22.0,18.5,16.916666666666668,3.1091263510296185,11.365484698165863
APAC,Copiers,2014,35,8,3,Summer,0.875,0.12250000000000001,2222.553706012868,23,-0.8854560256532096,-0.4647231720437691,2014-35,2014-08-25,2798.6991812025735,1028.121162405147,1422.591162405147,2377.816137405147,1698.8612556382661,319.9387058187793,991.2441825873316,19.0,14.0,19.0,20.75,17.25,1.7078251276599574,11.490114328096444
APAC,Copiers,2014,36,9,3,Spring,0.0,0.0,1074.48,7,-0.9350162426854147,-0.3546048870425359,2014-36,2014-09-01,2222.553706012868,2432.8305,622.8241624051471,2038.2285124051468,1736.4992421045038,716.812809875511,954.5685381708298,23.0,20.0,8.0,17.5,17.166666666666668,7.187952884282614,11.56667103309672
APAC,Copiers,2014,37,9,3,Summer,0.7142857142857143,0.06285714285714286,2068.688343607721,29,-0.970941817426052,-0.23931566428755774,2014-37,2014-09-08,1074.48,2057.181162405147,3718.372906012868,2041.1053077057904,1599.0255285707415,716.9373072951673,737.2522789651474,7.0,21.0,47.0,19.5,15.666666666666666,9.291573243177574,7.946792758812519
APAC,Copiers,2014,38,9,3,Summer,0.4,0.15,1214.1572436077208,24,-0.992708874098054,-0.12053668025532357,2014-38,2014-09-15,2068.688343607721,2798.6991812025735,1717.3669624051472,1644.9698233070771,1557.0913853376226,584.2940593375369,744.1876220304309,29.0,19.0,20.0,20.75,16.0,9.53502316025854,8.224133002108099
APAC,Copiers,2014,39,9,3,Spring,0.5,0.05,1143.8431624051473,16,-1.0,-1.8369701987210297e-16,2014-39,2014-09-22,1214.1572436077208,2222.553706012868,1126.821162405147,1375.2921874051472,1558.5098853376228,465.7679403644475,743.3086271972138,24.0,23.0,15.0,19.0,16.083333333333332,9.626352718795772,8.2181432688825
APAC,Copiers,2014,40,9,3,Autumn,0.5,0.1175,1017.1883436077208,26,-0.992708874098054,0.1205366802553232,2014-40,2014-09-29,1143.8431624051473,1074.48,1367.6715812025736,1360.9692733070774,1529.3029488713848,478.8002820216373,758.2250852836064,16.0,7.0,13.0,23.75,17.166666666666668,5.560275772537433,8.621678104251705
APAC,Copiers,2014,41,10,4,Spring,0.7272727272727273,0.15636363636363637,3434.6907248102943,51,-0.9709418174260521,0.23931566428755738,2014-41,2014-10-06,1017.1883436077208,2068.688343607721,246.4905812025736,1702.4698686077206,1794.9862941720282,1157.6863247855788,823.6173761853216,26.0,29.0,2.0,29.25,21.25,15.12999228904849,11.802349534963557
APAC,Copiers,2014,42,10,4,Spring,0.75,0.10875000000000001,2523.712443607721,25,-0.9350162426854148,0.35460488704253557,2014-42,2014-10-13,3434.6907248102943,1214.1572436077208,1047.402,2029.8586686077206,1918.012164472672,1158.7305297297123,811.9749521841089,51.0,24.0,5.0,29.5,22.916666666666668,15.022205785658334,10.65541546763329
APAC,Copiers,2014,43,10,4,Autumn,0.6666666666666666,0.06166666666666667,1342.9023248102944,17,-0.8854560256532101,0.464723172043768,2014-43,2014-10-20,2523.712443607721,1143.8431624051473,1028.121162405147,2079.6234592090077,1944.2439280064343,1111.29784862878,785.2576079812567,25.0,16.0,14.0,29.75,23.166666666666668,14.728091073410251,10.460604304926289
APAC,Copiers,2014,44,10,4,Autumn,0.3333333333333333,0.16666666666666666,1242.1155812025736,12,-0.822983865893657,0.5680647467311548,2014-44,2014-10-27,1342.9023248102944,1017.1883436077208,2432.8305,2135.8552686077205,1845.0176847733148,1043.2244453948172,793.0975996751938,17.0,26.0,20.0,26.25,22.5,17.346949779908478,10.925366646645609
APAC,Copiers,2014,45,11,4,Spring,0.7142857142857143,0.17142857142857143,2337.2761624051473,21,-0.7485107481711011,0.6631226582407952,2014-45,2014-11-03,1242.1155812025736,3434.6907248102943,2057.181162405147,1861.5016280064337,1868.3589347733152,662.6886861195235,803.9566433841679,12.0,51.0,21.0,18.75,22.5,5.560275772537433,10.925366646645609
APAC,Copiers,2014,46,11,4,Autumn,0.4,0.028000000000000004,1314.9256624051472,9,-0.6631226582407955,0.7485107481711007,2014-46,2014-11-10,2337.2761624051473,2523.712443607721,2798.6991812025735,1559.3049327057904,1744.7111415401966,520.3843564788118,760.8069412525076,21.0,25.0,19.0,14.75,21.666666666666668,5.315072906367332,11.578454389969588
APAC,Copiers,2014,47,11,4,Autumn,0.25,0.0175,888.0617436077208,16,-0.5680647467311559,0.8229838658936564,2014-47,2014-11-17,1314.9256624051472,1342.9023248102944,2222.553706012868,1445.5947874051471,1633.503478006434,623.0080194863742,781.851425193638,9.0,17.0,23.0,14.5,21.083333333333332,5.19615242270664,11.681051737620619
APAC,Copiers,2014,48,11,4,Autumn,0.4,0.028000000000000004,1513.1223248102942,21,-0.4647231720437684,0.88545602565321,2014-48,2014-11-24,888.0617436077208,1242.1155812025736,1074.48,1513.3464733070773,1670.0570050739586,608.0603024410112,763.3751973273371,16.0,12.0,7.0,16.75,22.25,5.678908345800281,10.81350166143318
APAC,Copiers,2014,49,12,4,Autumn,1.0,0.2225,1503.744162405147,23,-0.35460488704253595,0.9350162426854147,2014-49,2014-12-01,1513.1223248102942,2337.2761624051473,2068.688343607721,1304.963473307077,1622.9783233070773,292.5463879201488,753.917936280054,21.0,21.0,29.0,17.25,21.75,6.238322424070974,10.609815352690253
APAC,Copiers,2014,50,12,4,Autumn,0.5,0.035,521.4450812025736,7,-0.2393156642875578,0.970941817426052,2014-50,2014-12-08,1503.744162405147,1314.9256624051472,1214.1572436077208,1106.5933280064337,1565.2523097733153,487.5616660565059,812.3237206079203,23.0,9.0,24.0,16.75,20.333333333333332,7.1355915428692205,11.388457740052852
APAC,Copiers,2014,51,12,4,Autumn,1.0,0.35,281.3265,3,-0.12053668025532363,0.992708874098054,2014-51,2014-12-15,521.4450812025736,888.0617436077208,1143.8431624051473,954.9095171045035,1493.3759212395528,646.6391329256339,887.6656480730211,7.0,16.0,16.0,13.5,19.25,9.983319421247963,12.410589320122043
APAC,Copiers,2014,52,12,4,Winter,1.0,0.382,1339.0308,10,6.432490598706546e-16,1.0,2014-52,2014-12-22,281.3265,1513.1223248102942,1017.1883436077208,911.3866359019299,1520.1961259389097,600.7764867864071,876.7651938832289,3.0,21.0,26.0,10.75,17.916666666666668,8.655441448399195,12.478769850017146
APAC,Machines,2011,20,5,2,Spring,1.0,0.17,476.3619,7,0.6631226582407952,-0.7485107481711012,2011-20,2011-05-16,441.6105812025736,275.3442,1079.4180812025736,625.2411203006434,472.9155020675246,397.880514948257,306.85371978952253,10.0,3.0,17.0,7.5,6.166666666666667,2.6457513110645903,2.949062511539845
APAC,Machines,2011,22,6,2,Autumn,1.0,0.1,562.518,2,0.46472317204376906,-0.8854560256532096,2011-22,2011-05-30,476.3619,1217.97,366.87,461.37812030064345,489.2195020675246,81.91264949335763,305.903189226788,7.0,9.0,7.0,5.75,5.75,3.5,3.1658691180665186
APAC,Machines,2011,23,6,2,Spring,0.0,0.0,246.4905812025736,8,0.35460488704253584,-0.9350162426854147,2011-23,2011-06-06,562.518,365.022,714.6105812025736,431.74526560128686,450.2095020675245,133.5524549515591,304.391972514048,2.0,4.0,7.0,6.75,5.833333333333333,3.4034296427770228,3.214550253664319
APAC,Machines,2011,25,6,2,Winter,1.0,0.1,246.4905812025736,5,0.12053668025532308,-0.992708874098054,2011-25,2011-06-20,246.4905812025736,441.6105812025736,25.35,382.96526560128683,468.6378838344057,161.4649546191768,282.2184423790916,8.0,10.0,1.0,5.5,6.166666666666667,2.6457513110645907,2.8550858396053793
APAC,Machines,2011,26,6,2,Summer,1.0,0.17,83.0664,2,-3.216245299353273e-16,-1.0,2011-26,2011-06-27,246.4905812025736,476.3619,726.3885812025736,284.64139060128684,415.02770206752456,200.63138289110182,289.8057452048682,5.0,7.0,9.0,4.25,5.583333333333333,2.8722813232690143,2.937479851639477
APAC,Machines,2011,27,7,3,Summer,1.0,0.25,246.4905812025736,7,-0.12053668025532283,-0.992708874098054,2011-27,2011-07-04,83.0664,562.518,533.9361812025736,205.63453590193024,391.07390206752456,81.71209060128655,290.96097673011934,2.0,2.0,8.0,5.5,5.5,2.6457513110645907,2.876234912646614
APAC,Machines,2011,29,7,3,Winter,0.0,0.0,246.4905812025736,9,-0.3546048870425356,-0.9350162426854148,2011-29,2011-07-18,246.4905812025736,246.4905812025736,214.758,205.63453590193024,393.71828383440567,81.71209060128655,289.35261848548924,7.0,8.0,2.0,5.75,6.083333333333333,2.9860788111948193,2.8109633849474376
APAC,Machines,2011,30,7,3,Summer,1.0,0.17,72.3096,2,-0.46472317204376806,-0.8854560256532101,2011-30,2011-07-25,246.4905812025736,246.4905812025736,316.764,162.08929060128685,373.34708383440574,97.55710429242848,303.52116398260637,9.0,5.0,7.0,5.0,5.666666666666667,3.559026084010437,3.0251471289038414
APAC,Machines,2011,31,8,3,Summer,0.6666666666666666,0.14,915.9984000000001,7,-0.5680647467311556,-0.8229838658936566,2011-31,2011-08-01,72.3096,83.0664,275.3442,370.32229060128685,426.73493383440564,372.93545671833954,338.98763750639534,2.0,2.0,3.0,6.25,6.0,2.9860788111948193,2.9232609437842783
APAC,Machines,2011,32,8,3,Summer,0.3333333333333333,0.05666666666666667,392.0394,7,-0.663122658240795,-0.7485107481711013,2011-32,2011-08-08,915.9984000000001,246.4905812025736,1217.97,406.7094953006434,357.90738383440566,363.8148753408554,230.08750759692043,7.0,7.0,9.0,6.25,5.833333333333333,2.9860788111948193,2.7906771199618903
APAC,Machines,2011,33,8,3,Summer,0.0,0.0,161.94,2,-0.7485107481711011,-0.6631226582407952,2011-33,2011-08-15,392.0394,246.4905812025736,365.022,385.57185000000004,340.9838838344057,378.3907133098407,236.8848228398445,7.0,9.0,4.0,4.5,5.666666666666667,2.8867513459481287,2.964435660944388
APAC,Machines,2011,34,8,3,Summer,0.5,0.05,585.279,6,-0.8229838658936564,-0.5680647467311559,2011-34,2011-08-22,161.94,72.3096,441.6105812025736,513.8142,352.95625206752453,319.11539339731024,245.89224035897834,2.0,2.0,10.0,5.5,5.333333333333333,2.380476142847616,2.6400183654090315
APAC,Machines,2011,36,9,3,Summer,1.0,0.17,413.81858120257357,10,-0.9350162426854147,-0.3546048870425359,2011-36,2011-09-05,585.279,915.9984000000001,476.3619,388.26924530064343,347.7443088344057,173.88190758533628,243.69172580709784,6.0,7.0,7.0,6.25,5.583333333333333,3.304037933599835,2.937479851639477
APAC,Machines,2011,37,9,3,Summer,1.0,0.28500000000000003,345.9909812025736,7,-0.970941817426052,-0.23931566428755774,2011-37,2011-09-12,413.81858120257357,392.0394,562.518,376.7571406012868,329.70039060128676,175.06939261028236,234.1737058086481,10.0,7.0,2.0,6.25,6.0,3.304037933599835,2.7303013486693106
APAC,Machines,2011,38,9,3,Spring,1.0,0.1,789.6765812025736,9,-0.992708874098054,-0.12053668025532357,2011-38,2011-09-19,345.9909812025736,161.94,246.4905812025736,533.6912859019303,374.96589060128673,198.15030773985058,266.8464330370575,7.0,2.0,8.0,8.0,6.083333333333333,1.8257418583505534,2.810963384947437
APAC,Machines,2011,40,10,4,Autumn,0.5,0.085,689.5611812025736,11,-0.992708874098054,0.1205366802553232,2011-40,2011-10-03,789.6765812025736,585.279,246.4905812025736,559.7618312025736,411.88844060128685,213.46824280461502,277.8786855040412,9.0,6.0,5.0,9.25,6.583333333333333,1.707825127659933,3.1176428547376895
APAC,Machines,2011,41,10,4,Autumn,0.3333333333333333,0.03333333333333333,583.4851624051472,13,-0.9709418174260521,0.23931566428755738,2011-41,2011-10-10,689.5611812025736,413.81858120257357,83.0664,602.1784765032171,453.5900041350491,190.4142406148696,261.08783930573395,11.0,10.0,2.0,10.0,7.5,2.581988897471611,3.2613438390276537
APAC,Machines,2011,42,10,4,Autumn,0.75,0.13,1086.0575999999999,16,-0.9350162426854148,0.35460488704253557,2011-42,2011-10-17,583.4851624051472,345.9909812025736,246.4905812025736,787.1951312025736,523.553922368168,216.2984607973024,308.6953703973847,13.0,7.0,7.0,12.25,8.25,2.9860788111948193,4.070403151799808
APAC,Machines,2011,43,10,4,Autumn,0.5,0.25,335.64,6,-0.8854560256532101,0.464723172043768,2011-43,2011-10-24,1086.0575999999999,789.6765812025736,246.4905812025736,673.6859859019302,530.9830406012868,312.36391548085226,302.4305170962041,16.0,9.0,9.0,11.5,8.0,4.203173404306164,4.11206650105405
APAC,Machines,2011,44,11,4,Autumn,1.0,0.5,47.43,2,-0.822983865893657,0.5680647467311548,2011-44,2011-10-31,335.64,689.5611812025736,72.3096,513.1531906012868,528.9097406012868,440.29348987071444,305.925871809867,6.0,11.0,2.0,9.25,8.0,6.3966136874651625,4.11206650105405
APAC,Machines,2011,45,11,4,Autumn,0.5,0.25,325.74,6,-0.7485107481711011,0.6631226582407952,2011-45,2011-11-07,47.43,583.4851624051472,915.9984000000001,448.7169,479.7215406012868,445.4002122568421,284.74926681985903,2.0,13.0,7.0,7.5,7.916666666666667,5.972157622389639,4.14418175569586
APAC,Machines,2011,46,11,4,Autumn,1.0,0.28500000000000003,303.98130000000003,7,-0.6631226582407955,0.7485107481711007,2011-46,2011-11-14,325.74,1086.0575999999999,392.0394,253.19782500000002,472.38336560128687,137.81441447440275,288.3265010266734,6.0,16.0,7.0,5.25,7.916666666666667,2.2173557826083443,4.14418175569586
APAC,Machines,2011,47,11,4,Autumn,1.0,0.17,706.0146,12,-0.5680647467311559,0.8229838658936564,2011-47,2011-11-21,303.98130000000003,335.64,161.94,345.791475,517.7229156012868,271.37331110000946,277.6515566558378,7.0,6.0,2.0,6.75,8.75,4.112987559751022,3.840572873934304
APAC,Machines,2011,48,11,4,Autumn,1.0,0.17,246.4905812025736,9,-0.4647231720437684,0.88545602565321,2011-48,2011-11-28,706.0146,47.43,585.279,395.55662030064343,489.4905473681679,209.65466918225562,287.2174677106013,12.0,2.0,6.0,8.5,9.0,2.64575131106459,3.7416573867739413
APAC,Machines,2011,49,12,4,Spring,0.6666666666666666,0.11666666666666665,1235.9955812025737,17,-0.35460488704253595,0.9350162426854147,2011-49,2011-12-05,246.4905812025736,325.74,413.81858120257357,623.1205156012868,558.0052973681679,456.8687709776433,357.0898637604448,9.0,6.0,10.0,11.25,9.583333333333334,4.349329450233295,4.399552318822974
APAC,Machines,2011,50,12,4,Autumn,0.6,0.23399999999999999,1204.8000000000002,12,-0.2393156642875578,0.970941817426052,2011-50,2011-12-12,1235.9955812025737,303.98130000000003,345.9909812025736,848.325190601287,629.5727156012869,468.9775484150576,394.8043763766567,17.0,7.0,7.0,12.5,10.0,3.3166247903553994,4.369314487526514
APAC,Machines,2011,51,12,4,Winter,1.0,0.17,301.041,3,-0.12053668025532363,0.992708874098054,2011-51,2011-12-19,1204.8000000000002,706.0146,789.6765812025736,747.0817906012869,588.8530838344057,547.1400185396701,401.9247137901749,12.0,12.0,9.0,10.25,9.5,5.852349955359812,4.814750064314676
APAC,Machines,2011,52,12,4,Winter,1.0,0.17,222.855,1,6.432490598706546e-16,1.0,2011-52,2011-12-26,301.041,246.4905812025736,689.5611812025736,741.1728953006435,549.9609020675246,554.4273648083323,413.7016366650045,3.0,9.0,11.0,8.25,8.666666666666666,7.544313531837517,5.365433699886597
APAC,Machines,2012,1,1,1,Winter,0.0,0.0,487.8105812025736,5,0.12053668025532305,0.992708874098054,2012-1,2012-01-02,222.855,1235.9955812025737,583.4851624051472,554.1266453006435,541.9880203006434,447.79715709631046,413.91868659092773,1.0,17.0,13.0,5.25,8.0,4.7871355387816905,5.2742944379491945
APAC,Machines,2012,2,1,1,Summer,1.0,0.175,434.0055812025736,12,0.23931566428755774,0.970941817426052,2012-2,2012-01-09,487.8105812025736,1204.8000000000002,1086.0575999999999,361.42804060128685,487.65035206752447,121.22861079057073,377.17044417272166,5.0,12.0,16.0,5.25,7.666666666666667,4.7871355387816905,4.830458915396478
APAC,Machines,2012,3,1,1,Summer,0.0,0.0,340.14,2,0.3546048870425356,0.9350162426854148,2012-3,2012-01-16,434.0055812025736,301.041,335.64,371.2027906012869,488.0253520675246,116.2089085403892,377.0077709427368,12.0,3.0,6.0,5.0,7.333333333333333,4.96655480858378,5.08711980189064
APAC,Machines,2012,4,1,1,Summer,0.6666666666666666,0.06666666666666667,669.0945812025735,13,0.4647231720437685,0.8854560256532099,2012-4,2012-01-23,340.14,222.855,47.43,482.76268590193024,539.8307338344057,138.3998341109812,352.90221197421465,2.0,1.0,2.0,8.0,8.25,5.354126134736337,5.029458673202767
APAC,Machines,2012,5,1,1,Summer,1.0,0.1,212.49,2,0.5680647467311558,0.8229838658936564,2012-5,2012-01-30,669.0945812025735,487.8105812025736,325.74,413.9325406012868,530.3932338344057,192.81686487017302,360.5788276214839,13.0,5.0,6.0,7.25,7.916666666666667,6.075908711186061,5.31649804995276
APAC,Machines,2012,6,2,1,Winter,0.5,0.085,751.5705812025735,11,0.6631226582407952,0.7485107481711011,2012-6,2012-02-06,212.49,434.0055812025736,303.98130000000003,493.3237906012868,567.6923406012868,258.14703002419185,358.17090575673745,2.0,12.0,7.0,7.0,8.25,5.830951894845301,5.378830558942917
APAC,Machines,2012,9,2,1,Summer,1.0,0.1,482.328,2,0.8854560256532099,0.4647231720437686,2012-9,2012-02-27,751.5705812025735,340.14,706.0146,528.8707906012868,549.0517906012868,239.1101170332068,356.1326051533099,11.0,2.0,12.0,7.0,7.416666666666667,5.830951894845301,5.5178772817968404
APAC,Machines,2012,11,3,1,Winter,1.0,0.17,282.0672,4,0.970941817426052,0.23931566428755804,2012-11,2012-03-12,482.328,669.0945812025735,246.4905812025736,432.1139453006434,552.0165088344057,241.74552504363274,353.5234039470526,2.0,13.0,9.0,4.75,7.0,4.272001872658765,5.575922263707509
APAC,Machines,2012,12,3,1,Autumn,1.0,0.3,523.0051624051472,11,0.992708874098054,0.120536680255323,2012-12,2012-03-19,282.0672,212.49,1235.9955812025737,509.74273590193025,492.60064060128684,192.56541409116826,280.4895250889214,4.0,2.0,17.0,7.0,6.5,4.69041575982343,4.814750064314675
APAC,Machines,2012,16,4,2,Spring,1.0,0.335,457.29540000000003,4,0.9350162426854148,-0.35460488704253545,2012-16,2012-04-16,523.0051624051472,751.5705812025735,1204.8000000000002,436.17394060128686,430.3085906012868,106.2463518194318,168.65053946986546,11.0,11.0,12.0,5.25,5.833333333333333,3.947573094109004,4.529365464957702
APAC,Machines,2012,19,5,2,Spring,0.16666666666666666,0.028333333333333335,2063.840562405147,26,0.7485107481711013,-0.663122658240795,2012-19,2012-05-07,457.29540000000003,482.328,301.041,831.5520812025736,577.208554135049,827.7958283093126,495.9503687218876,4.0,2.0,3.0,11.25,7.75,10.372238588334408,7.262919523166974
APAC,Machines,2012,20,5,2,Autumn,0.0,0.0,175.17,1,0.6631226582407952,-0.7485107481711012,2012-20,2012-05-14,2063.840562405147,282.0672,222.855,804.8277812025736,573.234804135049,852.7963510535128,499.2279056888518,26.0,4.0,1.0,10.5,7.75,11.150485789118488,7.262919523166974
APAC,Machines,2012,22,5,2,Spring,0.0,0.0,403.7205812025736,6,0.46472317204376906,-0.8854560256532096,2012-22,2012-05-28,175.17,523.0051624051472,487.8105812025736,775.0066359019303,566.227304135049,867.8883652690959,501.12256106039587,1.0,11.0,5.0,9.25,7.833333333333333,11.354147553500733,7.2341781380702335
APAC,Machines,2012,23,6,2,Spring,0.5,0.085,331.0905812025736,7,0.35460488704253584,-0.9350162426854147,2012-23,2012-06-04,403.7205812025736,457.29540000000003,434.0055812025736,743.4554312025735,557.6510541350491,885.4057005761027,504.46065734770576,6.0,4.0,12.0,10.0,7.416666666666667,10.984838035522722,7.115390915388125
APAC,Machines,2012,24,6,2,Spring,0.6666666666666666,0.25,672.4605812025736,12,0.23931566428755768,-0.970941817426052,2012-24,2012-06-11,331.0905812025736,2063.840562405147,340.14,395.6104359019302,585.3444359019302,207.74068357838516,500.5409066053867,7.0,26.0,2.0,6.5,8.25,4.509249752822897,7.008112182580723
APAC,Machines,2012,25,6,2,Spring,0.3333333333333333,0.08333333333333333,484.57058120257363,10,0.12053668025532308,-0.992708874098054,2012-25,2012-06-18,672.4605812025736,175.17,669.0945812025735,472.9605812025736,569.9674359019301,147.03323501848175,500.56849939424376,12.0,1.0,13.0,8.75,8.0,2.753785273643055,6.875516509523285
APAC,Machines,2012,26,6,2,Summer,1.0,0.17250000000000001,889.1071624051472,19,-3.216245299353273e-16,-1.0,2012-26,2012-06-25,484.57058120257363,403.7205812025736,212.49,594.307226503217,626.3521994356925,241.0671294776,494.71444450238016,10.0,6.0,2.0,12.0,9.416666666666666,5.099019513592788,7.267090618714345
APAC,Machines,2012,27,7,3,Summer,0.0,0.0,485.73,3,-0.12053668025532283,-0.992708874098054,2012-27,2012-07-02,889.1071624051472,331.0905812025736,751.5705812025735,632.9670812025736,604.1988176688113,192.2392233945461,494.5495553393273,19.0,7.0,11.0,11.0,8.75,6.582805886043835,7.472677504811048
APAC,Machines,2012,28,7,3,Winter,0.0,0.0,504.0,6,-0.23931566428755743,-0.9709418174260521,2012-28,2012-07-09,485.73,672.4605812025736,482.328,590.8519359019302,606.0048176688114,199.0358315068743,494.10341729242305,3.0,12.0,2.0,9.5,9.083333333333334,6.952217871538072,7.229464123650625
APAC,Machines,2012,29,7,3,Summer,0.0,0.0,485.73,3,-0.3546048870425356,-0.9350162426854148,2012-29,2012-07-16,504.0,484.57058120257363,282.0672,591.1417906012869,622.9767176688114,198.8302003041378,485.385878706974,6.0,10.0,4.0,7.75,9.0,7.632168761236876,7.298816840606925
APAC,Machines,2012,32,8,3,Summer,0.5,0.085,805.4457812025736,11,-0.663122658240795,-0.7485107481711013,2012-32,2012-08-06,485.73,889.1071624051472,523.0051624051472,570.2264453006434,646.5134359019302,157.04922431750902,486.9428644617525,3.0,19.0,11.0,5.75,9.0,3.7749172176353785,7.298816840606925
APAC,Machines,2012,33,8,3,Summer,0.5,0.085,592.8105812025735,7,-0.7485107481711011,-0.6631226582407952,2012-33,2012-08-13,805.4457812025736,485.73,457.29540000000003,596.9965906012867,657.8063676688113,146.62560915987785,483.7163945151372,11.0,3.0,4.0,6.75,9.25,3.304037933599839,7.162084511191873
APAC,Machines,2012,34,8,3,Winter,1.0,0.4,483.516,3,-0.8229838658936564,-0.5680647467311559,2012-34,2012-08-20,592.8105812025735,504.0,2063.840562405147,591.8755906012867,526.1126541350491,151.24129484620406,195.19761987010313,7.0,6.0,26.0,6.0,7.333333333333333,3.829708431025356,5.033222956847165
APAC,Machines,2012,35,8,3,Summer,0.6,0.10200000000000001,2229.447981202574,24,-0.8854560256532096,-0.4647231720437691,2012-35,2012-08-27,483.516,485.73,175.17,1027.8050859019302,697.3024859019303,812.1699609407489,508.6204341847291,3.0,3.0,1.0,11.25,9.25,9.105858919765158,6.552237646927817
APAC,Machines,2012,36,9,3,Summer,0.75,0.13,1286.8524,12,-0.9350162426854147,-0.3546048870425359,2012-36,2012-09-03,2229.447981202574,805.4457812025736,403.7205812025736,1148.1567406012869,770.896804135049,803.8623231547059,525.8782687609067,24.0,11.0,6.0,11.5,9.75,9.110433579144301,6.5104810602876055
APAC,Machines,2012,37,9,3,Summer,0.0,0.0,246.4905812025736,2,-0.970941817426052,-0.23931566428755774,2012-37,2012-09-10,1286.8524,592.8105812025735,331.0905812025736,1061.576740601287,763.846804135049,896.8820108964477,532.8314957951978,12.0,7.0,7.0,10.25,9.333333333333334,10.210288928331071,6.853444168423418
APAC,Machines,2012,39,9,3,Autumn,0.5,0.05,724.0905812025736,9,-1.0,-1.8369701987210297e-16,2012-39,2012-09-24,246.4905812025736,483.516,672.4605812025736,1121.7203859019303,768.1493041350491,852.1474207533879,532.2346038996013,2.0,3.0,12.0,11.75,9.083333333333334,9.178779875342912,6.801849124697746
APAC,Machines,2012,40,10,4,Autumn,0.6666666666666666,0.115,1425.3063248102944,24,-0.992708874098054,0.1205366802553232,2012-40,2012-10-01,724.0905812025736,2229.447981202574,484.57058120257363,920.6849718038604,846.5439494356925,542.1896120103962,555.4441484279049,9.0,24.0,10.0,11.75,10.25,9.178779875342912,8.058028181994535
APAC,Machines,2012,41,10,4,Autumn,0.0,0.0,246.4905812025736,5,-0.9709418174260521,0.23931566428755738,2012-41,2012-10-08,1425.3063248102944,1286.8524,889.1071624051472,660.5945171045039,792.9925676688114,557.3090221351005,581.3416796914098,24.0,12.0,19.0,10.0,9.083333333333334,9.763879010584542,7.6806525922231526
APAC,Machines,2012,42,10,4,Autumn,0.0,0.0,1177.9305812025736,13,-0.9350162426854148,0.35460488704253557,2012-42,2012-10-15,246.4905812025736,246.4905812025736,485.73,893.4545171045039,850.6759494356926,519.9485402571288,582.4226950185086,5.0,2.0,3.0,12.75,9.916666666666666,8.180260794538688,7.501010032998989
APAC,Machines,2012,44,10,4,Spring,1.0,0.1,525.042,7,-0.822983865893657,0.5680647467311548,2012-44,2012-10-29,1177.9305812025736,724.0905812025736,504.0,843.6923718038604,852.4294494356926,550.2054189427652,581.3146941795576,13.0,9.0,6.0,12.25,10.0,8.539125638299668,7.458978726096732
APAC,Machines,2012,45,11,4,Autumn,1.0,0.21000000000000002,525.1437000000001,8,-0.7485107481711011,0.6631226582407952,2012-45,2012-11-05,525.042,1425.3063248102944,485.73,618.6517156012868,855.7139244356925,395.3071747817745,579.1618185411439,7.0,24.0,3.0,8.25,10.416666666666666,3.4034296427770308,7.166314297186567
APAC,Machines,2012,47,11,4,Spring,1.0,0.4,246.4905812025736,4,-0.5680647467311559,0.8229838658936564,2012-47,2012-11-19,525.1437000000001,246.4905812025736,805.4457812025736,618.6517156012868,809.1343244356926,395.3071747817745,605.452709563592,8.0,5.0,11.0,8.0,9.833333333333334,3.741657386773949,7.395739969534467
APAC,Machines,2012,49,12,4,Autumn,0.0,0.0,703.9905812025736,9,-0.35460488704253595,0.9350162426854147,2012-49,2012-12-03,246.4905812025736,1177.9305812025736,592.8105812025735,500.1667156012868,818.3993244356926,188.97828700294096,602.6858054387974,4.0,13.0,7.0,7.0,10.0,2.160246899469299,7.348469228349534
APAC,Machines,2012,50,12,4,Autumn,0.0,0.0,497.13,3,-0.2393156642875578,0.970941817426052,2012-50,2012-12-10,703.9905812025736,525.042,483.516,493.18871560128684,819.5338244356925,188.26758510820355,602.0105460875398,9.0,7.0,3.0,6.0,10.0,2.943920288775958,7.348469228349534
APAC,Machines,2012,51,12,4,Spring,0.5,0.05,694.962,7,-0.12053668025532363,0.992708874098054,2012-51,2012-12-17,497.13,525.1437000000001,2229.447981202574,535.6432906012868,691.6599926688114,215.10913844125994,406.5400887522358,3.0,8.0,24.0,5.75,8.583333333333334,2.753785273643061,5.900051360844756
APAC,Machines,2012,52,12,4,Summer,0.6666666666666666,0.06666666666666667,731.2605812025736,12,6.432490598706546e-16,1.0,2012-52,2012-12-24,694.962,246.4905812025736,1286.8524,656.8357906012868,645.3606744356924,107.58279157218838,361.76511262404154,7.0,4.0,12.0,7.75,8.583333333333334,3.7749172176353825,5.900051360844756
APAC,Machines,2013,1,12,4,Winter,0.75,0.1925,854.9117436077208,20,0.12053668025532305,0.992708874098054,2013-1,2012-12-31,731.2605812025736,703.9905812025736,246.4905812025736,694.5660812025736,696.0624379694547,148.3670905723597,342.9259444625538,12.0,9.0,2.0,10.5,10.083333333333334,7.325753658611974,6.345482764546092
APAC,Machines,2013,2,1,1,Summer,0.6666666666666666,0.11666666666666665,513.8175,10,0.23931566428755774,0.970941817426052,2013-2,2013-01-07,854.9117436077208,497.13,724.0905812025736,698.7379562025736,678.5396812025737,141.01750006857534,346.7148833613131,20.0,3.0,9.0,12.25,10.166666666666666,5.560275772537431,6.336522323129238
APAC,Machines,2013,3,1,1,Summer,1.0,0.1,199.26,2,0.3546048870425356,0.9350162426854148,2013-3,2013-01-14,513.8175,694.962,1425.3063248102944,574.8124562025736,576.369154135049,287.33932244115636,281.0865456144603,10.0,7.0,24.0,11.0,8.333333333333334,7.393691004272949,5.015128627614165
APAC,Machines,2013,7,2,1,Summer,0.5,0.05,345.942,5,0.7485107481711011,0.6631226582407953,2013-7,2013-02-11,199.26,731.2605812025736,246.4905812025736,478.4828109019302,584.6567723681679,281.9454594504619,271.7884692970631,2.0,12.0,5.0,9.25,8.333333333333334,7.889866919029753,5.015128627614165
APAC,Machines,2013,8,2,1,Summer,1.0,0.1,246.4905812025736,4,0.8229838658936564,0.5680647467311559,2013-8,2013-02-18,345.942,854.9117436077208,1177.9305812025736,326.37752030064337,507.03677236816793,139.11302582366537,213.76343769984487,5.0,20.0,13.0,5.25,7.583333333333333,3.4034296427770308,4.925967063953179
APAC,Machines,2013,11,3,1,Winter,0.0,0.0,246.4905812025736,3,0.970941817426052,0.23931566428755804,2013-11,2013-03-11,246.4905812025736,513.8175,525.042,259.5457906012868,483.824154135049,61.75100142718218,226.38203872613147,4.0,10.0,7.0,3.5,7.25,1.290994448735827,5.101247619232696
APAC,Machines,2013,12,3,1,Spring,1.0,0.25,104.6925,3,0.992708874098054,0.120536680255323,2013-12,2013-03-18,246.4905812025736,199.26,525.1437000000001,235.9039156012868,448.7865541350491,99.24543747588854,250.6426299385006,3.0,2.0,8.0,3.75,6.833333333333333,0.9574271077563669,5.236816057896477
APAC,Machines,2013,13,3,1,Spring,0.0,0.0,246.4905812025736,3,1.0,-1.6081226496766366e-16,2013-13,2013-03-25,104.6925,345.942,246.4905812025736,211.0410609019302,448.7865541350491,70.89904060129308,250.6426299385006,3.0,5.0,4.0,3.25,6.75,0.5000000000000552,5.2936497119404535
APAC,Machines,2013,15,4,2,Spring,0.0,0.0,246.4905812025736,4,0.9709418174260521,-0.2393156642875575,2013-15,2013-04-08,246.4905812025736,246.4905812025736,703.9905812025736,211.0410609019302,410.6615541350491,70.89904060129308,242.97238621639613,3.0,4.0,9.0,3.25,6.333333333333333,0.5000000000000552,5.297226261035678
APAC,Machines,2013,18,5,2,Spring,0.3333333333333333,0.05666666666666667,654.9211624051472,14,0.8229838658936565,-0.5680647467311557,2013-18,2013-04-29,246.4905812025736,246.4905812025736,497.13,313.14870620257363,423.81081766881135,237.4510566974057,252.1728324392515,4.0,3.0,3.0,6.0,7.25,5.354126134736342,5.6104610084442
APAC,Machines,2013,20,5,2,Spring,1.0,0.3666666666666667,789.0255812025736,13,0.6631226582407952,-0.7485107481711012,2013-20,2013-05-13,654.9211624051472,104.6925,694.962,484.23197650321697,431.64944943569253,279.9261103270451,262.6134459052423,14.0,3.0,7.0,8.5,7.75,5.802298395176408,5.848465222136953
APAC,Machines,2013,21,5,2,Autumn,0.0,0.0,149.28,2,0.5680647467311558,-0.8229838658936564,2013-21,2013-05-20,789.0255812025736,246.4905812025736,731.2605812025736,459.92933120257356,383.1510676688113,310.0458369219872,255.90562908306532,13.0,3.0,12.0,8.25,6.916666666666667,6.130524719249845,5.9000513608447545
APAC,Machines,2013,22,5,2,Spring,1.0,0.17,246.4905812025736,13,0.46472317204376906,-0.8854560256532096,2013-22,2013-05-27,149.28,246.4905812025736,854.9117436077208,459.9293312025736,332.4493041350491,310.0458369219872,210.11566690192413,2.0,4.0,20.0,10.5,6.333333333333333,5.686240703077332,4.716187468965183
APAC,Machines,2013,23,6,2,Autumn,0.5,0.2,492.9811624051472,9,0.35460488704253584,-0.9350162426854147,2013-23,2013-06-03,246.4905812025736,654.9211624051472,513.8175,419.4443312025736,330.7129426688113,285.7153194983175,208.56095770970657,13.0,14.0,10.0,9.25,6.25,5.188127472091132,4.653932843208084
APAC,Machines,2013,24,6,2,Spring,0.5,0.085,2075.7907624051472,22,0.23931566428755768,-0.970941817426052,2013-24,2013-06-10,492.9811624051472,789.0255812025736,199.26,741.135626503217,487.0905062025736,901.4528594266023,540.4580394247299,9.0,13.0,2.0,11.5,7.916666666666667,8.346656017032613,6.287915297447857
APAC,Machines,2013,25,6,2,Autumn,0.6666666666666666,0.09000000000000001,791.6385812025735,11,0.12053668025532308,-0.992708874098054,2013-25,2013-06-17,2075.7907624051472,149.28,345.942,901.7252718038603,524.2318879694548,813.8290365926365,545.170253513474,22.0,2.0,5.0,13.75,8.416666666666666,5.737304826019507,6.273440890457214
APAC,Machines,2013,26,6,2,Winter,0.6,0.13999999999999999,1232.452906012868,25,-3.216245299353273e-16,-1.0,2013-26,2013-06-24,791.6385812025735,246.4905812025736,246.4905812025736,1148.215853006434,606.3954150369792,688.9535408089791,573.0891802112449,11.0,13.0,4.0,16.75,10.166666666666666,7.9320026895272,7.69691004510409
APAC,Machines,2013,27,7,3,Summer,1.0,0.5,139.86,7,-0.12053668025532283,-0.992708874098054,2013-27,2013-07-01,1232.452906012868,492.9811624051472,246.4905812025736,1059.935562405147,597.5095332700981,812.4543744871806,579.9623491350121,25.0,9.0,3.0,16.25,10.5,8.616843969807046,7.440674456232874
APAC,Machines,2013,28,7,3,Winter,1.0,0.4,206.784,2,-0.23931566428755743,-0.9709418174260521,2013-28,2013-07-08,139.86,2075.7907624051472,104.6925,592.6838718038604,606.0171582700981,517.3185876737629,572.7802091891629,7.0,22.0,3.0,11.25,10.416666666666666,9.8784276751583,7.537281078784715
APAC,Machines,2013,29,7,3,Summer,1.0,0.17,422.6028,2,-0.3546048870425356,-0.9350162426854148,2013-29,2013-07-15,206.784,791.6385812025735,246.4905812025736,500.42492650321697,620.6931765032169,502.710422311031,564.9332775964212,2.0,11.0,3.0,9.0,10.333333333333334,10.92397973878263,7.63167244071863
APAC,Machines,2013,30,7,3,Winter,1.0,0.1,133.596,4,-0.46472317204376806,-0.8854560256532101,2013-30,2013-07-22,422.6028,1232.452906012868,246.4905812025736,225.7107,611.2852947363359,135.37624072916606,572.6191553371849,2.0,25.0,4.0,3.75,10.333333333333334,2.3629078131263213,7.63167244071863
APAC,Machines,2013,32,8,3,Summer,0.6666666666666666,0.14,590.2156624051472,11,-0.663122658240795,-0.7485107481711013,2013-32,2013-08-05,133.596,139.86,654.9211624051472,338.2996156012868,605.8931697363358,207.98128836049662,572.4755340516512,4.0,7.0,14.0,4.75,10.083333333333334,4.272001872658775,7.549332701797176
APAC,Machines,2013,33,8,3,Summer,0.0,0.0,526.56,4,-0.7485107481711011,-0.6631226582407952,2013-33,2013-08-12,590.2156624051472,206.784,789.0255812025736,418.2436156012868,584.0210379694547,201.9489139751617,569.8505544023719,11.0,2.0,13.0,5.25,9.333333333333334,3.947573094109014,7.67917293526438
APAC,Machines,2013,34,8,3,Winter,1.0,0.10000000000000002,949.293,13,-0.8229838658936564,-0.5680647467311559,2013-34,2013-08-19,526.56,422.6028,149.28,549.9161656012868,650.6887879694547,334.162583211058,561.0959217419336,4.0,2.0,2.0,8.0,10.25,4.690415759823439,7.374711088331775
APAC,Machines,2013,35,8,3,Summer,0.25,0.125,981.5117436077207,15,-0.8854560256532096,-0.4647231720437691,2013-35,2013-08-26,949.293,133.596,246.4905812025736,761.895101503217,711.9405515032171,236.78814839347277,553.0215565863805,13.0,4.0,13.0,10.75,10.416666666666666,4.787135538781699,7.464562744708961
APAC,Machines,2013,36,9,3,Winter,1.0,0.1,40.338,1,-0.9350162426854147,-0.3546048870425359,2013-36,2013-09-02,981.5117436077207,590.2156624051472,492.9811624051472,624.4256859019301,674.2202879694547,441.12936185677125,583.8893276422892,15.0,11.0,9.0,8.25,9.75,6.800735254367728,7.944409126148802
APAC,Machines,2013,37,9,3,Summer,1.0,0.17,221.5353,1,-0.970941817426052,-0.23931566428755774,2013-37,2013-09-09,40.338,526.56,2075.7907624051472,548.1695109019302,519.6989994356924,487.60239791217714,393.6075775879985,1.0,4.0,22.0,7.5,8.0,7.549834435270755,7.286350876186863
APAC,Machines,2013,39,9,3,Autumn,1.0,0.25,416.745,7,-1.0,-1.8369701987210297e-16,2013-39,2013-09-23,221.5353,949.293,791.6385812025735,415.03251090193015,488.45786766881133,407.7330829651173,384.84146282249856,1.0,13.0,11.0,6.0,7.666666666666667,6.633249580710806,7.2278921022954
APAC,Machines,2013,40,9,3,Autumn,0.0,0.0,246.4905812025736,3,-0.992708874098054,0.1205366802553232,2013-40,2013-09-30,416.745,981.5117436077207,1232.452906012868,231.2772203006434,406.2943406012868,154.0372622849271,309.41908548088765,7.0,15.0,25.0,3.0,5.833333333333333,2.8284271247462054,4.821039747028041
APAC,Machines,2013,41,10,4,Autumn,0.75,0.185,735.5320624051471,12,-0.9709418174260521,0.23931566428755738,2013-41,2013-10-07,246.4905812025736,40.338,139.86,405.0757359019302,455.93367913504903,236.76563542364246,310.56888088331135,3.0,1.0,7.0,5.75,6.25,4.856267428111164,5.136765873228368
APAC,Machines,2013,42,10,4,Autumn,0.5,0.2,397.3305812025736,12,-0.9350162426854148,0.35460488704253557,2013-42,2013-10-14,735.5320624051471,221.5353,206.784,449.0245562025736,471.8125609019302,205.60544653912334,301.4082736006886,12.0,1.0,2.0,8.5,7.083333333333333,4.358898943540684,5.195423393952048
APAC,Machines,2013,44,10,4,Autumn,0.0,0.0,74.22,2,-0.822983865893657,0.5680647467311548,2013-44,2013-10-28,397.3305812025736,416.745,422.6028,363.39330620257357,442.78066090193016,281.0257643200353,322.6115664174648,12.0,7.0,2.0,7.25,7.083333333333333,5.500000000000008,5.195423393952048
APAC,Machines,2013,45,11,4,Autumn,0.5,0.125,553.9530812025736,12,-0.7485107481711011,0.6631226582407952,2013-45,2013-11-04,74.22,246.4905812025736,133.596,440.25893120257365,477.81041766881134,280.4400851899519,308.5007141347756,2.0,3.0,4.0,9.5,7.75,5.000000000000009,5.276448530110862
APAC,Machines,2013,46,11,4,Autumn,1.0,0.5,59.025,1,-0.6631226582407955,0.7485107481711007,2013-46,2013-11-11,553.9530812025736,735.5320624051471,590.2156624051472,271.1321656012868,433.54452913504906,244.72948403153814,328.3750983242316,12.0,12.0,11.0,6.75,6.916666666666667,6.075908711186068,5.501377238033354
APAC,Machines,2013,49,12,4,Autumn,0.0,0.0,719.7,6,-0.35460488704253595,0.9350162426854147,2013-49,2013-12-02,59.025,397.3305812025736,526.56,351.7245203006434,449.6395291350491,336.1468490982065,337.942537420417,1.0,12.0,4.0,5.25,7.083333333333333,4.991659710623987,5.434876152027639
APAC,Machines,2013,52,12,4,Winter,0.25,0.025,797.2455812025736,12,6.432490598706546e-16,1.0,2013-52,2013-12-23,719.7,74.22,949.293,532.4809156012868,436.9689109019302,331.54832308806226,319.8730694665271,6.0,2.0,13.0,7.75,7.0,5.315072906367333,5.342794638150948
APAC,Machines,2014,1,1,1,Summer,0.5,0.05,385.7205812025736,6,0.12053668025532305,0.992708874098054,2014-1,2013-12-30,797.2455812025736,553.9530812025736,981.5117436077207,490.4227906012868,387.319647368168,338.51384509877334,270.02112518058874,12.0,12.0,15.0,6.25,6.25,4.50000000000001,4.712169930567596
APAC,Machines,2014,2,1,1,Winter,1.0,0.21000000000000002,523.2825,6,0.23931566428755774,0.970941817426052,2014-2,2014-01-06,385.7205812025736,59.025,40.338,606.4871656012868,427.56502236816794,186.964185661499,248.75669742659875,6.0,1.0,1.0,7.5,6.666666666666667,3.000000000000014,4.417595671307129
APAC,Machines,2014,3,1,1,Winter,1.0,0.17,246.4905812025736,3,0.3546048870425356,0.9350162426854148,2014-3,2014-01-13,523.2825,719.7,221.5353,488.1848109019302,429.6446291350491,234.9932102258151,246.97564275066443,6.0,6.0,1.0,6.75,6.833333333333333,3.774917217635386,4.217567875906535
APAC,Machines,2014,4,1,1,Summer,1.0,0.4,181.134,1,0.4647231720437685,0.8854560256532099,2014-4,2014-01-20,246.4905812025736,797.2455812025736,416.745,334.15691560128676,410.0103791350491,152.23742112286817,257.2462096757021,3.0,12.0,7.0,4.0,6.333333333333333,2.4494897427831956,4.539389893593694
APAC,Machines,2014,5,1,1,Winter,0.0,0.0,770.5605812025735,11,0.5680647467311558,0.8229838658936564,2014-5,2014-01-27,181.134,385.7205812025736,246.4905812025736,430.3669156012868,453.68287913504906,270.98129610142394,271.0756374046521,1.0,6.0,3.0,5.25,7.0,4.349329450233306,4.592483978296393
APAC,Machines,2014,6,2,1,Winter,0.0,0.0,354.15,3,0.6631226582407952,0.7485107481711011,2014-6,2014-02-03,770.5605812025735,523.2825,735.5320624051471,388.08379060128675,421.90104060128675,264.77465278419913,257.01942302437,11.0,6.0,12.0,4.5,6.25,4.4347115652167,4.433857339731498
APAC,Machines,2014,7,2,1,Summer,1.0,0.1,246.4905812025736,4,0.7485107481711011,0.6631226582407953,2014-7,2014-02-10,354.15,246.4905812025736,397.3305812025736,388.08379060128675,409.33104060128676,264.77465278419913,261.9711790048295,3.0,3.0,12.0,4.75,5.583333333333333,4.349329450233306,4.0778410806194785
APAC,Machines,2014,8,2,1,Winter,1.0,0.25,492.1875,5,0.8229838658936564,0.5680647467311559,2014-8,2014-02-17,246.4905812025736,181.134,74.22,465.84716560128675,444.1616656012868,226.66983830090282,240.25092923810644,4.0,1.0,2.0,5.75,5.833333333333333,3.593976442141316,3.9273709303097895
APAC,Machines,2014,9,3,1,Winter,0.0,0.0,185.64,4,0.8854560256532099,0.4647231720437686,2014-9,2014-02-24,492.1875,770.5605812025735,553.9530812025736,319.6170203006434,413.4689088344057,134.49958514730056,248.34000736300447,5.0,11.0,12.0,4.0,5.166666666666667,0.8164965809277782,3.4333480435106978
APAC,Machines,2014,10,3,1,Winter,0.0,0.0,347.16,2,0.9350162426854148,0.35460488704253557,2014-10,2014-03-03,185.64,354.15,59.025,317.8695203006434,437.4801588344057,133.9456223412955,223.6572575067556,4.0,3.0,1.0,3.75,5.25,1.2583057392118255,3.3337120996925202
APAC,Machines,2014,11,3,1,Summer,1.0,0.135,360.16859999999997,5,0.970941817426052,0.23931566428755804,2014-11,2014-03-10,347.16,246.4905812025736,719.7,346.289025,407.5192088344057,125.54929369296927,205.7813034339916,2.0,4.0,6.0,4.0,5.166666666666667,1.4142135623731251,3.32574894732089
APAC,Machines,2014,12,3,1,Spring,0.0,0.0,788.64,7,0.992708874098054,0.120536680255323,2014-12,2014-03-17,360.16859999999997,492.1875,797.2455812025736,420.40215,406.8020770675245,258.00831661497057,204.30939863503403,5.0,5.0,12.0,4.5,4.75,2.081665999466153,2.632834628649913
APAC,Machines,2014,14,4,2,Spring,0.0,0.0,238.8,2,0.992708874098054,-0.12053668025532288,2014-14,2014-03-31,788.64,185.64,385.7205812025736,433.69215,394.5586953006434,242.80613099032504,210.0101940691809,7.0,4.0,6.0,4.0,4.416666666666667,2.4494897427831956,2.7122058561363933
APAC,Machines,2014,16,4,2,Autumn,1.0,0.1,377.7645812025736,9,0.9350162426854148,-0.35460488704253545,2014-16,2014-04-14,238.8,347.16,523.2825,441.34329530064343,382.43220206752454,239.63192025117382,206.0658985631873,2.0,2.0,6.0,5.75,4.666666666666667,2.9860788111948335,2.9949452365104965
APAC,Machines,2014,17,4,2,Spring,0.0,0.0,301.89,1,0.8854560256532099,-0.4647231720437685,2014-17,2014-04-21,377.7645812025736,360.16859999999997,246.4905812025736,426.7736453006434,387.0488203006434,247.8434742724804,203.34606957346992,9.0,5.0,3.0,4.75,4.5,3.8622100754188335,3.147870853305588
APAC,Machines,2014,18,4,2,Spring,0.5,0.0675,1397.4153812025736,16,0.8229838658936565,-0.5680647467311557,2014-18,2014-04-28,301.89,788.64,181.134,578.9674906012867,488.4056020675245,548.5816310693386,345.09645183608905,1.0,7.0,1.0,7.0,5.75,6.976149845485456,4.371914496377568
APAC,Machines,2014,19,5,2,Spring,1.0,0.5,43.56,2,0.7485107481711013,-0.663122658240795,2014-19,2014-05-05,1397.4153812025736,238.8,770.5605812025735,530.1574906012868,427.82222030064344,595.6069768927824,354.7392378328851,16.0,2.0,11.0,7.0,5.0,6.976149845485456,4.156047072968161
APAC,Machines,2014,20,5,2,Autumn,0.25,0.1,542.7105812025736,11,0.6631226582407952,-0.7485107481711012,2014-20,2014-05-12,43.56,377.7645812025736,354.15,571.3939906012868,443.5356020675245,587.189690613893,355.3548815772894,2.0,9.0,3.0,7.5,5.666666666666667,7.2341781380702415,4.438126822992968
APAC,Machines,2014,21,5,2,Autumn,0.0,0.0,447.6,6,0.5680647467311558,-0.8229838658936564,2014-21,2014-05-19,542.7105812025736,301.89,246.4905812025736,607.8214906012868,460.29472030064335,569.1396719094798,349.9178310071676,11.0,1.0,4.0,8.75,5.833333333333333,6.075908711186068,4.4072942293704855
APAC,Machines,2014,22,5,2,Spring,1.0,0.375,499.8105812025736,7,0.46472317204376906,-0.8854560256532096,2014-22,2014-05-26,447.6,1397.4153812025736,492.1875,383.4202906012868,460.92997706752453,229.88703649995256,349.9879068399518,6.0,16.0,5.0,6.5,6.0,3.696845502136484,4.410730716621161
APAC,Machines,2014,23,6,2,Spring,0.0,0.0,517.14,6,0.35460488704253584,-0.9350162426854147,2014-23,2014-06-02,499.8105812025736,43.56,185.64,501.8152906012868,488.55497706752453,40.21023131110036,339.2001543712863,7.0,2.0,4.0,7.5,6.166666666666667,2.380476142847635,4.365845400447205
APAC,Machines,2014,24,6,2,Spring,0.6,0.154,1458.700962405147,26,0.23931566428755768,-0.970941817426052,2014-24,2014-06-09,517.14,542.7105812025736,347.16,730.8128859019301,581.1833906012868,486.15798447367865,435.2485819915232,6.0,11.0,2.0,11.25,8.166666666666666,9.844626283748244,6.991336630343861
APAC,Machines,2014,25,6,2,Spring,0.0,0.0,246.4905812025736,3,0.12053668025532308,-0.992708874098054,2014-25,2014-06-16,1458.700962405147,447.6,360.16859999999997,680.5355312025736,571.7102223681678,533.3216865734556,441.68576421212583,26.0,6.0,5.0,10.5,8.0,10.472185381603342,7.096734204099541
APAC,Machines,2014,26,6,2,Winter,1.0,0.4,92.934,3,-3.216245299353273e-16,-1.0,2014-26,2014-06-23,246.4905812025736,499.8105812025736,788.64,578.8163859019302,513.7347223681679,612.2425929713914,456.0486115300035,3.0,7.0,7.0,9.5,7.666666666666667,11.090536506409421,7.240458716424147
APAC,Machines,2014,27,7,3,Summer,0.0,0.0,246.4905812025736,4,-0.12053668025532283,-0.992708874098054,2014-27,2014-06-30,92.934,517.14,238.8,511.15403120257355,514.375604135049,635.8319130247929,455.6323375798527,3.0,6.0,2.0,9.0,7.833333333333333,11.343133018115708,7.120180453961098
APAC,Machines,2014,28,7,3,Summer,0.6666666666666666,0.16666666666666666,1352.9430812025735,10,-0.23931566428755743,-0.9709418174260521,2014-28,2014-07-07,246.4905812025736,1458.700962405147,377.7645812025736,484.71456090193016,595.6404791350491,583.3278381755485,512.471212551747,4.0,26.0,9.0,5.0,7.916666666666667,3.366501646120705,7.140897999721339
APAC,Machines,2014,29,7,3,Summer,0.0,0.0,420.07058120257363,6,-0.3546048870425356,-0.9350162426854148,2014-29,2014-07-14,1352.9430812025735,246.4905812025736,301.89,528.1095609019302,605.4888609019303,565.8945060342514,507.4235937309963,10.0,3.0,1.0,5.75,8.333333333333334,3.0956959368344648,6.840166576032981
APAC,Machines,2014,31,7,3,Summer,1.0,0.17,246.4905812025736,5,-0.5680647467311556,-0.8229838658936566,2014-31,2014-07-28,420.07058120257363,92.934,1397.4153812025736,566.4987062025735,509.57846090193016,530.6431163824357,449.6071246157192,6.0,3.0,16.0,6.25,7.416666666666667,2.629955639676599,6.44498865692398
APAC,Machines,2014,32,8,3,Summer,0.8,0.22800000000000004,938.5007436077208,16,-0.663122658240795,-0.7485107481711013,2014-32,2014-08-04,246.4905812025736,246.4905812025736,43.56,739.5012468038603,584.1568562025735,503.6556861063435,439.3869805773905,5.0,4.0,2.0,9.25,8.583333333333334,4.9916597106239875,6.639528095680695
APAC,Machines,2014,33,8,3,Summer,1.0,0.25,816.4605812025736,12,-0.7485107481711011,-0.6631226582407952,2014-33,2014-08-11,938.5007436077208,1352.9430812025735,542.7105812025736,605.3806218038604,606.9693562025735,325.9169818633918,444.12041884366295,16.0,10.0,11.0,9.75,8.666666666666666,5.188127472091135,6.678776879493774
APAC,Machines,2014,34,8,3,Summer,0.6,0.074,1380.6512436077207,20,-0.8229838658936564,-0.5680647467311559,2014-34,2014-08-18,816.4605812025736,420.07058120257363,447.6,845.5257874051472,684.723626503217,467.1514960690457,492.70208252554676,12.0,6.0,6.0,13.25,9.833333333333334,6.39661368746517,7.358771307189477
APAC,Machines,2014,35,8,3,Summer,0.5,0.2,748.7625812025735,12,-0.8854560256532096,-0.4647231720437691,2014-35,2014-08-25,1380.6512436077207,246.4905812025736,499.8105812025736,971.0937874051472,705.469626503217,284.10221760667105,489.4386542096184,20.0,5.0,7.0,15.0,10.25,3.8297084310253635,7.3252365770049295
APAC,Machines,2014,36,9,3,Summer,0.3333333333333333,0.03333333333333333,969.2611624051472,18,-0.9350162426854147,-0.3546048870425359,2014-36,2014-09-01,748.7625812025735,938.5007436077208,517.14,978.7838921045038,743.1463900369791,283.34120262582485,491.0226455294238,12.0,16.0,6.0,15.5,11.25,4.123105625617671,7.509085406117288
APAC,Machines,2014,37,9,3,Summer,0.5,0.0875,784.1925812025736,10,-0.970941817426052,-0.23931566428755774,2014-37,2014-09-08,969.2611624051472,816.4605812025736,1458.700962405147,970.7168921045037,686.9373582700981,289.8869471459021,437.3357981102502,18.0,12.0,26.0,15.0,9.916666666666666,4.760952285695242,5.900051360844756
APAC,Machines,2014,38,9,3,Summer,1.0,0.25,389.655,2,-0.992708874098054,-0.12053668025532357,2014-38,2014-09-15,784.1925812025736,1380.6512436077207,246.4905812025736,722.9678312025735,698.867726503217,242.33013815816327,426.0350002983485,10.0,20.0,3.0,10.5,9.833333333333334,6.608075867199677,6.012613005301035
APAC,Machines,2014,39,9,3,Spring,0.6666666666666666,0.06666666666666667,946.287,6,-1.0,-1.8369701987210297e-16,2014-39,2014-09-22,389.655,748.7625812025735,92.934,772.3489359019302,769.9804765032169,268.0943836280792,384.93687483725546,2.0,12.0,3.0,9.0,10.083333333333334,6.831300510639739,5.759708536396822
APAC,Machines,2014,40,9,3,Autumn,0.5,0.0775,2560.7154248102943,42,-0.992708874098054,0.1205366802553232,2014-40,2014-09-29,946.287,969.2611624051472,246.4905812025736,1170.212501503217,962.8325468038603,956.0199443475462,611.7283492531438,6.0,18.0,4.0,15.0,13.25,18.293896978682994,10.558279818572377
APAC,Machines,2014,41,10,4,Autumn,0.0,0.0,782.1705812025735,9,-0.9709418174260521,0.23931566428755738,2014-41,2014-10-06,2560.7154248102943,784.1925812025736,1352.9430812025735,1169.707001503217,915.2681718038604,956.2925864837867,600.7292073060512,42.0,10.0,10.0,14.75,13.166666666666666,18.391574157749524,10.590161242942205
APAC,Machines,2014,42,10,4,Autumn,1.0,0.5,22.41,1,-0.9350162426854148,0.35460488704253557,2014-42,2014-10-13,782.1705812025735,389.655,420.07058120257363,1077.895751503217,882.1297900369792,1067.3297826811229,640.2008646924243,9.0,2.0,6.0,14.5,12.75,18.62793601019716,10.988630487917955
APAC,Machines,2014,43,10,4,Autumn,1.0,0.2733333333333334,863.9580812025736,8,-0.8854560256532101,0.464723172043768,2014-43,2014-10-20,22.41,946.287,246.4905812025736,1057.3135218038603,933.5854150369792,1071.4993460222368,608.4966160917974,1.0,6.0,5.0,15.0,13.0,18.34847859269718,10.829253310950266
APAC,Machines,2014,44,10,4,Autumn,1.0,0.17,246.4905812025736,4,-0.822983865893657,0.5680647467311548,2014-44,2014-10-27,863.9580812025736,2560.7154248102943,938.5007436077208,478.75731090193017,875.9179015032169,409.3246258278788,639.9657728466864,8.0,42.0,16.0,5.5,12.0,3.6968455021364828,11.078234188139946
APAC,Machines,2014,45,11,4,Autumn,0.4,0.16,1259.2411624051472,22,-0.7485107481711011,0.6631226582407952,2014-45,2014-11-03,246.4905812025736,782.1705812025735,816.4605812025736,598.0249562025735,912.8162832700981,566.5204594504723,648.9279100636122,4.0,9.0,12.0,8.75,12.833333333333334,9.287087810503358,11.448170424159752
APAC,Machines,2014,46,11,4,Autumn,0.25,0.025,888.0841624051471,12,-0.6631226582407955,0.7485107481711007,2014-46,2014-11-10,1259.2411624051472,22.41,1380.6512436077207,814.4434968038603,871.769026503217,419.638780922647,632.0029744813593,22.0,1.0,20.0,11.5,12.166666666666666,7.72442015083765,11.22362227490292
APAC,Machines,2014,47,11,4,Spring,0.5,0.2,510.1305812025736,7,-0.5680647467311559,0.8229838658936564,2014-47,2014-11-17,888.0841624051471,863.9580812025736,748.7625812025735,725.9866218038603,851.883026503217,442.39737075667324,639.9298044507489,12.0,8.0,12.0,11.25,11.75,7.889866919029755,11.322744607847758
APAC,Machines,2014,48,11,4,Spring,0.6666666666666666,0.06666666666666667,739.4717436077208,16,-0.4647231720437684,0.88545602565321,2014-48,2014-11-24,510.1305812025736,246.4905812025736,969.2611624051472,849.2319124051471,832.7339082700981,314.45937198808565,639.5360609530827,7.0,4.0,18.0,14.25,11.583333333333334,6.344288770224766,11.236776740469285
APAC,Machines,2014,49,12,4,Autumn,0.6666666666666666,0.07833333333333334,1400.0883248102944,29,-0.35460488704253595,0.9350162426854147,2014-49,2014-12-01,739.4717436077208,1259.2411624051472,784.1925812025736,884.4437030064339,884.0585535707415,377.28407118347627,659.6827232434326,16.0,22.0,10.0,16.0,13.166666666666666,9.416297927883694,12.28327268600628
APAC,Machines,2014,50,12,4,Autumn,0.3333333333333333,0.05666666666666667,1214.0205812025736,16,-0.2393156642875578,0.970941817426052,2014-50,2014-12-08,1400.0883248102944,888.0841624051471,389.655,965.9278077057907,952.7556853376226,411.9380372210493,646.3043726902675,29.0,12.0,2.0,17.0,14.333333333333334,9.05538513813742,11.780826744667745
APAC,Machines,2014,51,12,4,Autumn,0.5,0.05,561.7425812025735,10,-0.12053668025532363,0.992708874098054,2014-51,2014-12-15,1214.0205812025736,510.1305812025736,946.287,978.8308077057904,920.7103171045037,393.28847577320124,656.1131623540906,16.0,7.0,6.0,17.75,14.666666666666666,8.015609770940705,11.578454389969592
APAC,Machines,2014,52,12,4,Winter,0.25,0.0425,1496.1075812025736,13,6.432490598706546e-16,1.0,2014-52,2014-12-22,561.7425812025735,739.4717436077208,2560.7154248102943,1167.9897671045037,831.9929968038604,420.78716974980193,455.5062521406741,10.0,16.0,42.0,17.0,12.25,8.366600265340761,7.74743359266327
APAC,Phones,2011,15,4,2,Autumn,1.0,0.1,246.4905812025736,9,0.9709418174260521,-0.2393156642875575,2011-15,2011-04-11,341.82,138.3942,363.4902,616.8929859019302,627.4809812025736,385.3841601130703,339.11045240302434,5.0,1.0,4.0,7.75,9.833333333333334,1.8929694486000914,6.264377402617457
APAC,Phones,2011,16,4,2,Spring,1.0,0.5,61.62,1,0.9350162426854148,-0.35460488704253545,2011-16,2011-04-18,246.4905812025736,1050.0402,800.8641812025736,369.7879359019302,565.8772994356924,327.6333364436968,370.44833291288586,9.0,8.0,9.0,6.0,9.166666666666666,3.8297084310253524,6.766674130463118
APAC,Phones,2011,18,5,2,Spring,0.5,0.085,220.7979,2,0.8229838658936565,-0.5680647467311557,2011-18,2011-05-02,61.62,829.2211624051472,246.4905812025736,217.6821203006434,563.7362426688113,116.34035423654935,372.5304804588024,1.0,9.0,4.0,4.25,9.0,3.593976442141304,6.928203230275509
APAC,Phones,2011,21,5,2,Autumn,0.25,0.025,985.9623248102944,30,0.5680647467311558,-0.8229838658936564,2011-21,2011-05-23,220.7979,341.82,498.5283812025736,378.717701503217,604.3557379694547,413.0051088803438,390.8954784781554,2.0,5.0,13.0,10.5,10.416666666666666,13.478377746103819,9.189503234504556
APAC,Phones,2011,22,6,2,Spring,0.3333333333333333,0.03333333333333333,843.6301624051472,14,0.46472317204376906,-0.8854560256532096,2011-22,2011-05-30,985.9623248102944,246.4905812025736,949.4567436077208,528.0025968038603,595.5368562025736,455.0587233105143,383.52625843852496,30.0,9.0,21.0,11.75,9.833333333333334,13.524668819112232,8.663752423783015
APAC,Phones,2011,23,6,2,Autumn,1.0,0.135,492.9811624051472,11,0.35460488704253584,-0.9350162426854147,2011-23,2011-06-06,843.6301624051472,61.62,621.6015812025736,635.8428874051472,584.8184879694547,345.6544450463675,384.5275731288949,14.0,1.0,16.0,14.25,9.416666666666666,11.67261752992875,8.45800678575507
APAC,Phones,2011,24,6,2,Spring,0.0,0.0,265.26,2,0.23931566428755768,-0.970941817426052,2011-24,2011-06-13,492.9811624051472,220.7979,646.632,646.9584124051472,553.0374879694547,328.1290911741047,394.5829020960727,11.0,2.0,4.0,14.25,9.25,11.67261752992875,8.593073320466264
APAC,Phones,2011,25,6,2,Summer,0.8,0.10800000000000001,1103.0281624051472,14,0.12053668025532308,-0.992708874098054,2011-25,2011-06-20,265.26,985.9623248102944,1160.2321624051472,676.2248718038604,548.2704879694546,370.8800179214977,386.85021892755964,2.0,30.0,19.0,10.25,8.833333333333334,5.678908345800272,8.189054039423972
APAC,Phones,2011,26,6,2,Summer,1.0,0.17333333333333334,889.0917000000001,12,-3.216245299353273e-16,-1.0,2011-26,2011-06-27,1103.0281624051472,843.6301624051472,138.3942,687.5902562025736,610.8286129694546,378.3415698612445,375.0614870579673,14.0,14.0,1.0,9.75,9.75,5.315072906367323,7.840744398797396
APAC,Phones,2011,27,7,3,Summer,1.0,0.17,415.1826,3,-0.12053668025532283,-0.992708874098054,2011-27,2011-07-04,889.0917000000001,492.9811624051472,1050.0402,668.1406156012869,557.9238129694547,393.3815400457339,351.51177914673667,12.0,11.0,8.0,7.75,9.333333333333334,6.130524719249839,8.071648849616487
APAC,Phones,2011,28,7,3,Summer,0.6666666666666666,0.14,566.2629812025735,10,-0.23931566428755743,-0.9709418174260521,2011-28,2011-07-11,415.1826,265.26,829.2211624051472,743.3913609019302,536.0106312025736,310.73175539708245,341.1039403255998,3.0,2.0,9.0,9.75,9.416666666666666,4.787135538781689,8.073056572590238
APAC,Phones,2011,29,7,3,Summer,0.5,0.085,935.9193812025736,14,-0.3546048870425356,-0.9350162426854148,2011-29,2011-07-18,566.2629812025735,1103.0281624051472,341.82,701.6141656012868,585.5189129694547,251.9323618573876,353.254356812836,10.0,14.0,5.0,9.75,10.166666666666666,4.787135538781689,8.043442652059484
APAC,Phones,2011,30,7,3,Summer,0.5,0.05,613.623,5,-0.46472317204376806,-0.8854560256532101,2011-30,2011-07-25,935.9193812025736,889.0917000000001,246.4905812025736,632.7469906012868,616.1132812025736,219.11459178768752,336.7346530532659,14.0,12.0,9.0,8.0,9.833333333333334,4.966554808583778,8.177945211285527
APAC,Phones,2011,31,8,3,Summer,0.0,0.0,246.4905812025736,5,-0.5680647467311556,-0.8229838658936566,2011-31,2011-08-01,613.623,415.1826,61.62,590.5739859019302,631.5191629694547,282.1223809184258,312.4103565062885,5.0,3.0,1.0,8.5,10.166666666666666,4.358898943540671,7.860526622808347
APAC,Phones,2011,32,8,3,Summer,1.0,0.17,524.4936,6,-0.663122658240795,-0.7485107481711013,2011-32,2011-08-08,246.4905812025736,566.2629812025735,220.7979,580.1316406012868,656.8271379694547,284.08832874958,287.41467215454435,5.0,10.0,2.0,7.5,10.5,4.358898943540671,7.56186605156546
APAC,Phones,2011,33,8,3,Summer,0.25,0.025,1537.875,17,-0.7485107481711011,-0.6631226582407952,2011-33,2011-08-15,524.4936,935.9193812025736,985.9623248102944,730.6205453006435,702.8198609019302,560.4219600607221,375.5251509172509,6.0,14.0,30.0,8.25,9.416666666666666,5.852349955359811,5.01739398734467
APAC,Phones,2011,34,8,3,Summer,0.5,0.085,492.9811624051472,9,-0.8229838658936564,-0.5680647467311559,2011-34,2011-08-22,1537.875,613.623,843.6301624051472,700.4600859019301,673.5991109019302,571.9451481295839,377.21094174532107,17.0,5.0,14.0,9.25,9.0,5.439056290693571,4.80530010414637
APAC,Phones,2011,35,8,3,Summer,0.0,0.0,753.8611624051472,14,-0.8854560256532096,-0.4647231720437691,2011-35,2011-08-29,492.9811624051472,246.4905812025736,492.9811624051472,827.3027312025736,695.3391109019302,487.77416034956843,373.3529481345829,9.0,5.0,11.0,11.5,9.25,4.932882862316245,4.9931771630714445
APAC,Phones,2011,36,9,3,Summer,0.3333333333333333,0.05666666666666667,1019.9505812025736,9,-0.9350162426854147,-0.3546048870425359,2011-36,2011-09-05,753.8611624051472,524.4936,265.26,951.166976503217,758.2299926688114,446.4009086118863,357.5494970937834,14.0,6.0,2.0,12.25,9.833333333333334,3.9475730941090013,4.448356863818236
APAC,Phones,2011,38,9,3,Summer,0.25,0.0625,1166.766162405147,10,-0.992708874098054,-0.12053668025532357,2011-38,2011-09-19,1019.9505812025736,1537.875,1103.0281624051472,858.3897671045038,763.5414926688113,297.57216235135036,363.56011774151915,9.0,17.0,14.0,10.5,9.5,2.380476142847612,4.253340932832579
APAC,Phones,2011,39,9,3,Spring,0.5,0.05,428.466,4,-1.0,-1.8369701987210297e-16,2011-39,2011-09-26,1166.766162405147,492.9811624051472,889.0917000000001,842.260976503217,725.1560176688113,324.5088704526332,373.28601589241254,10.0,9.0,12.0,9.25,8.833333333333334,4.112987559751019,4.448356863818235
APAC,Phones,2011,40,10,4,Autumn,0.5,0.058750000000000004,1959.9392436077208,28,-0.992708874098054,0.1205366802553232,2011-40,2011-10-03,428.466,753.8611624051472,415.1826,1143.7804968038604,853.8857379694547,630.780500159172,501.13661274816695,4.0,14.0,3.0,12.75,10.916666666666666,10.5,6.734690832255081
APAC,Phones,2011,41,10,4,Autumn,1.0,0.3833333333333333,934.9680812025736,10,-0.9709418174260521,0.23931566428755738,2011-41,2011-10-10,1959.9392436077208,1019.9505812025736,566.2629812025735,1122.5348718038604,884.6111629694547,637.7343722710957,493.1379879064455,28.0,9.0,10.0,13.0,10.916666666666666,10.392304845413262,6.734690832255081
APAC,Phones,2011,42,10,4,Autumn,1.0,0.21000000000000002,941.8032,8,-0.9350162426854148,0.35460488704253557,2011-42,2011-10-17,934.9680812025736,1166.766162405147,935.9193812025736,1066.2941312025737,885.1014812025736,642.4356868562184,493.1965620666878,10.0,10.0,14.0,12.5,10.416666666666666,10.630145812734648,6.707639245101385
APAC,Phones,2011,43,10,4,Autumn,0.0,0.0,745.8105812025736,11,-0.8854560256532101,0.464723172043768,2011-43,2011-10-24,941.8032,428.466,613.623,1145.630276503217,896.1171129694548,550.4176960278558,488.03097857396443,8.0,4.0,5.0,14.25,10.916666666666666,9.251126057585278,6.48716681867619
APAC,Phones,2011,44,11,4,Autumn,1.0,0.17,226.839,2,-0.822983865893657,0.5680647467311548,2011-44,2011-10-31,745.8105812025736,1959.9392436077208,246.4905812025736,712.3552156012868,894.4794812025735,336.1785847706342,490.43607462202965,11.0,28.0,5.0,7.75,10.666666666666666,4.031128874149274,6.786796450506387
APAC,Phones,2011,45,11,4,Autumn,0.2,0.1,1605.9811624051472,23,-0.7485107481711011,0.6631226582407952,2011-45,2011-11-07,226.839,934.9680812025736,524.4936,880.1084859019302,984.6034447363359,570.2322125411706,515.0181038853029,2.0,10.0,6.0,11.0,12.083333333333334,8.831760866327848,7.464562744708964
APAC,Phones,2011,46,11,4,Autumn,0.5,0.14250000000000002,1303.5915812025737,18,-0.6631226582407955,0.7485107481711007,2011-46,2011-11-14,1605.9811624051472,941.8032,1537.875,970.5555812025736,965.0798265032171,610.5471083990362,496.23583817128343,23.0,8.0,17.0,13.5,12.166666666666666,9.1104335791443,7.5297390191805285
APAC,Phones,2011,47,11,4,Autumn,0.0,0.0,246.4905812025736,3,-0.5680647467311559,0.8229838658936564,2011-47,2011-11-21,1303.5915812025737,745.8105812025736,492.9811624051472,845.7255812025736,944.5389447363359,714.0805296144297,521.9874866903641,18.0,11.0,9.0,11.5,11.666666666666666,10.598742063723098,7.946792758812526
APAC,Phones,2011,49,12,4,Spring,1.0,0.1,1325.0671624051472,17,-0.35460488704253595,0.9350162426854147,2011-49,2011-12-05,246.4905812025736,226.839,753.8611624051472,1120.2826218038604,992.1394447363358,598.5968273736787,529.0157512209919,3.0,2.0,14.0,15.25,11.916666666666666,8.578072821638514,8.073056572590241
APAC,Phones,2011,50,12,4,Autumn,1.0,0.1466666666666667,869.4254999999999,7,-0.2393156642875578,0.970941817426052,2011-50,2011-12-12,1325.0671624051472,1605.9811624051472,1019.9505812025736,936.1437062025736,979.5956879694548,505.4213250637949,530.0798754865589,17.0,23.0,9.0,11.25,11.75,7.4105780251385704,8.158932639639934
APAC,Phones,2011,51,12,4,Winter,0.25,0.125,784.7205812025736,12,-0.12053668025532363,0.992708874098054,2011-51,2011-12-19,869.4254999999999,1303.5915812025737,1166.766162405147,806.4259562025736,947.7585562025737,442.325819116115,529.2886910821081,7.0,18.0,10.0,9.75,11.916666666666666,6.075908711186062,8.140340995016828
APAC,Phones,2011,52,12,4,Summer,0.6666666666666666,0.06666666666666667,995.472,7,6.432490598706546e-16,1.0,2011-52,2011-12-26,784.7205812025736,246.4905812025736,428.466,993.6713109019302,995.0090562025736,237.29298475607683,503.39142553918765,12.0,3.0,4.0,10.75,12.166666666666666,4.787135538781691,7.918141808339236
APAC,Phones,2012,1,1,1,Winter,0.0,0.0,413.37,3,0.12053668025532305,0.992708874098054,2012-1,2012-01-02,995.472,1325.0671624051472,1959.9392436077208,765.7470203006433,866.1282859019302,250.36796513658294,425.90255928548356,7.0,17.0,28.0,7.25,10.083333333333334,3.685557397915998,6.542981435141481
APAC,Phones,2012,2,1,1,Summer,0.0,0.0,525.1905812025736,6,0.23931566428755774,0.970941817426052,2012-2,2012-01-09,413.37,869.4254999999999,934.9680812025736,679.6882906012868,831.9801609019302,261.7544060812254,436.18483966002066,3.0,7.0,10.0,7.0,9.75,3.7416573867739427,6.648649897125391
APAC,Phones,2012,3,1,1,Winter,0.125,0.02125,2508.1354624051473,23,0.3546048870425356,0.9350162426854148,2012-3,2012-01-16,525.1905812025736,784.7205812025736,941.8032,1110.54201090193,962.5078494356925,965.262256613847,652.673879513736,6.0,12.0,8.0,9.75,11.0,8.99536917900909,7.627700713964741
APAC,Phones,2012,4,1,1,Summer,0.0,0.0,266.04,4,0.4647231720437685,0.8854560256532099,2012-4,2012-01-23,2508.1354624051473,995.472,745.8105812025736,928.1840109019303,922.5269676688114,1058.634096447273,681.2250483404019,23.0,7.0,11.0,9.0,10.416666666666666,9.41629792788369,7.890827048868296
APAC,Phones,2012,5,2,1,Winter,0.6666666666666666,0.09000000000000001,708.5221624051471,17,0.5680647467311558,0.8229838658936564,2012-5,2012-01-30,266.04,413.37,226.839,1001.972051503217,962.6672312025736,1020.3851580985133,649.9807445111719,4.0,3.0,2.0,12.5,11.666666666666666,9.03696114115064,7.619751049778864
APAC,Phones,2012,6,2,1,Summer,1.0,0.1,954.369,11,0.6631226582407952,0.7485107481711011,2012-6,2012-02-06,708.5221624051471,525.1905812025736,1605.9811624051472,1109.2666562025736,908.3662176688114,975.0990657198536,617.7714711548075,17.0,6.0,23.0,13.75,10.666666666666666,8.139410298049855,6.733003292241388
APAC,Phones,2012,7,2,1,Winter,0.0,0.0,546.0,4,0.7485107481711011,0.6631226582407953,2012-7,2012-02-13,954.369,2508.1354624051473,1303.5915812025737,618.7327906012868,845.2335859019303,288.9037092869311,612.3972963022959,11.0,23.0,18.0,9.0,9.5,6.27162924074226,6.557438524302002
APAC,Phones,2012,8,2,1,Winter,0.0,0.0,408.5505812025736,7,0.8229838658936564,0.5680647467311559,2012-8,2012-02-20,546.0,266.04,246.4905812025736,654.3604359019301,858.7385859019302,234.594046447738,599.6472580017223,4.0,4.0,3.0,9.75,9.833333333333334,5.619905100029122,6.293334617359911
APAC,Phones,2012,9,2,1,Summer,1.0,0.1,431.217,7,0.8854560256532099,0.4647231720437686,2012-9,2012-02-27,408.5505812025736,708.5221624051471,1325.0671624051472,585.0341453006434,784.251072368168,253.4679874463727,591.9211298351175,7.0,17.0,17.0,7.25,9.0,2.872281323269015,5.908391567007971
APAC,Phones,2012,10,3,1,Summer,1.0,0.22333333333333336,838.8648000000001,12,0.9350162426854148,0.35460488704253557,2012-10,2012-03-05,431.217,954.369,869.4254999999999,556.1580953006434,781.7043473681679,197.84212838796725,591.5870035008935,7.0,11.0,7.0,7.5,9.416666666666666,3.3166247903554007,5.9307876731714515
APAC,Phones,2012,11,3,1,Summer,1.0,0.1,246.4905812025736,3,0.970941817426052,0.23931566428755804,2012-11,2012-03-12,838.8648000000001,546.0,784.7205812025736,481.28074060128677,736.8518473681679,252.1830239433859,611.4090080650851,12.0,4.0,12.0,7.25,8.666666666666666,3.6855573979159972,6.139785802205945
APAC,Phones,2012,12,3,1,Autumn,0.75,0.15000000000000002,977.268,11,0.992708874098054,0.120536680255323,2012-12,2012-03-19,246.4905812025736,408.5505812025736,995.472,623.4600953006434,735.334847368168,341.87845914616764,610.7312051367327,3.0,7.0,7.0,8.25,9.0,4.112987559751023,6.149648918286459
APAC,Phones,2012,13,3,1,Spring,0.6666666666666666,0.16666666666666666,752.2980812025736,12,1.0,-1.6081226496766366e-16,2012-13,2012-03-26,977.268,431.217,413.37,703.7303656012867,763.578854135049,318.5965035529077,602.2663527005734,11.0,7.0,3.0,9.5,9.75,4.358898943540674,5.894913061275799
APAC,Phones,2012,14,4,2,Spring,0.0,0.0,369.8205812025736,2,0.992708874098054,-0.12053668025532288,2012-14,2012-04-02,752.2980812025736,838.8648000000001,525.1905812025736,586.4693109019302,750.6313541350492,338.0064127540219,609.4839330646724,12.0,12.0,6.0,7.0,9.416666666666666,5.228129047119374,6.229815892994437
APAC,Phones,2012,15,4,2,Spring,0.5,0.085,428.8491,6,0.9709418174260521,-0.2393156642875575,2012-15,2012-04-09,369.8205812025736,246.4905812025736,2508.1354624051473,632.0589406012868,577.3574906012868,285.0087379250033,259.4775272081751,2.0,3.0,23.0,7.75,8.0,4.645786621588784,4.572645941803377
APAC,Phones,2012,16,4,2,Spring,0.5,0.0675,846.8955812025736,16,0.9350162426854148,-0.35460488704253545,2012-16,2012-04-16,428.8491,977.268,266.04,599.4658359019302,625.7621223681679,235.5321546618344,250.1327938587855,6.0,11.0,4.0,9.0,9.0,6.2182527020592095,4.917501213199462
APAC,Phones,2012,17,4,2,Autumn,1.0,0.1,224.937,3,0.8854560256532099,-0.4647231720437685,2012-17,2012-04-23,846.8955812025736,752.2980812025736,708.5221624051471,467.6255656012868,585.4633588344057,266.9662362332054,273.4550371194424,16.0,12.0,17.0,6.75,7.833333333333333,6.3966136874651625,4.489043901713942
APAC,Phones,2012,18,5,2,Autumn,1.0,0.1,197.883,3,0.8229838658936565,-0.5680647467311557,2012-18,2012-04-30,224.937,369.8205812025736,954.369,424.64117030064335,522.4228588344057,299.78743448875844,267.8181434164474,3.0,2.0,11.0,7.0,7.166666666666667,6.164414002968976,4.5693312288329295
APAC,Phones,2012,19,5,2,Autumn,0.75,0.225,1290.75,18,0.7485107481711013,-0.663122658240795,2012-19,2012-05-07,197.883,428.8491,546.0,640.1163953006434,584.4853588344057,527.2652796861959,348.05195599148874,3.0,6.0,4.0,10.0,8.333333333333334,8.12403840463596,5.399214308722626
APAC,Phones,2012,20,5,2,Spring,0.6666666666666666,0.11333333333333334,974.5595999999999,10,0.6631226582407952,-0.7485107481711012,2012-20,2012-05-14,1290.75,846.8955812025736,408.5505812025736,672.0323999999999,631.6527770675245,547.4322257933306,360.1829697013512,18.0,16.0,7.0,8.5,8.583333333333334,7.14142842854285,5.401318581998512
APAC,Phones,2012,21,5,2,Spring,0.3333333333333333,0.03333333333333333,758.2411624051472,10,0.5680647467311558,-0.8229838658936564,2012-21,2012-05-21,974.5595999999999,224.937,431.217,805.3584406012868,658.9047906012868,460.24647277870713,355.9861514116577,10.0,3.0,7.0,10.25,8.833333333333334,6.1305247192498395,5.390789001677404
APAC,Phones,2012,22,5,2,Spring,0.6666666666666666,0.19999999999999998,974.8215812025736,20,0.46472317204376906,-0.8854560256532096,2012-22,2012-05-28,758.2411624051472,197.883,838.8648000000001,999.5930859019302,670.2345223681679,219.2893084976867,364.30069993492503,10.0,3.0,12.0,14.5,9.5,5.259911279353167,6.2449979983984
APAC,Phones,2012,23,6,2,Spring,0.3333333333333333,0.05666666666666667,933.1761812025736,10,0.35460488704253584,-0.9350162426854147,2012-23,2012-06-04,974.8215812025736,1290.75,246.4905812025736,910.1996312025735,727.458322368168,103.17864781463535,345.1152150886579,20.0,18.0,3.0,12.5,10.083333333333334,5.0,5.900051360844759
APAC,Phones,2012,24,6,2,Autumn,1.0,0.1,201.447,3,0.23931566428755768,-0.970941817426052,2012-24,2012-06-11,933.1761812025736,974.5595999999999,977.268,716.9214812025737,662.806572368168,356.2301754380375,366.09418552493696,10.0,10.0,11.0,10.75,9.416666666666666,6.994045086119096,6.229815892994437
APAC,Phones,2012,25,6,2,Spring,0.5555555555555556,0.12444444444444445,2496.9042812025737,28,0.12053668025532308,-0.992708874098054,2012-25,2012-06-18,201.447,758.2411624051472,752.2980812025736,1151.5872609019302,808.190422368168,964.6405039793158,645.0188572814344,3.0,10.0,12.0,15.25,10.75,10.996211468804457,8.225514628829673
APAC,Phones,2012,26,6,2,Summer,0.5,0.0675,1210.9021624051472,7,-3.216245299353273e-16,-1.0,2012-26,2012-06-25,2496.9042812025737,974.8215812025736,369.8205812025736,1210.6074062025737,878.2805541350491,957.4153657230718,638.7202900261512,28.0,20.0,2.0,12.0,11.166666666666666,11.045361017187261,7.86052662280835
APAC,Phones,2012,27,7,3,Summer,0.0,0.0,246.4905812025736,12,-0.12053668025532283,-0.992708874098054,2012-27,2012-07-02,1210.9021624051472,933.1761812025736,428.8491,1038.9360062025737,863.0840109019301,1077.7447806877672,652.4080162694648,7.0,10.0,6.0,12.5,11.666666666666666,10.969655114602888,7.691002220225608
APAC,Phones,2012,29,7,3,Summer,0.0,0.0,489.5805812025736,8,-0.3546048870425356,-0.9350162426854148,2012-29,2012-07-16,246.4905812025736,201.447,846.8955812025736,1110.9694015032171,833.3077609019302,1010.6515628068478,661.3073596081917,12.0,3.0,16.0,13.75,11.0,9.742518497116988,7.627700713964742
APAC,Phones,2012,30,7,3,Summer,1.0,0.5,256.965,7,-0.46472317204376806,-0.8854560256532101,2012-30,2012-07-23,489.5805812025736,2496.9042812025737,224.937,550.9845812025736,835.9767609019301,454.028550997546,658.6882401743088,8.0,28.0,3.0,8.5,11.333333333333334,2.3804761428476167,7.327821620165829
APAC,Phones,2012,32,8,3,Summer,0.5,0.085,594.5178812025736,10,-0.663122658240795,-0.7485107481711013,2012-32,2012-08-06,256.965,1210.9021624051472,197.883,396.8885109019302,869.0296676688114,173.05809627889425,633.2169657118126,7.0,7.0,3.0,9.25,11.916666666666666,2.217355782608345,6.868350779062066
APAC,Phones,2012,33,8,3,Summer,0.6,0.08800000000000001,1600.0327624051472,21,-0.7485107481711011,-0.6631226582407952,2012-33,2012-08-13,594.5178812025736,246.4905812025736,1290.75,735.2740562025735,894.8032312025736,593.5106732139851,657.7611578960204,10.0,12.0,18.0,11.5,12.166666666666666,6.454972243679028,7.158381398222947
APAC,Phones,2012,34,8,3,Summer,0.0,0.0,686.0505812025735,15,-0.8229838658936564,-0.5680647467311559,2012-34,2012-08-20,1600.0327624051472,489.5805812025736,974.5595999999999,784.3915562025736,870.7608129694548,574.2160770027409,659.8503470297547,21.0,8.0,10.0,13.25,12.583333333333334,6.13052471924984,7.166314297186573
APAC,Phones,2012,35,8,3,Summer,0.25,0.1,1344.2925812025735,13,-0.8854560256532096,-0.4647231720437691,2012-35,2012-08-27,686.0505812025735,256.965,758.2411624051472,1056.223451503217,919.5984312025736,492.920675721979,672.3349810064805,15.0,7.0,10.0,14.75,12.833333333333334,4.645786621588784,7.1201804539611055
APAC,Phones,2012,36,9,3,Summer,1.0,0.17250000000000001,872.8792624051472,21,-0.9350162426854147,-0.3546048870425359,2012-36,2012-09-03,1344.2925812025735,594.5178812025736,974.8215812025736,1125.8137968038604,911.1032379694547,420.3110637990917,672.2178122572537,13.0,10.0,20.0,17.5,12.916666666666666,4.123105625617661,7.216878364870328
APAC,Phones,2012,37,9,3,Summer,0.5,0.125,559.995,5,-0.970941817426052,-0.23931566428755774,2012-37,2012-09-10,872.8792624051472,1600.0327624051472,933.1761812025736,865.8043562025737,880.0048062025736,343.9146297795477,679.6943891272648,21.0,21.0,10.0,13.5,12.5,6.60807586719967,7.537783614444095
APAC,Phones,2012,38,9,3,Winter,0.0,0.0,148.8,2,-0.992708874098054,-0.12053668025532357,2012-38,2012-09-17,559.995,686.0505812025735,201.447,731.4917109019301,875.6175562025736,504.7957006437689,684.6245079289474,5.0,15.0,3.0,10.25,12.416666666666666,8.539125638299666,7.656943768814548
APAC,Phones,2012,39,9,3,Autumn,0.5,0.1675,1072.6711624051472,17,-1.0,-1.8369701987210297e-16,2012-39,2012-09-24,148.8,1344.2925812025735,2496.9042812025737,663.5863562025736,756.9314629694546,402.8606296908519,466.81130115628025,2.0,13.0,28.0,11.25,11.5,9.17877987534291,6.127434581083228
APAC,Phones,2012,40,10,4,Autumn,0.6,0.134,1614.5002624051472,19,-0.992708874098054,0.1205366802553232,2012-40,2012-10-01,1072.6711624051472,872.8792624051472,1210.9021624051472,848.9916062025736,790.5646379694548,635.0389411621927,514.5873248670318,17.0,21.0,7.0,10.75,12.5,8.5,6.302957458786533
APAC,Phones,2012,41,10,4,Autumn,0.5,0.085,519.0105812025736,9,-0.9709418174260521,0.23931566428755738,2012-41,2012-10-08,1614.5002624051472,559.995,246.4905812025736,838.745501503217,813.2746379694548,641.5532916795511,493.99460443793106,19.0,5.0,12.0,11.75,12.25,7.804912982645398,6.3835726674018565
APAC,Phones,2012,42,10,4,Autumn,0.2,0.02,1836.738,14,-0.9350162426854148,0.35460488704253557,2012-42,2012-10-15,519.0105812025736,148.8,489.5805812025736,1260.730001503217,925.5377562025736,589.4778585734233,562.1226556382071,9.0,2.0,8.0,14.75,12.75,4.349329450233297,6.254089571123557
APAC,Phones,2012,43,10,4,Spring,0.42857142857142855,0.05285714285714286,1910.3297436077207,36,-0.8854560256532101,0.464723172043768,2012-43,2012-10-22,1836.738,1072.6711624051472,256.965,1470.1446468038603,1063.318151503217,646.4384890971642,585.4932000202834,14.0,17.0,7.0,19.5,15.166666666666666,11.73314393786536,8.88137308521537
APAC,Phones,2012,44,10,4,Autumn,0.6,0.184,1529.691,23,-0.822983865893657,0.5680647467311548,2012-44,2012-10-29,1910.3297436077207,1614.5002624051472,594.5178812025736,1448.9423312025738,1141.2492447363359,641.4975272060888,579.6296652205727,36.0,19.0,10.0,20.5,16.25,11.846237095944574,8.986100377805723
APAC,Phones,2012,45,11,4,Autumn,0.5,0.05,883.8917436077207,14,-0.7485107481711011,0.6631226582407952,2012-45,2012-11-05,1529.691,519.0105812025736,1600.0327624051472,1540.1626218038605,1081.570826503217,467.5402918281564,564.7757753713784,23.0,9.0,21.0,21.75,15.666666666666666,10.404326023342406,8.876253645985953
APAC,Phones,2012,46,11,4,Autumn,0.75,0.275,1023.6255812025736,21,-0.6631226582407955,0.7485107481711007,2012-46,2012-11-12,883.8917436077207,1836.738,686.0505812025735,1336.8845171045036,1109.7020765032169,472.3513457193262,551.5361540281074,14.0,14.0,15.0,23.5,16.166666666666668,9.183318209303941,9.003366373785209
APAC,Phones,2012,47,11,4,Spring,1.0,0.20000000000000004,1325.511,12,-0.5680647467311559,0.8229838658936564,2012-47,2012-11-19,1023.6255812025736,1910.3297436077207,1344.2925812025735,1190.6798312025735,1108.1369447363359,291.6242272639272,550.8361257808357,21.0,36.0,13.0,17.5,16.083333333333332,5.322906474223771,9.039894743286402
APAC,Phones,2012,48,12,4,Autumn,1.0,0.17,108.7881,1,-0.4647231720437684,0.88545602565321,2012-48,2012-11-26,1325.511,1529.691,872.8792624051472,835.4541062025737,1044.4626812025735,518.3158472237596,620.2876023894701,12.0,23.0,21.0,12.0,14.416666666666666,8.286535263104035,9.857699651756615
APAC,Phones,2012,49,12,4,Autumn,0.25,0.0425,1219.623,13,-0.35460488704253595,0.9350162426854147,2012-49,2012-12-03,108.7881,883.8917436077207,559.995,919.3869203006434,1099.4316812025736,554.6814754326163,602.4221502385385,1.0,14.0,5.0,11.75,15.083333333333334,8.220908303425682,9.423937927459315
APAC,Phones,2012,50,12,4,Autumn,0.0,0.0,246.4905812025736,2,-0.2393156642875578,0.970941817426052,2012-50,2012-12-10,1219.623,1023.6255812025736,148.8,725.1031703006433,1107.5725629694546,636.1220271439067,588.9165365598498,13.0,21.0,2.0,7.0,15.083333333333334,6.377042156569663,9.423937927459315
APAC,Phones,2012,51,12,4,Autumn,0.5,0.0675,1016.4095436077207,11,-0.12053668025532363,0.992708874098054,2012-51,2012-12-17,246.4905812025736,1325.511,1072.6711624051472,647.8278062025736,1102.8840947363358,552.0983046016635,589.4433710864591,2.0,12.0,17.0,6.75,14.583333333333334,6.13052471924984,9.472048192956846
APAC,Phones,2012,52,12,4,Winter,0.42857142857142855,0.0842857142857143,1510.7957436077209,25,6.432490598706546e-16,1.0,2012-52,2012-12-24,1016.4095436077207,108.7881,1614.5002624051472,998.3297171045037,1094.242051503217,540.7344116337863,581.9733636692407,11.0,1.0,19.0,12.75,15.083333333333334,9.464847243000458,9.876126709792604
APAC,Phones,2013,1,1,1,Winter,0.4,0.11400000000000002,1143.7725812025735,17,0.12053668025532305,0.992708874098054,2013-1,2012-12-31,1510.7957436077209,1219.623,519.0105812025736,979.3671124051473,1146.305551503217,531.6407621471659,553.0623578836833,25.0,13.0,9.0,13.75,15.75,9.7082439194738,9.69653171359365
APAC,Phones,2013,2,1,1,Summer,0.3333333333333333,0.03333333333333333,888.5865812025736,12,0.23931566428755774,0.970941817426052,2013-2,2013-01-07,1143.7725812025735,246.4905812025736,1836.738,1139.8911124051472,1067.292933270098,268.320067881105,511.634090166132,17.0,2.0,14.0,16.25,15.583333333333334,6.396613687465164,9.746405708897221
APAC,Phones,2013,4,1,1,Summer,1.0,0.1,128.898,1,0.4647231720437685,0.8854560256532099,2013-4,2013-01-21,888.5865812025736,1016.4095436077207,1910.3297436077207,918.013226503217,918.8402879694546,584.7869033451121,503.1608812716809,12.0,11.0,36.0,13.75,12.666666666666666,10.04572877727976,8.194602806208191
APAC,Phones,2013,5,1,1,Summer,1.0,0.175,683.865,9,0.5680647467311558,0.8229838658936564,2013-5,2013-01-28,128.898,1510.7957436077209,1529.691,711.2805406012868,848.3547879694547,431.43475083371277,467.81269774715156,1.0,25.0,23.0,9.75,11.5,6.7019897542943685,7.561866051565457
APAC,Phones,2013,6,2,1,Winter,0.3333333333333333,0.03333333333333333,718.3905812025736,13,0.6631226582407952,0.7485107481711011,2013-6,2013-02-04,683.865,1143.7725812025735,883.8917436077207,604.9350406012868,834.5630244356926,329.7330024397168,469.10758495022895,9.0,17.0,14.0,8.75,11.416666666666666,5.439056290693575,7.537281078784711
APAC,Phones,2013,7,2,1,Summer,0.5,0.05,488.14058120257357,10,0.7485107481711011,0.6631226582407953,2013-7,2013-02-11,718.3905812025736,888.5865812025736,1023.6255812025736,504.8235406012868,789.9392744356925,270.348576363606,474.9210172488802,13.0,12.0,21.0,8.25,10.5,5.123475382979801,6.908492797077569
APAC,Phones,2013,8,2,1,Summer,1.0,0.1,124.092,1,0.8229838658936564,0.5680647467311559,2013-8,2013-02-18,488.14058120257357,128.898,1325.511,503.6220406012868,689.8210244356925,272.57768174029775,478.3761595918753,10.0,1.0,12.0,8.25,9.583333333333334,5.123475382979801,7.403418538797192
APAC,Phones,2013,10,3,1,Winter,0.75,0.13,937.5167436077207,19,0.9350162426854148,0.35460488704253557,2013-10,2013-03-04,124.092,683.865,108.7881,567.034976503217,758.8817447363358,347.6531148880883,445.56425551113534,1.0,9.0,1.0,10.75,11.083333333333334,7.500000000000002,7.329372208429376
APAC,Phones,2013,11,3,1,Summer,1.0,0.1,246.4905812025736,5,0.970941817426052,0.23931566428755804,2013-11,2013-03-11,937.5167436077207,718.3905812025736,1219.623,449.05997650321694,677.7873765032169,359.0523883125872,442.6315115448347,19.0,13.0,13.0,8.75,10.416666666666666,7.762087348130013,7.501010032998985
APAC,Phones,2013,12,3,1,Winter,1.0,0.17,246.4905812025736,9,0.992708874098054,0.120536680255323,2013-12,2013-03-18,246.4905812025736,488.14058120257357,246.4905812025736,388.6474765032169,677.7873765032169,370.4340869316789,442.6315115448347,5.0,10.0,2.0,8.5,11.0,7.724420150837647,7.045307916362745
APAC,Phones,2013,13,3,1,Autumn,0.5,0.0675,1416.8085812025736,13,1.0,-1.6081226496766366e-16,2013-13,2013-03-25,246.4905812025736,124.092,1016.4095436077207,711.8266218038605,711.1539629694547,571.842302131878,483.6674876746841,9.0,1.0,11.0,11.5,11.166666666666666,5.97215762238964,7.068924739286514
APAC,Phones,2013,14,4,2,Spring,1.0,0.17,246.4905812025736,5,0.992708874098054,-0.12053668025532288,2013-14,2013-04-01,1416.8085812025736,937.5167436077207,1510.7957436077209,539.0700812025736,605.7951994356923,585.1590000000011,428.1626790815598,13.0,19.0,25.0,8.0,9.5,3.829708431025355,5.744562646538018
APAC,Phones,2013,15,4,2,Spring,1.0,0.28,848.1741812025737,8,0.9709418174260521,-0.2393156642875575,2013-15,2013-04-08,246.4905812025736,246.4905812025736,1143.7725812025735,689.4909812025736,581.1619994356925,561.7442947440063,402.10835834319005,5.0,5.0,17.0,8.75,8.75,3.3040379335998376,5.241876832516438
APAC,Phones,2013,17,4,2,Spring,0.0,0.0,563.4,4,0.8854560256532099,-0.4647231720437685,2013-17,2013-04-22,848.1741812025737,246.4905812025736,888.5865812025736,768.7183359019302,554.0631176688113,497.06191574161056,390.29078585742104,8.0,9.0,12.0,7.5,8.083333333333334,4.041451884327383,5.299371031861531
APAC,Phones,2013,18,5,2,Spring,1.0,0.1466666666666667,560.9028812025736,10,0.8229838658936565,-0.5680647467311557,2013-18,2013-04-29,563.4,1416.8085812025736,128.898,554.7419109019303,590.0635244356924,245.78737394822286,366.72071692124223,4.0,13.0,1.0,6.75,8.833333333333334,2.7537852736430546,4.821039747028029
APAC,Phones,2013,19,5,2,Autumn,1.0,0.25,402.29999999999995,4,0.7485107481711013,-0.663122658240795,2013-19,2013-05-06,560.9028812025736,246.4905812025736,683.865,593.6942656012868,566.5997744356924,185.6383668754954,369.1728813951103,10.0,5.0,9.0,6.5,8.416666666666666,3.000000000000003,5.01739398734465
APAC,Phones,2013,20,5,2,Spring,0.4,0.04,1720.2661624051473,25,0.6631226582407952,-0.7485107481711012,2013-20,2013-05-13,402.29999999999995,848.1741812025737,718.3905812025736,811.7172609019303,650.0894062025736,610.3695369945856,497.57907021661714,4.0,8.0,13.0,10.75,9.416666666666666,9.912113800799505,6.868350779062052
APAC,Phones,2013,21,5,2,Autumn,0.0,0.0,447.3,6,0.5680647467311558,-0.8229838658936564,2013-21,2013-05-20,1720.2661624051473,563.4,488.14058120257357,782.6922609019302,646.6860244356924,628.6020443689268,498.9253330503713,25.0,4.0,10.0,11.25,9.083333333333334,9.5,6.934214687571563
APAC,Phones,2013,22,5,2,Autumn,1.0,0.22333333333333336,584.7105812025736,12,0.46472317204376906,-0.8854560256532096,2013-22,2013-05-27,447.3,560.9028812025736,124.092,788.6441859019303,685.0709062025735,625.9089671453065,472.0599941612412,6.0,10.0,1.0,11.75,10.0,9.464847243000458,6.480740698407852
APAC,Phones,2013,23,6,2,Autumn,0.3333333333333333,0.03333333333333333,622.9591624051473,8,0.35460488704253584,-0.9350162426854147,2013-23,2013-06-03,584.7105812025736,402.29999999999995,937.5167436077207,843.8089765032171,658.8577744356925,589.1528341614146,465.4548554940307,12.0,4.0,19.0,12.75,9.083333333333334,8.539125638299666,5.838093296045652
APAC,Phones,2013,24,6,2,Spring,0.2,0.02,1344.2237436077207,22,0.23931566428755768,-0.970941817426052,2013-24,2013-06-10,622.9591624051473,1720.2661624051473,246.4905812025736,749.7983718038604,750.3355379694548,403.39763312586575,484.5233911722045,8.0,25.0,5.0,12.0,10.5,7.118052168020875,6.748737255624525
APAC,Phones,2013,25,6,2,Spring,0.7142857142857143,0.20428571428571432,3433.917924810294,49,0.12053668025532308,-0.992708874098054,2013-25,2013-06-17,1344.2237436077207,447.3,246.4905812025736,1496.452853006434,1015.9544832700981,1338.0595158565234,888.4872577893581,22.0,6.0,9.0,22.75,13.833333333333334,18.463928798245153,12.96031237932547
APAC,Phones,2013,26,6,2,Winter,0.5,0.05,2400.1937436077205,34,-3.216245299353273e-16,-1.0,2013-26,2013-06-24,3433.917924810294,584.7105812025736,1416.8085812025736,1950.323643607721,1097.9032468038604,1229.18518442492,970.3960205498495,49.0,12.0,13.0,28.25,15.583333333333334,17.44276354251241,14.196403727278218
APAC,Phones,2013,27,7,3,Summer,0.0,0.0,620.0805812025735,10,-0.12053668025532283,-0.992708874098054,2013-27,2013-07-01,2400.1937436077205,622.9591624051473,246.4905812025736,1949.6039983070773,1129.0357468038603,1230.2217578402394,946.2909885744762,34.0,8.0,5.0,28.75,16.0,16.68082731761228,13.928388277184123
APAC,Phones,2013,28,7,3,Winter,0.6666666666666666,0.19000000000000003,494.78258120257357,7,-0.23931566428755743,-0.9709418174260521,2013-28,2013-07-08,620.0805812025735,1344.2237436077207,848.1741812025737,1737.2437077057905,1099.5864468038603,1427.1147175542258,961.2075600952652,10.0,22.0,8.0,25.0,15.916666666666666,20.049937655763422,13.983485931193226
APAC,Phones,2013,29,7,3,Summer,0.6666666666666666,0.11333333333333334,753.5541812025735,15,-0.3546048870425356,-0.9350162426854148,2013-29,2013-07-15,494.78258120257357,3433.917924810294,563.4,1067.1527718038603,1115.4326285707414,894.9531621324996,953.0977682755018,7.0,49.0,4.0,16.5,16.833333333333332,12.12435565298214,13.482873536004071
APAC,Phones,2013,30,7,3,Summer,0.75,0.175,1154.427162405147,22,-0.46472317204376806,-0.8854560256532101,2013-30,2013-07-22,753.5541812025735,2400.1937436077205,560.9028812025736,755.711126503217,1164.8929853376226,286.04106946942727,936.9685317828224,15.0,34.0,10.0,13.5,17.833333333333332,6.557438524302,13.374557483475407
APAC,Phones,2013,31,7,3,Summer,0.0,0.0,1283.7705812025736,16,-0.5680647467311556,-0.8229838658936566,2013-31,2013-07-29,1154.427162405147,620.0805812025735,402.29999999999995,921.633626503217,1238.3488671045036,363.22101587668453,905.7816788820642,22.0,10.0,4.0,15.0,18.833333333333332,6.164414002968976,12.676630849597613
APAC,Phones,2013,32,8,3,Summer,1.0,0.19666666666666668,913.2378812025736,15,-0.663122658240795,-0.7485107481711013,2013-32,2013-08-05,1283.7705812025736,494.78258120257357,1720.2661624051473,1026.247451503217,1171.0965103376227,237.96427131248814,896.6616503624763,16.0,7.0,25.0,17.0,18.0,3.366501646120692,12.562570669181605
APAC,Phones,2013,33,8,3,Summer,0.3333333333333333,0.05666666666666667,1809.3183812025736,23,-0.7485107481711011,-0.6631226582407952,2013-33,2013-08-12,913.2378812025736,753.5541812025735,447.3,1290.1885015032171,1284.5980421045037,378.6202728488415,882.8094545283285,15.0,15.0,6.0,19.0,19.416666666666668,4.0824829046386295,12.033727853853362
APAC,Phones,2013,34,8,3,Summer,0.7777777777777778,0.21444444444444447,2375.430406012868,52,-0.8229838658936564,-0.5680647467311559,2013-34,2013-08-19,1809.3183812025736,1154.427162405147,584.7105812025736,1595.4393124051473,1433.824694172028,636.832409382898,904.82180701885,23.0,22.0,12.0,26.5,22.75,17.368553960150702,14.973461371858738
APAC,Phones,2013,35,8,3,Summer,0.3333333333333333,0.05666666666666667,516.6567812025736,7,-0.8854560256532096,-0.4647231720437691,2013-35,2013-08-26,2375.430406012868,1283.7705812025736,622.9591624051473,1403.6608624051473,1424.966162405147,843.8374663804403,913.9564299331586,52.0,16.0,8.0,24.25,22.666666666666668,19.619293225462194,15.065513498374267
APAC,Phones,2013,36,9,3,Winter,0.8,0.094,1015.9026812025736,14,-0.9350162426854147,-0.3546048870425359,2013-36,2013-09-02,516.6567812025736,913.2378812025736,1344.2237436077207,1429.3270624051472,1397.6060738713848,825.3063472251238,921.4766121484886,7.0,15.0,22.0,24.0,22.0,19.782146833277054,15.27326838868248
APAC,Phones,2013,37,9,3,Summer,0.2727272727272727,0.07,2826.1879872154414,56,-0.970941817426052,-0.23931566428755774,2013-37,2013-09-09,1015.9026812025736,1809.3183812025736,3433.917924810294,1683.5444639083644,1346.9619124051471,1094.1835300506796,809.254031914876,14.0,23.0,49.0,32.25,22.583333333333332,25.329495323305068,16.48392237817496
APAC,Phones,2013,38,9,3,Winter,0.75,0.08375,2420.7417812025737,29,-0.992708874098054,-0.12053668025532357,2013-38,2013-09-16,2826.1879872154414,2375.430406012868,2400.1937436077205,1694.8723077057907,1348.6742488713849,1103.9253054239443,811.7032429682843,56.0,52.0,34.0,26.5,22.166666666666668,21.702534414210707,16.230349423972445
APAC,Phones,2013,39,9,3,Autumn,0.5,0.0675,1177.869162405147,14,-1.0,-1.8369701987210297e-16,2013-39,2013-09-23,2420.7417812025737,516.6567812025736,620.0805812025735,1860.1754030064342,1395.1566306382658,899.2132138634041,781.5998746345687,29.0,7.0,10.0,28.25,22.5,19.80530232033836,15.997158838652918
APAC,Phones,2013,40,9,3,Autumn,0.5,0.25,451.4655812025736,8,-0.992708874098054,0.1205366802553232,2013-40,2013-09-30,1177.869162405147,1015.9026812025736,494.78258120257357,1719.0661280064342,1391.546880638266,1098.1458365900407,786.2225574724414,14.0,14.0,7.0,26.75,22.583333333333332,21.406774628607646,15.911450041534325
APAC,Phones,2013,42,10,4,Spring,0.8,0.16999999999999998,1319.1153248102944,19,-0.9350162426854148,0.35460488704253557,2013-42,2013-10-14,451.4655812025736,2826.1879872154414,753.5541812025735,1342.2979624051472,1438.6769759389097,813.2645462694817,761.0496163381808,8.0,56.0,15.0,17.5,22.916666666666668,8.888194417315589,15.779493789169047
APAC,Phones,2013,43,10,4,Spring,0.6666666666666666,0.19499999999999998,1367.928162405147,21,-0.8854560256532101,0.464723172043768,2013-43,2013-10-21,1319.1153248102944,2420.7417812025737,1154.427162405147,1079.0945577057907,1456.4687259389095,426.11006971010454,756.281007509722,19.0,29.0,22.0,15.5,22.833333333333332,5.802298395176403,15.787413475374125
APAC,Phones,2013,44,10,4,Spring,0.8571428571428571,0.16,2087.8087624051473,30,-0.822983865893657,0.5680647467311548,2013-44,2013-10-28,1367.928162405147,1177.869162405147,1283.7705812025736,1306.5794577057907,1523.4719077057907,669.6914164602854,774.9758390114383,21.0,14.0,16.0,19.5,24.0,9.03696114115064,15.753787423404523
APAC,Phones,2013,45,11,4,Autumn,1.0,0.21000000000000002,526.8180812025736,12,-0.7485107481711011,0.6631226582407952,2013-45,2013-11-04,2087.8087624051473,451.4655812025736,913.2378812025736,1325.4175827057907,1491.2702577057905,637.9258949976138,809.8795078278798,30.0,8.0,15.0,20.5,23.75,7.416198487095663,15.932385543003578
APAC,Phones,2013,46,11,4,Autumn,0.0,0.0,1258.4505812025736,10,-0.6631226582407955,0.7485107481711007,2013-46,2013-11-11,526.8180812025736,1319.1153248102944,1809.3183812025736,1310.2513968038604,1445.3646077057904,638.8461344700623,805.8149707356683,12.0,19.0,23.0,18.25,22.666666666666668,9.17877987534291,16.422453217986952
APAC,Phones,2013,47,11,4,Autumn,0.5,0.1675,1333.1652,14,-0.5680647467311559,0.8229838658936564,2013-47,2013-11-18,1258.4505812025736,1367.928162405147,2375.430406012868,1301.5606562025737,1358.509173871385,638.035910112671,750.742381606923,10.0,21.0,52.0,16.5,19.5,9.146948489341495,13.68808373599594
APAC,Phones,2013,48,11,4,Spring,0.5714285714285714,0.1,2005.5497436077208,32,-0.4647231720437684,0.88545602565321,2013-48,2013-11-25,1333.1652,2087.8087624051473,516.6567812025736,1280.995901503217,1482.5835874051472,604.7016845560938,721.4233333970445,14.0,30.0,7.0,17.0,21.583333333333332,10.132456102380443,13.514021898709064
APAC,Phones,2013,49,12,4,Autumn,1.0,0.268,1313.3304,16,-0.35460488704253595,0.9350162426854147,2013-49,2013-12-02,2005.5497436077208,526.8180812025736,1015.9026812025736,1477.6239812025735,1507.3692306382661,353.3663397332924,708.9333550914698,32.0,12.0,14.0,18.0,21.75,9.660917830792958,13.424028659629185
APAC,Phones,2013,50,12,4,Autumn,0.25,0.1,1129.632,8,-0.2393156642875578,0.970941817426052,2013-50,2013-12-09,1313.3304,1258.4505812025736,2826.1879872154414,1445.4193359019303,1365.9895650369792,384.49802477493756,579.3409661878236,16.0,10.0,56.0,17.5,17.75,10.246950765959598,8.561276455380629
APAC,Phones,2013,51,12,4,Autumn,0.5,0.10500000000000001,1071.4591624051473,21,-0.12053668025532363,0.992708874098054,2013-51,2013-12-16,1129.632,1333.1652,2420.7417812025737,1379.9928265032172,1253.5493468038605,429.5885244330678,478.1144589654764,8.0,14.0,29.0,19.25,17.083333333333332,10.045728777279757,7.890827048868303
APAC,Phones,2013,52,12,4,Winter,1.0,0.17,246.4905812025736,6,6.432490598706546e-16,1.0,2013-52,2013-12-23,1071.4591624051473,2005.5497436077208,1177.869162405147,940.2280359019303,1175.9344650369792,473.8398113032433,560.0875599723732,21.0,32.0,14.0,12.75,16.416666666666668,6.994045086119094,8.490190417966694
APAC,Phones,2014,1,1,1,Winter,0.5,0.085,817.6007999999999,7,0.12053668025532305,0.992708874098054,2014-1,2013-12-30,246.4905812025736,1313.3304,451.4655812025736,816.2956359019304,1206.445733270098,403.3061724207469,525.967111413746,6.0,16.0,8.0,10.5,16.333333333333332,7.04745817062199,8.584693919818564
APAC,Phones,2014,2,1,1,Winter,0.75,0.1275,1291.5165812025734,9,0.23931566428755774,0.970941817426052,2014-2,2014-01-06,817.6007999999999,1129.632,1319.1153248102944,856.7667812025736,1204.1458379694548,450.5815581062896,525.4897770191078,7.0,8.0,19.0,10.75,15.5,6.946221994724901,8.78531833127396
APAC,Phones,2014,3,1,1,Winter,0.6666666666666666,0.3,823.452,9,0.3546048870425356,0.9350162426854148,2014-3,2014-01-13,1291.5165812025734,1071.4591624051473,1367.928162405147,794.7649906012869,1158.7728244356924,427.6725341759963,533.5075348749873,9.0,21.0,21.0,7.75,14.5,1.4999999999999958,8.78531833127396
APAC,Phones,2014,4,1,1,Summer,1.0,0.135,485.2785812025736,9,0.4647231720437685,0.8854560256532099,2014-4,2014-01-20,823.452,246.4905812025736,2087.8087624051473,854.4619906012867,1025.2286426688113,331.4782405279699,477.43741401133923,9.0,6.0,30.0,8.5,12.75,0.9999999999999933,7.399324293474373
APAC,Phones,2014,5,1,1,Winter,0.0,0.0,246.4905812025736,2,0.5680647467311558,0.8229838658936564,2014-5,2014-01-27,485.2785812025736,817.6007999999999,526.8180812025736,711.6844359019303,1001.8680176688114,453.27042649341206,509.802330879029,9.0,7.0,12.0,7.25,11.916666666666666,3.499999999999998,8.027887000759895
APAC,Phones,2014,6,2,1,Winter,1.0,0.21000000000000002,586.9731812025736,5,0.6631226582407952,0.7485107481711011,2014-6,2014-02-03,246.4905812025736,1291.5165812025734,1258.4505812025736,535.5485859019303,945.9115676688112,239.17529715281484,515.8939464766837,2.0,9.0,10.0,6.25,11.5,3.403429642777021,8.262731223556003
APAC,Phones,2014,7,2,1,Winter,0.625,0.08875000000000001,2220.2107624051473,24,0.7485107481711011,0.6631226582407953,2014-7,2014-02-10,586.9731812025736,823.452,1333.1652,884.7382765032171,1019.8320312025736,901.6797253472268,627.8328126418529,5.0,9.0,14.0,10.0,12.333333333333334,9.763879010584539,9.008413575736583
APAC,Phones,2014,8,2,1,Winter,1.0,0.25,101.97,2,0.8229838658936564,0.5680647467311559,2014-8,2014-02-17,2220.2107624051473,485.2785812025736,2005.5497436077208,788.9111312025738,861.2003859019302,975.6204420318049,595.8018096353389,24.0,9.0,32.0,8.25,9.833333333333334,10.594810050208546,6.991336630343859
APAC,Phones,2014,10,3,1,Winter,0.0,0.0,493.32,4,0.9350162426854148,0.35460488704253557,2014-10,2014-03-03,101.97,246.4905812025736,1313.3304,850.6184859019304,792.8661859019302,936.9149043569092,586.178489262873,2.0,2.0,16.0,8.75,8.833333333333334,10.242883708539635,6.886526150697632
APAC,Phones,2014,11,3,1,Winter,1.0,0.23500000000000001,1197.9645812025738,23,0.970941817426052,0.23931566428755804,2014-11,2014-03-10,493.32,586.9731812025736,1129.632,1003.3663359019304,798.5605676688114,929.3799823054875,590.0663921462244,4.0,5.0,8.0,13.25,10.083333333333334,11.87083260208258,7.9938423271612695
APAC,Phones,2014,12,3,1,Spring,0.75,0.1925,1157.4811624051472,22,0.992708874098054,0.120536680255323,2014-12,2014-03-17,1197.9645812025738,2220.2107624051473,1071.4591624051473,737.6839359019305,805.7290676688112,532.8958388802264,594.1912395054229,23.0,24.0,21.0,12.75,10.166666666666666,11.29527924990495,8.122173167921066
APAC,Phones,2014,13,3,1,Spring,0.0,0.0,406.32,4,1.0,-1.6081226496766366e-16,2014-13,2014-03-24,1157.4811624051472,101.97,246.4905812025736,813.7714359019305,819.0481859019301,422.07682727953494,582.186056781587,22.0,2.0,6.0,13.25,10.0,10.688779163215974,8.235179525558733
APAC,Phones,2014,14,4,2,Spring,0.0,0.0,519.48,4,0.992708874098054,-0.12053668025532288,2014-14,2014-03-31,406.32,493.32,817.6007999999999,820.3114359019305,794.2047859019302,415.60950600801795,588.5791304346836,4.0,4.0,7.0,13.25,9.75,10.688779163215974,8.378815277504653
APAC,Phones,2014,15,4,2,Autumn,0.3333333333333333,0.03333333333333333,671.6535812025736,11,0.9709418174260521,-0.2393156642875575,2014-15,2014-04-07,519.48,1197.9645812025738,1291.5165812025734,688.7336859019304,742.5495359019302,330.8676607954623,567.799573986607,4.0,23.0,9.0,10.25,9.916666666666666,8.5,8.38243112200461
APAC,Phones,2014,16,4,2,Spring,0.6666666666666666,0.17,1604.0567436077208,23,0.9350162426854148,-0.35460488704253545,2014-16,2014-04-14,671.6535812025736,1157.4811624051472,823.452,800.3775812025738,807.5999312025737,546.7037261896436,620.2074969131295,11.0,22.0,9.0,10.5,11.083333333333334,8.962886439832502,9.179605193860544
APAC,Phones,2014,17,4,2,Spring,0.25,0.1,874.932,12,0.8854560256532099,-0.4647231720437685,2014-17,2014-04-21,1604.0567436077208,406.32,485.2785812025736,917.5305812025738,840.0710494356923,480.2890015785358,611.9433131865277,23.0,4.0,9.0,12.5,11.333333333333334,7.852812659593165,9.1585363393278
APAC,Phones,2014,18,5,2,Spring,0.8,0.168,1096.1815624051471,13,0.8229838658936565,-0.5680647467311557,2014-18,2014-04-28,874.932,519.48,246.4905812025736,1061.7059718038606,910.8786312025736,400.9814251644417,585.6085461876619,12.0,4.0,2.0,14.75,12.25,5.560275772537426,8.677295347368013
APAC,Phones,2014,19,5,2,Autumn,0.75,0.18500000000000003,1136.4618,12,0.7485107481711013,-0.663122658240795,2014-19,2014-05-05,1096.1815624051471,671.6535812025736,586.9731812025736,1177.9080265032171,956.6693494356924,306.4823031056454,579.4293909479646,13.0,11.0,5.0,15.0,12.833333333333334,5.354126134736338,8.375650133065204
APAC,Phones,2014,20,5,2,Autumn,0.75,0.1125,1176.783162405147,17,0.6631226582407952,-0.7485107481711012,2014-20,2014-05-12,1136.4618,1604.0567436077208,2220.2107624051473,1071.0896312025739,869.7170494356924,134.8481420979783,432.15184291732567,12.0,23.0,24.0,13.5,12.25,2.380476142847618,7.747433592663268
APAC,Phones,2014,21,5,2,Spring,0.4,0.2,1098.5761624051472,20,0.5680647467311558,-0.8229838658936564,2014-21,2014-05-19,1176.783162405147,874.932,101.97,1127.0006718038605,952.7675629694548,37.97182971581006,361.11943086093004,17.0,12.0,2.0,15.5,13.75,3.696845502136473,7.312815649753025
APAC,Phones,2014,22,5,2,Spring,0.5714285714285714,0.14285714285714285,1646.9701624051472,37,0.46472317204376906,-0.8854560256532096,2014-22,2014-05-26,1098.5761624051472,1096.1815624051471,493.32,1264.6978218038607,1048.905076503217,256.84107455483047,380.71652597339875,20.0,13.0,4.0,21.5,16.5,10.847426730181988,9.258902350023615
APAC,Phones,2014,23,6,2,Autumn,0.8,0.10800000000000001,1519.7571812025735,19,0.35460488704253584,-0.9350162426854147,2014-23,2014-06-02,1646.9701624051472,1136.4618,1197.9645812025738,1360.521667104504,1075.721126503217,264.4390131022238,402.85905123133836,37.0,12.0,23.0,23.25,16.166666666666668,9.25112605758528,9.07377172587747
APAC,Phones,2014,24,6,2,Spring,0.25,0.0625,757.7161624051472,17,0.23931566428755768,-0.970941817426052,2014-24,2014-06-09,1519.7571812025735,1176.783162405147,1157.4811624051472,1255.754917104504,1042.407376503217,406.4046939180517,411.91066432162813,19.0,17.0,22.0,23.25,15.75,9.25112605758528,8.89458466504403
APAC,Phones,2014,25,6,2,Autumn,1.0,0.135,690.6645000000001,6,0.12053668025532308,-0.992708874098054,2014-25,2014-06-16,757.7161624051472,1098.5761624051472,406.32,1153.7770015032172,1066.1027515032172,499.50587691198905,378.8442472319365,17.0,20.0,4.0,19.75,15.916666666666666,12.84198842339716,8.670308092809766
APAC,Phones,2014,26,6,2,Summer,0.5,0.05,742.374,8,-3.216245299353273e-16,-1.0,2014-26,2014-06-23,690.6645000000001,1646.9701624051472,519.48,927.6279609019304,1084.677251503217,395.7936097828161,354.27471720454224,6.0,37.0,4.0,12.5,16.25,6.4549722436790296,8.23655929930145
APAC,Phones,2014,27,6,2,Winter,0.5,0.2,322.074,5,-0.12053668025532283,-0.992708874098054,2014-27,2014-06-30,742.374,1519.7571812025735,671.6535812025736,628.2071656012871,1055.545619736336,206.0947031755291,402.42533707235606,8.0,19.0,11.0,9.0,15.75,5.477225575051663,8.750324669301243
APAC,Phones,2014,28,7,3,Summer,0.75,0.2125,1570.7175,19,-0.23931566428755743,-0.9709418174260521,2014-28,2014-07-07,322.074,757.7161624051472,1604.0567436077208,831.4575000000002,1052.7673494356925,527.1734175435073,398.38910386582677,5.0,17.0,23.0,9.5,15.416666666666666,6.4549722436790296,8.522252512029198
APAC,Phones,2014,29,7,3,Summer,1.0,0.28500000000000003,277.9626,6,-0.3546048870425356,-0.9350162426854148,2014-29,2014-07-14,1570.7175,690.6645000000001,874.932,728.2820250000002,1003.0198994356925,599.3576165097128,455.7563086613028,19.0,6.0,12.0,9.5,14.916666666666666,6.4549722436790296,8.908201872772118
APAC,Phones,2014,30,7,3,Summer,0.5,0.125,577.53,7,-0.46472317204376806,-0.8854560256532101,2014-30,2014-07-21,277.9626,742.374,1096.1815624051471,687.0710250000002,959.7989359019301,603.7170586190224,470.4734443804709,6.0,8.0,13.0,9.25,14.416666666666666,6.55108133567785,9.18950323450456
APAC,Phones,2014,31,8,3,Summer,0.8,0.22800000000000004,1754.1501812025735,17,-0.5680647467311556,-0.8229838658936566,2014-31,2014-07-28,577.53,322.074,1136.4618,1045.0900703006437,1011.2729676688114,727.1284642927085,522.4754976893225,7.0,5.0,12.0,12.25,14.833333333333334,6.7019897542943685,9.183318209303945
APAC,Phones,2014,32,8,3,Summer,0.5714285714285714,0.13428571428571429,2059.855662405147,21,-0.663122658240795,-0.7485107481711013,2014-32,2014-08-04,1754.1501812025735,1570.7175,1176.783162405147,1167.3746109019305,1084.8623426688114,871.7412435925005,603.7710577789719,17.0,19.0,17.0,12.75,15.166666666666666,7.410578025138571,9.340365316325926
APAC,Phones,2014,33,8,3,Summer,0.0,0.0,933.2205812025736,12,-0.7485107481711011,-0.6631226582407952,2014-33,2014-08-11,2059.855662405147,277.9626,1098.5761624051472,1331.1891062025738,1071.08271090193,691.9132933024702,605.3145694802886,21.0,6.0,20.0,14.25,14.5,6.075908711186063,9.249078578185754
APAC,Phones,2014,34,8,3,Summer,0.7142857142857143,0.19571428571428573,1763.3255436077209,25,-0.8229838658936564,-0.5680647467311559,2014-34,2014-08-18,933.2205812025736,577.53,1646.9701624051472,1627.637992104504,1080.7789926688113,484.23276107920645,616.2119305112643,12.0,7.0,37.0,18.75,13.5,5.560275772537427,6.960929927426759
APAC,Phones,2014,35,8,3,Summer,0.5714285714285714,0.17714285714285719,2282.8512,23,-0.8854560256532096,-0.4647231720437691,2014-35,2014-08-25,1763.3255436077209,1754.1501812025735,1519.7571812025735,1759.8132468038607,1144.3701609019301,590.7232636630388,699.3918317725161,25.0,17.0,19.0,20.25,13.833333333333334,5.737304826019503,7.334022006230881
APAC,Phones,2014,36,9,3,Summer,0.3333333333333333,0.05833333333333333,1679.9655812025735,18,-0.9350162426854147,-0.3546048870425359,2014-36,2014-09-01,2282.8512,2059.855662405147,757.7161624051472,1664.8407265032174,1221.224279135049,555.9175606722134,703.699364506286,23.0,21.0,17.0,19.5,13.916666666666666,5.802298395176405,7.378818990663055
APAC,Phones,2014,37,9,3,Summer,0.3333333333333333,0.13333333333333333,863.406,11,-0.970941817426052,-0.23931566428755774,2014-37,2014-09-08,1679.9655812025735,933.2205812025736,690.6645000000001,1647.3870812025739,1235.619404135049,586.783340961455,693.5530626507251,18.0,12.0,6.0,19.25,14.333333333333334,6.238322424070969,7.023769168568496
APAC,Phones,2014,39,9,3,Spring,0.25,0.1,1062.15,11,-1.0,-1.8369701987210297e-16,2014-39,2014-09-22,863.406,1763.3255436077209,742.374,1472.0931953006436,1262.267404135049,642.674877912854,678.8662723083931,11.0,25.0,8.0,15.75,14.583333333333334,5.852349955359814,6.828527504432264
APAC,Phones,2014,40,9,3,Autumn,0.5,0.07333333333333335,2093.5116812025735,25,-0.992708874098054,0.1205366802553232,2014-40,2014-09-29,1062.15,2282.8512,322.074,1424.758315601287,1409.8872109019303,565.3798207673791,647.7203166937652,11.0,23.0,5.0,16.25,16.25,6.7019897542943685,6.716668546506999
APAC,Phones,2014,41,10,4,Autumn,0.2,0.034,1311.5389624051472,16,-0.9709418174260521,0.23931566428755738,2014-41,2014-10-06,2093.5116812025735,1679.9655812025735,1570.7175,1332.6516609019304,1388.2889994356926,539.3565164019382,646.1892418046758,25.0,18.0,19.0,15.75,16.0,6.601767440112788,6.660603303277897
APAC,Phones,2014,42,10,4,Autumn,0.25,0.08375,2027.1923436077209,33,-0.9350162426854148,0.35460488704253557,2014-42,2014-10-13,1311.5389624051472,863.406,277.9626,1623.5982468038605,1534.0581447363359,515.2060952091176,565.1673077879705,16.0,11.0,6.0,21.25,18.25,9.74251849711699,7.48483314929113
APAC,Phones,2014,43,10,4,Autumn,0.75,0.13,799.0353,13,-0.8854560256532101,0.464723172043768,2014-43,2014-10-20,2027.1923436077209,1062.15,577.53,1557.8195718038608,1552.516919736336,617.4367834538731,533.8350713838054,33.0,11.0,7.0,21.75,18.75,9.069178573608529,6.83739716558868
APAC,Phones,2014,44,10,4,Spring,0.6,0.12000000000000002,1259.8231624051473,23,-0.822983865893657,0.5680647467311548,2014-44,2014-10-27,799.0353,2093.5116812025735,1754.1501812025735,1349.397442104504,1511.323001503217,507.2018769794455,535.9298728286323,13.0,25.0,17.0,21.25,19.25,8.883505314157622,6.9167123036099465
APAC,Phones,2014,45,11,4,Autumn,0.3333333333333333,0.10833333333333334,2406.042,19,-0.7485107481711011,0.6631226582407952,2014-45,2014-11-03,1259.8231624051473,1311.5389624051472,2059.855662405147,1623.0232015032173,1540.1718629694549,727.4021043992441,575.963701428185,23.0,16.0,21.0,22.0,19.083333333333332,8.40634680861233,6.894771844512254
APAC,Phones,2014,46,11,4,Autumn,0.3,0.05900000000000001,2912.4273248102945,45,-0.6631226582407955,0.7485107481711007,2014-46,2014-11-10,2406.042,2027.1923436077209,933.2205812025736,1844.3319468038608,1705.105758270098,981.6043872557088,663.1421728323173,19.0,33.0,12.0,25.0,21.833333333333332,13.952299690970902,9.787128219650489
APAC,Phones,2014,47,11,4,Spring,0.625,0.1,2102.6583248102943,34,-0.5680647467311559,0.8229838658936564,2014-47,2014-11-17,2912.4273248102945,799.0353,1763.3255436077209,2170.2377030064345,1733.3834900369793,692.7892198183625,673.0119473252529,45.0,13.0,25.0,30.25,22.583333333333332,11.701139545645404,10.378809997764538
APAC,Phones,2014,48,11,4,Spring,0.6,0.074,1337.8137812025734,16,-0.4647231720437684,0.88545602565321,2014-48,2014-11-24,2102.6583248102943,1259.8231624051473,2282.8512,2189.7353577057906,1654.6303718038605,658.8942821089416,657.995017965795,34.0,23.0,23.0,28.5,22.0,13.527749258468685,10.548588875898398
APAC,Phones,2014,49,12,4,Autumn,0.6666666666666666,0.19000000000000003,781.4424,6,-0.35460488704253595,0.9350162426854147,2014-49,2014-12-01,1337.8137812025734,2406.042,1679.9655812025735,1783.5854577057908,1579.7534400369793,927.1991068320882,704.341638610365,16.0,19.0,18.0,25.25,21.0,17.53805386390786,11.489125293076064
APAC,Phones,2014,50,12,4,Autumn,0.5,0.078,2558.857143607721,30,-0.2393156642875578,0.970941817426052,2014-50,2014-12-08,781.4424,2912.4273248102945,863.406,1695.1929124051474,1721.0410353376226,790.4858862128197,717.5091241201313,6.0,45.0,11.0,21.5,22.583333333333332,12.897028081435405,11.29326696699759
APAC,Phones,2014,51,12,4,Autumn,0.4,0.1,1047.0197436077208,34,-0.12053668025532363,0.992708874098054,2014-51,2014-12-15,2558.857143607721,2102.6583248102943,1062.15,1431.283267104504,1719.780180638266,785.304824004997,718.7843906937036,30.0,34.0,11.0,21.5,24.5,12.897028081435405,11.09873047613187
APAC,Phones,2014,52,12,4,Winter,0.25,0.0625,1000.9517436077208,23,6.432490598706546e-16,1.0,2014-52,2014-12-22,1047.0197436077208,1337.8137812025734,2093.5116812025735,1347.0677577057909,1628.7335191720285,816.1271688169908,736.1278394381128,34.0,16.0,25.0,23.25,24.333333333333332,12.365947867699699,11.105554165971796
Africa,Accessories,2011,25,6,2,Winter,0.0,0.0,115.5,2,0.12053668025532308,-0.992708874098054,2011-25,2011-06-20,169.64100000000002,25.038,28.32,127.48275,128.33775,37.69075390928131,110.42897635389085,4.0,2.0,1.0,2.25,2.0,1.2583057392117916,0.9534625892455924
Africa,Accessories,2011,29,7,3,Summer,0.0,0.0,38.52,1,-0.3546048870425356,-0.9350162426854148,2011-29,2011-07-18,115.5,81.69,40.92,116.69024999999999,128.13775,56.6076010819219,110.60372844457328,2.0,1.0,1.0,2.25,2.0,1.2583057392117916,0.9534625892455924
Africa,Accessories,2011,33,8,3,Winter,0.0,0.0,100.404,4,-0.7485107481711011,-0.6631226582407952,2011-33,2011-08-15,38.52,143.1,25.488,106.01625000000001,134.38075,53.929866310329444,106.31408071039063,1.0,2.0,1.0,2.75,2.25,1.5,1.0552897060221726
Africa,Accessories,2011,37,9,3,Spring,0.0,0.0,61.02,2,-0.970941817426052,-0.23931566428755774,2011-37,2011-09-12,100.404,169.64100000000002,64.02,78.861,134.13075,35.36577786504926,106.49794527691388,4.0,4.0,2.0,2.25,2.25,1.2583057392117916,1.0552897060221726
Africa,Accessories,2011,39,10,4,Spring,0.0,0.0,246.4905812025736,4,-1.0,-1.8369701987210297e-16,2011-39,2011-09-26,61.02,115.5,225.24,111.6086453006434,135.90163176688114,93.48768513232679,108.31189802676808,2.0,2.0,2.0,2.75,2.4166666666666665,1.5,1.164500152881315
Africa,Accessories,2011,40,10,4,Autumn,0.0,0.0,265.02,3,-0.992708874098054,0.1205366802553232,2011-40,2011-10-03,246.4905812025736,38.52,158.94,168.2336453006434,144.74163176688114,102.6115214340179,114.51446085741532,4.0,1.0,3.0,3.25,2.4166666666666665,0.957427107756338,1.164500152881315
Africa,Accessories,2011,41,10,4,Spring,0.0,0.0,758.7105812025736,9,-0.9709418174260521,0.23931566428755738,2011-41,2011-10-10,265.02,100.404,73.206,332.8102906012868,201.86701353376225,298.5004943211304,208.2240909463665,3.0,4.0,1.0,4.5,3.0833333333333335,3.1091263510296048,2.1514618004482156
Africa,Accessories,2011,43,10,4,Spring,0.0,0.0,137.772,4,-0.8854560256532101,0.464723172043768,2011-43,2011-10-24,758.7105812025736,61.02,417.27,351.9982906012868,178.5755135337623,276.8904059307086,197.28378016293888,9.0,2.0,3.0,5.0,3.1666666666666665,2.70801280154532,2.167249338901663
Africa,Accessories,2011,44,11,4,Spring,0.0,0.0,59.34,2,-0.822983865893657,0.5680647467311548,2011-44,2011-10-31,137.772,246.4905812025736,25.038,305.2106453006434,181.43401353376225,313.9880857577277,195.09323561911634,4.0,4.0,2.0,4.5,3.1666666666666665,3.1091263510296048,2.167249338901663
Africa,Accessories,2011,46,11,4,Autumn,0.0,0.0,38.52,1,-0.6631226582407955,0.7485107481711007,2011-46,2011-11-14,59.34,265.02,81.69,248.5856453006434,177.83651353376226,342.7577394285931,197.48309924953108,2.0,3.0,1.0,4.0,3.1666666666666665,3.559026084010437,2.167249338901663
Africa,Accessories,2011,47,11,4,Autumn,0.0,0.0,67.40100000000001,2,-0.5680647467311559,0.8229838658936564,2011-47,2011-11-21,38.52,758.7105812025736,143.1,75.75825,171.52826353376227,43.09599754327603,199.88796144600514,1.0,9.0,2.0,2.25,3.1666666666666665,1.2583057392117913,2.167249338901663
Africa,Accessories,2011,48,11,4,Spring,0.0,0.0,13.626,1,-0.4647231720437684,0.88545602565321,2011-48,2011-11-28,67.40100000000001,137.772,169.64100000000002,44.72175000000001,158.52701353376227,24.03781038801289,205.0295636084367,2.0,4.0,4.0,1.5,2.9166666666666665,0.5773502691896247,2.2343733444579583
Africa,Accessories,2011,50,12,4,Summer,0.0,0.0,109.86,2,-0.2393156642875578,0.970941817426052,2011-50,2011-12-12,13.626,59.34,115.5,57.35175000000001,158.05701353376227,41.33069789212442,205.1435960493808,1.0,2.0,2.0,1.5,2.9166666666666665,0.5773502691896247,2.2343733444579583
Africa,Accessories,2011,51,12,4,Autumn,0.0,0.0,286.35,5,-0.12053668025532363,0.992708874098054,2011-51,2011-12-19,109.86,38.52,38.52,119.30925000000002,178.70951353376225,118.11761967737941,204.48928149230755,2.0,1.0,1.0,2.5,3.25,1.7320508075688767,2.220769727328383
Africa,Accessories,2011,52,12,4,Summer,0.0,0.0,82.98,1,6.432490598706546e-16,1.0,2011-52,2011-12-26,286.35,67.40100000000001,100.404,123.20400000000002,177.25751353376225,116.07467124226564,205.15661763666105,5.0,2.0,4.0,2.25,3.0,1.8929694486000905,2.2962419891481978
Africa,Accessories,2012,2,1,1,Summer,0.0,0.0,82.98,1,0.23931566428755774,0.970941817426052,2012-2,2012-01-09,82.98,13.626,61.02,140.54250000000002,179.08751353376226,98.02742078112657,204.12084623995386,1.0,1.0,2.0,2.25,2.9166666666666665,1.8929694486000905,2.353269807709857
Africa,Accessories,2012,4,1,1,Summer,0.0,0.0,246.4905812025736,4,0.4647231720437685,0.8854560256532099,2012-4,2012-01-23,82.98,109.86,246.4905812025736,174.7001453006434,179.08751353376226,107.15211438156346,204.12084623995386,1.0,2.0,4.0,2.75,2.9166666666666665,2.06155281280883,2.353269807709857
Africa,Accessories,2012,5,2,1,Summer,0.0,0.0,18.54,2,0.5680647467311558,0.8229838658936564,2012-5,2012-01-30,246.4905812025736,286.35,265.02,107.74764530064341,158.54751353376227,97.35584000673273,207.06760671083143,4.0,5.0,3.0,2.0,2.8333333333333335,1.4142135623730943,2.3677121037112188
Africa,Accessories,2012,7,2,1,Summer,0.0,0.0,12.213,1,0.7485107481711011,0.6631226582407953,2012-7,2012-02-13,18.54,82.98,758.7105812025736,90.05589530064341,96.33938176688115,109.08088570258448,88.63961427184908,2.0,1.0,9.0,2.0,2.1666666666666665,1.4142135623730943,1.403458930534474
Africa,Accessories,2012,8,2,1,Summer,0.0,0.0,38.52,1,0.8229838658936564,0.5680647467311559,2012-8,2012-02-20,12.213,82.98,137.772,78.9408953006434,88.06838176688115,112.26104427793005,89.05172100993131,1.0,1.0,4.0,2.0,1.9166666666666667,1.4142135623730943,1.311372170551507
Africa,Accessories,2012,11,3,1,Summer,0.0,0.0,317.58,2,0.970941817426052,0.23931566428755804,2012-11,2012-03-12,38.52,246.4905812025736,59.34,96.71325000000002,109.58838176688114,147.67072026048373,110.17557778720055,1.0,4.0,2.0,1.5,1.9166666666666667,0.5773502691896237,1.311372170551507
Africa,Accessories,2012,15,4,2,Spring,0.0,0.0,88.26,2,0.9709418174260521,-0.2393156642875575,2012-15,2012-04-09,317.58,18.54,38.52,114.14325,113.73338176688115,139.24212208326202,108.17630812285896,2.0,2.0,1.0,1.5,2.0,0.5773502691896237,1.2792042981336629
Africa,Accessories,2012,19,5,2,Autumn,0.0,0.0,127.17,3,0.7485107481711013,-0.663122658240795,2012-19,2012-05-07,88.26,12.213,67.40100000000001,142.8825,118.71413176688112,121.98531069354226,107.22084629933826,2.0,1.0,2.0,2.0,2.0833333333333335,0.8164965809277246,1.3113721705515067
Africa,Accessories,2012,20,5,2,Autumn,0.0,0.0,480.10499999999996,9,0.6631226582407952,-0.7485107481711012,2012-20,2012-05-14,127.17,38.52,13.626,253.27875,157.58738176688112,181.40139940543463,143.93360151942963,3.0,1.0,1.0,4.0,2.75,3.366501646120692,2.340357393064727
Africa,Accessories,2012,21,5,2,Autumn,0.0,0.0,254.94,6,0.5680647467311558,-0.8229838658936564,2012-21,2012-05-21,480.10499999999996,317.58,109.86,237.61874999999998,169.67738176688113,176.6414161691703,145.64318484708232,9.0,2.0,2.0,5.0,3.0833333333333335,3.1622776601683786,2.5030284687057622
Africa,Accessories,2012,22,5,2,Autumn,0.0,0.0,209.76,2,0.46472317204376906,-0.8854560256532096,2012-22,2012-05-28,254.94,88.26,286.35,267.99375,163.29488176688113,150.9791166229622,141.68999162078077,6.0,2.0,5.0,5.0,2.8333333333333335,3.1622776601683786,2.443296332763787
Africa,Accessories,2012,23,6,2,Winter,0.0,0.0,66.132,2,0.35460488704253584,-0.9350162426854147,2012-23,2012-06-04,209.76,127.17,82.98,252.73424999999997,161.8908817668811,171.62896915220935,142.63847554011346,2.0,3.0,1.0,4.75,2.9166666666666665,3.4034296427770223,2.391588796113782
Africa,Accessories,2012,24,6,2,Winter,0.0,0.0,1208.52,19,0.23931566428755768,-0.970941817426052,2012-24,2012-06-11,66.132,480.10499999999996,82.98,434.83799999999997,255.68588176688112,522.0317193581249,331.3112572958728,2.0,9.0,1.0,7.25,4.416666666666667,8.05708797684788,5.142661732699293
Africa,Accessories,2012,28,7,3,Winter,0.0,0.0,71.34,1,-0.23931566428755743,-0.9709418174260521,2012-28,2012-07-09,1208.52,254.94,246.4905812025736,388.93799999999993,241.09,550.4215395639964,335.58375390273966,19.0,6.0,4.0,6.0,4.166666666666667,8.679477710861024,5.23681605789648
Africa,Accessories,2012,30,7,3,Winter,0.0,0.0,155.88,6,-0.46472317204376806,-0.8854560256532101,2012-30,2012-07-23,71.34,209.76,18.54,375.46799999999996,252.53499999999997,556.889314474609,329.59222740421643,1.0,2.0,2.0,7.0,4.5,8.286535263104035,5.213618530523515
Africa,Accessories,2012,31,7,3,Winter,0.0,0.0,74.7,2,-0.5680647467311556,-0.8229838658936566,2012-31,2012-07-30,155.88,66.132,12.213,377.60999999999996,257.74224999999996,555.3171472230981,325.92339285736927,6.0,2.0,1.0,7.0,4.583333333333333,8.286535263104035,5.160308893737649
Africa,Accessories,2012,33,8,3,Summer,0.0,0.0,252.705,4,-0.7485107481711011,-0.6631226582407952,2012-33,2012-08-13,74.7,1208.52,38.52,138.65624999999994,275.59099999999995,85.49006641856163,318.60929088233667,2.0,19.0,1.0,3.25,4.833333333333333,2.217355782608345,5.042245771899901
Africa,Accessories,2012,34,8,3,Summer,0.0,0.0,562.65,5,-0.8229838658936564,-0.5680647467311559,2012-34,2012-08-20,252.705,71.34,317.58,261.48374999999993,296.01349999999996,213.55600192045657,329.2229879700217,4.0,1.0,2.0,4.25,5.083333333333333,1.707825127659933,4.962739956796837
Africa,Accessories,2012,35,9,3,Spring,0.0,0.0,117.12,4,-0.8854560256532096,-0.4647231720437691,2012-35,2012-08-27,562.65,155.88,88.26,251.79374999999993,298.4185,220.70466976539043,327.669108756629,5.0,6.0,2.0,3.75,5.25,1.2583057392117916,4.882715339942426
Africa,Accessories,2012,36,9,3,Summer,0.0,0.0,112.62,1,-0.9350162426854147,-0.3546048870425359,2012-36,2012-09-03,117.12,74.7,127.17,261.27374999999995,297.20599999999996,211.1707907269612,328.3865357031114,4.0,2.0,3.0,3.5,5.083333333333333,1.7320508075688772,4.9992423668416235
Africa,Accessories,2012,41,10,4,Autumn,0.0,0.0,246.4905812025736,8,-0.9709418174260521,0.23931566428755738,2012-41,2012-10-08,112.62,252.705,480.10499999999996,259.72014530064337,277.7381317668811,211.27767859827924,323.44550193225507,1.0,4.0,9.0,4.5,5.0,2.8867513459481287,4.935953440181173
Africa,Accessories,2012,42,10,4,Spring,0.0,0.0,74.238,2,-0.9350162426854148,0.35460488704253557,2012-42,2012-10-15,246.4905812025736,562.65,254.94,137.61714530064336,262.67963176688113,75.08957171891244,328.76606323319305,8.0,5.0,6.0,3.75,4.666666666666667,3.0956959368344514,4.9969687781391
Africa,Accessories,2012,45,11,4,Autumn,0.0,0.0,45.21,1,-0.7485107481711011,0.6631226582407952,2012-45,2012-11-05,74.238,117.12,209.76,119.63964530064334,248.96713176688115,88.95976029443054,334.5545925163854,2.0,4.0,2.0,3.0,4.583333333333333,3.366501646120693,5.053501636279421
Africa,Accessories,2012,46,11,4,Spring,0.0,0.0,339.891,7,-0.6631226582407955,0.7485107481711007,2012-46,2012-11-12,45.21,112.62,66.132,176.45739530064333,271.78038176688113,140.5819735023337,330.25990605353155,1.0,1.0,2.0,4.5,5.0,3.5118845842842465,5.027198750072179
Africa,Accessories,2012,47,11,4,Spring,0.0,0.0,40.5,1,-0.5680647467311559,0.8229838658936564,2012-47,2012-11-19,339.891,246.4905812025736,1208.52,124.95974999999994,174.44538176688113,144.0620354161708,154.3631894809556,7.0,8.0,19.0,2.75,3.5,2.872281323269014,2.5405797477240237
Africa,Accessories,2012,48,11,4,Autumn,0.0,0.0,46.32,1,-0.4647231720437684,0.88545602565321,2012-48,2012-11-26,40.5,74.238,71.34,117.98024999999994,172.36038176688115,147.96201181468862,156.04229145205306,1.0,2.0,1.0,2.5,3.5,2.9999999999999996,2.5405797477240237
Africa,Accessories,2012,49,12,4,Spring,0.0,0.0,414.36,4,-0.35460488704253595,0.9350162426854147,2012-49,2012-12-03,46.32,45.21,155.88,210.26774999999995,193.9003817668811,195.06903660050727,170.71127059226356,1.0,1.0,6.0,3.25,3.3333333333333335,2.872281323269014,2.4246211825330346
Africa,Accessories,2012,50,12,4,Summer,0.0,0.0,246.4905812025736,4,-0.2393156642875578,0.970941817426052,2012-50,2012-12-10,414.36,339.891,74.7,186.91764530064336,208.21626353376226,179.3365403579112,166.9685276260255,4.0,7.0,2.0,2.5,3.5,1.732050807568877,2.393172105652399
Africa,Accessories,2012,52,12,4,Summer,0.0,0.0,143.934,2,6.432490598706546e-16,1.0,2012-52,2012-12-24,246.4905812025736,40.5,252.705,212.77614530064335,199.15201353376224,157.28912119785505,167.28593256879967,4.0,1.0,4.0,2.75,3.3333333333333335,1.4999999999999996,2.4246211825330346
Africa,Accessories,2013,1,12,4,Summer,0.0,0.0,55.35,1,0.12053668025532305,0.992708874098054,2013-1,2012-12-31,143.934,46.32,562.65,215.03364530064334,156.87701353376227,154.13690952359096,126.10693190553445,2.0,1.0,5.0,2.75,3.0,1.4999999999999996,2.449489742783181
Africa,Accessories,2013,4,1,1,Summer,0.0,0.0,745.74,4,0.4647231720437685,0.8854560256532099,2013-4,2013-01-21,55.35,414.36,117.12,297.87864530064337,209.26201353376226,308.62038373650165,210.45001112890333,1.0,4.0,4.0,2.75,3.0,1.4999999999999996,2.449489742783181
Africa,Accessories,2013,5,1,1,Winter,0.0,0.0,335.52,4,0.5680647467311558,0.8229838658936564,2013-5,2013-01-28,745.74,246.4905812025736,112.62,320.13599999999997,227.83701353376227,306.88445321325753,210.9808935538002,4.0,4.0,1.0,2.75,3.25,1.4999999999999996,2.37888438329628
Africa,Accessories,2013,7,2,1,Summer,0.0,0.0,202.38,2,0.7485107481711011,0.6631226582407953,2013-7,2013-02-11,335.52,143.934,246.4905812025736,334.74749999999995,224.16113176688114,296.9284705530947,211.01061381372045,4.0,2.0,8.0,2.75,2.75,1.4999999999999996,1.8647446815241875
Africa,Accessories,2013,8,2,1,Summer,0.0,0.0,167.94,2,0.8229838658936564,0.5680647467311559,2013-8,2013-02-18,202.38,55.35,74.238,362.8949999999999,231.96963176688112,265.26226135656776,206.6469252160737,2.0,1.0,2.0,3.0,2.75,1.154700538379251,1.8647446815241875
Africa,Accessories,2013,10,3,1,Winter,0.0,0.0,246.21,1,0.9350162426854148,0.35460488704253557,2013-10,2013-03-04,167.94,745.74,45.21,238.01249999999996,248.71963176688112,72.46779025884572,198.10221116281156,2.0,4.0,1.0,2.25,2.75,1.2583057392117911,1.8647446815241875
Africa,Accessories,2013,11,3,1,Autumn,0.0,0.0,40.29,1,0.970941817426052,0.23931566428755804,2013-11,2013-03-11,246.21,335.52,339.891,164.20499999999998,223.75288176688116,88.60215968022482,204.3481824751292,1.0,4.0,7.0,1.5,2.25,0.5773502691896243,1.3568010505999435
Africa,Accessories,2013,12,3,1,Autumn,0.0,0.0,289.46999999999997,2,0.992708874098054,0.120536680255323,2013-12,2013-03-18,40.29,202.38,40.5,185.97749999999996,244.50038176688113,109.37527245680374,196.5409030682637,1.0,2.0,1.0,1.5,2.3333333333333335,0.5773502691896243,1.3026778945578665
Africa,Accessories,2013,14,4,2,Autumn,0.0,0.0,23.868000000000002,2,0.992708874098054,-0.12053668025532288,2013-14,2013-04-01,289.46999999999997,167.94,46.32,149.95949999999996,242.62938176688112,137.42125498262652,198.6940930728886,2.0,2.0,1.0,1.5,2.4166666666666665,0.5773502691896243,1.240112409372153
Africa,Accessories,2013,15,4,2,Spring,0.0,0.0,72.84,1,0.9709418174260521,-0.2393156642875575,2013-15,2013-04-08,23.868000000000002,246.21,414.36,106.61699999999996,214.16938176688112,123.58906810879371,196.3045265454776,2.0,1.0,4.0,1.5,2.1666666666666665,0.5773502691896243,1.1934162828797186
Africa,Accessories,2013,19,5,2,Autumn,0.0,0.0,221.25,5,0.7485107481711013,-0.663122658240795,2013-19,2013-05-06,72.84,40.29,246.4905812025736,151.85699999999997,212.066,124.3350267462876,196.0617999064209,1.0,1.0,4.0,2.5,2.25,1.7320508075688767,1.3568010505999435
Africa,Accessories,2013,20,5,2,Autumn,0.0,0.0,680.8005812025735,13,0.6631226582407952,-0.7485107481711012,2013-20,2013-05-13,221.25,289.46999999999997,143.934,249.68964530064335,256.8048817668811,299.4086755636392,236.23829473612216,5.0,2.0,2.0,5.25,3.1666666666666665,5.439056290693573,3.379976689896313
Africa,Accessories,2013,22,6,2,Autumn,0.0,0.0,285.36,4,0.46472317204376906,-0.8854560256532096,2013-22,2013-05-27,680.8005812025735,23.868000000000002,55.35,315.06264530064334,275.97238176688114,259.5631632894044,227.5794485873888,13.0,2.0,1.0,5.75,3.4166666666666665,5.123475382979799,3.315482505220659
Africa,Accessories,2013,23,6,2,Autumn,0.0,0.0,230.946,4,0.35460488704253584,-0.9350162426854147,2013-23,2013-06-03,285.36,72.84,745.74,354.58914530064334,233.07288176688112,219.29700599992918,172.93661853258658,4.0,1.0,4.0,6.5,3.4166666666666665,4.358898943540674,3.315482505220659
Africa,Accessories,2013,24,6,2,Autumn,0.0,0.0,980.37,9,0.23931566428755768,-0.970941817426052,2013-24,2013-06-10,230.946,221.25,335.52,544.3691453006434,286.8103817668811,353.095873364138,276.71494330556004,4.0,5.0,4.0,7.5,3.8333333333333335,4.358898943540674,3.6886393976723473
Africa,Accessories,2013,25,6,2,Winter,0.0,0.0,73.95,1,0.12053668025532308,-0.992708874098054,2013-25,2013-06-17,980.37,680.8005812025735,202.38,392.6565,276.1078817668811,401.93026590317885,282.69631779128025,9.0,13.0,2.0,4.5,3.75,3.3166247903554003,3.744693214767704
Africa,Accessories,2013,29,7,3,Summer,0.0,0.0,459.24,4,-0.3546048870425356,-0.9350162426854148,2013-29,2013-07-15,73.95,285.36,167.94,436.1265,300.3828817668811,395.8139613113717,285.0606097597888,1.0,4.0,2.0,4.5,3.9166666666666665,3.3166247903554003,3.704010930018563
Africa,Accessories,2013,31,8,3,Summer,0.0,0.0,164.37,3,-0.5680647467311556,-0.8229838658936566,2013-31,2013-07-29,459.24,230.946,246.21,419.48249999999996,293.5628817668811,408.5137870684416,287.4435466614511,4.0,4.0,1.0,4.25,4.083333333333333,3.403429642777023,3.6045005538110617
Africa,Accessories,2013,32,8,3,Summer,0.0,0.0,98.62200000000001,3,-0.663122658240795,-0.7485107481711013,2013-32,2013-08-05,164.37,980.37,40.29,199.04549999999998,298.4238817668811,177.61130932741878,283.23343417560915,3.0,9.0,1.0,2.75,4.25,1.2583057392117927,3.493500458643947
Africa,Accessories,2013,33,8,3,Winter,0.0,0.0,246.4905812025736,4,-0.7485107481711011,-0.6631226582407952,2013-33,2013-08-12,98.62200000000001,73.95,289.46999999999997,242.18064530064336,294.84226353376226,156.84059866909294,283.62842536459465,3.0,1.0,2.0,3.5,4.416666666666667,0.5773502691896278,3.4234042953903328
Africa,Accessories,2013,34,8,3,Winter,0.0,0.0,543.4725812025736,17,-0.8229838658936564,-0.5680647467311559,2013-34,2013-08-19,246.4905812025736,459.24,23.868000000000002,263.2387906012868,338.1426453006434,196.37142138955122,278.10835479185107,4.0,4.0,2.0,6.75,5.666666666666667,6.849574196011505,4.886592665527575
Africa,Accessories,2013,35,8,3,Winter,0.0,0.0,232.62,2,-0.8854560256532096,-0.4647231720437691,2013-35,2013-08-26,543.4725812025736,164.37,72.84,280.3012906012868,351.4576453006434,187.69049201063476,267.8888662763412,17.0,3.0,1.0,6.5,5.75,7.047458170621991,4.807664335582963
Africa,Accessories,2013,36,9,3,Winter,0.0,0.0,72.84,1,-0.9350162426854147,-0.3546048870425359,2013-36,2013-09-02,232.62,98.62200000000001,221.25,273.85579060128674,339.09014530064337,196.25647076988076,277.69296192446313,2.0,3.0,5.0,6.0,5.416666666666667,7.438637868140466,4.999242366841624
Africa,Accessories,2013,37,9,3,Spring,0.0,0.0,158.7,3,-0.970941817426052,-0.23931566428755774,2013-37,2013-09-09,72.84,246.4905812025736,680.8005812025735,251.90814530064335,295.5817635337623,205.04878431221172,259.5986453312152,1.0,4.0,13.0,5.75,4.583333333333333,7.544313531837517,4.420167280531224
Africa,Accessories,2013,38,9,3,Spring,0.0,0.0,101.976,3,-0.992708874098054,-0.12053668025532357,2013-38,2013-09-16,158.7,543.4725812025736,285.36,141.53399999999996,280.2997635337623,70.41550954157779,265.58379197731955,3.0,17.0,4.0,2.25,4.5,0.9574271077563381,4.441539454656768
Africa,Accessories,2013,39,9,3,Autumn,0.0,0.0,492.9811624051472,14,-1.0,-1.8369701987210297e-16,2013-39,2013-09-23,101.976,232.62,230.946,206.62429060128676,302.13602706752454,194.20478606906175,271.85523734001004,3.0,2.0,4.0,5.25,5.333333333333333,5.909032633745278,5.210711578231438
Africa,Accessories,2013,41,10,4,Autumn,0.0,0.0,494.64,2,-0.9709418174260521,0.23931566428755738,2013-41,2013-10-07,492.9811624051472,72.84,980.37,312.07429060128675,261.6585270675245,211.1259491750083,183.48973026529617,14.0,1.0,9.0,5.5,4.75,5.686240703077327,5.154433219877994
Africa,Accessories,2013,44,10,4,Spring,0.0,0.0,246.4905812025736,4,-0.822983865893657,0.5680647467311548,2013-44,2013-10-28,494.64,158.7,73.95,334.02193590193014,276.03690883440566,193.71220287600198,173.95611080286236,2.0,3.0,1.0,5.75,5.0,5.560275772537426,5.02719875007218
Africa,Accessories,2013,45,11,4,Autumn,0.0,0.0,403.29,10,-0.7485107481711011,0.6631226582407952,2013-45,2013-11-04,246.4905812025736,101.976,459.24,409.35043590193015,271.37440883440564,116.65971786283909,169.2865035338303,4.0,3.0,4.0,7.5,5.5,5.507570547286102,5.213618530523516
Africa,Accessories,2013,46,11,4,Spring,0.0,0.0,32.01,1,-0.6631226582407955,0.7485107481711007,2013-46,2013-11-11,403.29,492.9811624051472,164.37,294.10764530064336,260.34440883440567,202.5640411692282,180.81194876356253,10.0,14.0,3.0,4.25,5.333333333333333,4.0311288741492755,5.331439057538071
Africa,Accessories,2013,47,11,4,Spring,0.0,0.0,77.04,2,-0.5680647467311559,0.8229838658936564,2013-47,2013-11-18,32.01,494.64,98.62200000000001,189.70764530064338,258.5459088344057,169.70982065428007,182.66465113683975,1.0,2.0,3.0,4.25,5.25,4.0311288741492755,5.378830558942918
Africa,Accessories,2013,48,11,4,Spring,0.0,0.0,720.21,7,-0.4647231720437684,0.88545602565321,2013-48,2013-11-25,77.04,246.4905812025736,246.4905812025736,308.1375,298.02252706752455,320.6816668052604,225.89572896810347,2.0,4.0,4.0,5.0,5.5,4.242640687119286,5.385164807134505
Africa,Accessories,2013,49,12,4,Autumn,0.0,0.0,360.0,6,-0.35460488704253595,0.9350162426854147,2013-49,2013-12-02,720.21,403.29,543.4725812025736,297.315,282.7331453006434,317.1106057829035,213.64966646034333,7.0,10.0,17.0,4.0,4.583333333333333,2.9439202887759492,4.010403138505323
Africa,Accessories,2013,50,12,4,Summer,0.0,0.0,12.663,1,-0.2393156642875578,0.970941817426052,2013-50,2013-12-09,360.0,32.01,232.62,292.47825,264.40339530064335,322.6059776139464,227.33691037249153,6.0,1.0,2.0,4.0,4.5,2.9439202887759492,4.078769868031739
Africa,Accessories,2013,52,12,4,Summer,0.0,0.0,94.161,3,6.432490598706546e-16,1.0,2013-52,2013-12-23,12.663,77.04,72.84,296.7585,266.1801453006434,318.886949822347,225.78163941106956,1.0,2.0,1.0,4.25,4.666666666666667,2.7537852736430515,3.9619401430321624
Africa,Accessories,2014,1,1,1,Summer,0.0,0.0,258.9465812025736,7,0.12053668025532305,0.992708874098054,2014-1,2013-12-30,94.161,720.21,158.7,181.4426453006434,274.5340270675245,157.05014408538528,223.28410975816635,3.0,7.0,3.0,4.25,5.0,2.7537852736430515,3.977207791677703
Africa,Accessories,2014,5,1,1,Winter,0.0,0.0,650.4,8,0.5680647467311558,0.8229838658936564,2014-5,2014-01-27,258.9465812025736,360.0,101.976,254.04264530064336,320.2360270675245,283.4016436561999,240.23636346324832,7.0,6.0,3.0,4.75,5.416666666666667,3.3040379335998353,4.010403138505323
Africa,Accessories,2014,7,2,1,Summer,0.0,0.0,464.13,6,0.7485107481711011,0.6631226582407953,2014-7,2014-02-10,650.4,12.663,492.9811624051472,366.9093953006434,317.8317635337623,242.12009781508982,238.48839146444968,8.0,1.0,14.0,6.0,4.75,2.1602468994692874,2.988614759686868
Africa,Accessories,2014,9,2,1,Summer,0.0,0.0,443.52,4,0.8854560256532099,0.4647231720437686,2014-9,2014-02-24,464.13,94.161,494.64,454.24914530064336,313.5717635337623,160.0322834004033,235.48064012297726,6.0,3.0,2.0,6.25,4.916666666666667,1.7078251276599339,2.8749176536296703
Africa,Accessories,2014,10,3,1,Winter,0.0,0.0,40.92,1,0.9350162426854148,0.35460488704253557,2014-10,2014-03-03,443.52,258.9465812025736,246.4905812025736,399.74249999999995,296.44088176688115,256.67423482889757,247.95159799184208,4.0,7.0,4.0,4.75,4.666666666666667,2.98607881119482,3.0846639225613424
Africa,Accessories,2014,11,3,1,Autumn,0.0,0.0,109.25399999999999,4,0.970941817426052,0.23931566428755804,2014-11,2014-03-10,40.92,650.4,403.29,264.45599999999996,271.93788176688116,220.59739079145993,250.94319801758144,1.0,8.0,10.0,3.75,4.166666666666667,2.0615528128088307,2.5878504008094656
Africa,Accessories,2014,12,3,1,Autumn,0.0,0.0,143.304,3,0.992708874098054,0.120536680255323,2014-12,2014-03-17,109.25399999999999,464.13,32.01,184.24949999999995,281.21238176688115,178.01254331366687,243.2070696173559,4.0,6.0,1.0,3.0,4.333333333333333,1.4142135623730963,2.424621182533035
Africa,Accessories,2014,15,4,2,Autumn,0.0,0.0,113.7,2,0.9709418174260521,-0.2393156642875575,2014-15,2014-04-07,143.304,443.52,77.04,101.79449999999994,284.2673817668811,43.305613227388456,240.62579512961003,3.0,4.0,2.0,2.5,4.333333333333333,1.2909944487358067,2.424621182533035
Africa,Accessories,2014,16,4,2,Autumn,0.0,0.0,29.61,1,0.9350162426854148,-0.35460488704253545,2014-16,2014-04-14,113.7,40.92,720.21,98.96699999999994,226.71738176688112,48.64513225390762,207.13826998051846,2.0,1.0,7.0,2.5,3.8333333333333335,1.2909944487358067,2.44329633276379
Africa,Accessories,2014,17,4,2,Autumn,0.0,0.0,50.876999999999995,2,0.8854560256532099,-0.4647231720437685,2014-17,2014-04-21,29.61,109.25399999999999,360.0,84.37274999999995,200.95713176688116,53.08453596152244,208.2745979299795,1.0,4.0,6.0,2.0,3.5,0.8164965809277276,2.3931721056524005
Africa,Accessories,2014,19,5,2,Autumn,0.0,0.0,495.06,2,0.7485107481711013,-0.663122658240795,2014-19,2014-05-05,50.876999999999995,143.304,12.663,172.31174999999996,241.15688176688116,218.10697534065739,215.07101740761112,2.0,3.0,1.0,1.75,3.5833333333333335,0.5000000000000027,2.3143164446679765
Africa,Accessories,2014,20,5,2,Autumn,0.0,0.0,338.1,4,0.6631226582407952,-0.7485107481711012,2014-20,2014-05-12,495.06,113.7,94.161,228.41174999999993,261.4851317668811,226.69621719881016,211.4113383378441,2.0,2.0,3.0,2.25,3.6666666666666665,1.2583057392117927,2.3094010767585065
Africa,Accessories,2014,24,6,2,Winter,0.0,0.0,343.5,4,0.23931566428755768,-0.970941817426052,2014-24,2014-06-09,338.1,29.61,258.9465812025736,306.88424999999995,268.53125,185.53073522263117,212.72400273642018,4.0,1.0,7.0,3.0,3.4166666666666665,1.1547005383792528,2.065224325624587
Africa,Accessories,2014,27,7,3,Winter,0.0,0.0,246.4905812025736,6,-0.12053668025532283,-0.992708874098054,2014-27,2014-06-30,343.5,50.876999999999995,650.4,355.78764530064336,234.87213176688113,102.96678433241944,175.50791971613853,4.0,2.0,8.0,4.0,3.25,1.632993161855453,1.7122552910761286
Africa,Accessories,2014,28,7,3,Winter,0.0,0.0,39.75,1,-0.23931566428755743,-0.9709418174260521,2014-28,2014-07-07,246.4905812025736,495.06,464.13,241.96014530064332,199.50713176688112,141.96558440451804,167.69523389237716,6.0,2.0,6.0,3.75,2.8333333333333335,2.0615528128088307,1.5859229221975237
Africa,Accessories,2014,31,7,3,Winter,0.0,0.0,80.25,2,-0.5680647467311556,-0.8229838658936566,2014-31,2014-07-28,39.75,338.1,443.52,177.49764530064334,169.2346317668811,142.3005332298406,151.66395230344548,1.0,4.0,4.0,3.25,2.6666666666666665,2.2173557826083456,1.5569978883230517
Africa,Accessories,2014,32,8,3,Winter,0.0,0.0,505.86,5,-0.663122658240795,-0.7485107481711013,2014-32,2014-08-04,80.25,343.5,40.92,218.08764530064335,207.97963176688117,211.6783622153084,173.69235923529024,2.0,4.0,1.0,3.5,3.0,2.380476142847617,1.5954480704349367
Africa,Accessories,2014,34,8,3,Summer,0.0,0.0,1409.34,18,-0.8229838658936564,-0.5680647467311559,2014-34,2014-08-18,505.86,246.4905812025736,109.25399999999999,508.79999999999995,316.32013176688116,636.3028472354968,384.2971635377045,5.0,6.0,4.0,6.5,4.166666666666667,7.852812659593165,4.628632889335948
Africa,Accessories,2014,35,8,3,Winter,0.0,0.0,172.86,3,-0.8854560256532096,-0.4647231720437691,2014-35,2014-08-25,1409.34,39.75,143.304,542.0774999999999,318.7831317668811,606.3723150218848,383.1805698316245,18.0,1.0,3.0,7.0,4.166666666666667,7.438637868140466,4.628632889335948
Africa,Accessories,2014,36,9,3,Summer,0.0,0.0,194.16,3,-0.9350162426854147,-0.3546048870425359,2014-36,2014-09-01,172.86,80.25,113.7,570.555,325.4881317668811,579.5343614489135,379.95612064809495,3.0,2.0,2.0,7.25,4.25,7.22841614740048,4.594957710756039
Africa,Accessories,2014,37,9,3,Spring,0.0,0.0,22.41,2,-0.970941817426052,-0.23931566428755774,2014-37,2014-09-08,194.16,505.86,29.61,449.6924999999999,324.88813176688114,644.315334463646,380.4711618381142,3.0,5.0,1.0,6.5,4.333333333333333,7.681145747868609,4.539389893593699
Africa,Accessories,2014,38,9,3,Summer,0.0,0.0,809.94,7,-0.992708874098054,-0.12053668025532357,2014-38,2014-09-15,22.41,1409.34,50.876999999999995,299.8425,388.1433817668812,348.55013875337943,393.6449541965463,2.0,18.0,2.0,3.75,4.75,2.217355782608347,4.535215741084633
Africa,Accessories,2014,39,9,3,Autumn,0.0,0.0,27.09,1,-1.0,-1.8369701987210297e-16,2014-39,2014-09-22,809.94,172.86,495.06,263.3999999999999,349.14588176688113,373.01418444879556,405.1036422677205,7.0,3.0,2.0,3.25,4.666666666666667,2.629955639676585,4.599077641388017
Africa,Accessories,2014,41,10,4,Spring,0.0,0.0,338.20799999999997,8,-0.9709418174260521,0.23931566428755738,2014-41,2014-10-06,27.09,194.16,338.1,299.412,349.1548817668811,371.0495690551332,405.1033757568829,1.0,3.0,4.0,4.5,5.0,3.5118845842842474,4.6904157598234315
Africa,Accessories,2014,43,10,4,Spring,0.0,0.0,72.45,1,-0.8854560256532101,0.464723172043768,2014-43,2014-10-20,338.20799999999997,22.41,343.5,311.92199999999997,326.5673817668811,359.25338742453084,412.9282864853137,8.0,2.0,4.0,4.25,4.75,3.774917217635376,4.826536495817115
Africa,Accessories,2014,44,11,4,Spring,0.0,0.0,14.013,1,-0.822983865893657,0.5680647467311548,2014-44,2014-10-27,72.45,809.94,246.4905812025736,112.94024999999993,307.19424999999995,152.25185905022678,422.37226109163345,1.0,7.0,6.0,2.75,4.333333333333333,3.500000000000001,4.923659639173311
Africa,Accessories,2014,45,11,4,Spring,0.0,0.0,519.99,13,-0.7485107481711011,0.6631226582407952,2014-45,2014-11-03,14.013,27.09,39.75,236.16524999999996,347.21425,236.02508115505455,417.4509220904949,1.0,1.0,1.0,5.75,5.333333333333333,5.852349955359813,5.382350506024016
Africa,Accessories,2014,47,11,4,Spring,0.0,0.0,667.68,7,-0.5680647467311559,0.8229838658936564,2014-47,2014-11-17,519.99,338.20799999999997,80.25,318.53324999999995,396.16675000000004,324.43685761986114,417.74178790320707,13.0,8.0,2.0,5.5,5.75,5.7445626465380295,5.293649711940457
Africa,Accessories,2014,48,11,4,Spring,0.0,0.0,923.6805812025735,12,-0.4647231720437684,0.88545602565321,2014-48,2014-11-24,667.68,72.45,505.86,531.3408953006433,430.9851317668811,383.09083982965313,444.28498342580355,7.0,1.0,5.0,8.25,6.333333333333333,5.5,5.5813542399237805
Africa,Accessories,2014,50,12,4,Spring,0.0,0.0,535.152,16,-0.2393156642875578,0.970941817426052,2014-50,2014-12-08,923.6805812025735,14.013,1409.34,661.6256453006433,358.13613176688114,186.87400712490114,324.9152865964219,12.0,1.0,18.0,12.0,6.166666666666667,3.741657386773942,5.219427578041892
Africa,Accessories,2014,51,12,4,Summer,0.0,0.0,189.49200000000002,6,-0.12053668025532363,0.992708874098054,2014-51,2014-12-15,535.152,519.99,172.86,579.0011453006434,359.52213176688116,305.67301408580215,324.0875196510534,16.0,13.0,3.0,10.25,6.416666666666667,4.645786621588785,5.1249538061480635
Africa,Accessories,2014,52,12,4,Winter,0.0,0.0,372.27,5,6.432490598706546e-16,1.0,2014-52,2014-12-22,189.49200000000002,667.68,194.16,505.14864530064335,374.3646317668811,312.71128045020663,319.8769934289078,6.0,7.0,3.0,9.75,6.583333333333333,5.188127472091128,5.035480176314928
Africa,Copiers,2011,32,8,3,Summer,0.0,0.0,246.4905812025736,4,-0.663122658240795,-0.7485107481711013,2011-32,2011-08-08,426.11400000000003,331.713,246.4905812025736,212.03289530064342,258.1265135337623,161.28577017650804,141.5540870419304,4.0,3.0,4.0,2.5,3.4166666666666665,1.7320508075688772,2.7455197664338145
Africa,Copiers,2011,33,8,3,Winter,0.0,0.0,245.13,1,-0.7485107481711011,-0.6631226582407952,2011-33,2011-08-15,246.4905812025736,79.533,315.324,253.4321453006434,252.27701353376224,135.05912713429976,140.42141517718474,4.0,1.0,3.0,2.5,3.25,1.7320508075688772,2.8324419275118906
Africa,Copiers,2011,38,9,3,Spring,0.0,0.0,72.567,1,-0.992708874098054,-0.12053668025532357,2011-38,2011-09-19,245.13,95.994,444.96,247.5753953006434,221.24426353376225,144.35041689525664,135.01262199041813,1.0,1.0,10.0,2.5,2.5,1.7320508075688772,1.9306145983268455
Africa,Copiers,2011,39,9,3,Spring,0.0,0.0,115.722,2,-1.0,-1.8369701987210297e-16,2011-39,2011-09-26,72.567,426.11400000000003,43.281,169.9773953006434,227.28101353376226,89.32079758155948,127.7565887968047,1.0,4.0,1.0,2.0,2.5833333333333335,1.4142135623730951,1.8809249819912512
Africa,Copiers,2011,40,10,4,Spring,0.0,0.0,520.68,2,-0.992708874098054,0.1205366802553232,2011-40,2011-10-03,115.722,246.4905812025736,383.796,238.52474999999998,238.68801353376227,201.88916482627292,147.57549509375724,2.0,4.0,4.0,1.5,2.4166666666666665,0.5773502691896258,1.8319554050414564
Africa,Copiers,2011,44,11,4,Spring,0.0,0.0,871.6800000000001,4,-0.822983865893657,0.5680647467311548,2011-44,2011-10-31,520.68,245.13,124.29,395.16225,300.97051353376224,376.376770569399,229.74421073502322,2.0,1.0,1.0,2.25,2.6666666666666665,1.2583057392117916,1.8257418583505538
Africa,Copiers,2011,45,11,4,Spring,0.0,0.0,90.414,1,-0.7485107481711011,0.6631226582407952,2011-45,2011-11-07,871.6800000000001,72.567,359.53200000000004,399.624,278.54401353376227,371.3500558664291,236.542452252945,4.0,1.0,7.0,2.25,2.1666666666666665,1.2583057392117916,1.2673044646258476
Africa,Copiers,2011,46,11,4,Spring,0.0,0.0,809.22,6,-0.6631226582407955,0.7485107481711007,2011-46,2011-11-14,90.414,115.722,246.4905812025736,572.9985,325.4381317668811,356.2004401021987,281.1787734594177,1.0,2.0,2.0,3.25,2.5,2.217355782608345,1.6787441193290353
Africa,Copiers,2011,47,11,4,Autumn,0.0,0.0,246.4905812025736,4,-0.5680647467311559,0.8229838658936564,2011-47,2011-11-21,809.22,520.68,331.713,504.4511453006435,318.3362635337623,394.0014792007171,282.0806835682305,6.0,2.0,3.0,3.75,2.5833333333333335,2.0615528128088303,1.729862492345632
Africa,Copiers,2011,48,11,4,Autumn,0.0,0.0,356.48699999999997,2,-0.4647231720437684,0.88545602565321,2011-48,2011-11-28,246.4905812025736,871.6800000000001,79.533,375.65289530064337,341.41576353376223,308.9724349061784,271.9126117375117,4.0,4.0,1.0,3.25,2.6666666666666665,2.217355782608345,1.6696942198734437
Africa,Copiers,2011,50,12,4,Spring,0.0,0.0,508.27058120257357,3,-0.2393156642875578,0.970941817426052,2011-50,2011-12-12,356.48699999999997,90.414,95.994,480.11704060128676,375.7721453006434,244.2451563515872,264.01541091159345,2.0,1.0,1.0,3.75,2.8333333333333335,1.707825127659933,1.5859229221975182
Africa,Copiers,2011,51,12,4,Autumn,0.0,0.0,260.49,1,-0.12053668025532363,0.992708874098054,2011-51,2011-12-19,508.27058120257357,809.22,426.11400000000003,342.93454060128676,361.9701453006434,120.57945521096876,265.46960747625064,3.0,6.0,4.0,2.5,2.5833333333333335,1.2909944487358056,1.6213537179739277
Africa,Copiers,2012,1,1,1,Summer,0.0,0.0,441.03,3,0.12053668025532305,0.992708874098054,2012-1,2012-01-02,260.49,246.4905812025736,246.4905812025736,391.5693953006434,378.18176353376225,107.20401195937258,263.71064885960743,1.0,4.0,4.0,2.25,2.5,0.9574271077563381,1.5666989036012806
Africa,Copiers,2012,3,1,1,Winter,0.0,0.0,357.36,1,0.3546048870425356,0.9350162426854148,2012-3,2012-01-16,441.03,356.48699999999997,245.13,391.78764530064336,387.5342635337622,107.10962962483963,260.53398182190057,3.0,2.0,1.0,2.0,2.5,1.1547005383792515,1.5666989036012806
Africa,Copiers,2012,4,1,1,Summer,0.0,0.0,147.3,1,0.4647231720437685,0.8854560256532099,2012-4,2012-01-23,357.36,508.27058120257357,72.567,301.545,393.76201353376223,126.5548794002034,253.10799318591825,1.0,3.0,1.0,1.5,2.5,1.0,1.5666989036012806
Africa,Copiers,2012,5,2,1,Summer,0.0,0.0,95.517,1,0.5680647467311558,0.8229838658936564,2012-5,2012-01-30,147.3,260.49,115.722,260.30174999999997,392.07826353376225,165.33442228480442,255.1844319068395,1.0,1.0,2.0,1.5,2.4166666666666665,1.0,1.6213537179739277
Africa,Copiers,2012,8,2,1,Summer,0.0,0.0,43.299,1,0.8229838658936564,0.5680647467311559,2012-8,2012-02-20,95.517,441.03,520.68,160.869,352.29651353376227,137.7030859567063,270.0887991376931,1.0,3.0,2.0,1.0,2.3333333333333335,0.0,1.6696942198734437
Africa,Copiers,2012,9,2,1,Summer,0.0,0.0,246.4905812025736,2,0.8854560256532099,0.4647231720437686,2012-9,2012-02-27,43.299,357.36,871.6800000000001,133.1516453006434,300.19739530064345,86.67132306691614,215.59461653564674,1.0,1.0,4.0,1.25,2.1666666666666665,0.5000000000000001,1.5859229221975182
Africa,Copiers,2012,11,3,1,Summer,0.0,0.0,172.89,1,0.970941817426052,0.23931566428755804,2012-11,2012-03-12,246.4905812025736,147.3,90.414,139.5491453006434,307.0703953006434,88.97753198611868,209.52818597051598,2.0,1.0,1.0,1.25,2.1666666666666665,0.5000000000000001,1.5859229221975182
Africa,Copiers,2012,12,3,1,Autumn,0.0,0.0,674.61,7,0.992708874098054,0.120536680255323,2012-12,2012-03-19,172.89,95.517,809.22,284.3223953006434,295.8528953006434,273.41367701988463,181.99495890243415,1.0,1.0,6.0,2.75,2.25,2.8722813232690148,1.8153386861559873
Africa,Copiers,2012,14,4,2,Spring,0.0,0.0,246.4905812025736,2,0.992708874098054,-0.12053668025532288,2012-14,2012-04-02,674.61,43.299,246.4905812025736,335.1202906012868,295.8528953006434,228.97043532037168,181.99495890243415,7.0,1.0,4.0,3.0,2.0833333333333335,2.7080128015453204,1.7298624923456325
Africa,Copiers,2012,15,4,2,Autumn,0.0,0.0,388.62,2,0.9709418174260521,-0.2393156642875575,2012-15,2012-04-09,246.4905812025736,246.4905812025736,356.48699999999997,370.6526453006434,298.5306453006434,221.53944821643267,183.20058868646598,2.0,2.0,2.0,3.0,2.0833333333333335,2.7080128015453204,1.7298624923456325
Africa,Copiers,2012,20,5,2,Autumn,0.0,0.0,114.057,1,0.6631226582407952,-0.7485107481711012,2012-20,2012-05-14,388.62,172.89,508.27058120257357,355.9443953006434,265.67951353376225,240.2117900151308,177.42510210937064,2.0,1.0,3.0,3.0,1.9166666666666667,2.7080128015453204,1.7298624923456325
Africa,Copiers,2012,23,6,2,Autumn,0.0,0.0,192.195,5,0.35460488704253584,-0.9350162426854147,2012-23,2012-06-04,114.057,674.61,260.49,235.34064530064342,259.9882635337623,115.7441877208665,178.69748286459213,1.0,7.0,1.0,2.5,2.25,1.7320508075688776,1.9128750375000743
Africa,Copiers,2012,24,6,2,Spring,0.0,0.0,146.94,1,0.23931566428755768,-0.970941817426052,2012-24,2012-06-11,192.195,246.4905812025736,441.03,210.45300000000003,235.48076353376226,123.0215759369063,171.6383838915255,5.0,2.0,3.0,2.25,2.0833333333333335,1.8929694486000914,1.928651593652148
Africa,Copiers,2012,25,6,2,Winter,0.0,0.0,246.4905812025736,4,0.12053668025532308,-0.992708874098054,2012-25,2012-06-18,146.94,388.62,357.36,174.92064530064343,226.2416453006434,57.468712896695706,167.41331955499248,1.0,2.0,1.0,2.75,2.3333333333333335,2.0615528128088303,1.969463855669324
Africa,Copiers,2012,29,7,3,Winter,0.0,0.0,319.98,1,-0.3546048870425356,-0.9350162426854148,2012-29,2012-07-16,246.4905812025736,114.057,147.3,226.40139530064343,240.6316453006434,74.48651213535186,167.43238683871826,4.0,1.0,1.0,2.75,2.3333333333333335,2.0615528128088303,1.969463855669324
Africa,Copiers,2012,30,7,3,Winter,0.0,0.0,368.9805812025736,5,-0.46472317204376806,-0.8854560256532101,2012-30,2012-07-23,319.98,192.195,95.517,270.5977906012868,263.4202770675245,96.59224056651779,164.46966396168358,1.0,5.0,1.0,2.75,2.6666666666666665,2.0615528128088303,2.0597146021777495
Africa,Copiers,2012,31,8,3,Winter,0.0,0.0,355.92,1,-0.5680647467311556,-0.8229838658936566,2012-31,2012-07-30,368.9805812025736,146.94,43.299,322.8427906012868,289.4720270675245,54.95650690399429,150.60830352225153,5.0,1.0,1.0,2.75,2.6666666666666665,2.0615528128088303,2.0597146021777495
Africa,Copiers,2012,32,8,3,Summer,0.0,0.0,686.5260000000001,4,-0.663122658240795,-0.7485107481711013,2012-32,2012-08-06,355.92,246.4905812025736,246.4905812025736,432.85164530064344,326.1416453006434,170.38063018106752,188.09571883988556,1.0,4.0,2.0,2.75,2.8333333333333335,2.0615528128088303,2.081665999466133
Africa,Copiers,2012,33,8,3,Winter,0.0,0.0,820.62,6,-0.7485107481711011,-0.6631226582407952,2012-33,2012-08-13,686.5260000000001,319.98,172.89,558.0116453006434,380.11914530064337,232.416912477029,228.67999163353593,4.0,1.0,1.0,4.0,3.25,2.160246899469287,2.1794494717703374
Africa,Copiers,2012,34,8,3,Summer,0.0,0.0,172.53,1,-0.8229838658936564,-0.5680647467311559,2012-34,2012-08-20,820.62,368.9805812025736,674.61,508.89900000000006,338.2791453006434,297.3594971141834,215.44906313299728,6.0,5.0,7.0,3.0,2.75,2.4494897427831783,1.9128750375000745
Africa,Copiers,2012,35,8,3,Spring,0.0,0.0,456.03,3,-0.8854560256532096,-0.4647231720437691,2012-35,2012-08-27,172.53,355.92,246.4905812025736,533.9265,355.7407635337622,284.10975887674124,215.82453159098776,1.0,1.0,2.0,3.5,2.8333333333333335,2.081665999466133,1.8989630344113095
Africa,Copiers,2012,36,9,3,Summer,0.0,0.0,1179.012,6,-0.9350162426854147,-0.3546048870425359,2012-36,2012-09-03,456.03,686.5260000000001,388.62,657.048,421.6067635337622,437.5569087284533,321.5045649232268,3.0,4.0,2.0,4.0,3.1666666666666665,2.4494897427831783,2.0816659994661335
Africa,Copiers,2012,37,9,3,Spring,0.0,0.0,378.66,1,-0.970941817426052,-0.23931566428755774,2012-37,2012-09-10,1179.012,820.62,114.057,546.558,443.65701353376227,438.2845590435511,307.25175390856873,6.0,6.0,1.0,2.75,3.1666666666666665,2.362907813126305,2.0816659994661335
Africa,Copiers,2012,38,9,3,Spring,0.0,0.0,246.4905812025736,6,-0.992708874098054,-0.12053668025532357,2012-38,2012-09-17,378.66,172.53,192.195,565.0481453006433,448.1816453006434,418.35233684650495,303.5900096204888,1.0,1.0,5.0,4.0,3.25,2.4494897427831788,2.1794494717703374
Africa,Copiers,2012,39,9,3,Spring,0.0,0.0,239.04,1,-1.0,-1.8369701987210297e-16,2012-39,2012-09-24,246.4905812025736,456.03,146.94,510.8006453006434,455.8566453006434,450.0671146274993,296.36014098186115,6.0,3.0,1.0,3.5,3.25,2.886751345948129,2.1794494717703374
Africa,Copiers,2012,41,10,4,Spring,0.0,0.0,860.4,3,-0.9709418174260521,0.23931566428755738,2012-41,2012-10-08,239.04,1179.012,246.4905812025736,431.1476453006434,507.01576353376225,293.26672480208475,309.6239327849607,1.0,6.0,4.0,2.75,3.1666666666666665,2.3629078131263044,2.167249338901664
Africa,Copiers,2012,42,10,4,Spring,0.0,0.0,285.12,4,-0.9350162426854148,0.35460488704253557,2012-42,2012-10-15,860.4,378.66,319.98,407.7626453006433,504.1107635337623,302.4333551992733,311.6949064855011,3.0,1.0,1.0,3.5,3.4166666666666665,2.081665999466133,2.0652243256245844
Africa,Copiers,2012,45,11,4,Autumn,0.0,0.0,528.6705812025737,6,-0.7485107481711011,0.6631226582407952,2012-45,2012-11-05,285.12,246.4905812025736,368.9805812025736,478.30764530064334,517.4182635337622,284.66440195247617,308.7966094095422,4.0,6.0,5.0,3.5,3.5,2.081665999466133,2.1532216876958215
Africa,Copiers,2012,46,11,4,Spring,0.0,0.0,246.4905812025736,2,-0.6631226582407955,0.7485107481711007,2012-46,2012-11-12,528.6705812025737,239.04,355.92,480.17029060128675,508.2991453006434,282.593779446843,315.5415296009324,6.0,1.0,1.0,3.75,3.5833333333333335,1.7078251276599334,2.0652243256245844
Africa,Copiers,2012,48,11,4,Autumn,0.0,0.0,436.1805812025736,7,-0.4647231720437684,0.88545602565321,2012-48,2012-11-26,246.4905812025736,860.4,686.5260000000001,374.11543590193014,487.43702706752447,131.58985060723046,310.92889654262046,2.0,3.0,4.0,4.75,3.8333333333333335,2.217355782608345,2.2896340848319516
Africa,Copiers,2012,49,12,4,Autumn,0.0,0.0,754.62,4,-0.35460488704253595,0.9350162426854147,2012-49,2012-12-03,436.1805812025736,285.12,820.62,491.49043590193014,481.93702706752447,211.11106045285516,305.02718408368435,7.0,4.0,6.0,4.75,3.6666666666666665,2.217355782608345,2.188122205883116
Africa,Copiers,2012,50,12,4,Summer,0.0,0.0,192.78,1,-0.2393156642875578,0.970941817426052,2012-50,2012-12-10,754.62,528.6705812025737,172.53,407.5177906012867,483.6245270675245,253.86583084612545,303.21044587411944,4.0,6.0,1.0,3.5,3.6666666666666665,2.6457513110645907,2.188122205883116
Africa,Copiers,2012,51,12,4,Autumn,0.0,0.0,979.1400000000001,3,-0.12053668025532363,0.992708874098054,2012-51,2012-12-17,192.78,246.4905812025736,456.03,590.6801453006433,527.2170270675246,346.39667800979186,334.8368357974618,1.0,2.0,3.0,3.75,3.6666666666666665,2.5,2.188122205883116
Africa,Copiers,2012,52,12,4,Summer,0.0,0.0,1071.0405812025735,9,6.432490598706546e-16,1.0,2012-52,2012-12-24,979.1400000000001,436.1805812025736,1179.012,749.3951453006433,518.2194088344056,394.15995221147506,316.6886423833959,3.0,7.0,6.0,4.25,3.9166666666666665,3.4034296427770228,2.609713789020947
Africa,Copiers,2013,1,12,4,Summer,0.0,0.0,246.4905812025736,12,0.12053668025532305,0.992708874098054,2013-1,2012-12-31,1071.0405812025735,754.62,378.66,622.3627906012867,507.2052906012868,467.0556814428891,324.1930760193189,9.0,4.0,1.0,6.25,4.833333333333333,5.123475382979799,3.3257489473208994
Africa,Copiers,2013,2,1,1,Summer,0.0,0.0,263.31,1,0.23931566428755774,0.970941817426052,2013-2,2013-01-07,246.4905812025736,192.78,246.4905812025736,639.9952906012867,508.60690883440566,446.30219244252993,322.99758437094465,12.0,1.0,6.0,6.25,4.416666666666667,5.123475382979799,3.4761089357690365
Africa,Copiers,2013,3,1,1,Winter,0.0,0.0,251.46,2,0.3546048870425356,0.9350162426854148,2013-3,2013-01-14,263.31,979.1400000000001,239.04,458.0752906012867,509.6419088344057,408.70443006591603,322.0738473039252,1.0,3.0,1.0,6.0,4.5,5.354126134736337,3.397860289278321
Africa,Copiers,2013,4,1,1,Summer,0.0,0.0,1254.4859999999999,11,0.4647231720437685,0.8854560256532099,2013-4,2013-01-21,251.46,1071.0405812025735,860.4,503.9366453006433,542.4824088344056,500.4159765002567,376.5714582232027,2.0,9.0,3.0,6.5,5.166666666666667,5.802298395176403,3.8336626999476247
Africa,Copiers,2013,6,2,1,Summer,0.0,0.0,871.3711624051472,13,0.6631226582407952,0.7485107481711011,2013-6,2013-02-04,1254.4859999999999,246.4905812025736,285.12,660.1567906012867,591.3366723681679,490.6998953397526,378.1724268337965,11.0,12.0,4.0,6.75,5.916666666666667,6.13052471924984,4.420167280531225
Africa,Copiers,2013,7,2,1,Summer,0.0,0.0,246.4905812025736,4,0.7485107481711011,0.6631226582407953,2013-7,2013-02-11,871.3711624051472,263.31,528.6705812025737,655.9519359019301,567.8216723681679,495.2846980054065,390.97948719747546,13.0,1.0,6.0,7.5,5.75,5.32290647422377,4.454313537562113
Africa,Copiers,2013,8,2,1,Summer,0.0,0.0,168.24,1,0.8229838658936564,0.5680647467311559,2013-8,2013-02-18,246.4905812025736,251.46,246.4905812025736,635.1469359019301,561.3007906012868,519.1141847244648,397.4253656012167,4.0,2.0,2.0,7.25,5.666666666666667,5.678908345800274,4.5393898935937
Africa,Copiers,2013,9,2,1,Autumn,0.0,0.0,290.9865812025736,7,0.8854560256532099,0.4647231720437686,2013-9,2013-02-25,168.24,1254.4859999999999,436.1805812025736,394.27208120257353,549.2012906012868,322.08761813602155,403.7409231916092,1.0,11.0,7.0,6.25,5.666666666666667,5.123475382979799,4.5393898935937
Africa,Copiers,2013,12,3,1,Autumn,0.0,0.0,628.6305812025736,6,0.992708874098054,0.120536680255323,2013-12,2013-03-18,290.9865812025736,871.3711624051472,754.62,333.58693590193013,538.7021723681679,203.1345424973936,399.5296611910806,7.0,13.0,4.0,4.5,5.833333333333333,2.6457513110645907,4.509249752822896
Africa,Copiers,2013,16,4,2,Autumn,0.0,0.0,233.30700000000002,2,0.9350162426854148,-0.35460488704253545,2013-16,2013-04-15,628.6305812025736,246.4905812025736,192.78,330.29104060128674,542.0794223681679,205.1160370019241,396.4995292952814,6.0,4.0,1.0,4.0,5.916666666666667,2.943920288775949,4.420167280531225
Africa,Copiers,2013,19,5,2,Autumn,0.0,0.0,246.4905812025736,2,0.7485107481711013,-0.663122658240795,2013-19,2013-05-06,233.30700000000002,168.24,979.1400000000001,349.85368590193013,481.025304135049,187.48240342048496,379.10782758618006,2.0,1.0,3.0,4.25,5.833333333333333,2.6299556396765835,4.489043901713946
Africa,Copiers,2013,21,5,2,Autumn,0.0,0.0,239.04,1,0.5680647467311558,-0.8229838658936564,2013-21,2013-05-20,246.4905812025736,290.9865812025736,1071.0405812025735,336.8670406012867,411.6919223681679,194.58389786053056,334.8953215864923,2.0,7.0,9.0,2.75,5.166666666666667,2.217355782608345,4.569331228832934
Africa,Copiers,2013,22,5,2,Spring,0.0,0.0,502.92,4,0.46472317204376906,-0.8854560256532096,2013-22,2013-05-27,239.04,628.6305812025736,246.4905812025736,305.43939530064335,433.0610406012868,131.7643275752735,331.56036733801,1.0,6.0,12.0,2.25,4.5,1.258305739211792,4.033946860424327
Africa,Copiers,2013,23,6,2,Winter,0.0,0.0,262.14,1,0.35460488704253584,-0.9350162426854147,2013-23,2013-06-03,502.92,233.30700000000002,263.31,312.6476453006434,432.96354060128675,127.21298908187408,331.61499052398983,4.0,2.0,1.0,2.0,4.5,1.4142135623730956,4.033946860424327
Africa,Copiers,2013,25,6,2,Spring,0.0,0.0,386.07,3,0.12053668025532308,-0.992708874098054,2013-25,2013-06-17,262.14,246.4905812025736,251.46,347.54249999999996,444.1810406012867,122.0558823858976,327.1639848159004,1.0,2.0,2.0,2.25,4.583333333333333,1.5000000000000004,3.9876703915337783
Africa,Copiers,2013,27,7,3,Winter,0.0,0.0,72.0,2,-0.12053668025532283,-0.992708874098054,2013-27,2013-07-01,386.07,239.04,1254.4859999999999,305.78249999999997,345.6405406012868,184.2717211755512,222.1385400315252,3.0,1.0,11.0,2.5,3.8333333333333335,1.290994448735806,3.485902343944127
Africa,Copiers,2013,28,7,3,Winter,0.0,0.0,35.46,1,-0.23931566428755743,-0.9709418174260521,2013-28,2013-07-08,72.0,502.92,871.3711624051472,188.91749999999993,275.98127706752456,164.77211422143037,166.3488026990144,2.0,4.0,13.0,1.75,2.8333333333333335,0.9574271077563388,2.0375267241229382
Africa,Copiers,2013,32,8,3,Summer,0.0,0.0,509.8005812025736,3,-0.663122658240795,-0.7485107481711013,2013-32,2013-08-05,35.46,262.14,246.4905812025736,250.83264530064332,297.92377706752455,233.6093785934179,178.9909220455687,1.0,1.0,4.0,2.25,2.75,0.9574271077563388,2.005673770264565
Africa,Copiers,2013,33,8,3,Winter,0.0,0.0,288.54,2,-0.7485107481711011,-0.6631226582407952,2013-33,2013-08-12,509.8005812025736,386.07,168.24,226.45014530064336,307.94877706752453,219.4498443591398,174.3766606723151,3.0,3.0,1.0,2.0,2.8333333333333335,0.8164965809277268,1.9462473604038077
Africa,Copiers,2013,34,8,3,Winter,0.0,0.0,306.9,2,-0.8229838658936564,-0.5680647467311559,2013-34,2013-08-19,288.54,72.0,290.9865812025736,285.1751453006433,309.27489530064344,194.33436117982305,174.2964294292036,2.0,2.0,7.0,2.0,2.4166666666666665,0.8164965809277268,1.4433756729740645
Africa,Copiers,2013,38,9,3,Summer,0.0,0.0,925.0411624051471,9,-0.992708874098054,-0.12053668025532357,2013-38,2013-09-16,306.9,35.46,628.6305812025736,507.57043590193007,333.9757770675246,295.820743430683,234.33273493720384,2.0,1.0,6.0,4.0,2.6666666666666665,3.366501646120693,2.188122205883115
Africa,Copiers,2013,39,9,3,Spring,0.0,0.0,1110.7605812025736,7,-1.0,-1.8369701987210297e-16,2013-39,2013-09-23,925.0411624051471,509.8005812025736,233.30700000000002,657.8104359019301,407.09690883440567,422.71932538876393,320.954565975122,9.0,3.0,2.0,5.0,3.0833333333333335,3.559026084010437,2.503028468705763
Africa,Copiers,2013,45,11,4,Spring,0.0,0.0,617.2711624051472,13,-0.7485107481711011,0.6631226582407952,2013-45,2013-11-04,1110.7605812025736,288.54,246.4905812025736,739.9932265032169,437.9952906012868,353.2428898797449,321.9334307334586,7.0,2.0,2.0,7.75,4.0,4.573474244670748,3.765875486765087
Africa,Copiers,2013,47,11,4,Autumn,0.0,0.0,167.094,2,-0.5680647467311559,0.8229838658936564,2013-47,2013-11-18,617.2711624051472,306.9,239.04,705.0417265032169,431.9997906012868,412.35056656029883,326.6114485286984,13.0,2.0,1.0,7.75,4.083333333333333,4.573474244670748,3.7040109300185615
Africa,Copiers,2013,48,11,4,Autumn,0.0,0.0,381.03,2,-0.4647231720437684,0.88545602565321,2013-48,2013-11-25,167.094,925.0411624051471,502.92,569.03893590193,421.8422906012868,405.2553845568153,326.1003146255824,2.0,9.0,4.0,6.0,3.9166666666666665,5.228129047119374,3.7527767497325675
Africa,Copiers,2014,1,1,1,Summer,0.0,0.0,638.79,2,0.12053668025532305,0.992708874098054,2014-1,2013-12-30,381.03,1110.7605812025736,262.14,451.04629060128667,453.22979060128677,222.41821921197607,327.4550562225702,2.0,7.0,1.0,4.75,4.0,5.5,3.692744729379982
Africa,Copiers,2014,2,1,1,Winter,0.0,0.0,318.03,1,0.23931566428755774,0.970941817426052,2014-2,2014-01-06,638.79,617.2711624051472,386.07,376.2359999999999,447.55979060128675,196.71120960433367,329.30749810749774,2.0,13.0,3.0,1.75,3.8333333333333335,0.5,3.7859388972001824
Africa,Copiers,2014,3,1,1,Winter,0.0,0.0,293.85,1,0.3546048870425356,0.9350162426854148,2014-3,2014-01-13,318.03,167.094,72.0,407.92499999999984,466.04729060128676,158.2363273714354,312.0835848037021,1.0,2.0,2.0,1.5,3.75,0.5773502691896257,3.840572873934304
Africa,Copiers,2014,5,1,1,Summer,0.0,0.0,36.432,1,0.5680647467311558,0.8229838658936564,2014-5,2014-01-27,293.85,381.03,35.46,321.77549999999985,466.1282906012868,246.78801194750147,311.96177028346045,1.0,2.0,1.0,1.25,3.75,0.5,3.840572873934304
Africa,Copiers,2014,7,2,1,Summer,0.0,0.0,701.61,2,0.7485107481711011,0.6631226582407953,2014-7,2014-02-10,36.432,638.79,509.8005812025736,337.4804999999999,482.1124088344057,274.166880204375,319.23204290196594,1.0,2.0,3.0,1.25,3.6666666666666665,0.5,3.869069264008719
Africa,Copiers,2014,8,2,1,Summer,0.0,0.0,301.38,1,0.8229838658936564,0.5680647467311559,2014-8,2014-02-17,701.61,318.03,288.54,333.31799999999987,483.18240883440563,274.68652019347456,318.54502417741963,2.0,1.0,2.0,1.25,3.5833333333333335,0.5,3.91868097783688
Africa,Copiers,2014,9,2,1,Summer,0.0,0.0,507.81,2,0.8854560256532099,0.4647231720437686,2014-9,2014-02-24,301.38,293.85,306.9,386.80799999999994,499.92490883440564,285.07488359376754,313.6801427652176,1.0,1.0,2.0,1.5,3.5833333333333335,0.5773502691896257,3.91868097783688
Africa,Copiers,2014,11,3,1,Winter,0.0,0.0,145.35,1,0.970941817426052,0.23931566428755804,2014-11,2014-03-10,507.81,36.432,925.0411624051471,414.0374999999999,434.95064530064343,242.47055455250663,297.97608651475366,2.0,1.0,9.0,1.5,2.9166666666666665,0.5773502691896257,3.579190699111471
Africa,Copiers,2014,12,3,1,Autumn,0.0,0.0,614.6279999999999,6,0.992708874098054,0.120536680255323,2014-12,2014-03-17,145.35,701.61,1110.7605812025736,392.29199999999986,393.6062635337623,209.7800819334383,219.86355623532597,1.0,2.0,7.0,2.5,2.8333333333333335,2.380476142847617,3.485902343944126
Africa,Copiers,2014,15,4,2,Autumn,0.0,0.0,228.06,2,0.9709418174260521,-0.2393156642875575,2014-15,2014-04-07,614.6279999999999,301.38,617.2711624051472,373.9619999999999,361.17199999999997,223.1488672075216,212.45226585496596,6.0,1.0,13.0,2.75,1.9166666666666667,2.217355782608345,1.3789543689024495
Africa,Copiers,2014,17,4,2,Autumn,0.0,0.0,235.62,3,0.8854560256532099,-0.4647231720437685,2014-17,2014-04-21,228.06,507.81,167.094,305.91449999999986,366.88249999999994,209.83137963850916,207.62758067642528,2.0,2.0,2.0,3.0,2.0,2.160246899469287,1.4142135623730954
Africa,Copiers,2014,18,5,2,Autumn,0.0,0.0,293.85,1,0.8229838658936565,-0.5680647467311557,2014-18,2014-04-28,235.62,145.35,381.03,343.03949999999986,359.6175,183.42950929716878,208.6104604788117,3.0,1.0,2.0,3.0,1.9166666666666667,2.160246899469287,1.4433756729740648
Africa,Copiers,2014,20,5,2,Autumn,0.0,0.0,744.9405812025736,6,0.6631226582407952,-0.7485107481711012,2014-20,2014-05-12,293.85,614.6279999999999,638.79,375.6176453006433,368.4633817668811,247.96369235409492,223.2607857708909,1.0,6.0,2.0,3.0,2.25,2.160246899469287,1.8647446815241835
Africa,Copiers,2014,21,5,2,Spring,0.0,0.0,640.3005812025735,6,0.5680647467311558,-0.8229838658936564,2014-21,2014-05-19,744.9405812025736,228.06,318.03,478.6777906012867,395.3192635337623,251.83076450337586,235.68010666777425,6.0,2.0,1.0,4.0,2.6666666666666665,2.4494897427831783,2.103388319888276
Africa,Copiers,2014,22,5,2,Autumn,0.0,0.0,487.32,3,0.46472317204376906,-0.8854560256532096,2014-22,2014-05-26,640.3005812025735,235.62,293.85,541.6027906012866,411.44176353376224,196.14244616466567,234.72326906797247,6.0,3.0,1.0,4.0,2.8333333333333335,2.4494897427831783,2.0375267241229382
Africa,Copiers,2014,23,6,2,Winter,0.0,0.0,818.112,4,0.35460488704253584,-0.9350162426854147,2014-23,2014-06-02,487.32,293.85,36.432,672.6682906012867,476.5817635337623,143.50239723079233,229.59942721328835,3.0,1.0,1.0,4.75,3.0833333333333335,1.5000000000000004,1.9752253419585202
Africa,Copiers,2014,24,6,2,Winter,0.0,0.0,96.408,1,0.23931566428755768,-0.970941817426052,2014-24,2014-06-09,818.112,744.9405812025736,701.61,510.53514530064325,426.14826353376225,307.3992113131052,241.82014258322633,4.0,6.0,2.0,3.5,3.0,2.081665999466133,2.0449494325821806
Africa,Copiers,2014,25,6,2,Winter,0.0,0.0,378.81,1,0.12053668025532308,-0.992708874098054,2014-25,2014-06-16,96.408,640.3005812025735,301.38,445.1624999999999,432.6007635337623,298.2733309583679,239.2072075310541,1.0,6.0,1.0,2.25,3.0,1.5000000000000002,2.0449494325821806
Africa,Copiers,2014,27,7,3,Winter,0.0,0.0,246.4905812025736,2,-0.12053668025532283,-0.992708874098054,2014-27,2014-06-30,378.81,487.32,507.81,384.9551453006433,410.82414530064335,310.96329588116186,243.59259709984366,1.0,3.0,2.0,2.0,3.0,1.4142135623730951,2.0449494325821806
Africa,Copiers,2014,28,7,3,Winter,0.0,0.0,499.71000000000004,3,-0.23931566428755743,-0.9709418174260521,2014-28,2014-07-07,246.4905812025736,818.112,145.35,305.3546453006433,440.3541453006433,173.4871480915865,229.5590257869605,2.0,4.0,1.0,1.75,3.1666666666666665,0.9574271077563382,1.9462473604038077
Africa,Copiers,2014,32,8,3,Winter,0.0,0.0,355.56,1,-0.663122658240795,-0.7485107481711013,2014-32,2014-08-04,499.71000000000004,96.408,614.6279999999999,370.1426453006433,418.7651453006434,103.86739774178642,223.78895519020037,3.0,1.0,6.0,1.75,2.75,0.9574271077563382,1.8153386861559875
Africa,Copiers,2014,33,8,3,Summer,0.0,0.0,706.9905812025736,7,-0.7485107481711011,-0.6631226582407952,2014-33,2014-08-11,355.56,378.81,228.06,452.1877906012867,458.67602706752456,199.02352821985883,229.32457521484002,1.0,1.0,2.0,3.25,3.1666666666666665,2.6299556396765835,2.1672493389016636
Africa,Copiers,2014,34,8,3,Summer,0.0,0.0,245.13,1,-0.8229838658936564,-0.5680647467311559,2014-34,2014-08-18,706.9905812025736,246.4905812025736,235.62,451.8476453006433,459.4685270675246,199.492872265493,228.49860683130308,7.0,2.0,3.0,3.0,3.0,2.8284271247461903,2.256304299271065
Africa,Copiers,2014,35,8,3,Winter,0.0,0.0,246.4905812025736,2,-0.8854560256532096,-0.4647231720437691,2014-35,2014-08-25,245.13,499.71000000000004,293.85,388.5427906012867,455.5219088344057,218.5123326174781,232.00136087637947,1.0,3.0,1.0,2.75,3.0833333333333335,2.8722813232690143,2.1933093855190746
Africa,Copiers,2014,36,9,3,Spring,0.0,0.0,170.937,2,-0.9350162426854147,-0.3546048870425359,2014-36,2014-09-01,246.4905812025736,355.56,744.9405812025736,342.3870406012867,407.68827706752455,245.61889253672854,226.0007386187109,2.0,1.0,6.0,3.0,2.75,2.70801280154532,2.0056737702645644
Africa,Copiers,2014,38,9,3,Spring,0.0,0.0,933.5011624051472,16,-0.992708874098054,-0.12053668025532357,2014-38,2014-09-15,170.937,706.9905812025736,640.3005812025735,399.0146859019301,432.12165883440565,358.06857976309504,265.7829765797476,2.0,7.0,6.0,5.25,3.5833333333333335,7.182153808805081,4.273774855458757
Africa,Copiers,2014,39,9,3,Spring,0.0,0.0,57.402,1,-1.0,-1.8369701987210297e-16,2014-39,2014-09-22,933.5011624051472,245.13,487.32,352.08268590193006,396.29515883440564,395.3258586527807,285.8817310545231,16.0,1.0,3.0,5.25,3.4166666666666665,7.182153808805081,4.337119558025356
Africa,Copiers,2014,40,10,4,Spring,0.0,0.0,390.82058120257363,11,-0.992708874098054,0.1205366802553232,2014-40,2014-09-29,57.402,246.4905812025736,818.112,388.16518590193004,360.6875406012868,389.0118885463351,253.32295224090706,1.0,2.0,4.0,7.5,4.0,7.234178138070235,4.861724348043977
Africa,Copiers,2014,41,10,4,Autumn,0.0,0.0,289.7895812025736,3,-0.9709418174260521,0.23931566428755738,2014-41,2014-10-06,390.82058120257363,170.937,96.408,417.87833120257346,376.80267236816786,371.01165261406123,240.8251298531486,11.0,2.0,1.0,7.75,4.166666666666667,6.994045086119096,4.783177592227564
Africa,Copiers,2014,44,10,4,Autumn,0.0,0.0,1275.1951624051471,21,-0.822983865893657,0.5680647467311548,2014-44,2014-10-27,289.7895812025736,933.5011624051472,378.81,503.30183120257345,451.50143590193017,533.1933629004006,353.9530462396482,3.0,16.0,1.0,9.0,5.833333333333333,9.092121131323903,6.685579234215215
Africa,Copiers,2014,45,11,4,Spring,0.0,0.0,1786.4911624051472,15,-0.7485107481711011,0.6631226582407952,2014-45,2014-11-03,1275.1951624051471,57.402,246.4905812025736,935.5741218038602,579.8348176688113,719.5360435915181,515.279710905682,21.0,1.0,2.0,12.5,6.916666666666667,7.54983443527075,7.051219537760612
Africa,Copiers,2014,48,11,4,Autumn,0.0,0.0,1439.2905812025735,9,-0.4647231720437684,0.88545602565321,2014-48,2014-11-24,1786.4911624051472,390.82058120257363,499.71000000000004,1197.6916218038602,658.1331994356925,641.7029090185329,570.4321782010127,15.0,11.0,3.0,12.0,7.416666666666667,7.745966692414834,6.960385743403141
Africa,Copiers,2014,49,12,4,Autumn,0.0,0.0,393.7905812025736,5,-0.35460488704253595,0.9350162426854147,2014-49,2014-12-01,1439.2905812025735,289.7895812025736,355.56,1223.6918718038603,661.3190812025736,592.9065654553405,568.6927793301429,9.0,3.0,1.0,12.5,7.75,7.000000000000001,6.716668546506994
Africa,Copiers,2014,50,12,4,Summer,0.0,0.0,782.3911624051472,16,-0.2393156642875578,0.970941817426052,2014-50,2014-12-08,393.7905812025736,1275.1951624051471,706.9905812025736,1100.4908718038603,667.6024629694547,628.7538913462593,569.6589922673836,5.0,21.0,7.0,11.25,8.5,5.188127472091128,7.115923245536284
Africa,Copiers,2014,52,12,4,Summer,0.0,0.0,708.894,4,6.432490598706546e-16,1.0,2014-52,2014-12-22,782.3911624051472,1786.4911624051472,245.13,831.0915812025735,706.2494629694547,439.1059734827892,553.9054697769342,16.0,15.0,1.0,8.5,8.75,5.446711546122732,6.87716907931269
Africa,Machines,2011,26,6,2,Winter,0.0,0.0,52.587,1,-3.216245299353273e-16,-1.0,2011-26,2011-06-27,431.59499999999997,76.74,458.17199999999997,390.58275,254.35751353376224,233.90937333986858,208.82590979378844,3.0,2.0,7.0,2.75,2.3333333333333335,1.2583057392117918,1.1547005383792517
Africa,Machines,2011,27,7,3,Winter,0.0,0.0,80.55,1,-0.12053668025532283,-0.992708874098054,2011-27,2011-07-04,52.587,584.451,115.44,264.6075,251.45001353376225,230.35996329874683,211.16568250215798,1.0,3.0,1.0,2.25,2.3333333333333335,1.5000000000000002,1.1547005383792517
Africa,Machines,2011,35,8,3,Winter,0.0,0.0,246.4905812025736,8,-0.8854560256532096,-0.4647231720437691,2011-35,2011-08-29,80.55,493.698,209.16,202.80564530064342,254.5608953006434,174.8952321175365,210.76061815860618,1.0,4.0,4.0,3.25,2.6666666666666665,3.304037933599835,1.9694638556693238
Africa,Machines,2011,37,9,3,Spring,0.0,0.0,246.4905812025736,4,-0.970941817426052,-0.23931566428755774,2011-37,2011-09-12,246.4905812025736,431.59499999999997,283.3995812025736,156.52954060128684,251.48514530064338,104.50346084981327,210.57073031966266,8.0,3.0,3.0,3.5,2.75,3.3166247903554,2.0056737702645644
Africa,Machines,2011,38,9,3,Spring,0.0,0.0,100.08,2,-0.992708874098054,-0.12053668025532357,2011-38,2011-09-19,246.4905812025736,52.587,556.9905812025736,168.40279060128682,213.40926353376224,90.51983689402293,190.6765539600531,4.0,1.0,3.0,3.75,2.6666666666666665,3.095695936834452,2.0150945537631877
Africa,Machines,2011,39,9,3,Spring,0.0,0.0,548.2605812025736,5,-1.0,-1.8369701987210297e-16,2011-39,2011-09-26,100.08,80.55,79.875,285.33043590193023,252.4413953006434,188.38529130110527,208.00894828101644,2.0,1.0,1.0,4.75,3.0,2.5,2.04494943258218
Africa,Machines,2011,43,10,4,Spring,0.0,0.0,266.61,1,-0.8854560256532101,0.464723172043768,2011-43,2011-10-24,548.2605812025736,246.4905812025736,22.392,290.3602906012868,272.7928953006434,187.2678799562376,194.99481826883488,5.0,8.0,1.0,3.0,3.0,1.8257418583505536,2.04494943258218
Africa,Machines,2011,44,11,4,Spring,0.25,0.025,633.114,9,-0.822983865893657,0.5680647467311548,2011-44,2011-10-31,266.61,246.4905812025736,145.962,387.0161453006434,313.3888953006434,247.24745600518588,215.79063307787635,1.0,4.0,2.0,4.25,3.5833333333333335,3.593976442141304,2.6443192398846707
Africa,Machines,2011,46,11,4,Spring,0.0,0.0,755.073,8,-0.6631226582407955,0.7485107481711007,2011-46,2011-11-14,633.114,100.08,76.74,550.7643953006434,369.91664530064344,207.58408160072588,236.05836740132432,9.0,2.0,2.0,5.75,4.083333333333333,3.593976442141304,2.874917653629668
Africa,Machines,2011,47,11,4,Spring,0.0,0.0,314.1,1,-0.5680647467311559,0.8229838658936564,2011-47,2011-11-21,755.073,548.2605812025736,584.451,492.22425,347.3873953006434,239.14390735339683,226.42654524381896,8.0,5.0,3.0,4.75,3.9166666666666665,4.349329450233296,2.9987371079213068
Africa,Machines,2011,50,12,4,Summer,0.0,0.0,761.76,7,-0.2393156642875578,0.970941817426052,2011-50,2011-12-12,314.1,266.61,493.698,616.01175,369.72589530064334,209.78065955719103,253.74800380628184,1.0,1.0,4.0,6.25,4.166666666666667,3.593976442141304,3.128558579902059
Africa,Machines,2011,51,12,4,Winter,0.0,0.0,525.2505812025736,8,-0.12053668025532363,0.992708874098054,2011-51,2011-12-19,761.76,633.114,431.59499999999997,589.0458953006435,377.5305270675246,213.74458971749078,257.240202265367,7.0,9.0,3.0,6.0,4.583333333333333,3.366501646120693,3.2879486097878816
Africa,Machines,2011,52,12,4,Winter,0.0,0.0,266.91,1,6.432490598706546e-16,1.0,2011-52,2011-12-26,525.2505812025736,755.073,52.587,467.00514530064345,395.39077706752454,226.34119215949266,239.45363588835082,8.0,8.0,1.0,4.25,4.583333333333333,3.774917217635375,3.2879486097878816
Africa,Machines,2012,6,2,1,Summer,0.0,0.0,104.364,2,0.6631226582407952,0.7485107481711011,2012-6,2012-02-06,266.91,314.1,80.55,414.5711453006434,397.37527706752456,289.14951448808887,236.68988001650212,1.0,1.0,1.0,4.5,4.666666666666667,3.5118845842842465,3.2003787654626517
Africa,Machines,2012,10,3,1,Winter,0.0,0.0,169.95,1,0.9350162426854148,0.35460488704253557,2012-10,2012-03-05,104.364,761.76,246.4905812025736,266.61864530064344,390.9968953006434,184.89813417288266,242.09520149949657,2.0,7.0,8.0,3.0,4.083333333333333,3.366501646120693,3.175426480542942
Africa,Machines,2012,13,3,1,Autumn,0.0,0.0,222.393,2,1.0,-1.6081226496766366e-16,2012-13,2012-03-26,169.95,525.2505812025736,246.4905812025736,190.90425000000005,388.98876353376227,69.99216830653201,243.4986951725209,1.0,8.0,4.0,1.5,3.9166666666666665,0.5773502691896251,3.2321772378645486
Africa,Machines,2012,14,4,2,Autumn,0.0,0.0,246.4905812025736,4,0.992708874098054,-0.12053668025532288,2012-14,2012-04-02,222.393,266.91,100.08,185.79939530064343,401.1896453006434,62.9958699446327,231.05664008249641,2.0,1.0,2.0,2.25,4.083333333333333,1.2583057392117913,3.175426480542942
Africa,Machines,2012,18,5,2,Autumn,0.0,0.0,529.8,2,0.8229838658936565,-0.5680647467311557,2012-18,2012-04-30,246.4905812025736,104.364,548.2605812025736,292.1583953006434,399.65126353376223,161.61805158252412,230.04767172274845,4.0,2.0,5.0,2.25,3.8333333333333335,1.2583057392117913,3.214550253664319
Africa,Machines,2012,19,5,2,Autumn,0.0,0.0,25.002,1,0.7485107481711013,-0.663122658240795,2012-19,2012-05-07,529.8,169.95,266.61,255.9213953006434,379.51726353376233,207.803072470123,252.25146207475413,2.0,1.0,1.0,2.25,3.8333333333333335,1.2583057392117913,3.214550253664319
Africa,Machines,2012,20,5,2,Spring,0.0,0.0,324.36,4,0.6631226582407952,-0.7485107481711012,2012-20,2012-05-14,25.002,222.393,633.114,281.4131453006434,353.78776353376225,208.57190833025925,239.4550127113591,1.0,2.0,9.0,2.75,3.4166666666666665,1.4999999999999998,2.7784342658585564
Africa,Machines,2012,22,5,2,Spring,0.0,0.0,314.1,1,0.46472317204376906,-0.8854560256532096,2012-22,2012-05-28,324.36,246.4905812025736,755.073,298.31550000000004,317.0400135337623,207.53538609355257,203.3953262729251,4.0,4.0,8.0,2.0,2.8333333333333335,1.414213562373095,2.443296332763788
Africa,Machines,2012,23,6,2,Winter,0.0,0.0,52.551,1,0.35460488704253584,-0.9350162426854147,2012-23,2012-06-04,314.1,529.8,314.1,179.00325000000004,295.2442635337623,162.3640694681244,217.278912550436,1.0,2.0,1.0,1.75,2.8333333333333335,1.4999999999999998,2.443296332763788
Africa,Machines,2012,24,6,2,Autumn,0.0,0.0,246.4905812025736,8,0.23931566428755768,-0.970941817426052,2012-24,2012-06-11,52.551,25.002,761.76,234.37539530064345,252.3051453006434,126.0424930109563,160.09263196510534,1.0,1.0,7.0,3.5,2.9166666666666665,3.3166247903554,2.6097137890209465
Africa,Machines,2012,25,6,2,Winter,0.0,0.0,414.084,5,0.12053668025532308,-0.992708874098054,2012-25,2012-06-18,246.4905812025736,324.36,525.2505812025736,256.80639530064343,243.04126353376228,152.58383991469637,145.40523677205564,8.0,4.0,8.0,3.75,2.6666666666666665,3.4034296427770228,2.188122205883116
Africa,Machines,2012,31,7,3,Summer,0.0,0.0,477.72,2,-0.5680647467311556,-0.8229838658936566,2012-31,2012-07-30,414.084,314.1,266.91,297.71139530064346,260.60876353376227,190.326799751689,160.50219476891002,5.0,1.0,1.0,4.0,2.75,3.1622776601683795,2.137330535547046
Africa,Machines,2012,33,8,3,Winter,0.0,0.0,301.77,1,-0.7485107481711011,-0.6631226582407952,2012-33,2012-08-13,477.72,52.551,104.364,360.0161453006434,277.05926353376225,104.97332592782246,152.97203952318648,2.0,1.0,2.0,4.0,2.6666666666666665,3.1622776601683795,2.188122205883116
Africa,Machines,2012,34,8,3,Winter,0.0,0.0,105.498,2,-0.8229838658936564,-0.5680647467311559,2012-34,2012-08-20,301.77,246.4905812025736,169.95,324.76800000000003,271.68826353376227,163.27880354779663,158.11951600358069,1.0,8.0,1.0,2.5,2.75,1.7320508075688774,2.137330535547046
Africa,Machines,2012,35,8,3,Summer,0.0,0.0,338.15999999999997,2,-0.8854560256532096,-0.4647231720437691,2012-35,2012-08-27,105.498,414.084,222.393,305.78700000000003,281.33551353376225,153.55866135128932,158.36988645816606,2.0,5.0,2.0,1.75,2.75,0.5000000000000003,2.137330535547046
Africa,Machines,2012,36,9,3,Summer,0.0,0.0,194.76,4,-0.9350162426854147,-0.3546048870425359,2012-36,2012-09-03,338.15999999999997,477.72,246.4905812025736,235.04700000000003,277.0246317668811,105.65704782928556,160.099223812686,2.0,2.0,4.0,2.25,2.75,1.2583057392117918,2.137330535547046
Africa,Machines,2012,37,9,3,Spring,0.0,0.0,280.872,8,-0.970941817426052,-0.23931566428755774,2012-37,2012-09-10,194.76,301.77,529.8,229.82250000000005,256.2806317668812,101.70058269744543,139.1222579226965,4.0,1.0,2.0,4.0,3.25,2.8284271247461903,2.598076211353317
Africa,Machines,2012,39,9,3,Autumn,0.0,0.0,341.049,2,-1.0,-1.8369701987210297e-16,2012-39,2012-09-24,280.872,105.498,25.002,288.71025000000003,282.6178817668811,68.49017001183415,119.95343453902784,8.0,2.0,1.0,4.0,3.3333333333333335,2.8284271247461903,2.5346089292516965
Africa,Machines,2012,41,10,4,Spring,0.0,0.0,312.51,1,-0.9709418174260521,0.23931566428755738,2012-41,2012-10-08,341.049,338.15999999999997,324.36,282.29775,281.63038176688116,63.32292861397004,119.62689096355624,2.0,2.0,4.0,3.75,3.0833333333333335,3.095695936834452,2.6097137890209465
Africa,Machines,2012,42,10,4,Spring,0.0,0.0,50.7,1,-0.9350162426854148,0.35460488704253557,2012-42,2012-10-15,312.51,194.76,314.1,246.28275000000002,259.6803817668811,132.6847380004571,136.15147265669864,1.0,4.0,1.0,3.0,3.0833333333333335,3.366501646120693,2.6097137890209465
Africa,Machines,2012,44,11,4,Spring,0.0,0.0,378.02558120257356,4,-0.822983865893657,0.5680647467311548,2012-44,2012-10-29,50.7,280.872,52.551,270.57114530064337,286.8032635337623,149.01428552025456,122.91336765333621,1.0,8.0,1.0,2.0,3.3333333333333335,1.4142135623730956,2.5346089292516965
Africa,Machines,2012,45,11,4,Spring,0.0,0.0,122.37,1,-0.7485107481711011,0.6631226582407952,2012-45,2012-11-05,378.02558120257356,341.049,246.4905812025736,215.9013953006434,276.4598817668811,154.5499887549706,131.5343075432998,4.0,2.0,8.0,1.75,2.75,1.5000000000000007,2.1373305355470467
Africa,Machines,2012,46,11,4,Autumn,0.0,0.0,423.78,2,-0.6631226582407955,0.7485107481711007,2012-46,2012-11-12,122.37,312.51,414.084,243.7188953006434,277.26788176688115,184.790093202422,132.4829318744754,1.0,1.0,5.0,2.0,2.5,1.4142135623730956,2.0225995873897276
Africa,Machines,2012,48,11,4,Autumn,0.0,0.0,311.25,1,-0.4647231720437684,0.88545602565321,2012-48,2012-11-26,423.78,50.7,477.72,308.8563953006434,263.39538176688114,132.6332238054933,117.44761973635549,2.0,1.0,2.0,2.0,2.4166666666666665,1.4142135623730956,2.065224325624585
Africa,Machines,2012,50,12,4,Autumn,0.0,0.0,234.3,2,-0.2393156642875578,0.970941817426052,2012-50,2012-12-10,311.25,378.02558120257356,301.77,272.925,257.7728817668811,126.99702791797901,117.0578555632424,1.0,4.0,1.0,1.5,2.5,0.5773502691896274,2.0225995873897276
Africa,Machines,2012,51,12,4,Summer,0.0,0.0,347.89058120257357,6,-0.12053668025532363,0.992708874098054,2012-51,2012-12-17,234.3,122.37,105.498,329.3051453006434,277.97226353376226,78.78849853363297,109.0309951298286,2.0,1.0,2.0,2.75,2.8333333333333335,2.217355782608345,2.249579085208179
Africa,Machines,2012,52,12,4,Summer,0.0,0.0,782.1705812025735,16,6.432490598706546e-16,1.0,2012-52,2012-12-24,347.89058120257357,423.78,338.15999999999997,418.9027906012868,314.97314530064335,246.7613794701634,182.1412872644394,6.0,2.0,2.0,6.25,4.0,6.849574196011505,4.390071442781687
Africa,Machines,2013,3,1,1,Winter,0.0,0.0,122.25,1,0.3546048870425356,0.9350162426854148,2013-3,2013-01-14,782.1705812025735,311.25,194.76,371.6527906012868,308.9306453006434,288.7657874710578,187.61246385866718,16.0,1.0,4.0,6.25,3.75,6.849574196011505,4.474676219876392
Africa,Machines,2013,4,1,1,Summer,1.0,0.1,76.14,1,0.4647231720437685,0.8854560256532099,2013-4,2013-01-21,122.25,234.3,280.872,332.11279060128686,291.86964530064336,322.6791047693975,199.33846658332368,1.0,2.0,8.0,6.0,3.1666666666666665,7.0710678118654755,4.323999271157398
Africa,Machines,2013,9,2,1,Summer,0.0,0.0,98.1,2,0.8854560256532099,0.4647231720437686,2013-9,2013-02-25,76.14,347.89058120257357,341.049,269.6651453006434,271.62389530064337,342.1888503145123,206.1119397212551,1.0,6.0,2.0,5.0,3.1666666666666665,7.3484692283495345,4.323999271157398
Africa,Machines,2013,10,3,1,Winter,0.0,0.0,169.95,1,0.9350162426854148,0.35460488704253557,2013-10,2013-03-04,98.1,782.1705812025735,312.51,116.61000000000006,259.7438953006434,40.23848158168927,207.64386979116668,2.0,16.0,1.0,1.25,3.1666666666666665,0.5000000000000063,4.323999271157398
Africa,Machines,2013,11,3,1,Autumn,0.0,0.0,575.685,4,0.970941817426052,0.23931566428755804,2013-11,2013-03-11,169.95,122.25,50.7,229.96875000000006,303.49264530064335,233.93348585922865,214.77847726051354,1.0,1.0,1.0,2.0,3.4166666666666665,1.4142135623730974,4.273774855458757
Africa,Machines,2013,12,3,1,Autumn,0.0,0.0,71.67,1,0.992708874098054,0.120536680255323,2013-12,2013-03-18,575.685,76.14,378.02558120257356,228.85125000000005,277.96301353376225,234.92186085217767,223.15774534864354,4.0,1.0,4.0,2.0,3.1666666666666665,1.4142135623730974,4.323999271157398
Africa,Machines,2013,15,4,2,Spring,0.0,0.0,175.29,1,0.9709418174260521,-0.2393156642875575,2013-15,2013-04-08,71.67,98.1,122.37,248.14875000000006,282.3730135337623,223.4936137929895,220.30812246149029,1.0,2.0,1.0,1.75,3.1666666666666665,1.5000000000000022,4.323999271157398
Africa,Machines,2013,16,4,2,Autumn,0.0,0.0,573.1411624051472,8,0.9350162426854148,-0.35460488704253545,2013-16,2013-04-15,175.29,169.95,423.78,348.9465406012868,294.8197770675245,263.7627920927572,232.88379360347815,1.0,1.0,2.0,3.5,3.6666666666666665,3.316624790355401,4.51931880090821
Africa,Machines,2013,19,5,2,Autumn,0.0,0.0,512.34,2,0.7485107481711013,-0.663122658240795,2013-19,2013-05-06,573.1411624051472,575.685,311.25,333.1102906012868,311.57727706752456,246.97933639964583,241.2578409538047,8.0,4.0,1.0,3.0,3.75,3.366501646120694,4.474676219876392
Africa,Machines,2013,20,5,2,Autumn,0.0,0.0,312.51,1,0.6631226582407952,-0.7485107481711012,2013-20,2013-05-13,512.34,71.67,234.3,393.32029060128684,318.0947770675245,183.09264307848855,240.03374057992582,2.0,1.0,2.0,3.0,3.6666666666666665,3.366501646120694,4.51931880090821
Africa,Machines,2013,21,5,2,Autumn,0.0,0.0,217.98,2,0.5680647467311558,-0.8229838658936564,2013-21,2013-05-20,312.51,175.29,347.89058120257357,403.9927906012868,307.26889530064335,166.6534815236519,241.49288429862548,1.0,1.0,6.0,3.25,3.3333333333333335,3.2015621187164256,4.478906793025064
Africa,Machines,2013,22,5,2,Autumn,0.0,0.0,705.6825812025736,9,0.46472317204376906,-0.8854560256532096,2013-22,2013-05-27,217.98,573.1411624051472,782.1705812025735,437.1281453006435,300.8948953006434,217.0513762966464,228.4774236241115,2.0,8.0,16.0,3.5,2.75,3.696845502136473,2.8324419275118906
Africa,Machines,2013,24,6,2,Autumn,0.0,0.0,112.88999999999999,2,0.23931566428755768,-0.970941817426052,2013-24,2013-06-10,705.6825812025736,512.34,122.25,337.2656453006434,300.1148953006434,258.7903759238927,229.15770778401355,9.0,2.0,1.0,3.5,2.8333333333333335,3.696845502136473,2.7906771199618903
Africa,Machines,2013,25,6,2,Autumn,0.0,0.0,304.2,6,0.12053668025532308,-0.992708874098054,2013-25,2013-06-17,112.88999999999999,312.51,76.14,335.1881453006435,319.1198953006434,259.08853500453336,218.08327422434664,2.0,1.0,1.0,4.75,3.25,3.403429642777024,2.864357773488755
Africa,Machines,2013,26,6,2,Summer,0.0,0.0,779.4705812025736,10,-3.216245299353273e-16,-1.0,2013-26,2013-06-24,304.2,217.98,98.1,475.5607906012869,375.90077706752453,319.48490952558876,242.62721067167732,6.0,2.0,2.0,6.75,3.9166666666666665,3.593976442141305,3.4234042953903314
Africa,Machines,2013,27,7,3,Summer,0.0,0.0,422.4405812025736,5,-0.12053668025532283,-0.992708874098054,2013-27,2013-07-01,779.4705812025736,705.6825812025736,169.95,404.75029060128685,396.9416588344057,280.4882842115047,233.9357338457374,10.0,9.0,1.0,5.75,4.25,3.3040379335998358,3.3063300170760606
Africa,Machines,2013,31,7,3,Summer,0.0,0.0,319.4205812025736,9,-0.5680647467311556,-0.8229838658936566,2013-31,2013-07-29,422.4405812025736,112.88999999999999,575.685,456.3829359019303,375.58629060128675,221.70253537339516,227.75044510625614,5.0,2.0,4.0,7.5,4.666666666666667,2.3804761428476175,3.5760143718781094
Africa,Machines,2013,33,8,3,Summer,0.0,0.0,246.4905812025736,6,-0.7485107481711011,-0.6631226582407952,2013-33,2013-08-12,319.4205812025736,304.2,71.67,441.9555812025736,390.1546723681679,236.30390242228327,211.5584284717323,9.0,6.0,1.0,7.5,5.083333333333333,2.3804761428476175,3.3967453227875044
Africa,Machines,2013,34,8,3,Winter,0.0,0.0,627.3299999999999,6,-0.8229838658936564,-0.5680647467311559,2013-34,2013-08-19,246.4905812025736,779.4705812025736,175.29,403.9204359019302,427.8246723681679,165.50852315144712,210.06137999882245,6.0,10.0,1.0,6.5,5.5,1.7320508075688787,3.1478708533055975
Africa,Machines,2013,35,8,3,Winter,0.0,0.0,525.3001624051471,7,-0.8854560256532096,-0.4647231720437691,2013-35,2013-08-26,627.3299999999999,422.4405812025736,573.1411624051472,429.63533120257364,423.83792236816794,176.940887087624,207.49095835977533,6.0,5.0,8.0,7.0,5.416666666666667,1.414213562373097,3.0883456393154556
Africa,Machines,2013,36,9,3,Spring,0.0,0.0,759.96,3,-0.9350162426854147,-0.3546048870425359,2013-36,2013-09-02,525.3001624051471,319.4205812025736,512.34,539.7701859019303,444.47292236816793,217.84748746928378,228.35643399937635,7.0,9.0,2.0,5.5,5.5,1.7320508075688787,3.0000000000000004
Africa,Machines,2013,38,9,3,Spring,0.0,0.0,244.74,2,-0.992708874098054,-0.12053668025532357,2013-38,2013-09-16,759.96,246.4905812025736,312.51,539.3325406012868,438.8254223681679,218.63340802747052,232.71316069374646,3.0,6.0,1.0,4.5,5.583333333333333,2.3804761428476175,2.874917653629668
Africa,Machines,2013,40,10,4,Spring,0.0,0.0,122.37,1,-0.992708874098054,0.1205366802553232,2013-40,2013-09-30,244.74,627.3299999999999,217.98,413.0925406012869,430.8579223681679,286.2223834254122,242.39695614857746,2.0,6.0,2.0,3.25,5.5,2.6299556396765844,3.0000000000000004
Africa,Machines,2013,41,10,4,Spring,0.0,0.0,309.24,1,-0.9709418174260521,0.23931566428755738,2013-41,2013-10-07,122.37,525.3001624051471,705.6825812025736,359.07750000000004,397.82104060128677,278.26489757962656,228.13158625236144,1.0,7.0,9.0,1.75,4.833333333333333,0.9574271077563405,3.0401355631656037
Africa,Machines,2013,42,10,4,Spring,0.0,0.0,246.4905812025736,6,-0.9350162426854148,0.35460488704253557,2013-42,2013-10-14,309.24,759.96,112.88999999999999,230.71014530064346,408.95442236816797,78.20993999700845,215.89391563179038,1.0,3.0,2.0,2.5,5.166666666666667,2.380476142847618,2.9180732539042804
Africa,Machines,2013,43,10,4,Spring,0.0,0.0,533.22,2,-0.8854560256532101,0.464723172043768,2013-43,2013-10-21,246.4905812025736,244.74,304.2,302.8301453006435,428.0394223681679,172.10518286825615,215.91446306214903,6.0,2.0,6.0,2.5,4.833333333333333,2.380476142847618,3.0401355631656037
Africa,Machines,2013,44,10,4,Spring,0.0,0.0,554.0385812025736,10,-0.822983865893657,0.5680647467311548,2013-44,2013-10-28,533.22,122.37,779.4705812025736,410.74729060128686,409.25342236816795,155.79468875986714,190.91801477665786,2.0,1.0,10.0,4.75,4.833333333333333,4.112987559751023,3.0401355631656037
Africa,Machines,2013,45,11,4,Spring,0.0,0.0,428.406,3,-0.7485107481711011,0.6631226582407952,2013-45,2013-11-04,554.0385812025736,309.24,422.4405812025736,440.53879060128685,409.7505406012868,140.5630596574194,190.96323458200217,10.0,1.0,5.0,5.25,4.666666666666667,3.593976442141305,3.08466392256134
Africa,Machines,2013,48,11,4,Autumn,0.0,0.0,135.0,2,-0.4647231720437684,0.88545602565321,2013-48,2013-11-25,428.406,246.4905812025736,319.4205812025736,412.6661453006435,394.38215883440574,193.1024156484446,205.74269868418475,3.0,6.0,9.0,4.25,4.083333333333333,3.8622100754188233,2.8431203515386625
Africa,Machines,2013,49,12,4,Summer,0.0,0.0,38.37,1,-0.35460488704253595,0.9350162426854147,2013-49,2013-12-02,135.0,533.22,246.4905812025736,288.9536453006434,377.03877706752456,242.35708549358932,227.01498999175521,2.0,2.0,6.0,4.0,3.6666666666666665,4.08248290463863,2.902454551623921
Africa,Machines,2013,50,12,4,Summer,0.0,0.0,105.732,2,-0.2393156642875578,0.970941817426052,2013-50,2013-12-09,38.37,554.0385812025736,627.3299999999999,176.87700000000007,333.5722770675245,172.49765316664494,224.6580217351085,1.0,10.0,6.0,2.0,3.3333333333333335,0.8164965809277289,2.839120649181019
Africa,Machines,2013,51,12,4,Summer,0.0,0.0,466.61699999999996,7,-0.12053668025532363,0.992708874098054,2013-51,2013-12-16,105.732,428.406,525.3001624051471,186.42975000000007,328.68201353376224,191.12276218245202,220.70915336792405,2.0,3.0,7.0,3.0,3.3333333333333335,2.708012801545321,2.839120649181019
Africa,Machines,2013,52,12,4,Summer,0.0,0.0,347.442,3,6.432490598706546e-16,1.0,2013-52,2013-12-23,466.61699999999996,135.0,759.96,239.54025000000007,294.3055135337623,201.312986248404,174.77469773164975,7.0,2.0,3.0,3.25,3.3333333333333335,2.6299556396765844,2.839120649181019
Africa,Machines,2014,2,1,1,Summer,0.0,0.0,160.65,1,0.23931566428755774,0.970941817426052,2014-2,2014-01-06,347.442,38.37,244.74,270.11025000000006,287.2980135337623,166.9299830834775,178.58686201555534,3.0,1.0,2.0,3.25,3.25,2.6299556396765844,2.8959218974902665
Africa,Machines,2014,3,1,1,Summer,0.0,0.0,530.64,2,0.3546048870425356,0.9350162426854148,2014-3,2014-01-13,160.65,105.732,122.37,376.33725000000004,321.32051353376227,162.59940262574787,183.14168553443557,1.0,2.0,1.0,3.25,3.3333333333333335,2.6299556396765844,2.839120649181019
Africa,Machines,2014,8,2,1,Summer,0.0,0.0,540.54,4,0.8229838658936564,0.5680647467311559,2014-8,2014-02-17,530.64,466.61699999999996,309.24,394.8180000000001,340.59551353376224,179.5936659684858,193.62629980163914,2.0,7.0,1.0,2.5,3.5833333333333335,1.2909944487358074,2.745519766433813
Africa,Machines,2014,13,3,1,Autumn,0.0,0.0,267.99158120257357,7,1.0,-1.6081226496766366e-16,2014-13,2014-03-24,540.54,347.442,246.4905812025736,374.95539530064343,342.3872635337623,190.63404508395027,192.7739260018327,4.0,3.0,6.0,3.5,3.6666666666666665,2.6457513110645916,2.8391206491810195
Africa,Machines,2014,15,4,2,Autumn,0.0,0.0,482.46000000000004,2,0.9709418174260521,-0.2393156642875575,2014-15,2014-04-07,267.99158120257357,160.65,533.22,455.4078953006434,338.15726353376226,127.4938377423377,188.72013319432185,7.0,1.0,2.0,3.75,3.6666666666666665,2.3629078131263053,2.8391206491810195
Africa,Machines,2014,16,4,2,Autumn,0.0,0.0,492.9811624051472,6,0.9350162426854148,-0.35460488704253545,2014-16,2014-04-14,482.46000000000004,530.64,554.0385812025736,445.99318590193025,333.0691453006434,121.32788879447182,183.11030068319042,2.0,2.0,10.0,4.75,3.3333333333333335,2.2173557826083465,2.1881222058831127
Africa,Machines,2014,17,4,2,Spring,0.0,0.0,161.91,1,0.8854560256532099,-0.4647231720437685,2014-17,2014-04-21,492.9811624051472,540.54,428.406,351.3356859019303,310.8611453006434,163.38641011323125,186.62339285485987,6.0,4.0,3.0,4.0,3.1666666666666665,2.9439202887759497,2.289634084831948
Africa,Machines,2014,19,5,2,Spring,0.0,0.0,246.4905812025736,4,0.7485107481711013,-0.663122658240795,2014-19,2014-05-05,161.91,267.99158120257357,135.0,345.9604359019303,320.15202706752456,167.3479807368454,179.71992848850044,1.0,7.0,2.0,3.25,3.3333333333333335,2.217355782608346,2.269694946796847
Africa,Machines,2014,23,6,2,Winter,0.0,0.0,121.02,1,0.35460488704253584,-0.9350162426854147,2014-23,2014-06-02,246.4905812025736,482.46000000000004,38.37,255.60043590193027,327.03952706752455,166.65572324894433,169.21610207224452,4.0,2.0,1.0,3.0,3.3333333333333335,2.449489742783179,2.269694946796847
Africa,Machines,2014,24,6,2,Spring,0.0,0.0,620.22,4,0.23931566428755768,-0.970941817426052,2014-24,2014-06-09,121.02,492.9811624051472,105.732,287.4101453006435,369.9135270675245,227.94208111903862,173.17741582391324,1.0,6.0,2.0,2.5,3.5,1.7320508075688787,2.236067977499788
Africa,Machines,2014,25,6,2,Autumn,0.5,0.05,324.6105812025736,11,0.12053668025532308,-0.992708874098054,2014-25,2014-06-16,620.22,161.91,466.61699999999996,328.0852906012869,358.0796588344056,212.04440825334385,170.80422095180117,4.0,1.0,7.0,5.0,3.8333333333333335,4.242640687119286,2.979729497586631
Africa,Machines,2014,28,7,3,Winter,0.0,0.0,870.36,15,-0.23931566428755743,-0.9709418174260521,2014-28,2014-07-07,324.6105812025736,246.4905812025736,347.442,484.05264530064346,401.6561588344057,329.1349237716303,225.7202517954731,11.0,4.0,3.0,7.75,4.833333333333333,6.396613687465163,4.365845400447211
Africa,Machines,2014,30,7,3,Summer,0.0,0.0,362.88,2,-0.46472317204376806,-0.8854560256532101,2014-30,2014-07-21,870.36,121.02,160.65,544.5176453006435,418.50865883440565,253.8079573572924,213.2982320174706,15.0,1.0,1.0,8.0,4.916666666666667,6.055300708194984,4.2949935619241275
Africa,Machines,2014,32,8,3,Winter,0.0,0.0,749.2425812025737,7,-0.663122658240795,-0.7485107481711013,2014-32,2014-08-04,362.88,620.22,530.64,576.7732906012869,436.7255406012868,274.02869917317173,232.2394387377159,2.0,4.0,2.0,8.75,5.333333333333333,5.560275772537426,4.22833157152888
Africa,Machines,2014,33,8,3,Winter,0.0,0.0,340.0455812025736,5,-0.7485107481711011,-0.6631226582407952,2014-33,2014-08-11,749.2425812025737,324.6105812025736,540.54,580.6320406012869,420.01767236816795,269.3631999681432,231.3019404461404,7.0,11.0,4.0,7.25,5.416666666666667,5.560275772537426,4.209477042305491
Africa,Machines,2014,34,8,3,Summer,0.0,0.0,753.87,4,-0.8229838658936564,-0.5680647467311559,2014-34,2014-08-18,340.0455812025736,870.36,267.99158120257357,551.509540601287,460.5075406012868,231.18983583880552,244.4248825511034,5.0,15.0,7.0,4.5,5.166666666666667,2.081665999466133,4.195957650651471
Africa,Machines,2014,35,8,3,Summer,0.0,0.0,244.5,2,-0.8854560256532096,-0.4647231720437691,2014-35,2014-08-25,753.87,362.88,482.46000000000004,521.914540601287,440.6775406012868,268.0276844645482,252.01683847680636,4.0,2.0,2.0,4.5,5.166666666666667,2.081665999466133,4.195957650651471
Africa,Machines,2014,36,9,3,Spring,0.0,0.0,155.142,6,-0.9350162426854147,-0.3546048870425359,2014-36,2014-09-01,244.5,749.2425812025737,492.9811624051472,373.3893953006435,412.5242770675245,264.65178522445655,264.2177058198481,2.0,7.0,6.0,4.25,5.166666666666667,1.7078251276599334,4.195957650651471
Africa,Machines,2014,38,9,3,Spring,0.0,0.0,299.175,4,-0.992708874098054,-0.12053668025532357,2014-38,2014-09-15,155.142,340.0455812025736,161.91,363.1717500000001,423.96302706752454,267.14544583849835,255.1989169752319,6.0,5.0,1.0,4.0,5.416666666666667,1.6329931618554525,4.010403138505323
Africa,Machines,2014,39,9,3,Spring,0.0,0.0,377.1015812025736,7,-1.0,-1.8369701987210297e-16,2014-39,2014-09-22,299.175,753.87,246.4905812025736,268.9796453006435,434.84727706752454,93.38160952107883,249.66692043767583,4.0,4.0,4.0,4.75,5.666666666666667,2.217355782608345,4.0075685971179675
Africa,Machines,2014,40,10,4,Spring,0.0,0.0,491.2305812025736,8,-0.992708874098054,0.1205366802553232,2014-40,2014-09-29,377.1015812025736,244.5,121.02,330.66229060128694,465.69815883440566,141.111782570108,229.41417033455215,7.0,2.0,1.0,6.25,6.25,1.7078251276599334,3.7688918072220474
Africa,Machines,2014,41,10,4,Autumn,0.0,0.0,120.66,1,-0.9709418174260521,0.23931566428755738,2014-41,2014-10-06,491.2305812025736,155.142,620.22,322.0417906012869,424.0681588344057,155.70692888068862,243.70569544354316,8.0,6.0,4.0,5.0,6.0,3.1622776601683795,4.022663070879562
Africa,Machines,2014,42,10,4,Spring,0.0,0.0,312.51,1,-0.9350162426854148,0.35460488704253557,2014-42,2014-10-13,120.66,299.175,324.6105812025736,325.3755406012869,423.0597770675245,155.19606144893106,244.1792070956583,1.0,4.0,11.0,4.25,5.166666666666667,3.774917217635375,3.9273709303097957
Africa,Machines,2014,43,10,4,Autumn,0.0,0.0,332.6805812025736,3,-0.8854560256532101,0.464723172043768,2014-43,2014-10-20,312.51,377.1015812025736,870.36,314.2702906012869,378.25315883440567,151.81340136214547,199.9676451366342,1.0,7.0,15.0,3.25,4.166666666666667,3.3040379335998353,2.443296332763786
Africa,Machines,2014,44,10,4,Spring,0.0,0.0,158.184,2,-0.822983865893657,0.5680647467311548,2014-44,2014-10-27,332.6805812025736,491.2305812025736,362.88,231.0086453006435,361.1951588344056,107.17572152113641,209.88309438740035,3.0,8.0,2.0,1.75,4.166666666666667,0.9574271077563395,2.443296332763786
Africa,Machines,2014,45,11,4,Spring,0.0,0.0,637.056,16,-0.7485107481711011,0.6631226582407952,2014-45,2014-11-03,158.184,120.66,749.2425812025737,360.1076453006435,351.84627706752457,200.40902290514634,192.83285956412445,2.0,1.0,7.0,5.5,4.916666666666667,7.047458170621991,4.166060561977059
Africa,Machines,2014,47,11,4,Spring,0.0,0.0,513.72,6,-0.5680647467311559,0.8229838658936564,2014-47,2014-11-17,637.056,312.51,340.0455812025736,410.41014530064353,366.3191453006434,209.52420945124015,198.30644508364847,16.0,1.0,5.0,6.75,5.0,6.3966136874651625,4.177863742936748
Africa,Machines,2014,48,11,4,Autumn,0.0,0.0,858.8025812025736,11,-0.4647231720437684,0.88545602565321,2014-48,2014-11-24,513.72,332.6805812025736,753.87,541.9406453006435,375.06352706752455,292.9812193962223,218.25893856289227,6.0,3.0,4.0,8.75,5.583333333333333,6.075908711186061,4.501683186892601
Africa,Machines,2014,49,12,4,Spring,0.0,0.0,461.6205812025736,12,-0.35460488704253595,0.9350162426854147,2014-49,2014-12-01,858.8025812025736,158.184,244.5,617.799790601287,393.15690883440567,176.70851228131752,215.43264088460873,11.0,2.0,2.0,11.25,6.416666666666667,4.112987559751022,4.699290726623897
Africa,Machines,2014,51,12,4,Spring,0.0,0.0,167.382,5,-0.12053668025532363,0.992708874098054,2014-51,2014-12-15,461.6205812025736,637.056,155.142,500.38129060128693,394.17690883440565,283.4517377254709,214.22888740262204,12.0,16.0,6.0,8.5,6.333333333333333,3.5118845842842465,4.716187468965186
Africa,Machines,2014,52,12,4,Winter,0.0,0.0,726.4905812025736,16,6.432490598706546e-16,1.0,2014-52,2014-12-22,167.382,513.72,299.175,553.5739359019303,429.7865406012868,305.8672494891866,231.79627454869257,5.0,6.0,4.0,11.0,7.333333333333333,4.546060565661952,5.3992143087226285
Africa,Phones,2011,32,8,3,Summer,0.0,0.0,661.2405812025736,11,-0.663122658240795,-0.7485107481711013,2011-32,2011-08-08,100.152,136.74,41.85,357.6341453006434,317.8600270675245,280.6711513316075,218.69374620514623,2.0,1.0,1.0,4.75,4.25,4.272001872658765,3.278719262151
Africa,Phones,2011,35,9,3,Winter,0.0,0.0,131.07,1,-0.8854560256532096,-0.4647231720437691,2011-35,2011-08-29,661.2405812025736,138.624,246.4905812025736,355.7456453006434,308.24164530064337,282.65437553758863,224.57702831539373,11.0,2.0,8.0,4.5,3.6666666666666665,4.509249752822894,3.1718458443950364
Africa,Phones,2011,37,9,3,Spring,0.0,0.0,246.4905812025736,6,-0.970941817426052,-0.23931566428755774,2011-37,2011-09-12,131.07,530.52,205.47,284.7382906012868,311.6600270675245,258.781055667095,223.17832595753754,1.0,4.0,2.0,5.0,4.0,4.546060565661952,3.1908961408698624
Africa,Phones,2011,38,9,3,Spring,0.0,0.0,246.4905812025736,10,-0.992708874098054,-0.12053668025532357,2011-38,2011-09-19,246.4905812025736,100.152,145.98,321.3229359019302,320.03590883440563,233.05217429132227,218.22622488644322,6.0,2.0,1.0,7.0,4.75,4.546060565661952,3.467380462644282
Africa,Phones,2011,43,10,4,Spring,0.0,0.0,50.022,1,-0.8854560256532101,0.464723172043768,2011-43,2011-10-24,246.4905812025736,661.2405812025736,246.4905812025736,168.5182906012868,303.6635270675245,95.9220196452064,231.22823723463216,10.0,11.0,4.0,4.5,4.5,4.358898943540674,3.630677372311974
Africa,Phones,2011,44,11,4,Autumn,0.0,0.0,551.82,4,-0.822983865893657,0.5680647467311548,2011-44,2011-10-31,50.022,131.07,750.4905812025736,273.7057906012868,287.10764530064336,207.25450288028583,201.53265621669485,1.0,1.0,8.0,5.25,4.166666666666667,3.774917217635375,3.459724984691264
Africa,Phones,2011,45,11,4,Spring,0.0,0.0,22.788,1,-0.7485107481711011,0.6631226582407952,2011-45,2011-11-07,551.82,246.4905812025736,400.12199999999996,217.7801453006434,255.66314530064338,243.97516656475864,211.48760511715093,4.0,6.0,6.0,4.0,3.75,4.242640687119286,3.5194266061907915
Africa,Phones,2011,47,11,4,Spring,0.0,0.0,73.944,2,-0.5680647467311559,0.8229838658936564,2011-47,2011-11-21,22.788,246.4905812025736,252.0,174.64350000000002,240.82514530064338,252.31799552350603,217.9164795193897,1.0,10.0,2.0,2.0,3.75,1.4142135623730958,3.5194266061907915
Africa,Phones,2011,50,12,4,Summer,0.0,0.0,239.511,3,-0.2393156642875578,0.970941817426052,2011-50,2011-12-12,73.944,50.022,136.74,222.01575000000003,249.3893953006434,238.53292338008603,215.45962825302217,2.0,1.0,1.0,2.5,3.9166666666666665,1.2909944487358065,3.423404295390331
Africa,Phones,2011,51,12,4,Winter,0.0,0.0,166.62,2,-0.12053668025532363,0.992708874098054,2011-51,2011-12-19,239.511,551.82,138.624,125.71575,251.7223953006434,96.43124045790346,214.2996735267869,3.0,4.0,2.0,2.0,3.9166666666666665,0.8164965809277273,3.423404295390331
Africa,Phones,2011,52,12,4,Summer,0.0,0.0,65.28,1,6.432490598706546e-16,1.0,2011-52,2011-12-26,166.62,22.788,530.52,136.33875,212.9523953006434,82.67187762625205,200.94394478196347,2.0,1.0,4.0,2.0,3.6666666666666665,0.8164965809277273,3.5248038845079623
Africa,Phones,2012,2,1,1,Winter,0.0,0.0,384.78,3,0.23931566428755774,0.970941817426052,2012-2,2012-01-09,65.28,73.944,100.152,214.04775,236.6713953006434,134.38639961041437,203.2045237986599,1.0,2.0,2.0,2.25,3.75,0.9574271077563392,3.4935004586439447
Africa,Phones,2012,3,1,1,Summer,0.0,0.0,63.351,3,0.3546048870425356,0.9350162426854148,2012-3,2012-01-16,384.78,239.511,661.2405812025736,170.00775000000002,186.84726353376223,151.08734798205305,157.88502719859238,3.0,3.0,11.0,2.25,3.0833333333333335,0.9574271077563392,2.6443192398846698
Africa,Phones,2012,5,1,1,Summer,0.0,0.0,50.022,1,0.5680647467311558,0.8229838658936564,2012-5,2012-01-30,63.351,166.62,131.07,140.85825000000003,180.0932635337623,162.7559421472838,162.1635401714386,3.0,2.0,1.0,2.0,3.0833333333333335,1.1547005383792524,2.6443192398846698
Africa,Phones,2012,8,2,1,Summer,0.0,0.0,169.59,1,0.8229838658936564,0.5680647467311559,2012-8,2012-02-20,50.022,65.28,246.4905812025736,166.93574999999998,173.68488176688115,154.77056963211703,160.81498625299963,1.0,1.0,6.0,2.0,2.6666666666666665,1.1547005383792524,2.5346089292516942
Africa,Phones,2012,9,2,1,Summer,0.0,0.0,286.44,2,0.8854560256532099,0.4647231720437686,2012-9,2012-02-27,169.59,384.78,246.4905812025736,142.35075,177.014,109.95339510106086,162.85970211922796,1.0,3.0,10.0,1.75,2.0,0.9574271077563392,1.0444659357341846
Africa,Phones,2012,10,3,1,Autumn,0.0,0.0,84.813,2,0.9350162426854148,0.35460488704253557,2012-10,2012-03-05,286.44,63.351,50.022,147.71625,179.91325000000003,105.23580679716385,160.68865911452107,2.0,3.0,1.0,1.5,2.0833333333333335,0.5773502691896276,0.9962049198956193
Africa,Phones,2012,11,3,1,Autumn,0.0,0.0,41.004,1,0.970941817426052,0.23931566428755804,2012-11,2012-03-12,84.813,50.022,551.82,145.46175,137.34525,108.08442970312605,114.1235496374037,2.0,1.0,4.0,1.5,1.8333333333333333,0.5773502691896276,0.8348471099367187
Africa,Phones,2012,12,3,1,Autumn,0.0,0.0,107.628,3,0.992708874098054,0.120536680255323,2012-12,2012-03-19,41.004,169.59,22.788,129.97125,144.41525000000001,107.91374590037174,108.88941972989696,1.0,1.0,1.0,2.0,2.0,0.8164965809277274,0.8528028654224388
Africa,Phones,2012,13,3,1,Autumn,0.0,0.0,390.2115812025736,4,1.0,-1.6081226496766366e-16,2012-13,2012-03-26,107.628,286.44,73.944,155.91414530064338,170.7708817668811,158.62592753003537,127.04336069602944,3.0,2.0,2.0,2.5,2.1666666666666665,1.2909944487358065,1.029857301088872
Africa,Phones,2012,14,4,2,Spring,0.0,0.0,823.6905812025736,6,0.992708874098054,-0.12053668025532288,2012-14,2012-04-02,390.2115812025736,84.813,239.511,340.63354060128677,219.45251353376227,355.8424417895145,227.77187256810922,4.0,2.0,3.0,3.5,2.4166666666666665,2.0816659994661335,1.5050420310248849
Africa,Phones,2012,19,5,2,Spring,0.0,0.0,139.44,1,0.7485107481711013,-0.663122658240795,2012-19,2012-05-07,823.6905812025736,41.004,166.62,365.2425406012868,217.18751353376229,330.73156173898064,228.47905223270536,6.0,1.0,2.0,3.5,2.3333333333333335,2.0816659994661335,1.5569978883230444
Africa,Phones,2012,20,5,2,Autumn,0.0,0.0,87.84899999999999,3,0.6631226582407952,-0.7485107481711012,2012-20,2012-05-14,139.44,107.628,65.28,360.2977906012868,219.06826353376223,335.97332256136605,227.20426575882433,1.0,3.0,1.0,3.5,2.5,2.0816659994661335,1.5075567228888165
Africa,Phones,2012,21,5,2,Autumn,0.0,0.0,75.69,2,0.5680647467311558,-0.8229838658936564,2012-21,2012-05-21,87.84899999999999,390.2115812025736,384.78,281.66739530064336,193.31076353376227,362.40402120701225,224.2107619153689,3.0,4.0,3.0,3.0,2.4166666666666665,2.1602468994692874,1.5050420310248849
Africa,Phones,2012,22,5,2,Spring,0.0,0.0,321.84,4,0.46472317204376906,-0.8854560256532096,2012-22,2012-05-28,75.69,823.6905812025736,63.351,156.20474999999996,214.85151353376227,113.82915035372095,223.0037302801468,2.0,6.0,3.0,2.5,2.5,1.2909944487358065,1.566698903601279
Africa,Phones,2012,23,6,2,Autumn,0.0,0.0,21.96,1,0.35460488704253584,-0.9350162426854147,2012-23,2012-06-04,321.84,139.44,50.022,126.83474999999996,212.5130135337623,133.11828683636978,225.0272802415569,4.0,1.0,1.0,2.5,2.5,1.2909944487358065,1.566698903601279
Africa,Phones,2012,24,6,2,Winter,0.0,0.0,246.4905812025736,4,0.23931566428755768,-0.970941817426052,2012-24,2012-06-11,21.96,87.84899999999999,169.59,166.49514530064337,218.9213953006434,141.02869245517985,224.78865369163216,1.0,3.0,1.0,2.75,2.75,1.5000000000000007,1.5447859516333105
Africa,Phones,2012,25,6,2,Spring,0.0,0.0,146.4,2,0.12053668025532308,-0.992708874098054,2012-25,2012-06-18,246.4905812025736,75.69,286.44,184.17264530064338,207.2513953006434,129.84033876706178,224.59977558259374,4.0,2.0,2.0,2.75,2.75,1.5000000000000007,1.5447859516333105
Africa,Phones,2012,26,6,2,Winter,0.0,0.0,273.0,2,-3.216245299353273e-16,-1.0,2012-26,2012-06-25,146.4,321.84,84.813,171.96264530064337,222.9336453006434,113.89644815416469,221.82633951003444,2.0,4.0,2.0,2.25,2.75,1.2583057392117925,1.5447859516333105
Africa,Phones,2012,29,7,3,Winter,0.0,0.0,190.863,1,-0.3546048870425356,-0.9350162426854148,2012-29,2012-07-16,273.0,21.96,41.004,214.18839530064338,235.4218953006434,56.690906574522714,214.75881349226572,2.0,1.0,1.0,2.25,2.75,1.2583057392117925,1.5447859516333105
Africa,Phones,2012,34,8,3,Winter,0.0,0.0,248.292,6,-0.8229838658936564,-0.5680647467311559,2012-34,2012-08-20,190.863,246.4905812025736,107.628,214.63874999999996,247.1438953006434,57.039138687834274,210.95461041515844,1.0,4.0,3.0,2.75,3.0,2.2173557826083456,1.8090680674665807
Africa,Phones,2012,35,8,3,Summer,0.0,0.0,246.4905812025736,4,-0.8854560256532096,-0.4647231720437691,2012-35,2012-08-27,248.292,146.4,390.2115812025736,239.66139530064336,235.1671453006434,34.70768918062898,206.11803277662213,6.0,2.0,4.0,3.25,3.0,2.2173557826083456,1.8090680674665807
Africa,Phones,2012,36,9,3,Spring,0.6666666666666666,0.06666666666666667,944.1975812025736,4,-0.9350162426854147,-0.3546048870425359,2012-36,2012-09-03,246.4905812025736,273.0,823.6905812025736,407.46079060128676,245.20939530064342,358.81615417632753,237.8856181983016,4.0,2.0,6.0,3.75,2.8333333333333335,2.0615528128088307,1.5859229221975168
Africa,Phones,2012,37,9,3,Spring,0.0,0.0,243.243,2,-0.970941817426052,-0.23931566428755774,2012-37,2012-09-10,944.1975812025736,190.863,139.44,420.55579060128673,253.8596453006434,349.10077878757744,235.56586043531507,4.0,1.0,1.0,4.0,2.9166666666666665,1.632993161855453,1.5050420310248853
Africa,Phones,2012,38,9,3,Spring,0.0,0.0,386.2605812025736,3,-0.992708874098054,-0.12053668025532357,2012-38,2012-09-17,243.243,248.292,87.84899999999999,455.04793590193015,278.72727706752454,332.8445967394264,232.17424976379394,2.0,6.0,3.0,3.25,2.9166666666666665,0.9574271077563398,1.5050420310248853
Africa,Phones,2012,39,9,3,Spring,0.0,0.0,41.337,1,-1.0,-1.8369701987210297e-16,2012-39,2012-09-24,386.2605812025736,246.4905812025736,75.69,403.75954060128674,275.86452706752453,387.0810195344517,235.0986965865492,3.0,4.0,2.0,2.5,2.8333333333333335,1.2909944487358067,1.5859229221975168
Africa,Phones,2012,41,10,4,Autumn,0.0,0.0,416.1705812025736,7,-0.9709418174260521,0.23931566428755738,2012-41,2012-10-08,41.337,944.1975812025736,321.84,271.75279060128673,283.72540883440564,171.14591929022686,238.33053664518212,1.0,4.0,4.0,3.25,3.0833333333333335,2.6299556396765835,1.975225341958519
Africa,Phones,2012,42,10,4,Spring,0.0,0.0,336.36,2,-0.9350162426854148,0.35460488704253557,2012-42,2012-10-15,416.1705812025736,243.243,21.96,295.0320406012868,309.9254088344057,172.30434942566063,223.7750255376858,7.0,2.0,1.0,3.25,3.1666666666666665,2.6299556396765835,1.8989630344113082
Africa,Phones,2012,44,11,4,Spring,0.0,0.0,52.866,1,-0.822983865893657,0.5680647467311548,2012-44,2012-10-29,336.36,386.2605812025736,246.4905812025736,211.68339530064338,293.79002706752453,192.87312271668316,235.44141104332076,2.0,3.0,4.0,2.75,2.9166666666666665,2.8722813232690148,1.975225341958519
Africa,Phones,2012,45,11,4,Spring,0.0,0.0,37.827,1,-0.7485107481711011,0.6631226582407952,2012-45,2012-11-05,52.866,41.337,146.4,210.80589530064336,284.7422770675245,193.9116604448743,243.5663337238812,1.0,1.0,2.0,2.75,2.8333333333333335,2.8722813232690148,2.0375267241229373
Africa,Phones,2012,46,11,4,Spring,0.0,0.0,739.4505812025736,5,-0.6631226582407955,0.7485107481711007,2012-46,2012-11-12,37.827,416.1705812025736,273.0,291.6258953006434,323.6131588344056,328.61743526793003,276.51410674967,1.0,7.0,2.0,2.25,3.0833333333333335,1.8929694486000916,2.1087839379532687
Africa,Phones,2012,47,11,4,Autumn,0.0,0.0,435.1005812025736,6,-0.5680647467311559,0.8229838658936564,2012-47,2012-11-19,739.4505812025736,336.36,190.863,316.3110406012868,343.9662906012868,336.70693293702044,274.83820108802945,5.0,2.0,1.0,3.25,3.5,2.6299556396765835,2.1532216876958197
Africa,Phones,2012,48,11,4,Spring,1.0,0.1,221.832,2,-0.4647231720437684,0.88545602565321,2012-48,2012-11-26,435.1005812025736,52.866,248.292,358.55254060128675,341.7612906012868,301.38585372137794,275.7800960760659,6.0,1.0,6.0,3.5,3.1666666666666665,2.380476142847617,2.037526724122938
Africa,Phones,2012,49,12,4,Summer,0.0,0.0,690.015,8,-0.35460488704253595,0.9350162426854147,2012-49,2012-12-03,221.832,37.827,246.4905812025736,521.5995406012868,378.7216588344057,240.25367928556065,291.14391747513673,2.0,1.0,4.0,5.25,3.5,2.5000000000000004,2.4679767200905864
Africa,Phones,2012,50,12,4,Summer,0.0,0.0,288.432,3,-0.2393156642875578,0.970941817426052,2012-50,2012-12-10,690.015,739.4505812025736,944.1975812025736,408.8448953006434,324.0745270675245,207.54041950283715,230.60514917782626,8.0,5.0,4.0,4.75,3.4166666666666665,2.7537852736430515,2.466441431158123
Africa,Phones,2012,51,12,4,Summer,0.0,0.0,551.4,4,-0.12053668025532363,0.992708874098054,2012-51,2012-12-17,288.432,435.1005812025736,243.243,437.91975,349.7542770675245,220.20466639980614,237.83031064104165,3.0,6.0,2.0,4.25,3.5833333333333335,2.6299556396765835,2.429303429280737
Africa,Phones,2013,1,1,1,Winter,0.0,0.0,76.11,1,0.12053668025532305,0.992708874098054,2013-1,2012-12-31,551.4,221.832,386.2605812025736,401.48924999999997,323.90839530064335,273.4800050501863,250.04148530962442,4.0,2.0,3.0,4.0,3.4166666666666665,2.9439202887759492,2.5390883594254245
Africa,Phones,2013,2,1,1,Summer,0.0,0.0,246.4905812025736,1,0.23931566428755774,0.970941817426052,2013-2,2013-01-07,76.11,690.015,41.337,290.6081453006434,341.0045270675245,196.61547996471268,235.55886737234422,1.0,8.0,1.0,2.25,3.4166666666666665,1.5000000000000007,2.5390883594254245
Africa,Phones,2013,3,1,1,Winter,0.0,0.0,76.11,1,0.3546048870425356,0.9350162426854148,2013-3,2013-01-14,246.4905812025736,288.432,416.1705812025736,237.52764530064337,312.6661453006434,224.13351801497657,245.92130821524387,1.0,3.0,7.0,1.75,2.9166666666666665,1.5000000000000007,2.3532698077098564
Africa,Phones,2013,6,2,1,Summer,0.0,0.0,422.7105812025736,9,0.6631226582407952,0.7485107481711011,2013-6,2013-02-04,76.11,551.4,336.36,205.35529060128678,319.86202706752454,165.67450494915667,247.93276191281657,1.0,4.0,2.0,3.0,3.5,4.0,2.907670107585359
Africa,Phones,2013,7,2,1,Summer,0.0,0.0,232.428,3,0.7485107481711011,0.6631226582407953,2013-7,2013-02-11,422.7105812025736,76.11,52.866,244.43479060128678,334.82552706752455,141.73200290339096,235.45857643008299,9.0,1.0,1.0,3.5,3.6666666666666665,3.785938897200183,2.8069178610689476
Africa,Phones,2013,9,2,1,Summer,0.0,0.0,267.06600000000003,3,0.8854560256532099,0.4647231720437686,2013-9,2013-02-25,232.428,246.4905812025736,37.827,249.5786453006434,353.92877706752455,142.20406738228945,217.8097943913198,3.0,1.0,1.0,4.0,3.8333333333333335,3.464101615137755,2.691175253012007
Africa,Phones,2013,11,3,1,Autumn,0.0,0.0,195.444,1,0.970941817426052,0.23931566428755804,2013-11,2013-03-11,267.06600000000003,76.11,739.4505812025736,279.4121453006434,308.59489530064343,99.90833860859023,184.31213764763206,3.0,1.0,5.0,4.0,3.5,3.464101615137755,2.779797245712846
Africa,Phones,2013,12,3,1,Autumn,0.0,0.0,248.57999999999998,6,0.992708874098054,0.120536680255323,2013-12,2013-03-18,195.444,422.7105812025736,435.1005812025736,235.87949999999998,293.05151353376226,30.445815229683543,180.49919249833317,1.0,9.0,6.0,3.25,3.5,2.0615528128088307,2.779797245712846
Africa,Phones,2013,14,4,2,Spring,0.0,0.0,166.83,1,0.992708874098054,-0.12053668025532288,2013-14,2013-04-01,248.57999999999998,232.428,221.832,219.47999999999996,288.4680135337623,46.40757550228237,183.150979229959,6.0,3.0,2.0,2.75,3.4166666666666665,2.362907813126305,2.843120351538663
Africa,Phones,2013,16,4,2,Autumn,0.0,0.0,319.68,3,0.9350162426854148,-0.35460488704253545,2013-16,2013-04-15,166.83,267.06600000000003,690.015,232.63349999999997,257.60676353376226,67.19261751859375,133.92409582301175,1.0,3.0,8.0,2.75,3.0,2.362907813126305,2.4494897427831774
Africa,Phones,2013,17,4,2,Autumn,0.0,0.0,246.4905812025736,1,0.8854560256532099,-0.4647231720437685,2013-17,2013-04-22,319.68,195.444,288.432,245.39514530064338,254.1116453006434,62.45549074630951,133.59337284562864,3.0,1.0,3.0,2.75,2.8333333333333335,2.362907813126305,2.5166114784235827
Africa,Phones,2013,20,5,2,Autumn,0.0,0.0,65.28,1,0.6631226582407952,-0.7485107481711012,2013-20,2013-05-13,246.4905812025736,248.57999999999998,551.4,199.57014530064336,213.6016453006434,109.13854305469266,106.13172997317167,1.0,6.0,4.0,1.5,2.5833333333333335,1.0000000000000013,2.5390883594254245
Africa,Phones,2013,22,5,2,Autumn,1.0,0.1,246.4905812025736,2,0.46472317204376906,-0.8854560256532096,2013-22,2013-05-27,65.28,166.83,76.11,219.48529060128675,227.80002706752455,108.43865067683802,97.07634587730257,1.0,1.0,1.0,1.75,2.6666666666666665,0.9574271077563395,2.4984843890695494
Africa,Phones,2013,23,6,2,Autumn,0.0,0.0,772.2705812025736,6,0.35460488704253584,-0.9350162426854147,2013-23,2013-06-03,246.4905812025736,319.68,246.4905812025736,332.6329359019302,271.6150270675245,305.2866751362154,185.06111595510532,2.0,3.0,1.0,2.5,3.0833333333333335,2.3804761428476175,2.609713789020945
Africa,Phones,2013,24,6,2,Spring,0.0,0.0,514.554,10,0.23931566428755768,-0.970941817426052,2013-24,2013-06-10,772.2705812025736,246.4905812025736,76.11,399.64879060128675,308.15202706752456,309.46735488160857,186.23091325186257,6.0,1.0,1.0,4.75,3.8333333333333335,4.112987559751023,3.1861442452461484
Africa,Phones,2013,25,6,2,Winter,0.0,0.0,346.92,2,0.12053668025532308,-0.992708874098054,2013-25,2013-06-17,514.554,65.28,422.7105812025736,470.0587906012868,301.8361453006434,229.82435035070108,183.25394516569622,10.0,1.0,9.0,5.0,3.25,3.829708431025353,2.7675062617979576
Africa,Phones,2013,26,6,2,Summer,0.0,0.0,246.4905812025736,4,-3.216245299353273e-16,-1.0,2013-26,2013-06-24,346.92,246.4905812025736,232.428,470.0587906012868,303.00802706752455,229.82435035070108,182.81417633399911,2.0,2.0,3.0,5.5,3.3333333333333335,3.415650255319867,2.7743413086658415
Africa,Phones,2013,27,7,3,Summer,0.0,0.0,771.156,12,-0.12053668025532283,-0.992708874098054,2013-27,2013-07-01,246.4905812025736,772.2705812025736,267.06600000000003,469.78014530064337,345.01552706752454,229.3359606914476,226.50032878393284,4.0,6.0,3.0,7.0,4.083333333333333,4.760952285695234,3.7284735685686643
Africa,Phones,2013,28,7,3,Winter,0.0,0.0,771.8611624051472,5,-0.23931566428755743,-0.9709418174260521,2013-28,2013-07-08,771.156,514.554,195.444,534.1069359019302,393.0502906012868,277.17710792488657,251.62451841367633,12.0,10.0,1.0,5.75,4.416666666666667,4.349329450233297,3.60450055381106
Africa,Phones,2013,29,7,3,Winter,0.0,0.0,345.57,3,-0.3546048870425356,-0.9350162426854148,2013-29,2013-07-15,771.8611624051472,346.92,248.57999999999998,533.7694359019301,401.1327906012868,277.4816625020759,248.09504637431752,5.0,2.0,6.0,6.0,4.166666666666667,4.08248290463863,3.5887028128263667
Africa,Phones,2013,30,7,3,Winter,0.0,0.0,372.64058120257357,7,-0.46472317204376806,-0.8854560256532101,2013-30,2013-07-22,345.57,246.4905812025736,166.83,565.3069359019302,418.28367236816797,238.35766606027178,237.3043400282188,3.0,4.0,1.0,6.75,4.666666666666667,3.8622100754188233,3.524803884507963
Africa,Phones,2013,32,8,3,Winter,0.0,0.0,442.869,5,-0.663122658240795,-0.7485107481711013,2013-32,2013-08-05,372.64058120257357,771.156,319.68,483.2351859019302,428.5494223681679,196.73777240676174,235.30714442888527,7.0,12.0,3.0,5.0,4.833333333333333,1.6329931618554536,3.485902343944126
Africa,Phones,2013,34,8,3,Winter,0.0,0.0,384.3705812025736,2,-0.8229838658936564,-0.5680647467311559,2013-34,2013-08-19,442.869,771.8611624051472,246.4905812025736,386.36254060128675,440.0394223681679,41.02548555256862,228.887841047296,5.0,5.0,1.0,4.25,4.916666666666667,2.217355782608346,3.3967453227875044
Africa,Phones,2013,35,8,3,Winter,0.0,0.0,492.96,4,-0.8854560256532096,-0.4647231720437691,2013-35,2013-08-26,384.3705812025736,345.57,65.28,423.2100406012868,475.67942236816793,55.72942176572024,196.19089248979796,2.0,3.0,1.0,4.5,5.166666666666667,2.081665999466134,3.186144245246149
Africa,Phones,2013,36,9,3,Spring,0.0,0.0,246.4905812025736,4,-0.9350162426854147,-0.3546048870425359,2013-36,2013-09-02,492.96,372.64058120257357,246.4905812025736,391.6725406012868,475.67942236816793,106.4758921576774,196.190892489798,4.0,7.0,2.0,3.75,5.333333333333333,1.2583057392117933,3.055050463303893
Africa,Phones,2013,37,9,3,Spring,0.0,0.0,82.59,1,-0.970941817426052,-0.23931566428755774,2013-37,2013-09-09,246.4905812025736,442.869,772.2705812025736,301.60279060128676,418.2060406012868,177.45614183195835,202.33056489403288,4.0,5.0,6.0,2.75,4.916666666666667,1.5000000000000016,3.287948609787881
Africa,Phones,2013,38,9,3,Summer,0.0,0.0,732.0,10,-0.992708874098054,-0.12053668025532357,2013-38,2013-09-16,82.59,384.3705812025736,514.554,388.51014530064344,436.3265406012868,284.4009753355722,220.65145732694438,1.0,2.0,10.0,4.75,4.916666666666667,3.7749172176353754,3.287948609787881
Africa,Phones,2013,39,9,3,Autumn,0.0,0.0,315.165,5,-1.0,-1.8369701987210297e-16,2013-39,2013-09-23,732.0,492.96,346.92,344.0613953006434,433.6802906012868,276.4167849472243,222.0074281262158,10.0,4.0,2.0,5.0,5.166666666666667,3.741657386773942,3.1574826950748234
Africa,Phones,2013,41,10,4,Autumn,0.0,0.0,163.5,2,-0.9709418174260521,0.23931566428755738,2013-41,2013-10-07,315.165,246.4905812025736,246.4905812025736,323.31375,426.7644088344057,289.00934908104625,229.5338613666333,5.0,4.0,4.0,4.5,5.0,4.0414518843273814,3.2752515517548764
Africa,Phones,2013,43,10,4,Spring,0.0,0.0,346.92,2,-0.8854560256532101,0.464723172043768,2013-43,2013-10-21,163.5,82.59,771.156,389.39625,391.4114088344057,242.01994103017617,202.77961052719982,2.0,1.0,12.0,4.75,4.166666666666667,3.7749172176353754,2.5166114784235836
Africa,Phones,2013,44,10,4,Spring,0.0,0.0,165.456,4,-0.822983865893657,0.5680647467311548,2013-44,2013-10-28,346.92,732.0,771.8611624051472,247.76025,340.8776453006434,97.03922856376244,172.67551587457137,2.0,10.0,5.0,3.25,4.083333333333333,1.5000000000000016,2.503028468705763
Africa,Phones,2013,46,11,4,Autumn,0.0,0.0,1107.9705812025736,8,-0.6631226582407955,0.7485107481711007,2013-46,2013-11-11,165.456,315.165,345.57,445.9616453006434,404.41102706752457,449.64173769396336,280.9006357061361,4.0,5.0,3.0,4.0,4.5,2.828427124746191,2.7136021011998728
Africa,Phones,2013,47,11,4,Spring,0.0,0.0,838.4385812025736,9,-0.5680647467311559,0.8229838658936564,2013-47,2013-11-18,1107.9705812025736,163.5,372.64058120257357,614.6962906012868,443.22752706752453,434.70339270182285,307.075168024825,8.0,2.0,7.0,5.75,4.666666666666667,3.3040379335998358,2.9336088024923512
Africa,Phones,2013,48,11,4,Autumn,0.0,0.0,168.213,2,-0.4647231720437684,0.88545602565321,2013-48,2013-11-25,838.4385812025736,346.92,442.869,570.0195406012867,420.33952706752456,478.3862657919659,317.17406778394155,9.0,2.0,5.0,5.75,4.416666666666667,3.3040379335998358,3.028901190901153
Africa,Phones,2013,49,12,4,Spring,0.0,0.0,688.3981624051472,21,-0.35460488704253595,0.9350162426854147,2013-49,2013-12-02,168.213,165.456,384.3705812025736,700.7550812025736,445.67515883440564,395.1940330631833,326.0580285901219,2.0,4.0,2.0,10.0,6.0,7.9582242575422155,5.559594491425693
Africa,Phones,2013,50,12,4,Summer,0.0,0.0,578.394,11,-0.2393156642875578,0.970941817426052,2013-50,2013-12-09,688.3981624051472,1107.9705812025736,492.96,568.3609359019301,452.79465883440565,287.26869142523174,328.1106250977124,21.0,8.0,4.0,10.75,6.583333333333333,7.847504911329036,5.696224161404614
Africa,Phones,2013,51,12,4,Summer,0.0,0.0,752.6865812025736,19,-0.12053668025532363,0.992708874098054,2013-51,2013-12-16,578.394,838.4385812025736,246.4905812025736,546.9229359019303,494.97765883440564,262.52971950355993,331.6958261732469,11.0,9.0,4.0,13.25,7.833333333333333,8.65544144839919,6.6446606498387215
Africa,Phones,2013,52,12,4,Summer,0.0,0.0,456.924,5,6.432490598706546e-16,1.0,2013-52,2013-12-23,752.6865812025736,168.213,82.59,619.1006859019302,526.1721588344056,129.87897366425273,305.9932664049747,19.0,2.0,1.0,14.0,8.166666666666666,7.393691004272944,6.365151334819268
Africa,Phones,2014,1,1,1,Winter,0.0,0.0,905.1,6,0.12053668025532305,0.992708874098054,2014-1,2013-12-30,456.924,688.3981624051472,732.0,673.2761453006434,540.5971588344056,196.5190314879153,320.3229777823077,5.0,21.0,10.0,10.25,7.833333333333333,6.3966136874651625,6.365151334819268
Africa,Phones,2014,2,1,1,Summer,0.0,0.0,73.944,2,0.23931566428755774,0.970941817426052,2014-2,2014-01-06,905.1,578.394,315.165,547.1636453006435,520.4954088344057,366.2595334275338,342.55344098339555,6.0,11.0,5.0,8.0,7.583333333333333,7.52772652709081,6.5429814351414795
Africa,Phones,2014,3,1,1,Winter,0.0,0.0,246.4905812025736,6,0.3546048870425356,0.9350162426854148,2014-3,2014-01-13,73.944,752.6865812025736,163.5,420.61464530064336,527.4112906012869,358.95410763682025,335.4549732438773,2.0,19.0,2.0,4.75,7.916666666666667,1.8929694486000928,6.331139971074192
Africa,Phones,2014,4,1,1,Winter,0.0,0.0,600.6105812025736,5,0.4647231720437685,0.8854560256532099,2014-4,2014-01-20,246.4905812025736,456.924,346.92,456.5362906012868,548.5521723681679,370.7932323484095,331.010603701836,6.0,5.0,2.0,4.75,8.166666666666666,1.8929694486000928,6.132378054724007
Africa,Phones,2014,5,1,1,Summer,0.0,0.0,196.272,1,0.5680647467311558,0.8229838658936564,2014-5,2014-01-27,600.6105812025736,905.1,165.456,279.3292906012868,551.120172368168,226.11330466737482,327.8729970952165,5.0,6.0,4.0,3.5,7.916666666666667,2.3804761428476175,6.374071530724131
Africa,Phones,2014,7,2,1,Summer,0.0,0.0,144.42,1,0.7485107481711011,0.6631226582407953,2014-7,2014-02-10,196.272,73.944,1107.9705812025736,296.9482906012868,470.8242906012868,206.68604379103635,295.49053719763265,1.0,2.0,8.0,3.25,7.333333333333333,2.6299556396765844,6.678776879493774
Africa,Phones,2014,9,2,1,Summer,0.0,0.0,123.24,1,0.8854560256532099,0.4647231720437686,2014-9,2014-02-24,144.42,246.4905812025736,838.4385812025736,266.13564530064343,411.22440883440566,225.08389209221062,286.5960183136787,1.0,6.0,9.0,2.0,6.666666666666667,2.0000000000000013,6.893123494842633
Africa,Phones,2014,10,3,1,Summer,0.0,0.0,477.75,3,0.9350162426854148,0.35460488704253557,2014-10,2014-03-03,123.24,600.6105812025736,168.213,235.4205,437.0191588344057,164.44020919775076,276.48717457864416,1.0,5.0,2.0,1.5,6.75,1.0000000000000027,6.837397165588672
Africa,Phones,2014,11,3,1,Autumn,0.0,0.0,192.807,1,0.970941817426052,0.23931566428755804,2014-11,2014-03-10,477.75,196.272,688.3981624051472,234.55425,395.71989530064343,164.7240631852251,272.509776277754,3.0,1.0,21.0,1.5,5.083333333333333,1.0000000000000027,5.316498049952761
Africa,Phones,2014,12,3,1,Autumn,0.0,0.0,290.2845812025736,5,0.992708874098054,0.120536680255323,2014-12,2014-03-17,192.807,144.42,578.394,271.0203953006434,371.71077706752453,153.90973410550907,267.59991909017185,1.0,1.0,11.0,2.5,4.583333333333333,1.9148542155126775,4.9810245994781095
Africa,Phones,2014,13,3,1,Autumn,0.0,0.0,181.8,3,1.0,-1.6081226496766366e-16,2014-13,2014-03-24,290.2845812025736,123.24,752.6865812025736,285.66039530064336,324.1368953006434,137.026194648656,243.36114817682076,5.0,1.0,19.0,3.0,3.25,1.6329931618554536,2.050498830661812
Africa,Phones,2014,15,4,2,Autumn,0.0,0.0,362.64300000000003,3,0.9709418174260521,-0.2393156642875575,2014-15,2014-04-07,181.8,477.75,456.924,256.88364530064337,316.28014530064337,85.72054185970929,240.18566597516627,3.0,3.0,5.0,3.0,3.0833333333333335,1.6329931618554536,1.9752253419585208
Africa,Phones,2014,16,4,2,Autumn,0.0,0.0,246.4905812025736,6,0.9350162426854148,-0.35460488704253545,2014-16,2014-04-14,362.64300000000003,192.807,905.1,270.3045406012868,261.3960270675245,75.99506886600223,152.73127330450805,3.0,1.0,6.0,4.25,3.0833333333333335,1.5000000000000016,1.9752253419585208
Africa,Phones,2014,17,4,2,Autumn,0.0,0.0,230.94,5,0.8854560256532099,-0.4647231720437685,2014-17,2014-04-21,246.4905812025736,290.2845812025736,73.944,255.4683953006434,274.47902706752456,76.58474974527542,141.5275716030412,6.0,5.0,2.0,4.25,3.3333333333333335,1.5000000000000016,2.0150945537631886
Africa,Phones,2014,18,5,2,Autumn,0.0,0.0,80.55,1,0.8229838658936565,-0.5680647467311557,2014-18,2014-04-28,230.94,181.8,246.4905812025736,230.1558953006434,260.6506453006434,115.76152729356987,152.21426688966136,5.0,3.0,6.0,3.75,2.9166666666666665,2.217355782608346,1.9286515936521489
Africa,Phones,2014,19,5,2,Spring,0.0,0.0,353.76,4,0.7485107481711013,-0.663122658240795,2014-19,2014-05-05,80.55,362.64300000000003,600.6105812025736,227.9351453006434,240.07976353376228,112.40938345867897,113.9695626378177,1.0,3.0,5.0,4.0,2.8333333333333335,2.160246899469288,1.8504708655481252
Africa,Phones,2014,20,5,2,Autumn,0.0,0.0,278.7,2,0.6631226582407952,-0.7485107481711012,2014-20,2014-05-12,353.76,246.4905812025736,196.272,235.9875,246.94876353376222,115.29818309496483,113.5725150302612,4.0,6.0,1.0,3.0,2.9166666666666665,1.8257418583505551,1.7816403745544238
Africa,Phones,2014,21,5,2,Autumn,0.0,0.0,492.9811624051472,4,0.5680647467311558,-0.8229838658936564,2014-21,2014-05-19,278.7,230.94,144.42,301.4977906012868,275.99552706752456,171.98341551488858,128.55175758301263,2.0,5.0,1.0,2.75,3.1666666666666665,1.5000000000000018,1.6966991126265971
Africa,Phones,2014,22,5,2,Autumn,0.0,0.0,217.11,2,0.46472317204376906,-0.8854560256532096,2014-22,2014-05-26,492.9811624051472,80.55,123.24,335.63779060128684,283.8180270675245,118.85018618338648,121.04847050509107,4.0,1.0,1.0,3.0,3.25,1.154700538379254,1.6025547785276553
Africa,Phones,2014,23,6,2,Winter,0.0,0.0,489.654,6,0.35460488704253584,-0.9350162426854147,2014-23,2014-06-02,217.11,353.76,477.75,369.6112906012868,284.8100270675245,142.77241066645692,122.81807802504163,2.0,4.0,3.0,3.5,3.5,1.9148542155126775,1.7837651700316906
Africa,Phones,2014,24,6,2,Autumn,0.0,0.0,479.88,3,0.23931566428755768,-0.970941817426052,2014-24,2014-06-09,489.654,278.7,192.807,419.9062906012868,308.7327770675245,135.31181416294285,130.95705226834556,6.0,2.0,1.0,3.75,3.6666666666666665,1.7078251276599345,1.6143297699232986
Africa,Phones,2014,25,6,2,Winter,1.0,0.1,116.883,1,0.12053668025532308,-0.992708874098054,2014-25,2014-06-16,479.88,492.9811624051472,290.2845812025736,325.88175,294.2826453006434,188.0146997557636,142.256992242331,3.0,4.0,5.0,3.0,3.3333333333333335,2.160246899469288,1.7232808737106593
Africa,Phones,2014,26,6,2,Summer,0.0,0.0,442.968,5,-3.216245299353273e-16,-1.0,2014-26,2014-06-23,116.883,217.11,181.8,382.34624999999994,316.04664530064343,178.11374574762579,143.45683516667486,1.0,2.0,3.0,3.75,3.5,2.217355782608346,1.7837651700316906
Africa,Phones,2014,27,7,3,Summer,0.0,0.0,576.6451624051472,14,-0.12053668025532283,-0.992708874098054,2014-27,2014-06-30,442.968,489.654,362.64300000000003,404.0940406012868,333.8801588344057,199.59857033586223,161.892909469842,5.0,6.0,3.0,5.75,4.416666666666667,5.7373048260195025,3.502163833282435
Africa,Phones,2014,28,7,3,Winter,0.0,0.0,472.9185812025736,13,-0.23931566428755743,-0.9709418174260521,2014-28,2014-07-07,576.6451624051472,479.88,246.4905812025736,402.3536859019302,352.7491588344057,198.746034131868,163.9636129774125,14.0,3.0,6.0,8.25,5.0,6.2915286960589585,4.2852813634155185
Africa,Phones,2014,30,7,3,Winter,0.0,0.0,168.18,1,-0.46472317204376806,-0.8854560256532101,2014-30,2014-07-21,472.9185812025736,116.883,230.94,415.1779359019302,347.5191588344057,174.3424937269208,169.1220104495752,13.0,1.0,5.0,8.25,4.666666666666667,6.2915286960589585,4.438126822992973
Africa,Phones,2014,31,7,3,Summer,0.0,0.0,693.3,6,-0.5680647467311556,-0.8229838658936566,2014-31,2014-07-28,168.18,442.968,80.55,477.76093590193017,398.5816588344057,225.16585196721113,173.6318231402307,1.0,5.0,1.0,8.5,5.083333333333333,6.137317546507324,4.294993561924127
Africa,Phones,2014,32,8,3,Winter,0.0,0.0,166.89,1,-0.663122658240795,-0.7485107481711013,2014-32,2014-08-04,693.3,576.6451624051472,353.76,375.32214530064334,383.0091588344056,256.2465010716216,185.95945811209273,6.0,14.0,4.0,5.25,4.833333333333333,5.6789083458002745,4.448356863818233
Africa,Phones,2014,33,8,3,Winter,0.0,0.0,590.0939999999999,11,-0.7485107481711011,-0.6631226582407952,2014-33,2014-08-11,166.89,472.9185812025736,278.7,404.616,408.95865883440564,276.9814515522652,191.71791135928015,1.0,13.0,2.0,4.75,5.583333333333333,4.787135538781691,4.67990546395065
Africa,Phones,2014,34,8,3,Summer,0.0,0.0,214.38,3,-0.8229838658936564,-0.5680647467311559,2014-34,2014-08-18,590.0939999999999,168.18,492.9811624051472,416.16599999999994,385.74189530064336,264.518630164304,197.40272378965477,11.0,1.0,4.0,5.25,5.5,4.349329450233297,4.719399037242695
Africa,Phones,2014,35,8,3,Winter,0.0,0.0,246.4905812025736,1,-0.8854560256532096,-0.4647231720437691,2014-35,2014-08-25,214.38,693.3,217.11,304.4636453006434,388.1902770675245,193.20726928919137,195.29196474680893,3.0,6.0,2.0,4.0,5.416666666666667,4.760952285695234,4.7950416309375505
Africa,Phones,2014,36,9,3,Summer,0.0,0.0,579.9705812025736,3,-0.9350162426854147,-0.3546048870425359,2014-36,2014-09-01,246.4905812025736,166.89,489.654,407.73379060128684,395.7166588344057,205.18757185045519,201.20850952413454,1.0,1.0,6.0,4.5,5.166666666666667,4.434711565216691,4.8398597525385405
Africa,Phones,2014,38,9,3,Spring,0.0,0.0,416.2665812025736,9,-0.992708874098054,-0.12053668025532357,2014-38,2014-09-15,579.9705812025736,590.0939999999999,479.88,364.2769359019302,390.41554060128675,168.88792002164845,199.6212587542821,3.0,11.0,3.0,4.0,5.666666666666667,3.4641016151377557,4.905161165609756
Africa,Phones,2014,39,9,3,Spring,0.0,0.0,37.017,1,-1.0,-1.8369701987210297e-16,2014-39,2014-09-22,416.2665812025736,214.38,116.883,319.9361859019302,383.7600406012868,232.61911242717093,210.59958689016923,9.0,3.0,1.0,3.5,5.666666666666667,3.7859388972001837,4.905161165609756
Africa,Phones,2014,40,10,4,Spring,0.0,0.0,567.5311624051471,23,-0.992708874098054,0.1205366802553232,2014-40,2014-09-29,37.017,246.4905812025736,442.968,400.1963312025736,394.14030413504906,253.29640492544632,216.76281345829986,1.0,1.0,5.0,9.0,7.166666666666667,9.933109617167561,6.991336630343863
Africa,Phones,2014,43,10,4,Spring,0.0,0.0,230.4,3,-0.8854560256532101,0.464723172043768,2014-43,2014-10-20,567.5311624051471,579.9705812025736,576.6451624051472,312.8036859019302,365.2865406012868,229.81102494635493,213.27738620850238,23.0,3.0,14.0,9.0,6.25,9.933109617167561,6.730189785247854
Africa,Phones,2014,44,10,4,Spring,0.0,0.0,532.869,10,-0.822983865893657,0.5680647467311548,2014-44,2014-10-27,230.4,416.2665812025736,472.9185812025736,341.95429060128674,370.28240883440566,253.4853462618172,216.7024349170014,3.0,9.0,13.0,9.25,6.0,9.945685831890463,6.508735388970454
Africa,Phones,2014,45,11,4,Spring,0.0,0.0,54.648,1,-0.7485107481711011,0.6631226582407952,2014-45,2014-11-03,532.869,37.017,168.18,346.36204060128676,360.82140883440564,246.47170404733245,228.48611822167567,10.0,1.0,1.0,9.25,6.0,9.945685831890463,6.508735388970454
Africa,Phones,2014,47,11,4,Spring,0.0,0.0,836.7511624051472,5,-0.5680647467311559,0.8229838658936564,2014-47,2014-11-17,54.648,567.5311624051471,693.3,413.66704060128677,372.77567236816793,344.33063612950946,250.18488294040353,1.0,23.0,6.0,4.75,5.916666666666667,3.862210075418826,6.5151338970868204
Africa,Phones,2014,48,11,4,Spring,0.0,0.0,1348.5211624051472,18,-0.4647231720437684,0.88545602565321,2014-48,2014-11-24,836.7511624051472,230.4,166.89,693.1973312025735,471.2449359019302,542.6808295737042,367.033963387756,5.0,3.0,1.0,8.5,7.333333333333333,7.325753658611972,7.164728420068227
Africa,Phones,2014,49,12,4,Summer,0.14285714285714285,0.014285714285714287,1807.4265812025737,25,-0.35460488704253595,0.9350162426854147,2014-49,2014-12-01,1348.5211624051472,532.869,590.0939999999999,1011.8367265032169,572.6893176688113,751.2622354365867,533.3954674090697,18.0,10.0,11.0,12.25,8.5,11.176612486199327,8.774964387392123
Africa,Phones,2014,50,12,4,Summer,0.0,0.0,41.544,1,-0.2393156642875578,0.970941817426052,2014-50,2014-12-08,1807.4265812025737,54.648,214.38,1008.560726503217,558.2863176688114,756.835435092669,546.1317186792573,25.0,1.0,3.0,12.25,8.333333333333334,11.176612486199327,8.906926143924926
Africa,Phones,2014,52,12,4,Summer,0.0,0.0,492.9811624051472,5,6.432490598706546e-16,1.0,2014-52,2014-12-22,41.544,836.7511624051472,246.4905812025736,922.618226503217,578.8271994356925,801.0740570864251,537.9120782976535,1.0,5.0,1.0,12.25,8.666666666666666,11.176612486199327,8.679477710861025
Canada,Accessories,2014,32,8,3,Summer,0.0,0.0,258.75,1,-0.663122658240795,-0.7485107481711013,2014-32,2014-08-04,877.9305812025736,81.69,28.38,462.7301453006434,227.00088176688112,292.97771839673544,238.2304755589332,12.0,1.0,1.0,4.5,2.6666666666666665,5.196152422706632,3.2286595398465945
Canada,Accessories,2014,35,8,3,Summer,0.0,0.0,106.32,2,-0.8854560256532096,-0.4647231720437691,2014-35,2014-08-25,258.75,254.16,58.83,425.7701453006434,230.9583817668811,334.44997144234924,235.56235275885734,1.0,1.0,1.0,4.75,2.75,4.991659710623979,3.194455423784382
Canada,Accessories,2014,43,10,4,Autumn,0.0,0.0,79.5,2,-0.8854560256532101,0.464723172043768,2014-43,2014-10-20,106.32,460.08,162.0,330.6251453006434,224.0833817668811,373.3121631603603,238.9376179336179,2.0,4.0,4.0,4.25,2.5833333333333335,5.188127472091126,3.1754264805429413
Canada,Accessories,2014,48,11,4,Autumn,0.0,0.0,162.84,4,-0.4647231720437684,0.88545602565321,2014-48,2014-11-24,79.5,877.9305812025736,73.95,151.8525,231.49088176688113,79.27987023828925,235.20886360775975,2.0,12.0,1.0,2.25,2.8333333333333335,1.2583057392117887,3.1574826950748234
Canada,Accessories,2014,49,12,4,Autumn,0.0,0.0,79.29,1,-0.35460488704253595,0.9350162426854147,2014-49,2014-12-01,162.84,258.75,100.08,106.9875,229.75838176688114,39.33896064971706,236.33865813220768,4.0,1.0,1.0,2.25,2.8333333333333335,1.2583057392117887,3.1574826950748234
Canada,Machines,2014,49,12,4,Autumn,0.0,0.0,351.9,2,-0.35460488704253595,0.9350162426854147,2014-49,2014-12-01,300.18,266.25,246.4905812025736,319.85999999999996,276.4208817668811,177.86320361446317,123.21123019219753,1.0,1.0,2.0,1.75,1.9166666666666667,0.49999999999999917,1.9752253419585197
Canada,Phones,2014,33,8,3,Summer,0.0,0.0,545.1105812025736,7,-0.7485107481711011,-0.6631226582407952,2014-33,2014-08-11,277.14,262.14,493.2,327.73014530064336,323.6867635337623,175.52738939539162,176.7328904711209,2.0,2.0,4.0,3.0,2.4166666666666665,2.70801280154532,1.97522534195852
Canada,Phones,2014,35,8,3,Summer,0.0,0.0,73.05,1,-0.8854560256532096,-0.4647231720437691,2014-35,2014-08-25,545.1105812025736,124.53,137.94,314.8601453006434,318.2792635337623,196.07713026939047,183.78487788060085,7.0,1.0,1.0,3.0,2.4166666666666665,2.70801280154532,1.97522534195852
Canada,Phones,2014,43,10,4,Autumn,0.0,0.0,246.4905812025736,4,-0.8854560256532101,0.464723172043768,2014-43,2014-10-20,73.05,364.14,369.84,285.4477906012868,308.0001453006434,195.04210641462856,184.08814015909073,1.0,2.0,2.0,3.5,2.5833333333333335,2.6457513110645903,2.0207259421636903
Canada,Phones,2014,49,12,4,Autumn,0.0,0.0,303.66,2,-0.35460488704253595,0.9350162426854147,2014-49,2014-12-01,246.4905812025736,277.14,246.4905812025736,292.0777906012868,312.7642635337623,195.11629644092912,183.08863361145103,4.0,2.0,1.0,3.5,2.6666666666666665,2.6457513110645903,1.9694638556693238
Canada,Phones,2014,52,12,4,Winter,0.0,0.0,246.4905812025736,6,6.432490598706546e-16,1.0,2014-52,2014-12-22,303.66,545.1105812025736,349.32,217.4227906012868,304.1951453006434,99.95037410595498,183.62774770230075,2.0,7.0,2.0,3.25,3.0,2.2173557826083448,2.174229226018436
EMEA,Accessories,2011,25,6,2,Summer,0.0,0.0,611.85,7,0.12053668025532308,-0.992708874098054,2011-25,2011-06-20,101.175,226.464,256.14,216.87375,283.28001353376226,263.9873026420968,186.45655211623995,3.0,5.0,1.0,3.25,4.5,2.6299556396765835,3.0600059417648784
EMEA,Accessories,2011,28,7,3,Summer,0.0,0.0,23.184,1,-0.23931566428755743,-0.9709418174260521,2011-28,2011-07-11,611.85,58.83,490.14,207.96224999999998,244.36701353376225,271.5929066825015,188.07994613635114,7.0,1.0,6.0,3.25,4.083333333333333,2.6299556396765835,3.1754264805429413
EMEA,Accessories,2011,29,7,3,Summer,0.0,0.0,31.077,1,-0.3546048870425356,-0.9350162426854148,2011-29,2011-07-18,23.184,95.64,315.64058120257357,191.8215,220.65338176688115,282.2044940942649,196.04716500495238,1.0,2.0,7.0,3.0,3.5833333333333335,2.8284271247461903,3.146667308679955
EMEA,Accessories,2011,30,7,3,Summer,0.0,0.0,153.24,2,-0.46472317204376806,-0.8854560256532101,2011-30,2011-07-25,31.077,101.175,287.4105812025736,204.83775,209.4725,277.796197829002,195.71948733072034,1.0,3.0,11.0,2.75,2.8333333333333335,2.8722813232690148,2.124888588879783
EMEA,Accessories,2011,31,8,3,Summer,0.0,0.0,60.204,2,-0.5680647467311556,-0.8229838658936566,2011-31,2011-08-01,153.24,611.85,55.14,66.92625,209.89450000000002,59.70428584490358,195.3616046903327,2.0,7.0,1.0,1.5,2.9166666666666665,0.5773502691896272,2.0652243256245835
EMEA,Accessories,2011,32,8,3,Summer,0.0,0.0,72.672,4,-0.663122658240795,-0.7485107481711013,2011-32,2011-08-08,60.204,23.184,442.74,79.29825,179.05550000000002,52.28501670890004,184.15116889096603,2.0,1.0,5.0,2.25,2.8333333333333335,1.2583057392117922,1.9924098397912438
EMEA,Accessories,2011,34,8,3,Summer,0.0,0.0,102.294,2,-0.8229838658936564,-0.5680647467311559,2011-34,2011-08-22,72.672,31.077,457.77,97.1025,149.4325,41.379218661061735,162.5670415179814,4.0,1.0,5.0,2.5,2.5833333333333335,1.0000000000000007,1.8809249819912512
EMEA,Accessories,2011,38,9,3,Summer,0.0,0.0,258.54,1,-0.992708874098054,-0.12053668025532357,2011-38,2011-09-19,102.294,153.24,256.56,123.42750000000001,149.5975,91.78842376356597,162.6866177284078,2.0,2.0,1.0,2.25,2.5833333333333335,1.2583057392117922,1.8809249819912512
EMEA,Accessories,2011,39,9,3,Autumn,0.0,0.0,143.1,2,-1.0,-1.8369701987210297e-16,2011-39,2011-09-26,258.54,60.204,226.464,144.1515,142.6505,81.54181710631649,160.8757059581883,1.0,2.0,5.0,2.25,2.3333333333333335,1.2583057392117922,1.7232808737106586
EMEA,Accessories,2011,40,10,4,Autumn,0.0,0.0,73.782,3,-0.992708874098054,0.1205366802553232,2011-40,2011-10-03,143.1,72.672,58.83,144.429,143.8965,81.21872402346621,160.22407160059544,2.0,4.0,1.0,2.0,2.5,0.8164965809277268,1.6787441193290356
EMEA,Accessories,2011,44,11,4,Autumn,0.0,0.0,323.4465812025736,9,-0.822983865893657,0.5680647467311548,2011-44,2011-10-31,73.782,102.294,95.64,199.7171453006434,162.88038176688113,112.30058401076955,167.32498943600032,3.0,2.0,2.0,3.75,3.0833333333333335,3.5939764421413045,2.5030284687057627
EMEA,Accessories,2011,45,11,4,Autumn,0.0,0.0,112.2,1,-0.7485107481711011,0.6631226582407952,2011-45,2011-11-07,323.4465812025736,258.54,101.175,163.1321453006434,163.79913176688115,110.57356087551253,166.98529895163173,9.0,1.0,3.0,3.75,2.9166666666666665,3.5939764421413045,2.5746432527221863
EMEA,Accessories,2011,46,11,4,Autumn,0.0,0.0,55.56,1,-0.6631226582407955,0.7485107481711007,2011-46,2011-11-14,112.2,143.1,611.85,141.2471453006434,117.44163176688113,123.73924706590154,91.40464786860508,1.0,2.0,7.0,3.5,2.4166666666666665,3.7859388972001824,2.2746961169005466
EMEA,Accessories,2011,47,11,4,Autumn,0.0,0.0,15.924,1,-0.5680647467311559,0.8229838658936564,2011-47,2011-11-21,55.56,73.782,23.184,126.78264530064341,116.83663176688113,136.93266188157097,92.1065797102247,1.0,3.0,1.0,3.0,2.4166666666666665,4.0,2.2746961169005466
EMEA,Accessories,2011,51,12,4,Autumn,0.0,0.0,34.506,1,-0.12053668025532363,0.992708874098054,2011-51,2011-12-19,15.924,323.4465812025736,31.077,54.5475,117.12238176688113,41.706403932728975,91.82121013373983,1.0,9.0,1.0,1.0,2.4166666666666665,0.0,2.2746961169005466
EMEA,Accessories,2011,52,12,4,Winter,0.0,0.0,110.7,2,6.432490598706546e-16,1.0,2011-52,2011-12-26,34.506,112.2,153.24,54.1725,113.57738176688115,41.01626663898058,91.1185248480814,1.0,1.0,2.0,1.25,2.4166666666666665,0.5,2.2746961169005466
EMEA,Accessories,2012,1,1,1,Winter,0.0,0.0,41.73,1,0.12053668025532305,0.992708874098054,2012-1,2012-01-02,110.7,55.56,60.204,50.715,112.03788176688114,41.441025614720864,92.25130151233513,2.0,1.0,2.0,1.25,2.3333333333333335,0.5,2.3094010767585034
EMEA,Accessories,2012,2,1,1,Winter,0.0,0.0,40.476,1,0.23931566428755774,0.970941817426052,2012-2,2012-01-09,41.73,15.924,72.672,56.853,109.35488176688114,36.0360887444788,93.95278182762893,1.0,1.0,4.0,1.25,2.0833333333333335,0.5,2.2746961169005466
EMEA,Accessories,2012,4,1,1,Winter,0.0,0.0,30.9,1,0.4647231720437685,0.8854560256532099,2012-4,2012-01-23,40.476,34.506,102.294,55.951499999999996,103.40538176688113,36.818102734931244,96.66198423719067,1.0,1.0,2.0,1.25,2.0,0.5,2.296241989148198
EMEA,Accessories,2012,6,2,1,Winter,0.0,0.0,214.74,2,0.6631226582407952,0.7485107481711011,2012-6,2012-02-06,30.9,110.7,258.54,81.9615,99.75538176688114,88.65105215957652,90.92839770748623,1.0,2.0,1.0,1.25,2.0833333333333335,0.5,2.2746961169005466
EMEA,Accessories,2012,8,2,1,Winter,0.0,0.0,51.426,2,0.8229838658936564,0.5680647467311559,2012-8,2012-02-20,214.74,41.73,143.1,84.3855,92.11588176688115,87.3066763598292,90.80665689221887,2.0,1.0,2.0,1.5,2.0833333333333335,0.5773502691896257,2.2746961169005466
EMEA,Accessories,2012,10,3,1,Winter,0.0,0.0,154.08,4,0.9350162426854148,0.35460488704253557,2012-10,2012-03-05,51.426,40.476,73.782,112.7865,98.80738176688112,86.73749505836541,92.27943972527571,2.0,1.0,3.0,2.25,2.1666666666666665,1.2583057392117916,2.3290003057626305
EMEA,Accessories,2012,13,3,1,Spring,0.0,0.0,46.71,1,1.0,-1.6081226496766366e-16,2012-13,2012-03-26,154.08,30.9,323.4465812025736,116.739,75.74600000000001,81.99267262383856,59.9544404845728,4.0,1.0,9.0,2.25,1.5,1.2583057392117916,0.9045340337332919
EMEA,Accessories,2012,14,4,2,Spring,0.0,0.0,81.12,2,0.992708874098054,-0.12053668025532288,2012-14,2012-04-02,46.71,214.74,112.2,83.334,73.156,49.56254012860879,58.898505021928884,1.0,2.0,1.0,2.25,1.5833333333333333,1.2583057392117916,0.900336637378521
EMEA,Accessories,2012,21,5,2,Spring,0.0,0.0,246.4905812025736,6,0.5680647467311558,-0.8229838658936564,2012-21,2012-05-21,81.12,51.426,55.56,132.10014530064342,89.06688176688112,88.42838527640703,76.78586325470661,2.0,2.0,1.0,3.25,2.0,2.217355782608345,1.5374122295716153
EMEA,Accessories,2012,22,5,2,Spring,0.0,0.0,343.28999999999996,2,0.46472317204376906,-0.8854560256532096,2012-22,2012-05-28,246.4905812025736,154.08,15.924,179.4026453006434,116.34738176688113,139.79350564088995,102.33881396504009,6.0,4.0,1.0,2.75,2.0833333333333335,2.217355782608345,1.5050420310248867
EMEA,Accessories,2012,24,6,2,Spring,0.0,0.0,642.1905812025736,11,0.23931566428755768,-0.970941817426052,2012-24,2012-06-11,343.28999999999996,46.71,34.506,328.27279060128683,166.98776353376226,235.6146058787929,179.45504393194753,2.0,1.0,1.0,5.25,2.9166666666666665,4.272001872658765,2.937479851639476
EMEA,Accessories,2012,32,8,3,Summer,0.0,0.0,828.4620000000001,10,-0.663122658240795,-0.7485107481711013,2012-32,2012-08-06,642.1905812025736,81.12,110.7,515.1082906012869,226.80126353376227,268.33899863553387,260.3656932639079,11.0,2.0,2.0,7.25,3.5833333333333335,4.112987559751022,3.5537005893558162
EMEA,Accessories,2012,33,8,3,Summer,0.0,0.0,217.89,5,-0.7485107481711011,-0.6631226582407952,2012-33,2012-08-13,828.4620000000001,246.4905812025736,41.73,507.9581453006434,241.4812635337623,278.08643423716387,253.86740378475565,10.0,6.0,1.0,7.0,3.9166666666666665,4.242640687119285,3.4761089357690347
EMEA,Accessories,2012,34,8,3,Summer,0.0,0.0,91.944,6,-0.8229838658936564,-0.5680647467311559,2012-34,2012-08-20,217.89,343.28999999999996,40.476,445.1216453006435,245.7702635337623,347.4452776120255,250.57620447016666,5.0,2.0,1.0,8.0,4.333333333333333,2.943920288775949,3.393398225253192
EMEA,Accessories,2012,35,8,3,Summer,0.0,0.0,246.21,1,-0.8854560256532096,-0.4647231720437691,2012-35,2012-08-27,91.944,642.1905812025736,30.9,346.1265000000001,263.71276353376226,328.47332959770125,241.32975182131526,6.0,11.0,1.0,5.5,4.333333333333333,3.696845502136472,3.393398225253192
EMEA,Accessories,2012,36,9,3,Summer,0.0,0.0,61.44,2,-0.9350162426854147,-0.3546048870425359,2012-36,2012-09-03,246.21,828.4620000000001,214.74,154.37099999999998,250.9377635337623,91.29141319970932,248.11985228092075,1.0,10.0,2.0,3.5,4.333333333333333,2.3804761428476167,3.393398225253192
EMEA,Accessories,2012,37,9,3,Summer,0.0,0.0,46.356,1,-0.970941817426052,-0.23931566428755774,2012-37,2012-09-10,61.44,217.89,51.426,111.4875,250.5152635337623,91.79499795195848,248.49450042610195,2.0,5.0,2.0,2.5,4.25,2.3804761428476167,3.467380462644282
EMEA,Accessories,2012,38,9,3,Summer,0.0,0.0,85.71000000000001,3,-0.992708874098054,-0.12053668025532357,2012-38,2012-09-17,46.356,91.944,154.08,109.929,244.8177635337623,92.28900326691182,251.67008723955263,1.0,6.0,4.0,1.75,4.166666666666667,0.9574271077563378,3.485902343944126
EMEA,Accessories,2012,39,9,3,Autumn,0.0,0.0,375.71999999999997,9,-1.0,-1.8369701987210297e-16,2012-39,2012-09-24,85.71000000000001,246.21,46.71,142.30649999999997,272.2352635337623,156.45117989008602,245.98304427658093,3.0,1.0,1.0,3.75,4.833333333333333,3.593976442141304,3.5887028128263667
EMEA,Accessories,2012,40,10,4,Autumn,0.0,0.0,544.572,6,-0.992708874098054,0.1205366802553232,2012-40,2012-10-01,375.71999999999997,61.44,81.12,263.0895,310.8562635337623,238.29598148730932,249.60468985410796,9.0,2.0,2.0,4.75,5.166666666666667,3.5,3.485902343944126
EMEA,Accessories,2012,41,10,4,Autumn,0.0,0.0,63.432,2,-0.9709418174260521,0.23931566428755738,2012-41,2012-10-08,544.572,46.356,246.4905812025736,267.3585,295.60138176688116,233.21787682980062,259.30164976501203,6.0,1.0,6.0,5.0,4.833333333333333,3.1622776601683795,3.5887028128263667
EMEA,Accessories,2012,43,10,4,Autumn,0.0,0.0,29.58,1,-0.8854560256532101,0.464723172043768,2012-43,2012-10-22,63.432,85.71000000000001,343.28999999999996,253.32599999999996,269.4588817668811,248.9488083281381,269.66356292317,2.0,3.0,2.0,4.5,4.75,3.696845502136472,3.6711405213193253
EMEA,Accessories,2012,44,11,4,Autumn,0.0,0.0,545.76,5,-0.822983865893657,0.5680647467311548,2012-44,2012-10-29,29.58,375.71999999999997,642.1905812025736,295.836,261.423,288.23340092362656,258.76301763934157,1.0,9.0,11.0,3.5,4.25,2.3804761428476167,3.1079078025403053
EMEA,Accessories,2012,45,11,4,Autumn,0.0,0.0,278.352,6,-0.7485107481711011,0.6631226582407952,2012-45,2012-11-05,545.76,544.572,828.4620000000001,229.28099999999998,215.5805,238.01491597796988,188.31217749476056,5.0,6.0,10.0,3.5,3.9166666666666665,2.3804761428476167,2.609713789020945
EMEA,Accessories,2012,48,11,4,Autumn,0.0,0.0,145.452,5,-0.4647231720437684,0.88545602565321,2012-48,2012-11-26,278.352,63.432,217.89,249.78599999999997,209.54399999999998,221.9556194557823,189.38936296711844,6.0,2.0,5.0,4.25,3.9166666666666665,2.217355782608345,2.609713789020945
EMEA,Accessories,2012,49,12,4,Autumn,0.0,0.0,238.5,6,-0.35460488704253595,0.9350162426854147,2012-49,2012-12-03,145.452,29.58,91.944,302.01599999999996,221.75699999999998,171.77280613647798,185.80792633156528,5.0,1.0,6.0,5.5,3.9166666666666665,0.5773502691896262,2.609713789020945
EMEA,Accessories,2012,51,12,4,Autumn,0.0,0.0,190.07999999999998,4,-0.12053668025532363,0.992708874098054,2012-51,2012-12-17,238.5,545.76,246.21,213.09599999999995,217.07949999999997,57.761451228306605,185.8428895132563,6.0,5.0,1.0,5.25,4.166666666666667,0.9574271077563384,2.4432963327637864
EMEA,Accessories,2012,52,12,4,Winter,0.0,0.0,30.816,2,6.432490598706546e-16,1.0,2012-52,2012-12-24,190.07999999999998,278.352,61.44,151.21199999999996,214.5275,88.80369884188406,188.36754701019066,4.0,6.0,2.0,4.25,4.166666666666667,1.7078251276599332,2.4432963327637864
EMEA,Accessories,2013,3,1,1,Winter,0.0,0.0,425.43,7,0.3546048870425356,0.9350162426854148,2013-3,2013-01-14,30.816,145.452,46.356,221.20649999999995,246.117,162.50508154823973,189.3839566508401,2.0,5.0,1.0,4.75,4.666666666666667,2.217355782608345,2.348435972120916
EMEA,Accessories,2013,10,3,1,Winter,0.0,0.0,174.576,5,0.9350162426854148,0.35460488704253557,2013-10,2013-03-04,425.43,238.5,85.71000000000001,205.22549999999995,253.5225,163.37836814278702,184.20806548154877,7.0,6.0,3.0,4.5,4.833333333333333,2.081665999466133,2.28963408483195
EMEA,Accessories,2013,11,3,1,Winter,0.0,0.0,55.35,1,0.970941817426052,0.23931566428755804,2013-11,2013-03-11,174.576,190.07999999999998,375.71999999999997,171.54299999999998,226.82500000000002,180.52950787059729,188.06327705613057,5.0,4.0,9.0,3.75,4.166666666666667,2.753785273643051,2.1248885888797826
EMEA,Accessories,2013,12,3,1,Winter,0.0,0.0,30.9,1,0.992708874098054,0.120536680255323,2013-12,2013-03-18,55.35,30.816,544.572,171.56399999999996,184.019,180.50768477823885,166.37333809893295,1.0,2.0,6.0,3.5,3.75,3.0,2.2207697273283826
EMEA,Accessories,2013,15,4,2,Spring,0.0,0.0,82.98,1,0.9709418174260521,-0.2393156642875575,2013-15,2013-04-08,30.9,425.43,63.432,85.95149999999997,185.648,62.79663278393234,165.17670295557048,1.0,7.0,2.0,2.0,3.6666666666666665,1.9999999999999996,2.3094010767585025
EMEA,Accessories,2013,17,4,2,Spring,0.0,0.0,37.35,1,0.8854560256532099,-0.4647231720437685,2013-17,2013-04-22,82.98,174.576,29.58,51.644999999999975,186.29549999999998,23.311737386991254,164.52322861612203,1.0,5.0,1.0,1.0,3.6666666666666665,0.0,2.3094010767585025
EMEA,Accessories,2013,19,5,2,Spring,0.0,0.0,144.9,2,0.7485107481711013,-0.663122658240795,2013-19,2013-05-06,37.35,55.35,545.76,74.03249999999997,152.8905,52.625338241193724,119.41332065827667,1.0,1.0,5.0,1.25,3.4166666666666665,0.499999999999999,2.3143164446679725
EMEA,Accessories,2013,22,5,2,Spring,0.0,0.0,694.32,7,0.46472317204376906,-0.8854560256532096,2013-22,2013-05-27,144.9,30.9,278.352,239.8875,187.5545,306.1442604802515,195.3647296243154,2.0,1.0,6.0,2.75,3.5,2.8722813232690143,2.4308621740219882
EMEA,Accessories,2013,23,6,2,Spring,0.0,0.0,488.928,13,0.35460488704253584,-0.9350162426854147,2013-23,2013-06-03,694.32,82.98,145.452,341.3745,216.1775,304.06999582497457,213.00089753139974,7.0,1.0,5.0,5.75,4.166666666666667,5.5,3.663910810082912
EMEA,Accessories,2013,24,6,2,Spring,0.0,0.0,650.3205812025736,15,0.23931566428755768,-0.970941817426052,2013-24,2013-06-10,488.928,37.35,238.5,494.6171453006434,250.49588176688113,249.30519329944585,247.33343538735974,13.0,1.0,6.0,9.25,4.916666666666667,5.909032633745278,4.813963276162628
EMEA,Accessories,2013,25,6,2,Spring,0.0,0.0,22.74,1,0.12053668025532308,-0.992708874098054,2013-25,2013-06-17,650.3205812025736,144.9,190.07999999999998,464.0771453006434,236.55088176688116,307.1885579238889,255.62778648854874,15.0,2.0,4.0,9.0,4.666666666666667,6.324555320336759,4.942088872556059
EMEA,Accessories,2013,26,6,2,Summer,0.0,0.0,45.048,1,-3.216245299353273e-16,-1.0,2013-26,2013-06-24,22.74,694.32,30.816,301.7591453006434,237.7368817668811,316.3750676719822,254.61751180094947,1.0,7.0,2.0,7.5,4.583333333333333,7.54983443527075,4.9992423668416235
EMEA,Accessories,2013,27,7,3,Summer,0.0,0.0,114.546,5,-0.12053668025532283,-0.992708874098054,2013-27,2013-07-01,45.048,488.928,425.43,208.1636453006434,211.82988176688116,297.35257493209684,249.54942403591085,1.0,13.0,7.0,5.5,4.416666666666667,6.608075867199671,4.944387696871038
EMEA,Accessories,2013,28,7,3,Summer,0.0,0.0,490.26,2,-0.23931566428755743,-0.9709418174260521,2013-28,2013-07-08,114.546,650.3205812025736,174.576,168.14849999999996,238.13688176688115,218.2707885563251,261.61297671592024,5.0,15.0,5.0,2.25,4.166666666666667,1.892969448600094,4.987864059774271
EMEA,Accessories,2013,29,7,3,Summer,0.0,0.0,166.92,2,-0.3546048870425356,-0.9350162426854148,2013-29,2013-07-15,490.26,22.74,55.35,204.19349999999997,247.43438176688116,197.13558840808017,256.4580992668728,2.0,1.0,1.0,2.5,4.25,1.7320508075688805,4.93825512062344
EMEA,Accessories,2013,30,7,3,Summer,0.0,0.0,81.69,1,-0.46472317204376806,-0.8854560256532101,2013-30,2013-07-22,166.92,45.048,30.9,213.35399999999996,251.66688176688115,187.9108644650436,252.95479588985665,2.0,1.0,1.0,2.5,4.25,1.7320508075688805,4.93825512062344
EMEA,Accessories,2013,31,7,3,Summer,0.0,0.0,819.612,9,-0.5680647467311556,-0.8229838658936566,2013-31,2013-07-29,81.69,114.546,82.98,389.6205,313.05288176688117,336.37167169813813,294.29961815269866,1.0,5.0,1.0,3.5,4.916666666666667,3.696845502136474,4.9992423668416235
EMEA,Accessories,2013,34,8,3,Summer,0.0,0.0,29.4,1,-0.8229838658936564,-0.5680647467311559,2013-34,2013-08-19,819.612,490.26,37.35,274.40549999999996,312.39038176688115,367.8632985784257,294.98482690380723,9.0,2.0,1.0,3.25,4.916666666666667,3.862210075418824,4.9992423668416235
EMEA,Accessories,2013,35,8,3,Summer,0.0,0.0,114.39,1,-0.8854560256532096,-0.4647231720437691,2013-35,2013-08-26,29.4,166.92,144.9,261.27299999999997,309.84788176688113,373.86815707679625,296.6862561786862,1.0,2.0,2.0,3.0,4.833333333333333,4.000000000000001,5.060243137049899
EMEA,Accessories,2013,36,9,3,Summer,0.0,0.0,55.416,2,-0.9350162426854147,-0.3546048870425359,2013-36,2013-09-02,114.39,81.69,694.32,254.70449999999997,256.6058817668811,378.27973177663114,278.16775949568637,1.0,1.0,7.0,3.25,4.416666666666667,3.862210075418824,5.071459057282921
EMEA,Accessories,2013,37,9,3,Summer,0.0,0.0,288.03,2,-0.970941817426052,-0.23931566428755774,2013-37,2013-09-09,55.416,819.612,488.928,121.80899999999997,239.86438176688114,116.37857209984995,268.8022086913377,2.0,9.0,13.0,1.5,3.5,0.5773502691896354,4.316985480212278
EMEA,Accessories,2013,39,9,3,Autumn,0.0,0.0,558.318,10,-1.0,-1.8369701987210297e-16,2013-39,2013-09-23,288.03,29.4,650.3205812025736,254.03849999999997,232.1975,225.6058785071878,257.08752378925533,2.0,1.0,15.0,3.75,3.0833333333333335,4.193248541803043,3.2039275140289165
EMEA,Accessories,2013,40,10,4,Autumn,0.0,0.0,142.77,2,-0.992708874098054,0.1205366802553232,2013-40,2013-09-30,558.318,114.39,22.74,261.13349999999997,242.19999999999996,220.13000453595595,250.4465424985032,10.0,1.0,1.0,4.0,3.1666666666666665,4.000000000000001,3.157482695074823
EMEA,Accessories,2013,41,10,4,Autumn,0.0,0.0,41.52,1,-0.9709418174260521,0.23931566428755738,2013-41,2013-10-07,142.77,55.416,45.048,257.6595,241.90599999999998,224.52452097933534,250.70096116289625,2.0,2.0,1.0,3.75,3.1666666666666665,4.193248541803043,3.157482695074823
EMEA,Accessories,2013,43,10,4,Autumn,0.0,0.0,565.77,7,-0.8854560256532101,0.464723172043768,2013-43,2013-10-21,41.52,288.03,114.546,327.0944999999999,279.508,274.44405477437476,263.3803139009168,1.0,2.0,5.0,5.0,3.3333333333333335,4.2426406871192865,3.3120532860594145
EMEA,Accessories,2013,44,11,4,Autumn,0.0,0.0,516.66,2,-0.822983865893657,0.5680647467311548,2013-44,2013-10-28,565.77,558.318,490.26,316.67999999999995,281.708,263.309413808166,265.4032391485557,7.0,10.0,2.0,3.0,3.3333333333333335,2.708012801545322,3.3120532860594145
EMEA,Accessories,2013,45,11,4,Autumn,0.0,0.0,419.19,5,-0.7485107481711011,0.6631226582407952,2013-45,2013-11-04,516.66,142.77,166.92,385.78499999999997,302.73049999999995,237.45676806526282,265.47544693196636,2.0,2.0,2.0,3.75,3.5833333333333335,2.753785273643053,3.3154825052206562
EMEA,Accessories,2013,46,11,4,Autumn,0.0,0.0,201.45,5,-0.6631226582407955,0.7485107481711007,2013-46,2013-11-11,419.19,41.52,81.69,425.7674999999999,312.71049999999997,161.47626334851827,258.571772065672,5.0,1.0,1.0,4.75,3.9166666666666665,2.061552812808833,3.2321772378645472
EMEA,Accessories,2013,47,11,4,Autumn,0.0,0.0,111.12,2,-0.5680647467311559,0.8229838658936564,2013-47,2013-11-18,201.45,565.77,819.612,312.10499999999996,253.66949999999997,187.92679824867983,208.3075735578173,5.0,7.0,9.0,3.5,3.3333333333333335,1.7320508075688803,2.83912064918102
EMEA,Accessories,2013,48,11,4,Autumn,0.0,0.0,763.5705812025736,8,-0.4647231720437684,0.88545602565321,2013-48,2013-11-25,111.12,516.66,29.4,373.8326453006434,314.8503817668811,290.2221325744182,241.60403324316846,2.0,2.0,1.0,5.0,3.9166666666666665,2.44948974278318,3.0289011909011525
EMEA,Accessories,2013,49,12,4,Autumn,0.0,0.0,28.38,1,-0.35460488704253595,0.9350162426854147,2013-49,2013-12-02,763.5705812025736,419.19,114.39,276.1301453006434,307.6828817668811,332.55765675694914,249.24650740136497,8.0,5.0,1.0,4.0,3.9166666666666665,3.162277660168381,3.028901190901153
EMEA,Accessories,2013,52,12,4,Winter,0.0,0.0,96.54599999999999,3,6.432490598706546e-16,1.0,2013-52,2013-12-23,28.38,201.45,55.416,249.9041453006434,311.1103817668811,344.33797062394757,245.71995628808858,1.0,5.0,2.0,3.5,4.0,3.1091263510296065,2.9848100289785457
EMEA,Accessories,2014,1,12,4,Winter,0.0,0.0,58.572,2,0.12053668025532305,0.992708874098054,2014-1,2013-12-30,96.54599999999999,111.12,288.03,236.7671453006434,291.9888817668811,352.3078870357442,256.3762531898545,3.0,2.0,2.0,3.5,4.0,3.1091263510296065,2.9848100289785457
EMEA,Accessories,2014,2,1,1,Winter,0.0,0.0,29.67,1,0.23931566428755774,0.970941817426052,2014-2,2014-01-06,58.572,763.5705812025736,558.318,53.29199999999997,247.93488176688115,32.028079055728426,251.83103150488327,2.0,8.0,10.0,1.75,3.25,0.9574271077563437,2.4167972796469903
EMEA,Accessories,2014,3,1,1,Winter,0.0,0.0,126.234,2,0.3546048870425356,0.9350162426854148,2014-3,2014-01-13,29.67,28.38,142.77,77.75549999999997,246.55688176688113,42.36142047901594,252.5031446023347,1.0,1.0,2.0,2.0,3.25,0.8164965809277326,2.4167972796469903
EMEA,Accessories,2014,6,2,1,Winter,0.0,0.0,45.84,1,0.6631226582407952,0.7485107481711011,2014-6,2014-02-03,126.234,96.54599999999999,41.52,65.07899999999998,246.91688176688115,42.450800840502296,252.1871251338932,2.0,3.0,1.0,1.5,3.25,0.577350269189635,2.4167972796469903
EMEA,Accessories,2014,7,2,1,Winter,0.0,0.0,251.448,8,0.7485107481711011,0.6631226582407953,2014-7,2014-02-10,45.84,58.572,565.77,113.29799999999997,220.72338176688115,101.31960446034121,231.5367305702442,1.0,2.0,7.0,3.0,3.3333333333333335,3.3665016461206942,2.570225788926064
EMEA,Accessories,2014,8,2,1,Winter,0.0,0.0,55.14,1,0.8229838658936564,0.5680647467311559,2014-8,2014-02-17,251.448,29.67,516.66,119.66549999999997,182.2633817668811,94.90963614407124,215.6999491593564,8.0,1.0,2.0,3.0,3.25,3.3665016461206942,2.632834628649924
EMEA,Accessories,2014,9,2,1,Winter,0.0,0.0,1009.8045812025737,21,0.8854560256532099,0.4647231720437686,2014-9,2014-02-24,55.14,126.234,419.19,340.5581453006434,231.48126353376225,456.12633951543455,317.86397383007267,1.0,2.0,5.0,7.75,4.583333333333333,9.429563439877091,5.775470596069259
EMEA,Accessories,2014,10,3,1,Winter,0.0,0.0,231.12,6,0.9350162426854148,0.35460488704253557,2014-10,2014-03-03,1009.8045812025737,45.84,201.45,386.8781453006434,233.9537635337623,424.5348300107001,317.7245031750854,21.0,1.0,5.0,9.0,4.666666666666667,8.52447456836295,5.789227194984794
EMEA,Accessories,2014,12,3,1,Spring,0.0,0.0,443.7,6,0.992708874098054,0.120536680255323,2014-12,2014-03-17,231.12,251.448,111.12,434.94114530064337,261.6687635337623,414.86409691044753,320.52873288369324,6.0,8.0,2.0,8.5,5.0,8.660254037844387,5.736644568830363
EMEA,Accessories,2014,13,3,1,Spring,0.0,0.0,474.0,8,1.0,-1.6081226496766366e-16,2014-13,2014-03-24,443.7,55.14,763.5705812025736,539.6561453006434,237.53788176688113,331.5380400369911,288.62005231573977,6.0,1.0,8.0,10.25,5.0,7.228416147400481,5.736644568830363
EMEA,Accessories,2014,16,4,2,Spring,0.0,0.0,198.594,3,0.9350162426854148,-0.35460488704253545,2014-16,2014-04-14,474.0,1009.8045812025737,28.38,336.8535,251.7223817668811,142.0335633890805,281.5011846454983,8.0,21.0,1.0,5.75,5.166666666666667,2.061552812808834,5.63807403178415
EMEA,Accessories,2014,17,4,2,Spring,0.0,0.0,432.744,8,0.8854560256532099,-0.4647231720437685,2014-17,2014-04-21,198.594,231.12,96.54599999999999,387.2595,279.73888176688115,126.98156691819473,281.38328955803075,3.0,6.0,3.0,6.25,5.583333333333333,2.3629078131263075,5.6481426284678
EMEA,Accessories,2014,18,4,2,Spring,0.0,0.0,14.94,1,0.8229838658936565,-0.5680647467311557,2014-18,2014-04-28,432.744,443.7,58.572,280.06949999999995,276.1028817668811,214.3598614876394,284.7626003772887,8.0,6.0,2.0,5.0,5.5,3.559026084010439,5.712824488496355
EMEA,Accessories,2014,19,5,2,Spring,0.0,0.0,17.208,1,0.7485107481711013,-0.663122658240795,2014-19,2014-05-05,14.94,474.0,29.67,165.87149999999997,275.0643817668811,197.6299970373929,285.7639803487148,1.0,8.0,1.0,3.25,5.5,3.304037933599837,5.712824488496355
EMEA,Accessories,2014,20,5,2,Spring,0.0,0.0,38.31,1,0.6631226582407952,-0.7485107481711012,2014-20,2014-05-12,17.208,198.594,126.234,125.80049999999997,267.73738176688113,204.89939100202307,291.00601566932505,1.0,3.0,2.0,2.75,5.416666666666667,3.500000000000002,5.775470596069259
EMEA,Accessories,2014,23,6,2,Spring,0.0,0.0,245.7,6,0.35460488704253584,-0.9350162426854147,2014-23,2014-06-02,38.31,432.744,45.84,79.03949999999998,284.39238176688116,111.6042035095449,282.7539956430537,1.0,8.0,1.0,2.25,5.833333333333333,2.5000000000000027,5.605732996160485
EMEA,Accessories,2014,24,6,2,Spring,0.0,0.0,512.298,11,0.23931566428755768,-0.970941817426052,2014-24,2014-06-09,245.7,14.94,251.448,203.37899999999996,306.12988176688117,230.31097209642434,289.9268644817564,6.0,1.0,8.0,4.75,6.083333333333333,4.787135538781692,5.775470596069258
EMEA,Accessories,2014,25,6,2,Spring,0.0,0.0,474.0,8,0.12053668025532308,-0.992708874098054,2014-25,2014-06-16,512.298,17.208,55.14,317.577,341.03488176688114,220.2580177791491,282.06988202099177,11.0,1.0,1.0,6.5,6.666666666666667,4.203173404306166,5.565042405022351
EMEA,Accessories,2014,26,6,2,Summer,0.0,0.0,40.032,1,-3.216245299353273e-16,-1.0,2014-26,2014-06-23,474.0,38.31,1009.8045812025737,318.0075,260.22049999999996,219.53072040377393,200.03996285310788,8.0,1.0,21.0,6.5,5.0,4.203173404306166,3.4902461491731747
EMEA,Accessories,2014,27,6,2,Summer,0.0,0.0,311.286,8,-0.12053668025532283,-0.992708874098054,2014-27,2014-06-30,40.032,245.7,231.12,334.404,266.901,214.72667491487863,200.31819037539447,1.0,6.0,6.0,7.0,5.166666666666667,4.2426406871192865,3.588702812826366
EMEA,Accessories,2014,28,7,3,Summer,0.0,0.0,262.938,6,-0.23931566428755743,-0.9709418174260521,2014-28,2014-07-07,311.286,512.298,443.7,272.06399999999996,251.8375,179.1076457329501,192.45685748641307,8.0,11.0,6.0,5.75,5.166666666666667,3.3040379335998376,3.588702812826366
EMEA,Accessories,2014,31,8,3,Summer,0.0,0.0,797.7570000000001,9,-0.5680647467311556,-0.8229838658936566,2014-31,2014-07-28,262.938,474.0,474.0,353.00325,278.81725,319.1702678669334,242.59451824022034,6.0,8.0,8.0,6.0,5.25,3.5590260840104393,3.671140521319324
EMEA,Accessories,2014,34,8,3,Summer,0.0,0.0,939.4185812025736,26,-0.8229838658936564,-0.5680647467311559,2014-34,2014-08-18,797.7570000000001,40.032,198.594,577.8498953006434,340.5526317668811,341.2315252150648,306.23763257929284,9.0,1.0,3.0,12.25,7.166666666666667,9.251126057585278,6.9391292790605315
EMEA,Accessories,2014,35,8,3,Summer,0.0,0.0,258.96,1,-0.8854560256532096,-0.4647231720437691,2014-35,2014-08-25,939.4185812025736,311.286,432.744,564.7683953006434,326.07063176688115,355.5590967663,305.59000057703884,26.0,8.0,8.0,10.5,6.583333333333333,10.847426730181986,7.153617436251564
EMEA,Accessories,2014,36,9,3,Summer,0.0,0.0,931.4505812025736,10,-0.9350162426854147,-0.3546048870425359,2014-36,2014-09-01,258.96,262.938,14.94,731.8965406012867,402.4465135337623,321.9180972461496,333.97346687567045,1.0,6.0,1.0,11.5,7.333333333333333,10.472185381603339,6.984832051515539
EMEA,Accessories,2014,37,9,3,Summer,0.0,0.0,366.36,2,-0.970941817426052,-0.23931566428755774,2014-37,2014-09-08,931.4505812025736,797.7570000000001,17.208,624.0472906012867,431.5425135337623,362.23717069715576,311.8355685444464,10.0,9.0,1.0,9.75,7.416666666666667,11.557825631723873,6.907944482239051
EMEA,Accessories,2014,38,9,3,Summer,0.0,0.0,136.488,5,-0.992708874098054,-0.12053668025532357,2014-38,2014-09-15,366.36,939.4185812025736,38.31,423.31464530064335,439.7240135337623,351.53375127791753,301.7039115745743,2.0,26.0,1.0,4.5,7.75,4.041451884327379,6.662309181985148
EMEA,Accessories,2014,39,9,3,Autumn,0.0,0.0,802.728,13,-1.0,-1.8369701987210297e-16,2014-39,2014-09-22,136.488,258.96,245.7,559.2566453006434,486.1430135337623,371.3709150785746,311.81982654382244,5.0,1.0,6.0,7.5,8.333333333333334,4.932882862316246,6.800178250783153
EMEA,Accessories,2014,40,9,3,Autumn,0.0,0.0,320.658,5,-0.992708874098054,0.1205366802553232,2014-40,2014-09-29,802.728,931.4505812025736,512.298,406.5585,470.1730135337623,282.18384255835787,315.2471414434937,13.0,10.0,11.0,6.25,7.833333333333333,4.716990566028301,6.806859285554045
EMEA,Accessories,2014,42,10,4,Autumn,0.0,0.0,166.92,2,-0.9350162426854148,0.35460488704253557,2014-42,2014-10-13,320.658,366.36,474.0,356.6984999999999,444.5830135337623,308.085364730297,327.14716305761885,5.0,2.0,8.0,6.25,7.333333333333333,4.716990566028301,7.010814157536565
EMEA,Accessories,2014,43,10,4,Autumn,0.0,0.0,678.54,10,-0.8854560256532101,0.464723172043768,2014-43,2014-10-20,166.92,136.488,40.032,492.21149999999994,497.79201353376226,297.98432286447564,306.6502162008487,2.0,5.0,1.0,7.5,8.083333333333334,4.932882862316246,6.748175960056078
EMEA,Accessories,2014,44,11,4,Autumn,0.0,0.0,254.16,1,-0.822983865893657,0.5680647467311548,2014-44,2014-10-27,678.54,802.728,311.286,355.06949999999995,493.0315135337623,224.6480782935837,310.23129533646625,10.0,13.0,8.0,4.5,7.5,4.041451884327379,7.051756712144337
EMEA,Accessories,2014,46,11,4,Autumn,0.0,0.0,979.2,11,-0.6631226582407955,0.7485107481711007,2014-46,2014-11-10,254.16,320.658,262.938,519.7049999999999,552.7200135337622,379.18140579411335,330.19858908116595,1.0,5.0,6.0,6.0,7.916666666666667,5.228129047119373,7.10260302262274
EMEA,Accessories,2014,47,11,4,Autumn,0.0,0.0,364.656,13,-0.5680647467311559,0.8229838658936564,2014-47,2014-11-17,979.2,166.92,797.7570000000001,569.1389999999999,516.6282635337623,327.1817386163232,324.60266144323447,11.0,2.0,9.0,8.75,8.25,5.315072906367324,7.250391838940969
EMEA,Accessories,2014,48,11,4,Autumn,0.0,0.0,91.68,2,-0.4647231720437684,0.88545602565321,2014-48,2014-11-24,364.656,678.54,939.4185812025736,422.424,445.9833817668811,387.746060900688,316.36813253261664,13.0,10.0,26.0,6.75,6.25,6.1305247192498395,4.807664335582963
EMEA,Accessories,2014,49,12,4,Autumn,0.0,0.0,132.534,4,-0.35460488704253595,0.9350162426854147,2014-49,2014-12-01,91.68,254.16,258.96,392.0174999999999,435.44788176688115,409.49816469552104,325.1457794147458,2.0,1.0,1.0,7.5,6.5,5.32290647422377,4.582575694955841
EMEA,Accessories,2014,50,12,4,Autumn,0.0,0.0,289.62,7,-0.2393156642875578,0.970941817426052,2014-50,2014-12-08,132.534,979.2,931.4505812025736,219.62249999999995,381.962,128.95484515519425,286.64767338953993,4.0,11.0,10.0,6.5,6.25,4.795831523312718,4.454313537562111
EMEA,Accessories,2014,51,12,4,Autumn,0.0,0.0,193.824,3,-0.12053668025532363,0.992708874098054,2014-51,2014-12-15,289.62,364.656,366.36,176.91449999999998,367.584,86.0678214956097,291.78253690782054,7.0,13.0,2.0,4.0,6.333333333333333,2.160246899469284,4.37624441176623
EMEA,Accessories,2014,52,12,4,Winter,0.0,0.0,352.40258120257363,10,6.432490598706546e-16,1.0,2014-52,2014-12-22,193.824,91.68,136.488,242.09514530064337,385.5768817668811,97.9116783257208,282.7539447546351,3.0,2.0,5.0,6.0,6.75,3.1622776601683773,4.474676219876391
EMEA,Copiers,2011,36,9,3,Summer,0.0,0.0,564.5205812025736,3,-0.9350162426854147,-0.3546048870425359,2011-36,2011-09-05,239.952,432.48,174.33,303.35064530064335,333.16740883440565,180.76678952730268,139.4317563315541,2.0,5.0,1.0,1.75,3.0,0.9574271077563385,1.7580981459830651
EMEA,Copiers,2011,37,9,3,Summer,0.0,0.0,168.24,1,-0.970941817426052,-0.23931566428755774,2011-37,2011-09-12,564.5205812025736,260.34,246.4905812025736,280.3256453006434,326.6465270675246,193.4892459995326,145.5495155855347,3.0,1.0,4.0,1.75,2.75,0.9574271077563385,1.815338686155987
EMEA,Copiers,2011,39,9,3,Autumn,0.0,0.0,104.712,1,-1.0,-1.8369701987210297e-16,2011-39,2011-09-26,168.24,148.59,543.9705812025736,269.3561453006434,290.04164530064344,204.38429277907358,141.09231591988586,1.0,1.0,6.0,1.75,2.3333333333333335,0.9574271077563385,1.556997888323046
EMEA,Copiers,2011,41,10,4,Autumn,0.0,0.0,89.442,1,-0.9709418174260521,0.23931566428755738,2011-41,2011-10-10,104.712,239.952,246.4905812025736,231.7286453006434,276.9542635337623,224.46974428476688,152.3350450638121,1.0,2.0,2.0,1.5,2.25,1.0000000000000004,1.6025547785276542
EMEA,Copiers,2011,42,10,4,Autumn,0.0,0.0,503.4,4,-0.9350162426854148,0.35460488704253557,2011-42,2011-10-17,89.442,564.5205812025736,319.56,216.4485,292.2742635337623,194.3201133001934,165.6698852001217,1.0,3.0,1.0,1.75,2.5,1.5000000000000002,1.6236882817719773
EMEA,Copiers,2011,46,11,4,Autumn,0.0,0.0,489.96,4,-0.6631226582407955,0.7485107481711007,2011-46,2011-11-14,503.4,168.24,248.43599999999998,296.8785,312.40126353376223,230.8603191390846,174.30598044008698,4.0,1.0,2.0,2.5,2.6666666666666665,1.7320508075688776,1.6696942198734437
EMEA,Copiers,2011,47,11,4,Autumn,0.0,0.0,105.324,1,-0.5680647467311559,0.8229838658936564,2011-47,2011-11-21,489.96,104.712,500.688,297.0315,279.45426353376223,230.69065142957137,172.84027393271737,4.0,1.0,5.0,2.5,2.3333333333333335,1.7320508075688776,1.556997888323046
EMEA,Copiers,2011,48,11,4,Autumn,0.0,0.0,246.4905812025736,2,-0.4647231720437684,0.88545602565321,2011-48,2011-11-28,105.324,89.442,246.4905812025736,336.2936453006434,279.45426353376223,194.0356064568242,172.84027393271737,1.0,1.0,4.0,2.75,2.1666666666666665,1.5000000000000004,1.4668044012461756
EMEA,Copiers,2011,51,12,4,Winter,0.0,0.0,152.652,1,-0.12053668025532363,0.992708874098054,2011-51,2011-12-19,246.4905812025736,503.4,432.48,248.60664530064338,256.13526353376227,171.26308217770585,169.15511765261112,2.0,4.0,5.0,2.0,1.8333333333333333,1.4142135623730956,1.1934162828797104
EMEA,Copiers,2012,2,1,1,Winter,0.0,0.0,234.864,4,0.23931566428755774,0.970941817426052,2012-2,2012-01-09,152.652,489.96,260.34,184.8326453006434,254.01226353376228,67.48346988275178,169.25738694886286,1.0,4.0,1.0,2.0,2.0833333333333335,1.4142135623730956,1.3113721705515067
EMEA,Copiers,2012,4,1,1,Winter,0.0,0.0,246.4905812025736,4,0.4647231720437685,0.8854560256532099,2012-4,2012-01-23,234.864,105.324,148.59,220.12429060128682,262.1706453006434,45.31420524988487,166.04290385981218,4.0,1.0,1.0,2.75,2.3333333333333335,1.5000000000000002,1.3706888336846839
EMEA,Copiers,2012,7,2,1,Winter,0.0,0.0,399.6825812025736,8,0.7485107481711011,0.6631226582407953,2012-7,2012-02-13,246.4905812025736,246.4905812025736,239.952,258.4222906012868,275.4815270675245,103.01971141464581,170.44391628379893,4.0,2.0,2.0,4.25,2.8333333333333335,2.8722813232690148,2.124888588879783
EMEA,Copiers,2012,9,2,1,Winter,0.0,0.0,385.86,2,0.8854560256532099,0.4647231720437686,2012-9,2012-02-27,399.6825812025736,152.652,564.5205812025736,316.72429060128684,260.59314530064336,88.12057158004384,149.40557374041543,8.0,1.0,3.0,4.5,2.75,2.5166114784235836,2.1373305355470453
EMEA,Copiers,2012,10,3,1,Winter,0.0,0.0,118.2,1,0.9350162426854148,0.35460488704253557,2012-10,2012-03-05,385.86,234.864,168.24,287.5582906012868,256.4231453006434,132.41836474371416,152.87556368540046,2.0,4.0,1.0,3.75,2.75,3.095695936834452,2.1373305355470453
EMEA,Copiers,2012,14,4,2,Spring,0.0,0.0,573.762,3,0.992708874098054,-0.12053668025532288,2012-14,2012-04-02,118.2,246.4905812025736,104.712,369.37614530064343,295.5106453006434,188.0188209480669,169.60756922214313,1.0,4.0,1.0,3.5,2.9166666666666665,3.1091263510296057,2.0652243256245835
EMEA,Copiers,2012,19,5,2,Spring,0.0,0.0,626.6805812025736,7,0.7485107481711013,-0.663122658240795,2012-19,2012-05-07,573.762,399.6825812025736,89.442,426.12564530064344,340.2805270675245,229.8247888927827,180.80404636966531,3.0,8.0,1.0,3.25,3.4166666666666665,2.6299556396765835,2.2746961169005466
EMEA,Copiers,2012,22,6,2,Spring,0.0,0.0,478.08,2,0.46472317204376906,-0.8854560256532096,2012-22,2012-05-28,626.6805812025736,385.86,503.4,449.1806453006434,338.1705270675246,229.06338384064915,178.86471325120263,7.0,2.0,4.0,3.25,3.25,2.6299556396765835,2.3011854652449344
EMEA,Copiers,2012,23,6,2,Spring,0.0,0.0,246.4905812025736,4,0.35460488704253584,-0.9350162426854147,2012-23,2012-06-04,478.08,118.2,489.96,481.25329060128684,317.8814088344057,168.15722569836387,173.81908846617617,2.0,1.0,4.0,4.0,3.25,2.1602468994692874,2.3011854652449344
EMEA,Copiers,2012,25,6,2,Spring,0.0,0.0,246.4905812025736,4,0.12053668025532308,-0.992708874098054,2012-25,2012-06-18,246.4905812025736,573.762,105.324,399.4354359019302,329.64529060128683,186.73473224773565,162.5364747641127,4.0,3.0,1.0,4.25,3.5,2.0615528128088307,2.1950357213908434
EMEA,Copiers,2012,26,6,2,Summer,0.0,0.0,106.044,1,-3.216245299353273e-16,-1.0,2012-26,2012-06-25,246.4905812025736,626.6805812025736,246.4905812025736,269.2762906012868,317.94140883440565,154.1451122148765,173.7391522313145,4.0,7.0,2.0,2.75,3.4166666666666665,1.500000000000001,2.2746961169005466
EMEA,Copiers,2012,27,7,3,Summer,0.0,0.0,382.596,3,-0.12053668025532283,-0.992708874098054,2012-27,2012-07-02,106.044,478.08,152.652,245.40529060128682,337.1034088344057,112.90883605038356,166.3762613521143,1.0,2.0,1.0,3.0,3.5833333333333335,1.4142135623730963,2.151461800448216
EMEA,Copiers,2012,29,7,3,Summer,0.0,0.0,246.4905812025736,2,-0.3546048870425356,-0.9350162426854148,2012-29,2012-07-16,382.596,246.4905812025736,234.864,245.40529060128682,338.0722906012868,112.90883605038356,165.75946066148947,3.0,4.0,4.0,2.5,3.4166666666666665,1.290994448735807,2.1933093855190746
EMEA,Copiers,2012,32,8,3,Summer,0.0,0.0,570.96,4,-0.663122658240795,-0.7485107481711013,2012-32,2012-08-06,246.4905812025736,246.4905812025736,246.4905812025736,326.52264530064343,365.11140883440567,198.25051979508444,175.63244044449004,2.0,4.0,4.0,2.5,3.4166666666666665,1.290994448735807,2.1933093855190746
EMEA,Copiers,2012,33,8,3,Summer,0.0,0.0,294.3,2,-0.7485107481711011,-0.6631226582407952,2012-33,2012-08-13,570.96,106.044,399.6825812025736,373.5866453006434,356.32952706752457,143.15165763346644,176.37973698172175,4.0,1.0,8.0,2.75,2.9166666666666665,0.9574271077563399,1.6764862244009224
EMEA,Copiers,2012,37,9,3,Summer,0.0,0.0,996.84,7,-0.970941817426052,-0.23931566428755774,2012-37,2012-09-10,294.3,382.596,385.86,527.1476453006435,407.2445270675246,344.24644468632766,255.92639179685355,2.0,3.0,2.0,3.75,3.3333333333333335,2.362907813126305,2.0150945537631877
EMEA,Copiers,2012,39,9,3,Autumn,0.0,0.0,298.14,1,-1.0,-1.8369701987210297e-16,2012-39,2012-09-24,996.84,246.4905812025736,118.2,540.0600000000001,422.23952706752453,330.92095853844,242.36343054081965,7.0,2.0,1.0,3.5,3.3333333333333335,2.645751311064591,2.0150945537631877
EMEA,Copiers,2012,40,10,4,Autumn,0.0,0.0,277.932,3,-0.992708874098054,0.1205366802553232,2012-40,2012-10-01,298.14,570.96,573.762,466.803,397.58702706752456,353.46662670752943,240.58886292300576,1.0,4.0,3.0,3.25,3.3333333333333335,2.629955639676584,2.0150945537631877
EMEA,Copiers,2012,42,10,4,Autumn,0.0,0.0,121.44,1,-0.9350162426854148,0.35460488704253557,2012-42,2012-10-15,277.932,294.3,626.6805812025736,423.588,355.48364530064345,390.2410111918018,241.0609122430458,3.0,2.0,7.0,3.0,2.8333333333333335,2.8284271247461907,1.7494587907710375
EMEA,Copiers,2012,44,11,4,Autumn,0.0,0.0,617.202,4,-0.822983865893657,0.5680647467311548,2012-44,2012-10-29,121.44,996.84,478.08,328.6785,367.0771453006434,207.92740173676,250.647836546511,1.0,7.0,2.0,2.25,3.0,1.5000000000000013,1.7580981459830651
EMEA,Copiers,2012,45,11,4,Autumn,0.0,0.0,263.67,1,-0.7485107481711011,0.6631226582407952,2012-45,2012-11-05,617.202,298.14,246.4905812025736,320.061,368.50876353376225,210.31553520365534,249.94454685152888,4.0,1.0,4.0,2.25,2.75,1.5000000000000013,1.815338686155987
EMEA,Copiers,2012,46,11,4,Autumn,0.0,0.0,148.32,1,-0.6631226582407955,0.7485107481711007,2012-46,2012-11-12,263.67,277.932,246.4905812025736,287.658,360.3278817668811,228.19448857498728,255.83847431858834,1.0,3.0,4.0,1.75,2.5,1.5000000000000013,1.8340219092574557
EMEA,Copiers,2012,47,11,4,Autumn,0.0,0.0,281.88,2,-0.5680647467311559,0.8229838658936564,2012-47,2012-11-19,148.32,121.44,106.044,327.768,374.9808817668811,201.81500374352743,244.74547578278694,1.0,1.0,1.0,2.0,2.5833333333333335,1.4142135623730965,1.7816403745544227
EMEA,Copiers,2012,48,11,4,Autumn,0.0,0.0,153.192,2,-0.4647231720437684,0.88545602565321,2012-48,2012-11-26,281.88,617.202,382.596,211.76549999999997,355.86388176688115,70.86679194799234,252.91943181022353,2.0,4.0,3.0,1.5,2.5,0.5773502691896292,1.7837651700316892
EMEA,Copiers,2012,49,12,4,Autumn,0.0,0.0,603.8505812025736,9,-0.35460488704253595,0.9350162426854147,2012-49,2012-12-03,153.192,263.67,246.4905812025736,296.8106453006434,385.6438817668811,213.83189146893605,259.8152022076019,2.0,1.0,2.0,3.5,3.0833333333333335,3.696845502136473,2.574643252722186
EMEA,Copiers,2012,52,12,4,Winter,0.0,0.0,150.804,1,6.432490598706546e-16,1.0,2012-52,2012-12-24,603.8505812025736,148.32,570.96,297.43164530064337,350.63088176688115,213.25974740809616,260.87965122276717,9.0,1.0,4.0,3.5,2.8333333333333335,3.696845502136472,2.622744341103013
EMEA,Copiers,2013,1,12,4,Winter,0.0,0.0,263.58,1,0.12053668025532305,0.992708874098054,2013-1,2012-12-31,150.804,281.88,294.3,292.8566453006434,348.0708817668811,213.89991219547716,261.6323168145077,1.0,2.0,2.0,3.25,2.75,3.8622100754188224,2.6671401094873817
EMEA,Copiers,2013,2,1,1,Winter,0.0,0.0,142.89,1,0.23931566428755774,0.970941817426052,2013-2,2013-01-07,263.58,153.192,996.84,290.2811453006434,276.9083817668811,216.19186391295497,168.79109460935118,1.0,2.0,7.0,3.0,2.25,4.0,2.3403573930647275
EMEA,Copiers,2013,6,2,1,Winter,0.0,0.0,120.0,1,0.6631226582407952,0.7485107481711011,2013-6,2013-02-04,142.89,603.8505812025736,298.14,169.31849999999997,262.06338176688115,64.18410277475283,174.4914012389245,1.0,9.0,1.0,1.0,2.25,0.0,2.3403573930647275
EMEA,Copiers,2013,14,4,2,Spring,0.0,0.0,172.89,1,0.992708874098054,-0.12053668025532288,2013-14,2013-04-01,120.0,150.804,277.932,174.83999999999997,253.30988176688115,62.99951904578346,176.2488772352814,1.0,1.0,3.0,1.0,2.0833333333333335,0.0,2.3532698077098573
EMEA,Copiers,2013,15,4,2,Spring,0.0,0.0,370.90058120257356,5,0.9709418174260521,-0.2393156642875575,2013-15,2013-04-08,172.89,263.58,121.44,201.67014530064336,274.09826353376224,114.88016265377945,173.9781488558542,1.0,1.0,1.0,2.0,2.4166666666666665,2.0,2.466441431158124
EMEA,Copiers,2013,16,4,2,Spring,0.0,0.0,419.31,3,0.9350162426854148,-0.35460488704253545,2013-16,2013-04-15,370.90058120257356,142.89,617.202,270.7751453006434,257.60726353376225,146.51774873835672,145.5569855701177,5.0,1.0,4.0,2.5,2.3333333333333335,1.9148542155126762,2.424621182533032
EMEA,Copiers,2013,17,4,2,Spring,0.0,0.0,337.2,2,0.8854560256532099,-0.4647231720437685,2013-17,2013-04-22,419.31,120.0,263.67,325.0751453006434,263.7347635337623,106.90729468012483,147.3717896961099,3.0,1.0,1.0,2.75,2.4166666666666665,1.707825127659933,2.391588796113782
EMEA,Copiers,2013,19,5,2,Spring,0.0,0.0,295.65,1,0.7485107481711013,-0.663122658240795,2013-19,2013-05-06,337.2,172.89,148.32,355.7651453006434,276.0122635337623,52.3625989081747,142.95328511685858,2.0,1.0,1.0,2.75,2.4166666666666665,1.707825127659933,2.391588796113782
EMEA,Copiers,2013,20,5,2,Spring,0.0,0.0,104.112,2,0.6631226582407952,-0.7485107481711012,2013-20,2013-05-13,295.65,370.90058120257356,281.88,289.068,261.19826353376226,133.58107731261936,151.25952234561515,1.0,5.0,2.0,2.0,2.4166666666666665,0.816496580927726,2.391588796113782
EMEA,Copiers,2013,23,6,2,Spring,0.0,0.0,790.0365812025736,14,0.35460488704253584,-0.9350162426854147,2013-23,2013-06-03,104.112,419.31,153.192,381.74964530064335,314.2686453006434,290.50456332249604,210.16895850808922,2.0,3.0,2.0,4.75,3.4166666666666665,6.184658438426491,4.100073909163841
EMEA,Copiers,2013,24,6,2,Spring,0.0,0.0,624.8805812025736,7,0.23931566428755768,-0.970941817426052,2013-24,2013-06-10,790.0365812025736,337.2,603.8505812025736,453.66979060128676,316.02114530064335,310.70707310340555,212.8734417811244,14.0,2.0,9.0,6.0,3.25,5.94418483337567,3.887626057587891
EMEA,Copiers,2013,25,6,2,Spring,0.0,0.0,176.865,2,0.12053668025532308,-0.992708874098054,2013-25,2013-06-17,624.8805812025736,295.65,150.804,423.97354060128674,318.1928953006434,335.5293452895751,211.1607001292982,7.0,1.0,1.0,6.25,3.3333333333333335,5.6789083458002745,3.8455011101128016
EMEA,Copiers,2013,26,6,2,Summer,0.0,0.0,319.98,1,-3.216245299353273e-16,-1.0,2013-26,2013-06-24,176.865,104.112,263.58,477.9405406012868,322.89289530064343,279.63865232731774,210.46113860242846,2.0,2.0,1.0,6.0,3.3333333333333335,5.94418483337567,3.8455011101128016
EMEA,Copiers,2013,27,7,3,Summer,0.0,0.0,246.4905812025736,4,-0.12053668025532283,-0.992708874098054,2013-27,2013-07-01,319.98,790.0365812025736,142.89,342.0540406012868,331.5262770675245,197.39799833836685,204.44484639545428,1.0,14.0,1.0,3.5,3.5833333333333335,2.6457513110645925,3.7769235516689394
EMEA,Copiers,2013,28,7,3,Summer,0.0,0.0,340.08,2,-0.23931566428755743,-0.9709418174260521,2013-28,2013-07-08,246.4905812025736,624.8805812025736,120.0,270.8538953006434,349.86627706752455,74.46052924974202,193.3127895125195,4.0,7.0,1.0,2.25,3.6666666666666665,1.2583057392117956,3.725424523297698
EMEA,Copiers,2013,29,7,3,Summer,0.0,0.0,246.4905812025736,6,-0.3546048870425356,-0.9350162426854148,2013-29,2013-07-15,340.08,176.865,172.89,288.2602906012868,355.99965883440564,48.92456606181904,188.28959606953865,2.0,2.0,1.0,3.25,4.083333333333333,2.217355782608347,3.6793856535947396
EMEA,Copiers,2013,31,8,3,Summer,0.0,0.0,1064.3145812025737,14,-0.5680647467311556,-0.8229838658936566,2013-31,2013-07-29,246.4905812025736,319.98,370.90058120257356,474.3439359019302,413.7841588344057,395.7804396782962,278.2088983524515,6.0,1.0,5.0,6.5,4.833333333333333,5.259911279353167,4.667748792285077
EMEA,Copiers,2013,33,8,3,Summer,0.0,0.0,246.4905812025736,8,-0.7485107481711011,-0.6631226582407952,2013-33,2013-08-12,1064.3145812025737,246.4905812025736,419.31,474.3439359019302,399.3825406012868,395.7804396782962,282.33922685804947,14.0,4.0,3.0,7.5,5.25,5.000000000000001,4.7121699305676
EMEA,Copiers,2013,34,8,3,Summer,0.0,0.0,764.61,4,-0.8229838658936564,-0.5680647467311559,2013-34,2013-08-19,246.4905812025736,340.08,337.2,580.4764359019302,435.0000406012868,404.5975871381107,300.17736913047383,8.0,2.0,2.0,8.0,5.416666666666667,4.320493798938575,4.621261798043974
EMEA,Copiers,2013,36,9,3,Summer,0.0,0.0,492.9811624051472,10,-0.9350162426854147,-0.3546048870425359,2013-36,2013-09-02,764.61,246.4905812025736,295.65,642.0990812025736,451.4443041350491,352.14442711457883,297.2402446370857,4.0,6.0,1.0,9.0,6.166666666666667,4.163331998932267,4.569331228832934
EMEA,Copiers,2013,37,9,3,Summer,0.0,0.0,246.4905812025736,2,-0.970941817426052,-0.23931566428755774,2013-37,2013-09-09,492.9811624051472,1064.3145812025737,104.112,437.6430812025736,463.3091859019302,247.01432194076324,284.6922401099563,10.0,14.0,2.0,6.0,6.166666666666667,3.651483716701109,4.569331228832934
EMEA,Copiers,2013,39,9,3,Autumn,0.0,0.0,104.772,1,-1.0,-1.8369701987210297e-16,2013-39,2013-09-23,246.4905812025736,246.4905812025736,790.0365812025736,402.2134359019302,406.20380413504904,289.9948649613,281.9110457187632,2.0,8.0,14.0,4.25,5.083333333333333,4.031128874149276,4.05548636996473
EMEA,Copiers,2013,43,10,4,Autumn,0.0,0.0,318.18,1,-0.8854560256532101,0.464723172043768,2013-43,2013-10-21,104.772,764.61,624.8805812025736,290.6059359019302,380.6454223681679,161.44811092749012,274.0773118207838,1.0,4.0,7.0,3.5,4.583333333333333,4.358898943540675,4.166060561977059
EMEA,Copiers,2013,44,11,4,Autumn,0.0,0.0,541.7805812025736,9,-0.822983865893657,0.5680647467311548,2013-44,2013-10-28,318.18,492.9811624051472,176.865,302.8057906012868,411.05505413504903,182.33129360873065,269.61980501602136,1.0,10.0,2.0,3.25,5.166666666666667,3.8622100754188238,4.260459500043999
EMEA,Copiers,2013,46,11,4,Autumn,0.0,0.0,191.898,2,-0.6631226582407955,0.7485107481711007,2013-46,2013-11-11,541.7805812025736,246.4905812025736,319.98,289.15764530064337,400.3815541350491,189.84041509730176,276.0124004938417,9.0,2.0,1.0,3.25,5.25,3.8622100754188238,4.180582821482279
EMEA,Copiers,2013,47,11,4,Autumn,0.0,0.0,530.142,3,-0.5680647467311559,0.8229838658936564,2013-47,2013-11-18,191.898,104.772,246.4905812025736,395.50014530064345,424.019172368168,170.25337334384687,273.771934829348,2.0,1.0,4.0,3.75,5.166666666666667,3.5939764421413054,4.217567875906539
EMEA,Copiers,2013,48,11,4,Autumn,0.0,0.0,385.86,2,-0.4647231720437684,0.88545602565321,2013-48,2013-11-25,530.142,318.18,340.08,412.4201453006434,427.8341723681679,163.22583061205194,272.8132032229151,3.0,1.0,2.0,4.0,5.166666666666667,3.3665016461206942,4.217567875906539
EMEA,Copiers,2013,50,12,4,Autumn,0.0,0.0,612.84,3,-0.2393156642875578,0.970941817426052,2013-50,2013-12-09,385.86,541.7805812025736,246.4905812025736,430.18500000000006,458.3632906012868,184.480939275579,271.16831670988995,2.0,9.0,6.0,2.5,4.916666666666667,0.5773502691896334,4.252450274057692
EMEA,Copiers,2013,51,12,4,Autumn,0.0,0.0,142.47,1,-0.12053668025532363,0.992708874098054,2013-51,2013-12-16,612.84,191.898,1064.3145812025737,417.82800000000003,381.54290883440564,206.14565718442842,206.84864199959853,3.0,2.0,14.0,2.25,3.8333333333333335,0.9574271077563427,3.2706222186259453
EMEA,Copiers,2013,52,12,4,Winter,0.0,0.0,246.4905812025736,4,6.432490598706546e-16,1.0,2013-52,2013-12-23,142.47,530.142,246.4905812025736,346.9151453006434,381.54290883440564,203.40078708936227,206.84864199959853,1.0,3.0,8.0,2.5,3.5,1.290994448735809,3.0000000000000004
EMEA,Copiers,2014,1,12,4,Winter,0.0,0.0,246.4905812025736,6,0.12053668025532305,0.992708874098054,2014-1,2013-12-30,246.4905812025736,385.86,764.61,312.0727906012868,338.36629060128683,206.42034235064023,170.50141513355223,4.0,2.0,4.0,3.5,3.6666666666666665,2.081665999466135,3.0846639225613406
EMEA,Copiers,2014,2,1,1,Winter,0.0,0.0,503.4,4,0.23931566428755774,0.970941817426052,2014-2,2014-01-06,246.4905812025736,612.84,492.9811624051472,284.71279060128677,339.23452706752454,153.81697090511636,171.38456990804522,6.0,3.0,10.0,3.75,3.1666666666666665,2.0615528128088325,2.367712103711219
EMEA,Copiers,2014,3,1,1,Winter,0.0,0.0,246.4905812025736,4,0.3546048870425356,0.9350162426854148,2014-3,2014-01-13,503.4,142.47,246.4905812025736,310.7179359019302,339.23452706752454,128.45470939871302,171.38456990804522,4.0,1.0,2.0,4.5,3.3333333333333335,1.0000000000000042,2.348435972120917
EMEA,Copiers,2014,4,1,1,Winter,0.0,0.0,475.2,2,0.4647231720437685,0.8854560256532099,2014-4,2014-01-20,246.4905812025736,246.4905812025736,104.772,367.8952906012868,370.10352706752457,140.65801773183037,158.1652099796815,4.0,4.0,1.0,4.0,3.4166666666666665,1.6329931618554547,2.2746961169005466
EMEA,Copiers,2014,6,2,1,Winter,0.0,0.0,246.4905812025736,2,0.6631226582407952,0.7485107481711011,2014-6,2014-02-03,475.2,246.4905812025736,318.18,367.8952906012868,364.1294088344057,140.65801773183037,161.62087983510392,2.0,6.0,1.0,3.0,3.5,1.1547005383792552,2.1950357213908434
EMEA,Copiers,2014,7,2,1,Winter,0.0,0.0,262.29,1,0.7485107481711011,0.6631226582407953,2014-7,2014-02-10,246.4905812025736,503.4,541.7805812025736,307.6177906012868,340.8385270675245,111.96945560508368,153.6336080809306,2.0,4.0,9.0,2.25,2.8333333333333335,1.2583057392117951,1.4668044012461756
EMEA,Copiers,2014,9,2,1,Winter,0.0,0.0,246.4905812025736,4,0.8854560256532099,0.4647231720437686,2014-9,2014-02-24,262.29,246.4905812025736,191.898,307.6177906012868,345.38790883440566,111.96945560508368,149.5769891891702,1.0,4.0,2.0,2.25,3.0,1.2583057392117951,1.477097891751993
EMEA,Copiers,2014,10,3,1,Winter,0.0,0.0,112.872,2,0.9350162426854148,0.35460488704253557,2014-10,2014-03-03,246.4905812025736,475.2,530.142,217.03579060128678,310.6154088344057,69.84079065861812,151.2151042322082,4.0,2.0,3.0,2.25,2.9166666666666665,1.2583057392117951,1.5050420310248867
EMEA,Copiers,2014,11,3,1,Winter,0.0,0.0,263.73,1,0.970941817426052,0.23931566428755804,2014-11,2014-03-10,112.872,246.4905812025736,385.86,221.3456453006434,300.4379088344057,72.73622030173988,149.7936763486319,2.0,2.0,2.0,2.0,2.8333333333333335,1.4142135623730983,1.5859229221975182
EMEA,Copiers,2014,13,3,1,Spring,0.0,0.0,245.13,1,1.0,-1.6081226496766366e-16,2014-13,2014-03-24,263.73,262.29,612.84,217.0556453006434,269.7954088344057,69.96978437884886,113.22381084079129,1.0,1.0,3.0,2.0,2.6666666666666665,1.4142135623730983,1.6696942198734437
EMEA,Copiers,2014,14,3,1,Spring,0.0,0.0,246.4905812025736,4,0.992708874098054,-0.12053668025532288,2014-14,2014-03-31,245.13,246.4905812025736,142.47,217.0556453006434,278.4637906012868,69.96978437884886,106.36370275489499,1.0,4.0,1.0,2.0,2.9166666666666665,1.4142135623730983,1.6213537179739277
EMEA,Copiers,2014,15,4,2,Spring,0.0,0.0,526.62,2,0.9709418174260521,-0.2393156642875575,2014-15,2014-04-07,246.4905812025736,112.872,246.4905812025736,320.4926453006434,301.8079088344057,137.678754176,127.37398541729934,4.0,2.0,4.0,2.0,2.75,1.4142135623730983,1.6025547785276542
EMEA,Copiers,2014,17,4,2,Spring,0.0,0.0,246.4905812025736,2,0.8854560256532099,-0.4647231720437685,2014-17,2014-04-21,526.62,263.73,246.4905812025736,316.1827906012868,301.8079088344057,140.2929390638225,127.37398541729934,2.0,1.0,6.0,2.25,2.4166666666666665,1.2583057392117951,1.2401124093721452
EMEA,Copiers,2014,18,5,2,Spring,0.0,0.0,246.4905812025736,4,0.8229838658936565,-0.5680647467311557,2014-18,2014-04-28,246.4905812025736,245.13,503.4,316.52293590193017,280.39879060128675,140.06470939871306,110.94055950066416,2.0,1.0,4.0,3.0,2.4166666666666665,1.1547005383792552,1.2401124093721452
EMEA,Copiers,2014,19,5,2,Spring,0.0,0.0,613.68,2,0.7485107481711013,-0.663122658240795,2014-19,2014-05-05,246.4905812025736,246.4905812025736,246.4905812025736,408.3202906012868,310.9979088344057,190.21491457146354,145.8756664234785,4.0,4.0,4.0,2.5,2.25,1.0000000000000044,1.1381803659589917
EMEA,Copiers,2014,20,5,2,Spring,0.0,0.0,230.796,3,0.6631226582407952,-0.7485107481711012,2014-20,2014-05-12,613.68,526.62,475.2,334.3642906012868,290.63090883440566,186.3573931472873,137.69830452807187,2.0,2.0,2.0,2.75,2.3333333333333335,0.9574271077563429,1.154700538379251
EMEA,Copiers,2014,22,5,2,Spring,0.0,0.0,246.4905812025736,6,0.46472317204376906,-0.8854560256532096,2014-22,2014-05-26,230.796,246.4905812025736,246.4905812025736,334.3642906012868,290.63090883440566,186.3573931472873,137.69830452807187,3.0,2.0,2.0,3.75,2.6666666666666665,1.7078251276599357,1.5569978883230458
EMEA,Copiers,2014,23,6,2,Spring,0.0,0.0,624.9405812025736,3,0.35460488704253584,-0.9350162426854147,2014-23,2014-06-02,246.4905812025736,246.4905812025736,262.29,428.97679060128684,320.85179060128684,219.91962560071164,167.4865485391425,6.0,4.0,1.0,3.5,2.8333333333333335,1.7320508075688799,1.4668044012461754
EMEA,Copiers,2014,24,6,2,Spring,0.0,0.0,563.838,3,0.23931566428755768,-0.970941817426052,2014-24,2014-06-09,624.9405812025736,613.68,246.4905812025736,416.5162906012868,347.29740883440564,206.99850174205793,179.31420953861294,3.0,2.0,4.0,3.75,2.75,1.5000000000000029,1.4222261679238195
EMEA,Copiers,2014,25,6,2,Spring,0.0,0.0,324.138,3,0.12053668025532308,-0.992708874098054,2014-25,2014-06-16,563.838,230.796,112.872,439.85179060128684,364.90290883440565,182.94687677279396,163.91546754748433,3.0,3.0,2.0,3.75,2.8333333333333335,1.5000000000000029,1.403458930534474
EMEA,Copiers,2014,27,6,2,Summer,0.0,0.0,152.652,1,-0.12053668025532283,-0.992708874098054,2014-27,2014-06-30,324.138,246.4905812025736,263.73,416.39214530064345,355.6464088344057,218.55771301384112,173.03110146771317,3.0,6.0,1.0,2.5,2.8333333333333335,1.0000000000000044,1.403458930534474
EMEA,Copiers,2014,28,7,3,Summer,0.0,0.0,861.99,4,-0.23931566428755743,-0.9709418174260521,2014-28,2014-07-07,152.652,624.9405812025736,245.13,475.65450000000004,407.05140883440566,307.8524067422566,221.93316975637828,1.0,3.0,1.0,2.75,3.0833333333333335,1.2583057392117951,1.3113721705515067
EMEA,Copiers,2014,31,8,3,Summer,0.0,0.0,668.2455812025736,9,-0.5680647467311556,-0.8229838658936566,2014-31,2014-07-28,861.99,563.838,246.4905812025736,501.7563953006435,442.1976588344057,321.9260122783819,227.51966146003352,4.0,3.0,4.0,4.25,3.5,3.403429642777024,2.15322168769582
EMEA,Copiers,2014,32,8,3,Summer,0.0,0.0,295.65,1,-0.663122658240795,-0.7485107481711013,2014-32,2014-08-04,668.2455812025736,324.138,526.62,494.63439530064346,422.9501588344057,327.4333176098772,229.4896807754775,9.0,3.0,2.0,3.75,3.4166666666666665,3.7749172176353762,2.2343733444579583
EMEA,Copiers,2014,33,8,3,Summer,0.0,0.0,246.4905812025736,4,-0.7485107481711011,-0.6631226582407952,2014-33,2014-08-11,295.65,152.652,246.4905812025736,518.0940406012869,422.9501588344057,296.68148262183803,229.4896807754775,1.0,1.0,2.0,4.5,3.5833333333333335,3.316624790355401,2.1933093855190746
EMEA,Copiers,2014,34,8,3,Summer,0.0,0.0,251.502,2,-0.8229838658936564,-0.5680647467311559,2014-34,2014-08-18,246.4905812025736,861.99,246.4905812025736,365.47204060128684,423.3677770675245,203.0539272190789,229.143671718814,4.0,4.0,4.0,4.0,3.4166666666666665,3.5590260840104384,2.2343733444579583
EMEA,Copiers,2014,35,8,3,Summer,0.0,0.0,243.69,1,-0.8854560256532096,-0.4647231720437691,2014-35,2014-08-25,251.502,668.2455812025736,613.68,259.3331453006434,392.5352770675245,24.425943990518284,226.07977069167475,2.0,9.0,2.0,2.0,3.3333333333333335,1.414213562373098,2.309401076758503
EMEA,Copiers,2014,36,9,3,Summer,0.0,0.0,1145.6911624051472,7,-0.9350162426854147,-0.3546048870425359,2014-36,2014-09-01,243.69,295.65,230.796,471.8434359019302,468.7765406012868,449.24344043583756,306.52956561623876,1.0,1.0,3.0,3.5,3.6666666666666665,2.6457513110645925,2.534608929251695
EMEA,Copiers,2014,37,9,3,Summer,0.0,0.0,792.2265812025736,11,-0.970941817426052,-0.23931566428755774,2014-37,2014-09-08,1145.6911624051472,246.4905812025736,246.4905812025736,608.2774359019302,514.2545406012867,440.78094013975823,311.00336446248645,7.0,4.0,6.0,5.25,4.083333333333333,4.645786621588786,3.2601821849074444
EMEA,Copiers,2014,38,9,3,Summer,0.0,0.0,543.2731624051472,11,-0.992708874098054,-0.12053668025532357,2014-38,2014-09-15,792.2265812025736,251.502,624.9405812025736,681.220226503217,507.44892236816787,382.32523357236346,309.249664265245,11.0,2.0,3.0,7.5,4.75,4.72581562625261,3.792936017963345
EMEA,Copiers,2014,39,9,3,Autumn,0.0,0.0,595.0740000000001,5,-1.0,-1.8369701987210297e-16,2014-39,2014-09-22,543.2731624051472,243.69,563.838,769.066226503217,510.05192236816794,273.03146769269034,309.8982270147367,11.0,1.0,3.0,8.5,4.916666666666667,3.0000000000000018,3.7527767497325675
EMEA,Copiers,2014,40,9,3,Autumn,0.0,0.0,677.832,5,-0.992708874098054,0.1205366802553232,2014-40,2014-09-29,595.0740000000001,1145.6911624051472,324.138,652.1014359019302,539.5264223681679,108.61681857516318,307.41846462147504,5.0,7.0,3.0,8.0,5.083333333333333,3.4641016151377557,3.7040109300185615
EMEA,Copiers,2014,43,10,4,Autumn,0.0,0.0,246.4905812025736,2,-0.8854560256532101,0.464723172043768,2014-43,2014-10-20,677.832,792.2265812025736,152.652,515.6674359019303,547.3463041350491,187.81285322769764,297.7234249200275,5.0,11.0,1.0,5.75,5.166666666666667,3.7749172176353762,3.613946051147701
EMEA,Copiers,2014,45,11,4,Autumn,0.0,0.0,521.34,2,-0.7485107481711011,0.6631226582407952,2014-45,2014-11-03,246.4905812025736,543.2731624051472,861.99,510.1841453006434,518.958804135049,187.05688925831248,280.751764479104,2.0,11.0,4.0,3.5,5.0,1.73205080756888,3.7172815091383407
EMEA,Copiers,2014,48,11,4,Autumn,0.0,0.0,145.5,1,-0.4647231720437684,0.88545602565321,2014-48,2014-11-24,521.34,595.0740000000001,668.2455812025736,397.7906453006434,475.3966723681679,245.1053395928458,295.6426144903065,2.0,5.0,9.0,2.5,4.333333333333333,1.73205080756888,3.6514837167011076
EMEA,Copiers,2014,49,12,4,Autumn,0.0,0.0,471.087,3,-0.35460488704253595,0.9350162426854147,2014-49,2014-12-01,145.5,677.832,295.65,346.10439530064343,490.0164223681679,179.34436521664676,290.2342271177548,1.0,5.0,1.0,2.0,4.5,0.8164965809277317,3.5290998079603044
EMEA,Copiers,2014,50,12,4,Autumn,0.0,0.0,1159.8405812025735,8,-0.2393156642875578,0.970941817426052,2014-50,2014-12-08,471.087,246.4905812025736,246.4905812025736,574.4418953006434,566.128922368168,424.33666534444933,336.6191790928861,3.0,2.0,4.0,3.5,4.833333333333333,3.1091263510296065,3.6639108100829128
EMEA,Copiers,2014,51,12,4,Autumn,0.0,0.0,1190.3551624051472,11,-0.12053668025532363,0.992708874098054,2014-51,2014-12-15,1159.8405812025735,521.34,251.502,741.6956859019301,644.3666859019303,517.9507171201292,364.77287028101017,8.0,2.0,2.0,5.75,5.583333333333333,4.573474244670749,3.941811612428832
EMEA,Copiers,2014,52,12,4,Winter,0.0,0.0,837.1545812025736,9,6.432490598706546e-16,1.0,2014-52,2014-12-22,1190.3551624051472,145.5,243.69,914.6093312025736,693.8220676688112,336.09791528416605,345.21759466696784,11.0,1.0,1.0,7.75,6.25,3.4034296427770245,3.768891807222045
EMEA,Machines,2011,26,6,2,Summer,0.0,0.0,61.392,4,-3.216245299353273e-16,-1.0,2011-26,2011-06-27,117.03,408.168,193.35000000000002,190.6335,286.5432635337623,155.40812499029738,369.874455803917,1.0,6.0,3.0,2.0,4.333333333333333,1.414213562373094,5.630006189780762
EMEA,Machines,2011,30,7,3,Summer,0.0,0.0,144.96,3,-0.46472317204376806,-0.8854560256532101,2011-30,2011-07-25,61.392,414.042,579.4905812025736,123.363,250.33238176688113,46.649351506745106,359.7184754906107,4.0,2.0,12.0,2.25,3.5833333333333335,1.499999999999999,5.089353117196246
EMEA,Machines,2011,31,8,3,Summer,0.0,0.0,379.44,8,-0.5680647467311556,-0.8229838658936566,2011-31,2011-08-01,144.96,170.07,1317.3405812025735,175.7055,172.17399999999998,140.1944160121932,144.0418769411425,3.0,1.0,19.0,4.0,2.6666666666666665,2.9439202887759484,2.2696949467968466
EMEA,Machines,2011,32,8,3,Summer,0.0,0.0,68.892,1,-0.663122658240795,-0.7485107481711013,2011-32,2011-08-08,379.44,117.03,19.512,163.671,176.289,148.71719869604823,139.93081797802785,8.0,1.0,1.0,4.0,2.6666666666666665,2.9439202887759484,2.2696949467968466
EMEA,Machines,2011,33,8,3,Summer,0.0,0.0,256.32,2,-0.7485107481711011,-0.6631226582407952,2011-33,2011-08-15,68.892,61.392,104.82,212.403,188.914,135.3686665222049,139.7307239983064,1.0,4.0,2.0,3.5,2.6666666666666665,3.1091263510296048,2.2696949467968466
EMEA,Machines,2011,34,8,3,Summer,0.0,0.0,277.056,6,-0.8229838658936564,-0.5680647467311559,2011-34,2011-08-22,256.32,144.96,80.97,245.42700000000002,205.2545,129.41295850107105,137.40596429591722,2.0,3.0,1.0,4.25,3.0833333333333335,3.3040379335998344,2.39158879611378
EMEA,Machines,2011,36,9,3,Summer,0.0,0.0,51.63,1,-0.9350162426854147,-0.3546048870425359,2011-36,2011-09-05,277.056,379.44,44.784,163.4745,205.82500000000002,119.68860360535534,136.69148714997837,6.0,8.0,2.0,2.5,3.0,2.380476142847616,2.4494897427831757
EMEA,Machines,2011,37,9,3,Summer,0.0,0.0,39.96,1,-0.970941817426052,-0.23931566428755774,2011-37,2011-09-12,51.63,68.892,120.9,156.2415,199.08,127.90204943236787,143.1093642676498,1.0,1.0,1.0,2.5,3.0,2.380476142847616,2.4494897427831757
EMEA,Machines,2011,39,9,3,Autumn,0.0,0.0,246.4905812025736,2,-1.0,-1.8369701987210297e-16,2011-39,2011-09-26,39.96,256.32,408.168,153.7841453006434,185.60688176688112,125.40845116948132,128.50004033918088,1.0,2.0,6.0,2.5,2.6666666666666665,2.380476142847616,2.2696949467968466
EMEA,Machines,2011,40,10,4,Autumn,0.0,0.0,78.408,6,-0.992708874098054,0.1205366802553232,2011-40,2011-10-03,246.4905812025736,277.056,414.042,104.1221453006434,157.63738176688113,96.26732747502115,109.36026612896268,2.0,6.0,2.0,2.5,3.0,2.380476142847616,2.4494897427831757
EMEA,Machines,2011,43,10,4,Autumn,0.0,0.0,129.528,2,-0.8854560256532101,0.464723172043768,2011-43,2011-10-24,78.408,51.63,170.07,123.5966453006434,154.25888176688113,89.7685961259836,109.56730687156255,6.0,1.0,1.0,2.75,3.0833333333333335,2.2173557826083448,2.39158879611378
EMEA,Machines,2011,44,11,4,Autumn,0.0,0.0,310.152,6,-0.822983865893657,0.5680647467311548,2011-44,2011-10-31,129.528,39.96,117.03,191.1446453006434,170.3523817668811,106.03786315140317,117.4980107583225,2.0,1.0,1.0,4.0,3.5,2.3094010767585025,2.4308621740219865
EMEA,Machines,2011,45,11,4,Autumn,0.0,0.0,491.94,6,-0.7485107481711011,0.6631226582407952,2011-45,2011-11-07,310.152,246.4905812025736,61.392,252.507,206.23138176688113,188.04733779556662,143.9577613455537,6.0,2.0,4.0,5.0,3.6666666666666665,1.9999999999999993,2.534608929251693
EMEA,Machines,2011,47,11,4,Autumn,0.0,0.0,246.4905812025736,6,-0.5680647467311559,0.8229838658936564,2011-47,2011-11-21,491.94,78.408,144.96,294.52764530064337,214.69226353376226,151.38053675447182,143.00978677259045,6.0,6.0,3.0,5.0,3.9166666666666665,1.9999999999999993,2.6097137890209434
EMEA,Machines,2011,48,11,4,Autumn,0.0,0.0,84.84,1,-0.4647231720437684,0.88545602565321,2011-48,2011-11-28,246.4905812025736,129.528,379.44,283.3556453006434,190.14226353376228,168.318123435561,137.33077318988643,6.0,2.0,8.0,4.75,3.3333333333333335,2.4999999999999996,2.3868325657594176
EMEA,Machines,2011,49,12,4,Autumn,0.0,0.0,625.992,10,-0.35460488704253595,0.9350162426854147,2011-49,2011-12-05,84.84,310.152,68.892,362.3156453006434,236.56726353376226,242.7178557963244,180.11540562673966,1.0,6.0,1.0,5.75,4.083333333333333,3.6855573979159963,2.9374798516394742
EMEA,Machines,2011,52,12,4,Winter,0.0,0.0,295.27058120257357,5,6.432490598706546e-16,1.0,2011-52,2011-12-26,625.992,491.94,256.32,313.1482906012868,239.8131453006434,227.1260478113832,180.85318825224468,10.0,6.0,2.0,5.5,4.333333333333333,3.696845502136472,2.870962250261092
EMEA,Machines,2012,1,1,1,Winter,0.0,0.0,155.358,6,0.12053668025532305,0.992708874098054,2012-1,2012-01-02,295.27058120257357,246.4905812025736,277.056,290.3651453006434,229.67164530064338,240.23388848498624,181.98353416664722,5.0,6.0,6.0,5.5,4.333333333333333,3.696845502136472,2.870962250261092
EMEA,Machines,2012,3,1,1,Winter,0.0,0.0,509.2305812025736,7,0.3546048870425356,0.9350162426854148,2012-3,2012-01-16,155.358,84.84,51.63,396.4627906012868,267.8050270675245,211.1647191634826,189.08934571859044,6.0,1.0,1.0,7.0,4.833333333333333,2.160246899469286,2.757908737804896
EMEA,Machines,2012,7,2,1,Winter,0.0,0.0,384.51599999999996,3,0.7485107481711011,0.6631226582407953,2012-7,2012-02-13,509.2305812025736,625.992,39.96,336.0937906012868,296.51802706752454,149.05593922266226,177.1279572724385,7.0,10.0,1.0,5.25,5.0,1.7078251276599323,2.5584085962673226
EMEA,Machines,2012,8,2,1,Winter,0.0,0.0,238.8,2,0.8229838658936564,0.5680647467311559,2012-8,2012-02-20,384.51599999999996,295.27058120257357,246.4905812025736,321.9761453006434,295.87714530064335,156.69007060783682,177.33920816490286,3.0,5.0,2.0,4.5,5.0,2.380476142847616,2.5584085962673226
EMEA,Machines,2012,9,2,1,Winter,0.0,0.0,312.09,1,0.8854560256532099,0.4647231720437686,2012-9,2012-02-27,238.8,155.358,78.408,361.1591453006434,315.3506453006434,115.25368287788159,163.5849969089776,2.0,6.0,6.0,3.25,4.583333333333333,2.629955639676583,2.7784342658585532
EMEA,Machines,2012,10,3,1,Winter,0.0,0.0,167.1,1,0.9350162426854148,0.35460488704253557,2012-10,2012-03-05,312.09,509.2305812025736,129.528,275.6265,318.4816453006434,93.66732327231269,160.02588533346176,1.0,7.0,2.0,1.75,4.5,0.9574271077563369,2.8762349126466114
EMEA,Machines,2012,12,3,1,Spring,0.0,0.0,80.16,2,0.992708874098054,0.120536680255323,2012-12,2012-03-19,167.1,384.51599999999996,310.152,199.53749999999997,299.3156453006434,99.18465619741737,174.25449536403303,1.0,3.0,6.0,1.5,4.166666666666667,0.5773502691896237,2.918073253904278
EMEA,Machines,2012,16,4,2,Spring,0.0,0.0,125.64,1,0.9350162426854148,-0.35460488704253545,2012-16,2012-04-16,80.16,238.8,491.94,171.2475,268.7906453006434,100.38391018983003,169.4613661918157,2.0,2.0,6.0,1.25,3.75,0.49999999999999756,2.988614759686863
EMEA,Machines,2012,18,5,2,Spring,0.0,0.0,512.34,2,0.8229838658936565,-0.5680647467311557,2012-18,2012-04-30,125.64,312.09,246.4905812025736,221.31,290.9447635337622,197.24203101773185,183.10901790190806,1.0,1.0,6.0,1.5,3.4166666666666665,0.5773502691896237,2.9374798516394733
EMEA,Machines,2012,21,5,2,Spring,0.0,0.0,135.402,7,0.5680647467311558,-0.8229838658936564,2012-21,2012-05-21,512.34,167.1,84.84,213.38550000000004,295.15826353376224,200.75152632296445,178.4578818546234,2.0,1.0,1.0,3.0,3.9166666666666665,2.7080128015453195,2.998737107921304
EMEA,Machines,2012,23,6,2,Spring,0.0,0.0,65.592,2,0.35460488704253584,-0.9350162426854147,2012-23,2012-06-04,135.402,80.16,625.992,209.74350000000004,248.45826353376228,204.078705486388,155.9132625197469,7.0,2.0,10.0,3.0,3.25,2.7080128015453195,2.340357393064724
EMEA,Machines,2012,24,6,2,Spring,0.0,0.0,107.4,1,0.23931566428755768,-0.970941817426052,2012-24,2012-06-11,65.592,125.64,295.27058120257357,205.18350000000004,232.80238176688113,206.77038229156489,160.15990893873948,2.0,1.0,5.0,3.0,2.9166666666666665,2.7080128015453195,2.3532698077098533
EMEA,Machines,2012,25,6,2,Spring,0.0,0.0,348.42,10,0.12053668025532308,-0.992708874098054,2012-25,2012-06-18,107.4,512.34,155.358,164.20350000000002,248.89088176688117,126.11649484900798,161.36544750561558,1.0,2.0,6.0,5.0,3.25,4.242640687119285,3.01887998496733
EMEA,Machines,2012,26,6,2,Summer,0.0,0.0,370.008,4,-3.216245299353273e-16,-1.0,2012-26,2012-06-25,348.42,135.402,509.2305812025736,222.85500000000002,237.289,158.62122895753865,145.13449481460592,10.0,7.0,7.0,4.25,3.0,4.031128874149275,2.7961011816781234
EMEA,Machines,2012,27,7,3,Summer,0.0,0.0,170.07,1,-0.12053668025532283,-0.992708874098054,2012-27,2012-07-02,370.008,65.592,384.51599999999996,248.97450000000003,219.4185,130.13809942134515,138.40473738115114,4.0,2.0,3.0,4.0,2.8333333333333335,4.242640687119285,2.8550858396053753
EMEA,Machines,2012,28,7,3,Summer,0.0,0.0,191.04,4,-0.23931566428755743,-0.9709418174260521,2012-28,2012-07-09,170.07,107.4,238.8,269.8845,215.4385,103.87802077918084,138.48340778361717,1.0,1.0,2.0,4.75,3.0,3.774917217635374,2.8603877677367735
EMEA,Machines,2012,29,7,3,Summer,0.5,0.2,138.096,3,-0.3546048870425356,-0.9350162426854148,2012-29,2012-07-16,191.04,348.42,312.09,217.3035,200.939,104.1045425377773,136.53894562491536,4.0,10.0,1.0,3.0,3.1666666666666665,1.4142135623730934,2.7906771199618863
EMEA,Machines,2012,31,8,3,Summer,0.0,0.0,265.65,1,-0.5680647467311556,-0.8229838658936566,2012-31,2012-07-30,138.096,370.008,167.1,191.21400000000003,209.15150000000003,54.18898729446663,137.2803416109464,3.0,4.0,1.0,2.25,3.1666666666666665,1.4999999999999984,2.7906771199618863
EMEA,Machines,2012,32,8,3,Summer,0.0,0.0,86.97,1,-0.663122658240795,-0.7485107481711013,2012-32,2012-08-06,265.65,170.07,80.16,170.43900000000002,209.71900000000002,76.38210814058388,136.71152818185504,1.0,1.0,2.0,2.25,3.0833333333333335,1.4999999999999984,2.84312035153866
EMEA,Machines,2012,33,8,3,Summer,0.0,0.0,122.37,1,-0.7485107481711011,-0.6631226582407952,2012-33,2012-08-13,86.97,191.04,125.64,153.27150000000003,209.4465,77.91023609898663,136.89748646374363,1.0,4.0,1.0,1.5,3.0833333333333335,0.9999999999999973,2.84312035153866
EMEA,Machines,2012,34,8,3,Summer,0.0,0.0,50.28,1,-0.8229838658936564,-0.5680647467311559,2012-34,2012-08-20,122.37,138.096,512.34,131.31750000000002,170.9415,94.2674483849002,105.29094836387213,1.0,3.0,2.0,1.0,3.0,0.0,2.8919952219248812
EMEA,Machines,2012,35,8,3,Summer,0.0,0.0,601.332,7,-0.8854560256532096,-0.4647231720437691,2012-35,2012-08-27,50.28,265.65,135.402,215.23800000000003,209.769,259.07326109809145,161.76021851549837,1.0,1.0,7.0,2.5,3.0,2.999999999999999,2.8919952219248812
EMEA,Machines,2012,36,9,3,Summer,0.0,0.0,311.85,1,-0.9350162426854147,-0.3546048870425359,2012-36,2012-09-03,601.332,86.97,65.592,271.458,230.29049999999998,246.0320500585237,157.36754630222137,7.0,1.0,2.0,2.5,2.9166666666666665,2.999999999999999,2.937479851639473
EMEA,Machines,2012,37,9,3,Summer,0.0,0.0,343.02,2,-0.970941817426052,-0.23931566428755774,2012-37,2012-09-10,311.85,122.37,107.4,326.6205,249.92550000000003,225.3276070103261,155.326476523424,1.0,1.0,1.0,2.75,3.0,2.8722813232690134,2.8919952219248812
EMEA,Machines,2012,41,10,4,Autumn,0.0,0.0,84.6,1,-0.9709418174260521,0.23931566428755738,2012-41,2012-10-08,343.02,50.28,348.42,335.20050000000003,227.94050000000001,211.5285452155334,158.75101406147118,2.0,1.0,10.0,2.75,2.25,2.8722813232690134,1.9128750375000676
EMEA,Machines,2012,43,10,4,Autumn,0.0,0.0,71.67,1,-0.8854560256532101,0.464723172043768,2012-43,2012-10-22,84.6,601.332,370.008,202.78500000000003,203.07899999999998,144.5912248374703,157.83791846183098,1.0,7.0,4.0,1.25,2.0,0.49999999999999445,1.8586407545691634
EMEA,Machines,2012,44,11,4,Autumn,0.0,0.0,210.08999999999997,2,-0.822983865893657,0.5680647467311548,2012-44,2012-10-29,71.67,311.85,170.07,177.34500000000003,206.41400000000002,126.87169542494443,157.4994911645459,1.0,1.0,1.0,1.5,2.0833333333333335,0.577350269189621,1.8319554050414495
EMEA,Machines,2012,45,11,4,Autumn,0.0,0.0,1247.091162405147,10,-0.7485107481711011,0.6631226582407952,2012-45,2012-11-05,210.08999999999997,343.02,191.04,403.3627906012868,294.4182635337623,565.9392667599562,338.80841711157893,2.0,2.0,4.0,3.5,2.5833333333333335,4.358898943540673,2.9063670960444203
EMEA,Machines,2012,46,11,4,Autumn,0.0,0.0,1395.3600000000001,9,-0.6631226582407955,0.7485107481711007,2012-46,2012-11-12,1247.091162405147,84.6,138.096,731.0527906012869,399.1902635337622,686.4856306739192,459.11105526888156,10.0,1.0,3.0,5.5,3.0833333333333335,4.654746681256313,3.449857265382893
EMEA,Machines,2012,47,11,4,Autumn,0.0,0.0,489.27,2,-0.5680647467311559,0.8229838658936564,2012-47,2012-11-19,1395.3600000000001,71.67,265.65,835.4527906012868,417.8252635337622,575.5760525059833,457.73421923131593,9.0,1.0,1.0,5.75,3.1666666666666665,4.349329450233295,3.406766884607837
EMEA,Machines,2012,48,11,4,Autumn,0.0,0.0,623.5545812025736,14,-0.4647231720437684,0.88545602565321,2012-48,2012-11-26,489.27,210.08999999999997,86.97,938.8189359019302,462.54064530064346,449.05358550162975,448.5930056956985,2.0,2.0,1.0,8.75,4.25,4.991659710623978,4.53521574108463
EMEA,Machines,2012,49,12,4,Autumn,0.0,0.0,67.98,1,-0.35460488704253595,0.9350162426854147,2012-49,2012-12-03,623.5545812025736,1247.091162405147,122.37,644.0411453006435,458.00814530064343,553.9856409926341,452.5993657420248,14.0,10.0,1.0,6.5,4.25,6.137317546507322,4.53521574108463
EMEA,Machines,2012,51,12,4,Autumn,0.0,0.0,732.4905812025736,12,-0.12053668025532363,0.992708874098054,2012-51,2012-12-17,67.98,1395.3600000000001,50.28,478.3237906012869,514.8590270675245,291.08680604959625,439.3820183587613,1.0,9.0,1.0,7.25,5.166666666666667,6.701989754294366,4.9144191062133835
EMEA,Machines,2013,2,1,1,Winter,0.0,0.0,246.4905812025736,2,0.23931566428755774,0.970941817426052,2013-2,2013-01-07,732.4905812025736,489.27,601.332,417.6289359019303,485.2889088344057,312.56249609769714,444.9385538381623,12.0,2.0,7.0,7.25,4.75,6.701989754294366,4.956630086881793
EMEA,Machines,2013,3,1,1,Winter,0.0,0.0,173.82,1,0.3546048870425356,0.9350162426854148,2013-3,2013-01-14,246.4905812025736,623.5545812025736,311.85,305.1952906012869,473.7864088344056,294.1417285092625,451.5647159504356,2.0,14.0,1.0,4.0,4.75,5.354126134736336,4.956630086881793
EMEA,Machines,2013,4,1,1,Winter,0.0,0.0,20.916,1,0.4647231720437685,0.8854560256532099,2013-4,2013-01-21,173.82,67.98,343.02,293.4292906012869,446.9444088344057,307.43451080241897,469.27056137989,1.0,1.0,2.0,4.0,4.666666666666667,5.354126134736336,5.015128627614166
EMEA,Machines,2013,5,1,1,Winter,0.0,0.0,246.4905812025736,10,0.5680647467311558,0.8229838658936564,2013-5,2013-01-28,20.916,732.4905812025736,84.6,171.92929060128685,460.4352906012868,106.34434765188816,460.1450045429642,1.0,12.0,1.0,3.5,5.416666666666667,4.358898943540672,5.0893531171962465
EMEA,Machines,2013,6,2,1,Winter,0.0,0.0,101.328,1,0.6631226582407952,0.7485107481711011,2013-6,2013-02-04,246.4905812025736,246.4905812025736,71.67,135.63864530064345,462.9067906012868,96.75479878815011,457.9414385450675,10.0,2.0,1.0,3.25,5.416666666666667,4.499999999999999,5.0893531171962465
EMEA,Machines,2013,12,3,1,Spring,0.0,0.0,179.28,4,0.992708874098054,0.120536680255323,2013-12,2013-03-18,101.328,173.82,210.08999999999997,137.00364530064346,460.3392906012868,97.50858485098156,459.5712126602199,1.0,1.0,2.0,4.0,5.583333333333333,4.242640687119284,4.999242366841624
EMEA,Machines,2013,13,3,1,Spring,0.0,0.0,509.16,2,1.0,-1.6081226496766366e-16,2013-13,2013-03-25,179.28,20.916,1247.091162405147,259.06464530064346,398.84502706752454,176.96725914378322,388.6210019911236,4.0,1.0,10.0,4.25,4.916666666666667,4.031128874149274,4.888917584856094
EMEA,Machines,2013,14,4,2,Spring,0.0,0.0,31.752,1,0.992708874098054,-0.12053668025532288,2013-14,2013-04-01,509.16,246.4905812025736,1395.3600000000001,205.38000000000005,285.2110270675245,211.29521172047325,242.7217042483427,2.0,10.0,9.0,2.0,4.25,1.4142135623730914,4.8265364958171135
EMEA,Machines,2013,15,4,2,Spring,0.0,0.0,246.4905812025736,4,0.9709418174260521,-0.2393156642875575,2013-15,2013-04-08,31.752,101.328,489.27,241.67064530064346,264.97940883440566,199.60980013137623,234.13272669833609,1.0,1.0,2.0,2.75,4.416666666666667,1.4999999999999967,4.776045022883061
EMEA,Machines,2013,16,4,2,Spring,0.0,0.0,81.99,1,0.9350162426854148,-0.35460488704253545,2013-16,2013-04-15,246.4905812025736,179.28,623.5545812025736,217.34814530064347,219.84902706752453,215.07455820642218,209.64633076354303,4.0,4.0,14.0,2.0,3.3333333333333335,1.4142135623730916,3.7739136506316933
EMEA,Machines,2013,19,5,2,Spring,0.0,0.0,49.05,1,0.7485107481711013,-0.663122658240795,2013-19,2013-05-06,81.99,509.16,67.98,102.32064530064346,218.27152706752454,98.3463283615964,210.9600712367934,1.0,2.0,1.0,1.75,3.3333333333333335,1.4999999999999967,3.7739136506316933
EMEA,Machines,2013,22,5,2,Spring,0.0,0.0,102.33000000000001,2,0.46472317204376906,-0.8854560256532096,2013-22,2013-05-27,49.05,31.752,732.4905812025736,119.96514530064346,165.7581453006434,87.16030016309652,136.67313598730124,1.0,1.0,12.0,2.0,2.5,1.4142135623730916,2.611164839335465
EMEA,Machines,2013,23,6,2,Spring,0.0,0.0,311.25,1,0.35460488704253584,-0.9350162426854147,2013-23,2013-06-03,102.33000000000001,246.4905812025736,246.4905812025736,136.15500000000006,171.1547635337623,118.77642569129432,141.34923829218434,2.0,4.0,2.0,1.25,2.4166666666666665,0.49999999999999,2.6443192398846684
EMEA,Machines,2013,24,6,2,Spring,0.0,0.0,49.212,1,0.23931566428755768,-0.970941817426052,2013-24,2013-06-10,311.25,81.99,173.82,127.96050000000005,160.77076353376228,124.73993827559622,145.64735850815018,1.0,1.0,1.0,1.25,2.4166666666666665,0.49999999999999,2.6443192398846684
EMEA,Machines,2013,25,6,2,Spring,0.0,0.0,239.367,4,0.12053668025532308,-0.992708874098054,2013-25,2013-06-17,49.212,49.05,20.916,175.53975000000008,178.97501353376228,120.8436423824174,140.12525576369168,1.0,1.0,1.0,2.0,2.6666666666666665,1.4142135623730916,2.6400183654090283
EMEA,Machines,2013,26,6,2,Summer,0.0,0.0,278.304,4,-3.216245299353273e-16,-1.0,2013-26,2013-06-24,239.367,102.33000000000001,246.4905812025736,219.53325000000007,181.62613176688114,117.28692613522455,141.80957618369033,4.0,2.0,10.0,2.5,2.1666666666666665,1.7320508075688745,1.4034589305344687
EMEA,Machines,2013,27,7,3,Summer,0.0,0.0,65.448,1,-0.12053668025532283,-0.992708874098054,2013-27,2013-07-01,278.304,311.25,101.328,158.08275000000006,178.63613176688114,117.60713606856335,144.01761319270764,4.0,1.0,1.0,2.5,2.1666666666666665,1.7320508075688745,1.4034589305344687
EMEA,Machines,2013,28,7,3,Summer,0.0,0.0,416.592,6,-0.23931566428755743,-0.9709418174260521,2013-28,2013-07-08,65.448,49.212,179.28,249.92775000000006,198.41213176688112,144.5988605219614,159.56796800772102,1.0,1.0,4.0,3.75,2.3333333333333335,2.061552812808828,1.7232808737106542
EMEA,Machines,2013,30,7,3,Summer,0.0,0.0,120.072,1,-0.46472317204376806,-0.8854560256532101,2013-30,2013-07-22,416.592,239.367,509.16,220.10400000000004,165.98813176688114,159.08032929309528,126.86372426457822,6.0,4.0,2.0,3.0,2.25,2.449489742783176,1.764549903980148
EMEA,Machines,2013,31,8,3,Summer,0.0,0.0,530.8905812025736,13,-0.5680647467311556,-0.8229838658936566,2013-31,2013-07-29,120.072,278.304,31.752,283.25064530064344,207.58301353376226,225.9577521785004,157.07881581002897,1.0,4.0,1.0,5.25,3.25,5.678908345800273,3.5194266061907906
EMEA,Machines,2013,33,8,3,Summer,0.0,0.0,84.384,2,-0.7485107481711011,-0.6631226582407952,2013-33,2013-08-12,530.8905812025736,65.448,246.4905812025736,287.9846453006435,194.07413176688112,219.99320034784094,160.36481636732407,13.0,1.0,4.0,5.5,3.0833333333333335,5.446711546122731,3.5280263174995854
EMEA,Machines,2013,34,8,3,Summer,0.0,0.0,871.7805812025736,6,-0.8229838658936564,-0.5680647467311559,2013-34,2013-08-19,84.384,416.592,81.99,401.78179060128684,259.8900135337622,373.1262996968531,248.19860689550316,2.0,6.0,1.0,5.5,3.5,5.446711546122731,3.554766326548572
EMEA,Machines,2013,36,9,3,Summer,0.0,0.0,37.128,2,-0.9350162426854147,-0.3546048870425359,2013-36,2013-09-02,871.7805812025736,120.072,49.05,381.04579060128685,258.8965135337623,395.62682781954334,249.1413603802345,6.0,1.0,1.0,5.75,3.5833333333333335,5.188127472091127,3.502163833282433
EMEA,Machines,2013,38,9,3,Summer,0.0,0.0,430.31858120257357,4,-0.992708874098054,-0.12053668025532357,2013-38,2013-09-16,37.128,530.8905812025736,102.33000000000001,355.9027906012868,286.2288953006434,386.0083874300136,248.39362731182408,2.0,13.0,2.0,3.5,3.75,1.9148542155126766,3.4673804626442806
EMEA,Machines,2013,39,9,3,Autumn,0.0,0.0,238.35,2,-1.0,-1.8369701987210297e-16,2013-39,2013-09-23,430.31858120257357,84.384,311.25,394.39429060128685,280.1538953006434,356.4534790303512,248.61741334742587,4.0,2.0,1.0,3.5,3.8333333333333335,1.9148542155126766,3.4067668846078387
EMEA,Machines,2013,40,10,4,Autumn,0.0,0.0,291.3105812025736,5,-0.992708874098054,0.1205366802553232,2013-40,2013-09-30,238.35,871.7805812025736,49.212,249.27679060128685,300.3287770675245,162.96162493346387,237.75900762953276,2.0,6.0,1.0,3.25,4.166666666666667,1.5000000000000007,3.298300756266456
EMEA,Machines,2013,41,10,4,Autumn,0.0,0.0,51.021,1,-0.9709418174260521,0.23931566428755738,2013-41,2013-10-07,291.3105812025736,37.128,239.367,252.75004060128683,284.6332770675245,156.97077105198863,248.13937571799923,5.0,2.0,4.0,3.0,3.9166666666666665,1.8257418583505542,3.42340429539033
EMEA,Machines,2013,42,10,4,Autumn,0.0,0.0,264.9,1,-0.9350162426854148,0.35460488704253557,2013-42,2013-10-14,51.021,430.31858120257357,278.304,211.3953953006435,283.5162770675245,109.08051620144153,248.20061859979472,1.0,4.0,4.0,2.25,3.6666666666666665,1.8929694486000914,3.524803884507962
EMEA,Machines,2013,45,11,4,Autumn,0.0,0.0,18.564,1,-0.7485107481711011,0.6631226582407952,2013-45,2013-11-04,264.9,238.35,65.448,156.44889530064347,279.6092770675245,141.511603640141,252.28082795289785,1.0,2.0,1.0,2.0,3.6666666666666665,2.0,3.524803884507962
EMEA,Machines,2013,46,11,4,Autumn,0.0,0.0,107.184,1,-0.6631226582407955,0.7485107481711007,2013-46,2013-11-11,18.564,291.3105812025736,416.592,110.41725000000005,253.82527706752452,109.30127782532777,252.81869385650717,1.0,5.0,6.0,1.0,3.25,0.0,3.5194266061907906
EMEA,Machines,2013,47,11,4,Autumn,0.0,0.0,553.89,8,-0.5680647467311559,0.8229838658936564,2013-47,2013-11-18,107.184,51.021,120.072,236.13450000000006,289.9767770675245,235.06110247550444,262.7746941932047,1.0,1.0,1.0,2.75,3.8333333333333335,3.5,3.688639397672345
EMEA,Machines,2013,48,11,4,Autumn,0.0,0.0,593.3565812025736,11,-0.4647231720437684,0.88545602565321,2013-48,2013-11-25,553.89,264.9,530.8905812025736,318.24864530064343,295.1822770675245,297.52893168319304,268.536541742774,8.0,1.0,13.0,5.25,3.6666666666666665,5.057996968497839,3.2566947363946475
EMEA,Machines,2013,49,12,4,Autumn,0.0,0.0,815.3325812025736,10,-0.35460488704253595,0.9350162426854147,2013-49,2013-12-02,593.3565812025736,18.564,84.384,517.4407906012868,356.09465883440566,296.7276558678672,297.6922179655648,11.0,1.0,2.0,7.5,4.333333333333333,4.509249752822894,3.6762958960278906
EMEA,Machines,2013,51,12,4,Autumn,0.0,0.0,331.7505812025736,5,-0.12053668025532363,0.992708874098054,2013-51,2013-12-16,815.3325812025736,107.184,871.7805812025736,573.5824359019302,311.09215883440567,198.07792031953431,249.5787699526521,10.0,1.0,6.0,8.5,4.25,2.6457513110645907,3.646293261032983
EMEA,Machines,2013,52,12,4,Winter,0.0,0.0,229.06799999999998,2,6.432490598706546e-16,1.0,2013-52,2013-12-23,331.7505812025736,553.89,37.128,492.3769359019302,327.08715883440567,264.34173535180344,236.21767860261966,5.0,8.0,2.0,7.0,4.25,4.242640687119285,3.646293261032983
EMEA,Machines,2014,2,1,1,Winter,0.0,0.0,118.05,1,0.23931566428755774,0.970941817426052,2014-2,2014-01-06,229.06799999999998,593.3565812025736,430.31858120257357,373.55029060128686,301.0647770675245,307.1776569508665,240.9640756899187,2.0,11.0,4.0,4.5,4.0,4.041451884327381,3.7658754867650868
EMEA,Machines,2014,3,1,1,Winter,0.0,0.0,49.44,1,0.3546048870425356,0.9350162426854148,2014-3,2014-01-13,118.05,815.3325812025736,238.35,182.07714530064345,285.3222770675245,124.23414115950247,251.3795596305818,1.0,10.0,2.0,2.25,3.9166666666666665,1.8929694486000923,3.8247598458972396
EMEA,Machines,2014,4,1,1,Winter,0.0,0.0,1237.6905812025734,18,0.4647231720437685,0.8854560256532099,2014-4,2014-01-20,49.44,331.7505812025736,291.3105812025736,408.5621453006434,364.1872770675245,557.6851361449121,372.63701339060543,1.0,5.0,5.0,5.5,5.0,8.34665601703261,5.592202363356254
EMEA,Machines,2014,6,2,1,Winter,0.0,0.0,240.912,3,0.6631226582407952,0.7485107481711011,2014-6,2014-02-03,1237.6905812025734,229.06799999999998,51.021,411.5231453006434,380.01152706752447,556.4445124086276,362.0096150684856,18.0,2.0,1.0,5.75,5.166666666666667,8.220908303425682,5.491039532867629
EMEA,Machines,2014,9,2,1,Winter,0.0,0.0,740.04,4,0.8854560256532099,0.4647231720437686,2014-9,2014-02-24,240.912,118.05,264.9,567.0206453006434,419.60652706752444,533.5323898174418,374.0584840977577,3.0,1.0,1.0,6.5,5.416666666666667,7.76745346515403,5.350587619952399
EMEA,Machines,2014,10,3,1,Winter,0.0,0.0,104.412,1,0.9350162426854148,0.35460488704253557,2014-10,2014-03-03,740.04,49.44,18.564,580.7636453006434,426.7605270675245,516.1821342233114,366.4343634100793,4.0,1.0,1.0,6.5,5.416666666666667,7.76745346515403,5.350587619952399
EMEA,Machines,2014,12,3,1,Spring,0.0,0.0,253.32,1,0.992708874098054,0.120536680255323,2014-12,2014-03-17,104.412,1237.6905812025734,107.184,334.67100000000005,438.93852706752455,278.5390269028737,357.15904085819085,1.0,18.0,1.0,2.25,5.416666666666667,1.500000000000002,5.350587619952399
EMEA,Machines,2014,13,3,1,Spring,0.0,0.0,414.36,3,1.0,-1.6081226496766366e-16,2014-13,2014-03-24,253.32,240.912,553.89,378.033,427.3110270675245,272.51330425503966,355.3431456701888,1.0,3.0,8.0,2.25,5.0,1.500000000000002,5.325752187591567
EMEA,Machines,2014,14,3,1,Spring,0.0,0.0,478.02,3,0.992708874098054,-0.12053668025532288,2014-14,2014-03-31,414.36,740.04,593.3565812025736,312.528,417.69964530064334,167.90395568895858,351.98760217020833,3.0,4.0,11.0,2.0,4.333333333333333,1.1547005383792541,4.9969687781391
EMEA,Machines,2014,15,4,2,Spring,0.0,0.0,121.32,1,0.9709418174260521,-0.2393156642875575,2014-15,2014-04-07,478.02,104.412,815.3325812025736,316.75500000000005,359.8652635337623,160.98858624138472,337.4286654254926,3.0,1.0,10.0,2.0,3.5833333333333335,1.1547005383792541,4.737823307909413
EMEA,Machines,2014,16,4,2,Spring,0.0,0.0,68.928,1,0.9350162426854148,-0.35460488704253545,2014-16,2014-04-14,121.32,253.32,331.7505812025736,270.65700000000004,337.9633817668811,205.46378025335687,347.79002202346237,1.0,1.0,5.0,2.0,3.25,1.1547005383792541,4.769696007084727
EMEA,Machines,2014,18,4,2,Spring,0.0,0.0,31.968,2,0.8229838658936565,-0.5680647467311557,2014-18,2014-04-28,68.928,414.36,229.06799999999998,175.05900000000005,321.5383817668811,205.27385860844444,357.90736429752184,1.0,3.0,2.0,1.75,3.25,0.9574271077563413,4.769696007084727
EMEA,Machines,2014,19,5,2,Spring,0.0,0.0,311.172,4,0.7485107481711013,-0.663122658240795,2014-19,2014-05-05,31.968,478.02,118.05,133.34700000000007,337.6318817668811,124.08852828525124,352.2223506216985,2.0,3.0,1.0,2.0,3.5,1.4142135623730971,4.7193990372426935
EMEA,Machines,2014,20,5,2,Spring,0.0,0.0,124.836,1,0.6631226582407952,-0.7485107481711012,2014-20,2014-05-12,311.172,121.32,49.44,134.22600000000006,343.91488176688114,123.98734664472661,347.2515777259571,4.0,1.0,1.0,2.0,3.5,1.4142135623730974,4.7193990372426935
EMEA,Machines,2014,21,5,2,Spring,0.0,0.0,19.776,1,0.5680647467311558,-0.8229838658936564,2014-21,2014-05-19,124.836,68.928,1237.6905812025734,121.93800000000007,242.42200000000003,134.59764770604124,215.11975390972785,1.0,1.0,18.0,2.0,2.0833333333333335,1.4142135623730974,1.240112409372141
EMEA,Machines,2014,22,5,2,Spring,0.0,0.0,36.396,1,0.46472317204376906,-0.8854560256532096,2014-22,2014-05-26,19.776,31.968,240.912,123.04500000000006,225.379,133.6257352608381,223.19996336998736,1.0,2.0,3.0,1.75,1.9166666666666667,1.5000000000000022,1.2401124093721405
EMEA,Machines,2014,23,6,2,Spring,0.0,0.0,246.4905812025736,6,0.35460488704253584,-0.9350162426854147,2014-23,2014-06-02,36.396,311.172,740.04,106.87464530064345,184.24988176688112,103.87273186778117,154.7052804153366,1.0,4.0,4.0,2.25,2.0833333333333335,2.5000000000000013,1.6213537179739241
EMEA,Machines,2014,25,6,2,Spring,0.0,0.0,797.94,3,0.12053668025532308,-0.992708874098054,2014-25,2014-06-16,246.4905812025736,124.836,104.412,275.1506453006435,242.04388176688113,363.47860953850727,232.26761177811957,6.0,1.0,1.0,2.75,2.25,2.3629078131263057,1.6025547785276506
EMEA,Machines,2014,26,6,2,Summer,0.0,0.0,871.0799999999999,12,-3.216245299353273e-16,-1.0,2014-26,2014-06-23,797.94,19.776,253.32,487.97664530064344,293.5238817668812,410.31941216654724,294.98654525427963,3.0,1.0,1.0,5.5,3.1666666666666665,4.79583152331272,3.186144245246148
EMEA,Machines,2014,27,6,2,Summer,0.0,0.0,366.996,8,-0.12053668025532283,-0.992708874098054,2014-27,2014-06-30,871.0799999999999,36.396,414.36,570.6266453006434,289.5768817668811,310.09310823757295,293.5360469844175,12.0,1.0,3.0,7.25,3.5833333333333335,3.7749172176353754,3.4761089357690347
EMEA,Machines,2014,28,7,3,Summer,0.0,0.0,180.012,3,-0.23931566428755743,-0.9709418174260521,2014-28,2014-07-07,366.996,246.4905812025736,478.02,554.0070000000001,264.7428817668811,334.1077520621155,288.7103681588789,8.0,6.0,3.0,6.5,3.5833333333333335,4.358898943540674,3.4761089357690347
EMEA,Machines,2014,31,7,3,Summer,0.0,0.0,489.0,4,-0.5680647467311556,-0.8229838658936566,2014-31,2014-07-28,180.012,797.94,121.32,476.77200000000005,295.38288176688116,291.97350942850954,291.60151208778296,3.0,3.0,1.0,6.75,3.8333333333333335,4.112987559751023,3.379976689896311
EMEA,Machines,2014,33,8,3,Summer,0.0,0.0,463.284,6,-0.7485107481711011,-0.6631226582407952,2014-33,2014-08-11,489.0,871.0799999999999,68.928,374.82300000000004,328.24588176688115,140.08845241489354,285.92674064435954,4.0,12.0,1.0,5.25,4.25,2.217355782608346,3.30633001707606
EMEA,Machines,2014,34,8,3,Summer,0.0,0.0,266.6025812025736,5,-0.8229838658936564,-0.5680647467311559,2014-34,2014-08-18,463.284,366.996,31.968,349.7246453006435,347.79876353376227,150.5600776890863,271.48189998700417,6.0,8.0,2.0,4.5,4.5,1.2909944487358074,3.2333489534143163
EMEA,Machines,2014,35,8,3,Summer,0.0,0.0,707.8199999999999,14,-0.8854560256532096,-0.4647231720437691,2014-35,2014-08-25,266.6025812025736,180.012,311.172,481.67664530064343,380.8527635337623,180.54509210309706,290.1237369458718,5.0,3.0,4.0,7.25,5.333333333333333,4.573474244670749,4.228331571528879
EMEA,Machines,2014,36,9,3,Summer,0.0,0.0,803.3820000000001,9,-0.9350162426854147,-0.3546048870425359,2014-36,2014-09-01,707.8199999999999,489.0,124.836,560.2721453006434,437.39826353376225,242.5704599250383,301.58780716691797,14.0,4.0,1.0,8.5,6.0,4.0414518843273814,4.112066501054052
EMEA,Machines,2014,37,9,3,Summer,0.0,0.0,246.4905812025736,2,-0.970941817426052,-0.23931566428755774,2014-37,2014-09-08,803.3820000000001,463.284,19.776,506.0737906012869,456.2911453006434,290.87431828611534,279.3273342328227,9.0,6.0,1.0,7.5,6.083333333333333,5.196152422706632,4.010403138505322
EMEA,Machines,2014,38,9,3,Summer,0.0,0.0,612.09,5,-0.992708874098054,-0.12053668025532357,2014-38,2014-09-15,246.4905812025736,266.6025812025736,36.396,592.4456453006435,504.2656453006434,243.49961978259134,248.37729262726464,2.0,5.0,1.0,7.5,6.416666666666667,5.196152422706633,3.7040109300185624
EMEA,Machines,2014,39,9,3,Autumn,0.0,0.0,116.04599999999999,2,-1.0,-1.8369701987210297e-16,2014-39,2014-09-22,612.09,707.8199999999999,246.4905812025736,444.50214530064346,493.3952635337623,318.3145499104543,263.10257269583684,5.0,14.0,6.0,4.5,6.083333333333333,3.3166247903554016,3.9186809778368805
EMEA,Machines,2014,40,10,4,Autumn,0.0,0.0,563.376,4,-0.992708874098054,0.1205366802553232,2014-40,2014-09-29,116.04599999999999,803.3820000000001,797.94,384.50064530064344,473.84826353376224,241.45943846198924,246.61663031181817,2.0,9.0,3.0,3.25,6.166666666666667,1.500000000000004,3.857303187304297
EMEA,Machines,2014,41,10,4,Autumn,0.0,0.0,49.44,1,-0.9709418174260521,0.23931566428755738,2014-41,2014-10-06,563.376,246.4905812025736,871.0799999999999,335.23800000000006,405.37826353376227,293.4959435358517,240.2818452472537,4.0,2.0,12.0,3.0,5.25,1.825741858350557,3.6462932610329832
EMEA,Machines,2014,44,10,4,Autumn,0.0,0.0,246.4905812025736,4,-0.822983865893657,0.5680647467311548,2014-44,2014-10-27,49.44,612.09,366.996,243.83814530064342,395.3361453006434,228.2052784219734,244.51268501933004,1.0,5.0,8.0,2.75,4.916666666666667,1.500000000000004,3.553700589355817
EMEA,Machines,2014,45,11,4,Autumn,0.0,0.0,1242.0405812025735,8,-0.7485107481711011,0.6631226582407952,2014-45,2014-11-03,246.4905812025736,116.04599999999999,180.012,525.3367906012868,483.8385270675246,522.6038234056363,334.96306984700254,4.0,2.0,3.0,4.25,5.333333333333333,2.8722813232690165,3.6013465495140804
EMEA,Machines,2014,46,11,4,Autumn,0.0,0.0,146.31,2,-0.6631226582407955,0.7485107481711007,2014-46,2014-11-10,1242.0405812025735,563.376,489.0,421.0702906012868,455.2810270675245,553.194535754949,348.8051469440348,8.0,4.0,4.0,3.75,5.166666666666667,3.0956959368344537,3.713203305486893
EMEA,Machines,2014,47,11,4,Autumn,0.0,0.0,862.9185812025736,6,-0.5680647467311559,0.8229838658936564,2014-47,2014-11-17,146.31,49.44,463.284,624.4399359019302,488.5839088344057,519.5371567281289,368.178647427731,2.0,1.0,6.0,5.0,5.166666666666667,2.5819888974716134,3.713203305486893
EMEA,Machines,2014,48,11,4,Autumn,0.0,0.0,246.4905812025736,4,-0.4647231720437684,0.88545602565321,2014-48,2014-11-24,862.9185812025736,246.4905812025736,266.6025812025736,624.4399359019302,486.90790883440565,519.5371567281289,369.3249914485898,6.0,4.0,5.0,5.0,5.083333333333333,2.5819888974716134,3.7284735685686647
EMEA,Machines,2014,49,12,4,Autumn,0.0,0.0,225.102,3,-0.35460488704253595,0.9350162426854147,2014-49,2014-12-01,246.4905812025736,1242.0405812025735,707.8199999999999,370.20529060128683,446.6814088344056,331.28828440574824,369.36463489766805,4.0,8.0,14.0,3.75,4.166666666666667,1.707825127659936,2.4802248187442903
EMEA,Machines,2014,50,12,4,Autumn,0.0,0.0,548.2605812025736,9,-0.2393156642875578,0.970941817426052,2014-50,2014-12-08,225.102,146.31,803.3820000000001,470.69293590193024,425.4212906012868,300.2439564081817,353.9891721042592,3.0,2.0,9.0,5.5,4.166666666666667,2.645751311064593,2.4802248187442903
EMEA,Machines,2014,51,12,4,Autumn,0.0,0.0,598.38,3,-0.12053668025532363,0.992708874098054,2014-51,2014-12-15,548.2605812025736,862.9185812025736,246.4905812025736,404.5582906012868,454.7454088344057,196.13529713714206,352.3907107312963,9.0,6.0,2.0,4.75,4.25,2.8722813232690165,2.4167972796469894
EMEA,Machines,2014,52,12,4,Winter,0.0,0.0,834.5985812025735,14,6.432490598706546e-16,1.0,2014-52,2014-12-22,598.38,246.4905812025736,612.09,551.5852906012867,473.2877906012868,250.92406568462656,366.974933035043,3.0,4.0,5.0,7.25,5.0,5.315072906367326,3.7172815091383407
EMEA,Phones,2011,23,6,2,Spring,0.0,0.0,169.74,1,0.35460488704253584,-0.9350162426854147,2011-23,2011-06-06,246.4905812025736,742.47,246.4905812025736,232.6556453006434,276.6341453006434,75.38286384527852,196.87828682895866,10.0,7.0,2.0,4.0,3.0,4.08248290463863,2.8284271247461903
EMEA,Phones,2011,25,6,2,Summer,0.25,0.1,988.5360000000001,14,0.12053668025532308,-0.992708874098054,2011-25,2011-06-20,169.74,333.66,307.56,396.3746453006434,333.38214530064346,396.22607839159167,285.0160241522732,1.0,2.0,2.0,7.0,4.0,6.0553007081949835,4.221158824088691
EMEA,Phones,2011,28,7,3,Summer,0.0,0.0,398.052,3,-0.23931566428755743,-0.9709418174260521,2011-28,2011-07-11,988.5360000000001,180.732,246.4905812025736,450.7046453006434,346.0122635337623,370.8905422714666,284.17236795740354,14.0,3.0,1.0,7.0,4.166666666666667,6.0553007081949835,4.130448651249167
EMEA,Phones,2011,30,7,3,Summer,0.0,0.0,246.4905812025736,1,-0.46472317204376806,-0.8854560256532101,2011-30,2011-07-25,398.052,246.4905812025736,126.15,450.7046453006434,356.04064530064346,370.8905422714666,277.7591518585825,3.0,10.0,1.0,4.75,4.166666666666667,6.238322424070967,4.130448651249167
EMEA,Phones,2011,31,8,3,Summer,0.0,0.0,333.48,2,-0.5680647467311556,-0.8229838658936566,2011-31,2011-08-01,246.4905812025736,169.74,373.5285812025736,491.63964530064345,352.7032635337623,337.0347023162516,277.77052469173947,1.0,1.0,3.0,5.0,4.083333333333333,6.0553007081949835,4.166060561977059
EMEA,Phones,2011,32,8,3,Summer,0.0,0.0,246.4905812025736,8,-0.663122658240795,-0.7485107481711013,2011-32,2011-08-08,333.48,988.5360000000001,73.2,306.12829060128684,367.14414530064346,73.73691323731384,266.1813631598966,2.0,14.0,1.0,3.5,4.666666666666667,3.1091263510296048,4.185110693297313
EMEA,Phones,2011,34,8,3,Summer,0.0,0.0,542.0625812025736,6,-0.8229838658936564,-0.5680647467311559,2011-34,2011-08-22,246.4905812025736,398.052,492.96,342.13093590193023,371.2360270675246,139.45328534272576,268.6572008066966,8.0,3.0,4.0,4.25,4.833333333333333,3.304037933599835,4.19595765065147
EMEA,Phones,2011,36,9,3,Summer,0.0,0.0,139.44,1,-0.9350162426854147,-0.3546048870425359,2011-36,2011-09-05,542.0625812025736,246.4905812025736,26.628,315.3682906012868,380.63702706752457,170.69782042590984,257.2331392532858,6.0,1.0,1.0,4.25,4.833333333333333,3.304037933599835,4.19595765065147
EMEA,Phones,2011,37,9,3,Summer,0.0,0.0,137.88,1,-0.970941817426052,-0.23931566428755774,2011-37,2011-09-12,139.44,333.48,742.47,266.4682906012868,330.2545270675246,190.63268080936166,238.4428434362516,1.0,2.0,7.0,4.0,4.333333333333333,3.559026084010437,4.271115105265163
EMEA,Phones,2011,39,9,3,Autumn,0.0,0.0,223.104,4,-1.0,-1.8369701987210297e-16,2011-39,2011-09-26,137.88,246.4905812025736,333.66,260.6216453006434,321.04152706752456,191.80465475681166,240.4268876248259,1.0,8.0,2.0,3.0,4.5,2.449489742783178,4.210376791603422
EMEA,Phones,2011,40,10,4,Autumn,0.0,0.0,1130.6671624051473,15,-0.992708874098054,0.1205366802553232,2011-40,2011-10-03,223.104,542.0625812025736,180.732,407.77279060128683,400.2027906012868,483.57124257557757,329.80225611188223,4.0,6.0,3.0,5.25,5.5,6.652067347825035,5.143398239932958
EMEA,Phones,2011,42,10,4,Autumn,0.0,0.0,80.46,1,-0.9350162426854148,0.35460488704253557,2011-42,2011-10-17,1130.6671624051473,139.44,246.4905812025736,393.0277906012868,386.36690883440565,495.23898480686137,340.15713465629943,15.0,1.0,10.0,5.25,4.75,6.652067347825035,5.083395429327635
EMEA,Phones,2011,44,11,4,Autumn,0.0,0.0,115.25999999999999,3,-0.822983865893657,0.5680647467311548,2011-44,2011-10-31,80.46,137.88,169.74,387.37279060128685,381.8269088344057,499.2366140967608,343.65681057759554,1.0,1.0,1.0,5.75,4.916666666666667,6.291528696058958,4.9810245994781095
EMEA,Phones,2011,45,11,4,Autumn,0.0,0.0,246.4905812025736,2,-0.7485107481711011,0.6631226582407952,2011-45,2011-11-07,115.25999999999999,223.104,988.5360000000001,393.21943590193024,319.9897906012868,496.8025828162737,286.5839696077332,3.0,4.0,14.0,5.25,3.9166666666666665,6.551081335677848,4.122186827695252
EMEA,Phones,2011,49,12,4,Autumn,0.0,0.0,246.4905812025736,1,-0.35460488704253595,0.9350162426854147,2011-49,2011-12-05,246.4905812025736,1130.6671624051473,398.052,172.1752906012868,307.35967236816794,86.98001622712881,286.1703679794487,2.0,15.0,3.0,1.75,3.75,0.9574271077563381,4.202272112689862
EMEA,Phones,2011,50,12,4,Autumn,0.0,0.0,251.934,2,-0.2393156642875578,0.970941817426052,2011-50,2011-12-12,246.4905812025736,80.46,246.4905812025736,215.0437906012868,307.81329060128684,66.57200035671829,286.0694073867302,1.0,1.0,1.0,2.0,3.8333333333333335,0.816496580927726,4.152399817265222
EMEA,Phones,2011,51,12,4,Autumn,0.0,0.0,673.1071624051472,8,-0.12053668025532363,0.992708874098054,2011-51,2011-12-19,251.934,115.25999999999999,333.48,354.5055812025736,336.1155541350491,212.41655401998554,305.01287299525694,2.0,3.0,2.0,3.25,4.333333333333333,3.2015621187164243,4.271115105265163
EMEA,Phones,2011,52,12,4,Winter,0.0,0.0,789.5387436077208,21,6.432490598706546e-16,1.0,2011-52,2011-12-26,673.1071624051472,246.4905812025736,246.4905812025736,490.2676218038604,381.3695676688114,282.384880827272,329.7859117819653,8.0,2.0,8.0,8.0,5.416666666666667,9.201449161228174,6.402532642823794
EMEA,Phones,2012,1,12,4,Winter,0.0,0.0,169.74,1,0.12053668025532305,0.992708874098054,2012-1,2012-01-02,789.5387436077208,246.4905812025736,542.0625812025736,471.079976503217,350.3426859019302,306.0837089455986,330.8060464869377,21.0,1.0,6.0,8.0,5.0,9.201449161228174,6.522687678055308
EMEA,Phones,2012,2,1,1,Winter,0.0,0.0,269.928,3,0.23931566428755774,0.970941817426052,2012-2,2012-01-09,169.74,251.934,139.44,475.57847650321696,361.21668590193025,301.8928746372814,325.3427139315144,1.0,2.0,1.0,8.25,5.166666666666667,8.995369179009089,6.436166749257078
EMEA,Phones,2012,3,1,1,Winter,0.0,0.0,457.65,4,0.3546048870425356,0.9350162426854148,2012-3,2012-01-16,269.928,673.1071624051472,137.88,421.7141859019302,387.86418590193017,272.7125009834517,318.40879018171756,3.0,8.0,1.0,7.25,5.416666666666667,9.251126057585278,6.3167646110580336
EMEA,Phones,2012,4,1,1,Winter,0.0,0.0,278.88,2,0.4647231720437685,0.8854560256532099,2012-4,2012-01-23,457.65,789.5387436077208,223.104,294.04949999999997,392.5121859019302,119.76356691832456,316.18437103935867,4.0,21.0,4.0,2.5,5.25,1.290994448735801,6.383572667401852
EMEA,Phones,2012,7,2,1,Winter,0.0,0.0,530.52,4,0.7485107481711011,0.6631226582407953,2012-7,2012-02-13,278.88,169.74,1130.6671624051473,384.2445,342.4999223681679,130.3262948180452,222.3545062109603,2.0,1.0,15.0,3.25,4.333333333333333,0.9574271077563316,5.597618541248889
EMEA,Phones,2012,8,2,1,Winter,0.0,0.0,263.1,2,0.8229838658936564,0.5680647467311559,2012-8,2012-02-20,530.52,269.928,80.46,382.5375,357.71992236816794,132.35168009889424,208.61370056831564,4.0,3.0,1.0,3.0,4.416666666666667,1.1547005383792461,5.5507302276913135
EMEA,Phones,2012,9,2,1,Winter,0.0,0.0,73.032,2,0.8854560256532099,0.4647231720437686,2012-9,2012-02-27,263.1,457.65,115.25999999999999,286.383,354.20092236816794,187.72312685441824,213.37722370751618,2.0,4.0,3.0,2.5,4.333333333333333,0.9999999999999938,5.58135423992378
EMEA,Phones,2012,10,3,1,Winter,0.0,0.0,74.49,1,0.9350162426854148,0.35460488704253557,2012-10,2012-03-05,73.032,278.88,246.4905812025736,235.2855,339.8675406012868,216.11605484322536,226.63538359543344,2.0,2.0,2.0,2.25,4.25,1.2583057392117867,5.626641174723239
EMEA,Phones,2012,13,3,1,Spring,0.0,0.0,374.967,2,1.0,-1.6081226496766366e-16,2012-13,2012-03-26,74.49,530.52,246.4905812025736,196.39724999999999,350.5739088344057,148.79154879982258,224.8508127073184,1.0,4.0,1.0,1.75,4.333333333333333,0.49999999999998734,5.58135423992378
EMEA,Phones,2012,14,4,2,Spring,0.0,0.0,26.148,1,0.992708874098054,-0.12053668025532288,2012-14,2012-04-02,374.967,263.1,251.934,137.15925,331.75840883440566,160.12054071308265,242.60158696020846,2.0,2.0,2.0,1.5,4.25,0.5773502691896149,5.626641174723239
EMEA,Phones,2012,15,4,2,Spring,0.0,0.0,246.4905812025736,6,0.9709418174260521,-0.2393156642875575,2012-15,2012-04-09,26.148,73.032,673.1071624051472,180.5238953006434,296.2070270675245,160.45230715751833,218.04829570743058,1.0,2.0,8.0,2.5,4.083333333333333,2.380476142847614,5.534328132554834
EMEA,Phones,2012,19,5,2,Spring,0.0,0.0,166.92,1,0.7485107481711013,-0.663122658240795,2012-19,2012-05-07,246.4905812025736,74.49,789.5387436077208,203.6313953006434,244.32213176688109,146.1059905299744,154.92816410700078,6.0,1.0,21.0,2.5,2.4166666666666665,2.380476142847614,1.5642792899510318
EMEA,Phones,2012,21,5,2,Spring,0.0,0.0,375.3705812025736,18,0.5680647467311558,-0.8229838658936564,2012-21,2012-05-21,166.92,374.967,169.74,203.7322906012868,261.45801353376226,146.26380188247956,157.28307912304544,1.0,2.0,1.0,6.5,3.8333333333333335,8.020806277010642,4.7065396154197146
EMEA,Phones,2012,22,5,2,Spring,0.0,0.0,498.7905812025736,8,0.46472317204376906,-0.8854560256532096,2012-22,2012-05-28,375.3705812025736,26.148,269.928,321.8929359019302,280.52989530064343,145.89352443487124,171.62533286166806,18.0,1.0,3.0,8.25,4.25,7.135591542869214,4.845335151181261
EMEA,Phones,2012,23,6,2,Spring,0.0,0.0,532.3605812025736,5,0.35460488704253584,-0.9350162426854147,2012-23,2012-06-04,498.7905812025736,246.4905812025736,457.65,393.3604359019302,286.75577706752455,165.36370199782363,179.79529453507178,8.0,6.0,4.0,8.0,4.333333333333333,7.25718035235908,4.849242365066065
EMEA,Phones,2012,24,6,2,Spring,0.0,0.0,246.4905812025736,2,0.23931566428755768,-0.970941817426052,2012-24,2012-06-11,532.3605812025736,166.92,278.88,413.25308120257364,284.05665883440565,130.06162087641403,180.16700902957047,5.0,1.0,2.0,8.25,4.333333333333333,6.946221994724902,4.849242365066065
EMEA,Phones,2012,25,6,2,Spring,0.0,0.0,278.7,2,0.12053668025532308,-0.992708874098054,2012-25,2012-06-18,246.4905812025736,375.3705812025736,530.52,389.0854359019302,263.07165883440564,147.2879529044446,162.66578539632465,2.0,18.0,4.0,4.25,4.166666666666667,2.872281323269013,4.895885718610778
EMEA,Phones,2012,26,6,2,Summer,0.0,0.0,436.8,8,-3.216245299353273e-16,-1.0,2012-26,2012-06-25,278.7,498.7905812025736,263.1,373.5877906012868,277.54665883440566,134.61299577495106,170.22150364787055,2.0,8.0,2.0,4.25,4.666666666666667,2.872281323269013,4.9604496374885825
EMEA,Phones,2012,27,7,3,Summer,0.0,0.0,494.958,8,-0.12053668025532283,-0.992708874098054,2012-27,2012-07-02,436.8,532.3605812025736,73.032,364.2371453006434,312.7071588344057,120.46322581121954,167.6943322649959,8.0,5.0,2.0,5.0,5.166666666666667,3.4641016151377535,4.9696045815506995
EMEA,Phones,2012,28,7,3,Summer,0.0,0.0,246.4905812025736,4,-0.23931566428755743,-0.9709418174260521,2012-28,2012-07-09,494.958,246.4905812025736,74.49,364.2371453006434,327.0405406012868,120.46322581121954,152.10855878360076,8.0,2.0,1.0,5.5,5.416666666666667,2.9999999999999987,4.813963276162629
EMEA,Phones,2012,31,7,3,Summer,0.0,0.0,110.856,2,-0.5680647467311556,-0.8229838658936566,2012-31,2012-07-30,246.4905812025736,278.7,374.967,322.2761453006434,305.0312906012868,176.4243613206681,163.2435646135743,4.0,2.0,2.0,5.5,5.416666666666667,2.9999999999999987,4.813963276162629
EMEA,Phones,2012,32,8,3,Summer,0.0,0.0,314.4705812025736,7,-0.663122658240795,-0.7485107481711013,2012-32,2012-08-06,110.856,436.8,26.148,291.6937906012868,329.0581723681679,159.77145934331494,137.68171236798494,2.0,8.0,1.0,5.25,5.916666666666667,2.7537852736430493,4.621261798043973
EMEA,Phones,2012,34,8,3,Summer,0.0,0.0,330.174,2,-0.8229838658936564,-0.5680647467311559,2012-34,2012-08-20,314.4705812025736,494.958,246.4905812025736,250.4977906012868,336.0317906012868,99.92781343043332,135.21667960306783,7.0,8.0,6.0,3.75,5.583333333333333,2.362907813126302,4.756972553924175
EMEA,Phones,2012,35,8,3,Summer,0.0,0.0,86.16,2,-0.8854560256532096,-0.4647231720437691,2012-35,2012-08-27,330.174,246.4905812025736,166.92,210.4151453006434,329.3017906012868,129.7704146641559,145.98027702697172,2.0,4.0,1.0,3.25,5.666666666666667,2.4999999999999982,4.677476657214645
EMEA,Phones,2012,36,9,3,Summer,0.0,0.0,639.6811624051472,12,-0.9350162426854147,-0.3546048870425359,2012-36,2012-09-03,86.16,110.856,375.3705812025736,342.6214359019302,351.32767236816795,227.27689316183097,171.306212128557,2.0,2.0,18.0,5.75,5.166666666666667,4.78713553878169,3.3799766898963117
EMEA,Phones,2012,37,9,3,Summer,0.0,0.0,169.68,1,-0.970941817426052,-0.23931566428755774,2012-37,2012-09-10,639.6811624051472,314.4705812025736,498.7905812025736,306.42379060128684,323.9017906012868,244.1581113582995,171.89542829574495,12.0,7.0,8.0,4.25,4.583333333333333,5.188127472091126,3.4498572653828963
EMEA,Phones,2012,38,9,3,Summer,0.0,0.0,160.2,2,-0.992708874098054,-0.12053668025532357,2012-38,2012-09-17,169.68,330.174,532.3605812025736,263.93029060128686,292.88840883440565,253.26802953161535,164.26964297720716,1.0,2.0,5.0,4.25,4.333333333333333,5.188127472091126,3.5248038845079632
EMEA,Phones,2012,39,9,3,Autumn,0.3333333333333333,0.13333333333333333,652.4611624051472,7,-1.0,-1.8369701987210297e-16,2012-39,2012-09-24,160.2,86.16,246.4905812025736,405.5055812025736,326.7192906012868,277.8571544501048,193.11681241495592,2.0,2.0,2.0,5.5,4.75,5.066228051190221,3.5194266061907924
EMEA,Phones,2012,40,10,4,Autumn,0.0,0.0,29.34,1,-0.992708874098054,0.1205366802553232,2012-40,2012-10-01,652.4611624051472,639.6811624051472,278.7,252.9202906012868,305.9392906012868,273.9507576528541,211.31235497569594,7.0,12.0,2.0,2.75,4.666666666666667,2.872281323269013,3.60134654951408
EMEA,Phones,2012,42,10,4,Autumn,0.0,0.0,246.4905812025736,1,-0.9350162426854148,0.35460488704253557,2012-42,2012-10-15,29.34,169.68,436.8,272.1229359019302,290.08017236816795,268.81498079107274,207.70904239746113,1.0,1.0,8.0,2.75,4.083333333333333,2.872281323269013,3.579190699111471
EMEA,Phones,2012,43,10,4,Autumn,0.0,0.0,114.96,4,-0.8854560256532101,0.464723172043768,2012-43,2012-10-22,246.4905812025736,160.2,494.958,260.8129359019302,258.41367236816797,275.9506369706492,202.53674258772082,1.0,2.0,8.0,3.25,3.75,2.872281323269013,3.360871099202489
EMEA,Phones,2012,45,11,4,Autumn,0.0,0.0,347.112,8,-0.7485107481711011,0.6631226582407952,2012-45,2012-11-05,114.96,652.4611624051472,246.4905812025736,184.4756453006434,266.7987906012868,140.4705538885017,204.07528998494465,4.0,7.0,4.0,3.5,4.083333333333333,3.316624790355399,3.579190699111471
EMEA,Phones,2012,46,11,4,Autumn,0.0,0.0,559.56,15,-0.6631226582407955,0.7485107481711007,2012-46,2012-11-12,347.112,29.34,110.856,317.0306453006434,304.19079060128684,187.5578329712493,213.78132319709573,8.0,1.0,2.0,7.0,5.166666666666667,6.0553007081949835,4.687184332805461
EMEA,Phones,2012,47,11,4,Autumn,0.0,0.0,428.31,5,-0.5680647467311559,0.8229838658936564,2012-47,2012-11-19,559.56,246.4905812025736,314.4705812025736,362.4855,313.6774088344057,186.79439767027287,216.78371051011277,15.0,1.0,7.0,8.0,5.0,4.966554808583779,4.651490474714921
EMEA,Phones,2012,50,12,4,Autumn,0.0,0.0,174.66,1,-0.2393156642875578,0.970941817426052,2012-50,2012-12-10,428.31,114.96,330.174,377.41049999999996,300.7179088344057,161.03308542346207,220.32729111767992,5.0,4.0,2.0,7.25,4.916666666666667,5.909032633745278,4.718596350097295
EMEA,Phones,2012,51,12,4,Winter,0.0,0.0,123.3,1,-0.12053668025532363,0.992708874098054,2012-51,2012-12-17,174.66,347.112,86.16,321.4575,303.8129088344057,207.3050554738114,217.27911190146523,1.0,8.0,2.0,5.5,4.833333333333333,6.60807586719967,4.783177592227564
EMEA,Phones,2012,52,12,4,Winter,0.0,0.0,55.74,1,6.432490598706546e-16,1.0,2012-52,2012-12-24,123.3,559.56,639.6811624051472,195.5025,255.1511453006434,162.6658120964574,199.91575833424025,1.0,15.0,12.0,2.0,3.9166666666666665,2.0000000000000004,4.316107954950604
EMEA,Phones,2013,1,1,1,Winter,0.0,0.0,347.3625812025736,16,0.12053668025532305,0.992708874098054,2013-1,2012-12-31,55.74,428.31,169.68,175.2656453006434,269.9580270675245,124.63885206081166,199.58960666921448,1.0,5.0,1.0,4.75,5.166666666666667,7.5,5.424411712272809
EMEA,Phones,2013,2,1,1,Winter,0.0,0.0,206.61,2,0.23931566428755774,0.970941817426052,2013-2,2013-01-07,347.3625812025736,174.66,160.2,183.2531453006434,273.82552706752455,125.60710100600681,197.7102515727777,16.0,1.0,2.0,5.0,5.166666666666667,7.3484692283495345,5.424411712272809
EMEA,Phones,2013,3,1,1,Winter,0.0,0.0,210.57,5,0.3546048870425356,0.9350162426854148,2013-3,2013-01-14,206.61,123.3,652.4611624051472,205.07064530064338,237.00126353376228,119.1347264845216,157.92598383883364,2.0,1.0,7.0,6.0,5.0,6.879922480183431,5.393598899705936
EMEA,Phones,2013,5,1,1,Winter,0.0,0.0,153.12,1,0.5680647467311558,0.8229838658936564,2013-5,2013-01-28,210.57,55.74,29.34,229.4156453006434,247.31626353376225,82.88096079090789,146.77839058987124,5.0,1.0,1.0,6.0,5.0,6.879922480183431,5.393598899705936
EMEA,Phones,2013,7,2,1,Winter,0.0,0.0,118.416,2,0.7485107481711011,0.6631226582407953,2013-7,2013-02-11,153.12,347.3625812025736,246.4905812025736,172.179,236.64338176688113,44.396202134867075,151.42670795738545,1.0,16.0,1.0,2.5,5.083333333333333,1.7320508075688763,5.333570070503405
EMEA,Phones,2013,8,2,1,Winter,0.0,0.0,104.47200000000001,2,0.8229838658936564,0.5680647467311559,2013-8,2013-02-18,118.416,206.61,114.96,146.6445,235.7693817668811,47.271448814268055,152.22106799558043,2.0,2.0,4.0,2.5,4.916666666666667,1.7320508075688763,5.401318581998513
EMEA,Phones,2013,10,3,1,Winter,0.0,0.0,431.41058120257355,2,0.9350162426854148,0.35460488704253557,2013-10,2013-03-04,104.47200000000001,210.57,347.112,201.85464530064337,242.7942635337623,154.39816546378614,159.59320493464648,2.0,5.0,8.0,1.75,4.416666666666667,0.49999999999999684,5.367551216393381
EMEA,Phones,2013,15,4,2,Spring,0.0,0.0,552.456,5,0.9709418174260521,-0.2393156642875575,2013-15,2013-04-08,431.41058120257355,153.12,559.56,301.68864530064343,242.20226353376225,225.23714505397245,158.31945706494267,2.0,1.0,15.0,2.75,3.5833333333333335,1.499999999999999,4.231018216873469
EMEA,Phones,2013,16,4,2,Spring,0.0,0.0,182.07,1,0.9350162426854148,-0.35460488704253545,2013-16,2013-04-15,552.456,118.416,428.31,317.60214530064343,221.68226353376224,209.6839799915247,147.59973826160206,5.0,2.0,5.0,2.5,3.25,1.7320508075688763,4.266678503771459
EMEA,Phones,2013,23,6,2,Spring,0.0,0.0,516.6285812025736,9,0.35460488704253584,-0.9350162426854147,2013-23,2013-06-03,182.07,104.47200000000001,174.66,420.6412906012868,250.17964530064341,166.95400153940793,169.13672197140934,1.0,2.0,1.0,4.25,3.9166666666666665,3.5939764421413036,4.5016831868926
EMEA,Phones,2013,24,6,2,Spring,0.0,0.0,635.874,8,0.23931566428755768,-0.970941817426052,2013-24,2013-06-10,516.6285812025736,431.41058120257355,123.3,471.7571453006434,292.8941453006434,199.48160738819587,196.6646630559256,9.0,2.0,1.0,5.75,4.5,3.5939764421413036,4.542726454054177
EMEA,Phones,2013,25,6,2,Spring,0.0,0.0,1025.6041624051472,18,0.12053668025532308,-0.992708874098054,2013-25,2013-06-17,635.874,552.456,55.74,590.0441859019302,373.71615883440563,348.15975852447485,274.30613169100155,8.0,5.0,1.0,9.0,5.916666666666667,6.97614984548545,5.822500764406575
EMEA,Phones,2013,26,6,2,Summer,0.0,0.0,146.22,2,-3.216245299353273e-16,-1.0,2013-26,2013-06-24,1025.6041624051472,182.07,347.3625812025736,581.0816859019302,356.9542770675245,362.33562635197325,282.09779989830434,18.0,1.0,16.0,9.25,4.75,6.601767440112787,4.956630086881795
EMEA,Phones,2013,27,7,3,Summer,0.0,0.0,564.9300000000001,6,-0.12053668025532283,-0.992708874098054,2013-27,2013-07-01,146.22,516.6285812025736,206.61,593.1570406012868,386.81427706752453,360.2706093384331,283.69668826606,2.0,9.0,2.0,8.5,5.083333333333333,6.8068592855540455,4.888917584856095
EMEA,Phones,2013,28,7,3,Summer,0.0,0.0,153.348,3,-0.23931566428755743,-0.9709418174260521,2013-28,2013-07-08,564.9300000000001,635.874,210.57,472.5255406012868,382.04577706752457,417.4462657095763,287.3853153846601,6.0,8.0,5.0,7.25,4.916666666666667,7.365459931328117,4.925967063953181
EMEA,Phones,2013,29,7,3,Summer,0.0,0.0,543.1905812025736,3,-0.3546048870425356,-0.9350162426854148,2013-29,2013-07-15,153.348,1025.6041624051472,153.12,351.9221453006434,414.5516588344057,233.595822236587,281.1299542247629,3.0,18.0,1.0,3.5,5.083333333333333,1.7320508075688763,4.813963276162629
EMEA,Phones,2013,31,8,3,Summer,0.0,0.0,209.79000000000002,2,-0.5680647467311556,-0.8229838658936566,2013-31,2013-07-29,543.1905812025736,146.22,118.416,367.8146453006434,422.1661588344057,216.47086980364327,273.51413524365364,3.0,2.0,2.0,3.5,5.083333333333333,1.7320508075688763,4.813963276162629
EMEA,Phones,2013,33,8,3,Summer,0.0,0.0,941.7405812025736,9,-0.7485107481711011,-0.6631226582407952,2013-33,2013-08-12,209.79000000000002,564.9300000000001,104.47200000000001,462.0172906012868,491.9385406012868,363.1431654030017,291.31669469552054,2.0,6.0,2.0,4.25,5.666666666666667,3.2015621187164243,4.8304589153964805
EMEA,Phones,2013,34,8,3,Summer,0.0,0.0,545.664,6,-0.8229838658936564,-0.5680647467311559,2013-34,2013-08-19,941.7405812025736,153.348,431.41058120257355,560.0962906012868,501.4596588344057,299.3665288603403,291.0255461297445,9.0,3.0,2.0,5.0,6.0,3.1622776601683786,4.690415759823431
EMEA,Phones,2013,35,8,3,Summer,0.0,0.0,801.5625812025736,14,-0.8854560256532096,-0.4647231720437691,2013-35,2013-08-26,545.664,543.1905812025736,552.456,624.6892906012868,522.2185406012868,321.55460899414805,303.60628162090234,6.0,3.0,5.0,7.75,6.75,5.0579969684978385,5.2070756057153975
EMEA,Phones,2013,36,9,3,Summer,0.0,0.0,233.004,5,-0.9350162426854147,-0.3546048870425359,2013-36,2013-09-02,801.5625812025736,209.79000000000002,182.07,630.4927906012867,526.4630406012867,311.6265514891726,298.7355699208682,14.0,2.0,1.0,8.5,7.083333333333333,4.04145188432738,4.925967063953181
EMEA,Phones,2013,37,9,3,Summer,0.0,0.0,175.32,6,-0.970941817426052,-0.23931566428755774,2013-37,2013-09-09,233.004,941.7405812025736,516.6285812025736,438.8876453006434,498.02065883440565,291.4276800545658,315.5326575087076,5.0,9.0,9.0,7.75,6.833333333333333,4.193248541803041,4.895885718610779
EMEA,Phones,2013,38,9,3,Summer,0.0,0.0,524.64,8,-0.992708874098054,-0.12053668025532357,2013-38,2013-09-16,175.32,545.664,635.874,433.6316453006434,488.75115883440566,289.0398198493076,312.7362233852783,6.0,6.0,8.0,8.25,6.833333333333333,4.031128874149275,4.895885718610779
EMEA,Phones,2013,39,9,3,Autumn,0.0,0.0,542.2665812025737,18,-1.0,-1.8369701987210297e-16,2013-39,2013-09-23,524.64,801.5625812025736,1025.6041624051472,368.8076453006434,448.4730270675246,191.70448106074332,264.75172208125787,8.0,14.0,18.0,9.25,6.833333333333333,5.9651767227244274,4.895885718610779
EMEA,Phones,2013,41,10,4,Autumn,0.0,0.0,704.3625812025737,8,-0.9709418174260521,0.23931566428755738,2013-41,2013-10-07,542.2665812025737,233.004,146.22,486.64729060128684,494.98490883440564,222.7566542883262,255.69700243432735,18.0,5.0,2.0,10.0,7.333333333333333,5.41602560309064,4.658000611525262
EMEA,Phones,2013,43,10,4,Autumn,0.0,0.0,146.064,4,-0.8854560256532101,0.464723172043768,2013-43,2013-10-21,704.3625812025737,175.32,564.9300000000001,479.3332906012868,460.0794088344057,236.44583500162648,273.26698321564385,8.0,6.0,6.0,9.5,7.166666666666667,5.972157622389639,4.745013331398715
EMEA,Phones,2013,44,10,4,Autumn,0.0,0.0,742.764,7,-0.822983865893657,0.5680647467311548,2013-44,2013-10-28,146.064,524.64,153.348,533.8642906012868,509.1974088344057,272.7443366736323,265.99705587955265,4.0,8.0,3.0,9.25,7.5,6.075908711186061,4.562694578665313
EMEA,Phones,2013,46,11,4,Autumn,0.0,0.0,318.2505812025736,5,-0.6631226582407955,0.7485107481711007,2013-46,2013-11-11,742.764,542.2665812025737,543.1905812025736,477.8602906012868,490.45240883440573,292.7122026222704,271.2575807097375,7.0,18.0,3.0,6.0,7.666666666666667,1.8257418583505542,4.417595671307134
EMEA,Phones,2013,47,11,4,Autumn,0.0,0.0,580.248,7,-0.5680647467311559,0.8229838658936564,2013-47,2013-11-18,318.2505812025736,704.3625812025737,209.79000000000002,446.8316453006434,521.3239088344056,266.0639952865075,257.12442908064867,5.0,8.0,2.0,5.75,8.083333333333334,1.5000000000000007,4.055486369964731
EMEA,Phones,2013,48,11,4,Autumn,0.0,0.0,492.9811624051472,24,-0.4647231720437684,0.88545602565321,2013-48,2013-11-25,580.248,146.064,941.7405812025736,533.5609359019302,483.9272906012868,176.96597680527154,220.4362906389572,7.0,4.0,9.0,10.75,9.333333333333334,8.88350531415762,6.139785802205947
EMEA,Phones,2013,49,12,4,Autumn,0.0,0.0,766.2239999999999,10,-0.35460488704253595,0.9350162426854147,2013-49,2013-12-02,492.9811624051472,742.764,545.664,539.4259359019302,502.30729060128687,186.35043807068902,234.78033419797694,24.0,7.0,6.0,11.5,9.666666666666666,8.582928793055823,6.050294257807683
EMEA,Phones,2013,50,12,4,Autumn,0.0,0.0,469.22400000000005,4,-0.2393156642875578,0.970941817426052,2013-50,2013-12-09,766.2239999999999,318.2505812025736,801.5625812025736,577.1692906012868,474.6124088344057,134.77263358407237,215.04260804831245,10.0,5.0,14.0,11.25,8.833333333333334,8.845903006477066,6.087742279417393
EMEA,Phones,2013,51,12,4,Autumn,0.0,0.0,143.22,1,-0.12053668025532363,0.992708874098054,2013-51,2013-12-16,469.22400000000005,580.248,233.004,467.91229060128677,467.13040883440567,254.98047536713995,225.51982326978748,4.0,7.0,5.0,9.75,8.5,10.21028892833107,6.417306146804764
EMEA,Phones,2013,52,12,4,Winter,0.0,0.0,454.1805812025736,6,6.432490598706546e-16,1.0,2013-52,2013-12-23,143.22,492.9811624051472,175.32,458.2121453006434,490.3687906012868,254.44637201149473,206.26223649648904,1.0,24.0,6.0,5.25,8.5,3.774917217635375,6.417306146804764
EMEA,Phones,2014,1,1,1,Winter,0.0,0.0,650.856,4,0.12053668025532305,0.992708874098054,2014-1,2013-12-30,454.1805812025736,766.2239999999999,524.64,429.3701453006434,500.8867906012868,210.66701763013364,211.32467500997893,6.0,10.0,8.0,3.75,8.166666666666666,2.0615528128088303,6.5481896642345285
EMEA,Phones,2014,4,1,1,Winter,0.0,0.0,326.2305812025736,2,0.4647231720437685,0.8854560256532099,2014-4,2014-01-20,650.856,469.22400000000005,542.2665812025737,393.6217906012868,482.88379060128676,213.7595514003397,216.61497246415777,4.0,4.0,18.0,3.25,6.833333333333333,2.217355782608345,5.967081414398552
EMEA,Phones,2014,5,1,1,Winter,0.0,0.0,65.22,1,0.5680647467311558,0.8229838658936564,2014-5,2014-01-27,326.2305812025736,143.22,704.3625812025737,374.1217906012868,429.6219088344057,245.42827654152114,235.00304832706902,2.0,1.0,8.0,3.25,6.25,2.217355782608345,6.180982563844156
EMEA,Phones,2014,6,2,1,Winter,0.0,0.0,645.2745812025736,18,0.6631226582407952,0.7485107481711011,2014-6,2014-02-03,65.22,454.1805812025736,146.064,421.8952906012868,471.22279060128676,282.06991655010455,224.18015219598587,1.0,6.0,4.0,6.25,7.416666666666667,7.932002689527195,6.986458763966627
EMEA,Phones,2014,8,2,1,Winter,0.0,0.0,495.6705812025736,4,0.8229838658936564,0.5680647467311559,2014-8,2014-02-17,645.2745812025736,650.856,742.764,383.0989359019302,450.6316723681679,248.79005337222114,207.71468265327417,18.0,4.0,7.0,6.25,7.166666666666667,7.932002689527195,7.056052634999176
EMEA,Phones,2014,9,2,1,Winter,0.0,0.0,933.6211624051472,7,0.8854560256532099,0.4647231720437686,2014-9,2014-02-24,495.6705812025736,326.2305812025736,318.2505812025736,534.9465812025736,501.91255413504905,362.0770426973177,244.72556642042497,4.0,2.0,5.0,7.5,7.333333333333333,7.416198487095662,7.023769168568495
EMEA,Phones,2014,10,3,1,Winter,0.0,0.0,339.36,2,0.9350162426854148,0.35460488704253557,2014-10,2014-03-03,933.6211624051472,65.22,580.248,603.4815812025737,481.83855413504904,253.06271903987144,247.578809587196,7.0,1.0,7.0,7.75,6.916666666666667,7.135591542869214,7.191640770345596
EMEA,Phones,2014,11,3,1,Winter,0.0,0.0,521.184,2,0.970941817426052,0.23931566428755804,2014-11,2014-03-10,339.36,645.2745812025736,492.9811624051472,572.4589359019302,484.1887906012868,253.83645538059525,247.8279387684909,2.0,18.0,24.0,3.75,5.083333333333333,2.362907813126304,4.870287154747345
EMEA,Phones,2014,12,3,1,Winter,0.0,0.0,970.0905812025735,9,0.992708874098054,0.120536680255323,2014-12,2014-03-17,521.184,495.6705812025736,766.2239999999999,691.0639359019302,501.17767236816786,310.50750289787277,274.47450371761136,2.0,4.0,10.0,5.0,5.0,3.5590260840104366,4.786344211304796
EMEA,Phones,2014,13,3,1,Spring,0.0,0.0,52.104,2,1.0,-1.6081226496766366e-16,2014-13,2014-03-24,970.0905812025735,933.6211624051472,469.22400000000005,470.68464530064335,466.41767236816787,384.8863004069197,303.7411906597966,9.0,7.0,4.0,3.75,4.833333333333333,3.499999999999999,4.858606858561476
EMEA,Phones,2014,15,4,2,Spring,0.0,0.0,498.6705812025736,4,0.9709418174260521,-0.2393156642875575,2014-15,2014-04-07,52.104,339.36,143.22,510.5122906012868,496.0385541350491,374.8797485180943,286.18185175324004,2.0,2.0,1.0,4.25,5.083333333333333,3.304037933599834,4.718596350097297
EMEA,Phones,2014,16,4,2,Spring,0.0,0.0,143.13,1,0.9350162426854148,-0.35460488704253545,2014-16,2014-04-14,498.6705812025736,521.184,454.1805812025736,415.9987906012868,470.1176723681679,416.6249844020104,303.8585537184951,4.0,2.0,6.0,4.0,4.666666666666667,3.5590260840104366,4.849242365066066
EMEA,Phones,2014,17,4,2,Spring,0.0,0.0,169.68,1,0.8854560256532099,-0.4647231720437685,2014-17,2014-04-21,143.13,970.0905812025735,650.856,215.8961453006434,430.0196723681679,195.12397123385057,309.53520639848836,1.0,9.0,4.0,2.0,4.416666666666667,1.4142135623730931,4.962739956796838
EMEA,Phones,2014,18,4,2,Spring,0.0,0.0,352.212,16,0.8229838658936565,-0.5680647467311557,2014-18,2014-04-28,169.68,52.104,326.2305812025736,290.9231453006434,432.1847906012868,166.79132163118769,308.8333015475728,1.0,2.0,2.0,5.5,5.583333333333333,7.1414284285428495,5.900051360844757
EMEA,Phones,2014,19,5,2,Spring,0.0,0.0,497.34000000000003,5,0.7485107481711013,-0.663122658240795,2014-19,2014-05-05,352.212,498.6705812025736,65.22,290.5905,468.1947906012868,166.23929848564632,286.54358579506925,16.0,4.0,1.0,5.75,5.916666666666667,7.088723439378912,5.7280542997257
EMEA,Phones,2014,21,5,2,Spring,0.0,0.0,100.8,2,0.5680647467311558,-0.8229838658936564,2014-21,2014-05-19,497.34000000000003,143.13,645.2745812025736,280.008,422.82190883440563,179.5683627368691,298.80014471318896,5.0,1.0,18.0,6.0,4.583333333333333,6.8799224801834304,4.358029857908761
EMEA,Phones,2014,22,5,2,Spring,0.0,0.0,122.496,2,0.46472317204376906,-0.8854560256532096,2014-22,2014-05-26,100.8,169.68,495.6705812025736,268.212,391.7240270675245,190.4517181019898,309.74778225541286,2.0,1.0,4.0,6.25,4.416666666666667,6.652067347825035,4.420167280531224
EMEA,Phones,2014,23,6,2,Spring,0.0,0.0,1302.8400000000001,8,0.35460488704253584,-0.9350162426854147,2014-23,2014-06-02,122.496,352.212,933.6211624051472,505.869,422.49226353376224,561.6319288680088,379.0538667736092,2.0,16.0,7.0,4.25,4.5,2.872281323269013,4.482288376589474
EMEA,Phones,2014,24,6,2,Spring,0.0,0.0,558.2011624051472,7,0.23931566428755768,-0.970941817426052,2014-24,2014-06-09,1302.8400000000001,497.34000000000003,339.36,521.0842906012869,440.72902706752456,562.148011849985,379.9539625866984,8.0,5.0,2.0,4.75,4.916666666666667,3.201562118716423,4.461111425588377
EMEA,Phones,2014,25,6,2,Spring,0.0,0.0,380.9865812025736,4,0.12053668025532308,-0.992708874098054,2014-25,2014-06-16,558.2011624051472,100.8,521.184,591.1309359019302,429.0459088344057,507.0810306258477,379.4102318895435,7.0,2.0,2.0,5.25,5.083333333333333,2.7537852736430493,4.378840305862094
EMEA,Phones,2014,26,6,2,Summer,0.0,0.0,925.2511624051472,15,-3.216245299353273e-16,-1.0,2014-26,2014-06-23,380.9865812025736,122.496,970.0905812025735,791.819726503217,425.3092906012869,409.18910655931944,373.7763226450515,4.0,2.0,9.0,8.5,5.583333333333333,4.654746681256313,5.1426617326992945
EMEA,Phones,2014,27,6,2,Summer,0.0,0.0,227.70600000000002,6,-0.12053668025532283,-0.992708874098054,2014-27,2014-06-30,925.2511624051472,1302.8400000000001,52.104,523.036226503217,439.94279060128684,300.22850841542953,361.0579571616647,15.0,8.0,2.0,8.0,5.916666666666667,4.830458915396479,5.017393987344669
EMEA,Phones,2014,30,7,3,Summer,0.0,0.0,385.0605812025736,15,-0.46472317204376806,-0.8854560256532101,2014-30,2014-07-21,227.70600000000002,558.2011624051472,498.6705812025736,479.7510812025736,430.4752906012868,305.89636728823245,360.86749438891576,6.0,7.0,4.0,10.0,6.833333333333333,5.8309518948453,5.605732996160488
EMEA,Phones,2014,31,7,3,Summer,0.0,0.0,464.46000000000004,3,-0.5680647467311556,-0.8229838658936566,2014-31,2014-07-28,385.0605812025736,380.9865812025736,143.13,500.61943590193016,457.2527906012868,299.6971806969343,349.3451099022872,15.0,4.0,1.0,9.75,7.0,6.18465843842649,5.443929062392682
EMEA,Phones,2014,32,8,3,Summer,0.0,0.0,145.98,1,-0.663122658240795,-0.7485107481711013,2014-32,2014-08-04,464.46000000000004,925.2511624051472,169.68,305.8016453006434,455.2777906012868,145.0245273022709,351.18085171364777,3.0,15.0,1.0,6.25,7.0,6.18465843842649,5.443929062392682
EMEA,Phones,2014,33,8,3,Summer,0.0,0.0,77.691,2,-0.7485107481711011,-0.6631226582407952,2014-33,2014-08-11,145.98,227.70600000000002,352.212,268.2978953006434,432.40104060128687,185.65716808681114,367.0864371421773,1.0,6.0,16.0,5.25,5.833333333333333,6.551081335677848,4.802145984932786
EMEA,Phones,2014,34,8,3,Summer,0.0,0.0,246.4905812025736,8,-0.8229838658936564,-0.5680647467311559,2014-34,2014-08-18,77.691,385.0605812025736,497.34000000000003,233.65539530064342,411.496922368168,168.7674683207463,370.1816286669801,2.0,15.0,5.0,3.5,6.083333333333333,3.1091263510296048,4.83281083905222
EMEA,Phones,2014,35,8,3,Summer,0.0,0.0,894.966,13,-0.8854560256532096,-0.4647231720437691,2014-35,2014-08-25,246.4905812025736,464.46000000000004,100.8,341.2818953006434,477.677422368168,375.57709879534497,380.43399722876796,8.0,3.0,2.0,6.0,7.0,5.597618541248889,5.027198750072181
EMEA,Phones,2014,36,9,3,Summer,0.0,0.0,373.776,6,-0.9350162426854147,-0.3546048870425359,2014-36,2014-09-01,894.966,145.98,122.496,398.2308953006434,498.617422368168,352.66355711299605,365.73837498417237,13.0,1.0,2.0,7.25,7.333333333333333,4.573474244670749,4.792671172707031
EMEA,Phones,2014,37,9,3,Summer,0.0,0.0,437.90558120257356,5,-0.970941817426052,-0.23931566428755774,2014-37,2014-09-08,373.776,77.691,1302.8400000000001,488.2845406012868,426.53955413504906,282.55051090681553,263.88349573132933,6.0,2.0,8.0,8.0,7.083333333333333,3.5590260840104375,4.832810839052221
EMEA,Phones,2014,38,9,3,Summer,0.0,0.0,691.26,5,-0.992708874098054,-0.12053668025532357,2014-38,2014-09-15,437.90558120257356,246.4905812025736,558.2011624051472,599.4768953006434,437.6277906012868,239.9889809853567,272.57129843313,5.0,8.0,7.0,7.25,6.916666666666667,3.8622100754188233,4.870287154747346
EMEA,Phones,2014,39,9,3,Autumn,0.0,0.0,169.68,1,-1.0,-1.8369701987210297e-16,2014-39,2014-09-22,691.26,894.966,380.9865812025736,418.1553953006434,420.0189088344057,215.00833142633815,283.1821064111073,5.0,13.0,4.0,4.25,6.666666666666667,2.217355782608346,5.104958967573205
EMEA,Phones,2014,40,9,3,Autumn,0.0,0.0,466.26,4,-0.992708874098054,0.1205366802553232,2014-40,2014-09-29,169.68,373.776,925.2511624051472,441.2763953006434,381.76964530064333,213.61331688375986,235.76484699016612,1.0,6.0,15.0,3.75,5.75,1.892969448600092,4.413306326018255
EMEA,Phones,2014,42,10,4,Autumn,0.5,0.2,530.808,2,-0.9350162426854148,0.35460488704253557,2014-42,2014-10-13,466.26,437.90558120257356,227.70600000000002,464.502,407.0281453006434,218.12746919175484,233.98846442825683,4.0,5.0,6.0,3.0,5.416666666666667,1.825741858350555,4.541892543729749
EMEA,Phones,2014,45,11,4,Autumn,0.0,0.0,342.17999999999995,3,-0.7485107481711011,0.6631226582407952,2014-45,2014-11-03,530.808,691.26,385.0605812025736,377.23199999999997,403.4547635337622,158.97384267859886,234.6808462823767,2.0,5.0,15.0,2.5,4.416666666666667,1.2909944487358072,3.423404295390332
EMEA,Phones,2014,46,11,4,Autumn,0.0,0.0,670.0411624051471,4,-0.6631226582407955,0.7485107481711007,2014-46,2014-11-10,342.17999999999995,169.68,464.46000000000004,502.3222906012868,420.5865270675245,136.48821394971105,246.73334834769747,3.0,1.0,3.0,3.25,4.5,0.9574271077563403,3.39786028927832
EMEA,Phones,2014,47,11,4,Autumn,0.0,0.0,272.28,4,-0.5680647467311559,0.8229838658936564,2014-47,2014-11-17,670.0411624051471,466.26,145.98,453.8272906012868,431.11152706752455,180.83049540312737,236.43326385305122,4.0,4.0,1.0,3.25,4.75,0.9574271077563403,3.222788177396033
EMEA,Phones,2014,48,11,4,Autumn,0.0,0.0,27.252,1,-0.4647231720437684,0.88545602565321,2014-48,2014-11-24,272.28,530.808,77.691,327.9382906012868,426.90827706752447,265.04546267339634,243.62639276005447,4.0,2.0,2.0,3.0,4.666666666666667,1.4142135623730965,3.312053286059416
EMEA,Phones,2014,49,12,4,Autumn,0.0,0.0,175.74599999999998,3,-0.35460488704253595,0.9350162426854147,2014-49,2014-12-01,27.252,342.17999999999995,246.4905812025736,286.3297906012868,421.0128953006434,274.9435637812078,249.18173175934325,1.0,3.0,8.0,3.0,4.25,1.4142135623730965,3.1658691180665186
EMEA,Phones,2014,50,12,4,Autumn,0.0,0.0,375.546,7,-0.2393156642875578,0.970941817426052,2014-50,2014-12-08,175.74599999999998,670.0411624051471,894.966,212.706,377.7278953006434,148.12737175822616,199.53570842026758,3.0,4.0,13.0,3.75,3.75,2.500000000000001,1.8647446815241826
EMEA,Phones,2014,51,12,4,Autumn,0.0,0.0,448.4865812025736,4,-0.12053668025532363,0.992708874098054,2014-51,2014-12-15,375.546,272.28,373.776,256.7576453006434,383.9537770675245,191.577996277798,200.5640961233085,7.0,4.0,6.0,3.75,3.5833333333333335,2.500000000000001,1.7298624923456312
EMEA,Phones,2014,52,12,4,Winter,0.0,0.0,739.6605812025737,8,6.432490598706546e-16,1.0,2014-52,2014-12-22,448.4865812025736,27.252,437.90558120257356,434.8597906012868,409.10002706752454,233.6288321308834,225.33087789477918,4.0,1.0,5.0,5.5,3.8333333333333335,2.3804761428476175,2.1248885888797826
EU,Accessories,2011,24,6,2,Spring,1.0,0.5,246.4905812025736,6,0.23931566428755768,-0.970941817426052,2011-24,2011-06-13,112.833,246.4905812025736,495.42,533.0936859019301,321.42715883440565,631.1473032025833,385.84819609736223,3.0,4.0,2.0,10.25,6.666666666666667,9.394147114027968,6.624106572118831
EU,Accessories,2011,25,6,2,Summer,0.0,0.0,651.2505812025736,8,0.12053668025532308,-0.992708874098054,2011-25,2011-06-20,246.4905812025736,300.6705812025736,88.2,620.7386859019301,368.3480406012868,612.1695634459134,389.1292011802268,6.0,8.0,3.0,10.25,7.083333333333333,9.394147114027968,6.529072512906246
EU,Accessories,2011,26,6,2,Summer,0.0,0.0,112.62,1,-3.216245299353273e-16,-1.0,2011-26,2011-06-27,651.2505812025736,1472.3805812025735,44.13,280.7985406012868,374.0555406012868,254.89095368544207,384.415196174209,8.0,24.0,2.0,4.5,7.0,3.109126351029606,6.605782590758164
EU,Accessories,2011,28,7,3,Summer,0.0,0.0,495.9,7,-0.23931566428755743,-0.9709418174260521,2011-28,2011-07-11,112.62,112.833,151.362,376.5652906012868,402.76704060128674,242.40415851475973,379.10024220272817,1.0,3.0,2.0,5.5,7.416666666666667,3.109126351029606,6.41671585970911
EU,Accessories,2011,31,8,3,Summer,0.0,0.0,217.2,5,-0.5680647467311556,-0.8229838658936566,2011-31,2011-08-01,495.9,246.4905812025736,219.618,369.2426453006434,402.5655406012868,248.02063723423166,379.20706723817875,7.0,6.0,1.0,5.25,7.75,3.0956959368344528,6.151496491985434
EU,Accessories,2011,33,8,3,Summer,0.0,0.0,176.49,3,-0.7485107481711011,-0.6631226582407952,2011-33,2011-08-15,217.2,651.2505812025736,123.12,250.5525,407.0130406012868,169.13349113939572,375.9304789571417,5.0,8.0,3.0,4.0,7.75,2.5819888974716125,6.151496491985434
EU,Accessories,2011,34,8,3,Summer,0.3333333333333333,0.16666666666666666,897.7305812025736,12,-0.8229838658936564,-0.5680647467311559,2011-34,2011-08-22,176.49,112.62,540.0705812025735,446.8301453006434,436.8180406012868,332.43187348624997,400.79470082929873,3.0,1.0,12.0,6.75,7.75,3.8622100754188233,6.151496491985434
EU,Accessories,2011,36,9,3,Summer,0.6,0.22000000000000003,960.1245812025736,26,-0.9350162426854147,-0.3546048870425359,2011-36,2011-09-05,897.7305812025736,495.9,311.76,562.8862906012868,490.848422368168,423.7609638181345,425.35323827399054,12.0,7.0,12.0,11.5,8.916666666666666,10.408329997330663,8.061787906068
EU,Accessories,2011,37,9,3,Summer,0.16666666666666666,0.08333333333333333,1061.3005812025735,16,-0.970941817426052,-0.23931566428755774,2011-37,2011-09-12,960.1245812025736,217.2,246.4905812025736,773.9114359019302,558.7492557015013,403.9436467039673,447.270284705229,26.0,5.0,4.0,14.25,9.916666666666666,9.535023160258536,8.140340995016826
EU,Accessories,2011,39,9,3,Autumn,0.0,0.0,122.04,4,-1.0,-1.8369701987210297e-16,2011-39,2011-09-26,1061.3005812025735,176.49,300.6705812025736,760.2989359019301,543.8633739346201,430.8109428284519,459.4472055392187,16.0,3.0,8.0,14.5,9.583333333333334,9.146948489341495,8.306167843381463
EU,Accessories,2011,44,11,4,Autumn,0.0,0.0,448.98,7,-0.822983865893657,0.5680647467311548,2011-44,2011-10-31,122.04,897.7305812025736,1472.3805812025735,648.1112906012868,458.579992167739,441.3924773074697,354.3994497026764,4.0,12.0,24.0,13.25,8.166666666666666,9.912113800799505,6.9652818690381455
EU,Accessories,2011,46,11,4,Autumn,0.0,0.0,159.0,4,-0.6631226582407955,0.7485107481711007,2011-46,2011-11-14,448.98,960.1245812025736,112.833,447.8301453006434,462.427242167739,434.3229863826149,350.53442867720406,7.0,26.0,3.0,7.75,8.25,5.678908345800274,6.903556395734804
EU,Accessories,2011,47,11,4,Autumn,0.0,0.0,393.7305812025736,9,-0.5680647467311559,0.8229838658936564,2011-47,2011-11-21,159.0,1061.3005812025735,246.4905812025736,280.9376453006434,474.697242167739,164.39559035634787,344.81908266214174,4.0,16.0,6.0,6.0,8.5,2.449489742783178,6.868902254495851
EU,Accessories,2011,48,12,4,Autumn,0.0,0.0,277.0005812025736,8,-0.4647231720437684,0.88545602565321,2011-48,2011-11-28,393.7305812025736,122.04,651.2505812025736,319.6777906012868,443.509742167739,128.89475518913324,344.3232049061142,9.0,4.0,8.0,7.0,8.5,2.160246899469287,6.868902254495851
EU,Accessories,2011,50,12,4,Autumn,0.3333333333333333,0.03333333333333333,462.6825812025736,10,-0.2393156642875578,0.970941817426052,2011-50,2011-12-12,277.0005812025736,448.98,112.62,323.1034359019302,472.6816239346201,133.57387761388287,328.1921216521545,8.0,7.0,1.0,7.75,9.25,2.6299556396765835,6.454385401344649
EU,Accessories,2011,51,12,4,Autumn,0.5,0.25,337.3305812025736,9,-0.12053668025532363,0.992708874098054,2011-51,2011-12-19,462.6825812025736,159.0,495.9,367.68608120257363,459.4675057015013,79.2632055937693,330.35741149044804,10.0,4.0,7.0,9.0,9.416666666666666,0.816496580927726,6.416715859709112
EU,Accessories,2012,1,1,1,Winter,0.0,0.0,587.8199999999999,10,0.12053668025532305,0.992708874098054,2012-1,2012-01-02,337.3305812025736,393.7305812025736,217.2,416.2084359019302,490.3525057015013,138.09527856469435,322.8890088457333,9.0,9.0,5.0,9.25,9.833333333333334,0.9574271077563381,6.264377402617459
EU,Accessories,2012,2,1,1,Winter,0.0,0.0,197.19,7,0.23931566428755774,0.970941817426052,2012-2,2012-01-09,587.8199999999999,277.0005812025736,176.49,396.25579060128683,492.0775057015012,167.53978047271755,321.11019166905913,10.0,8.0,3.0,9.0,10.166666666666666,1.4142135623730951,5.967081414398552
EU,Accessories,2012,3,1,1,Winter,0.0,0.0,315.36,4,0.3546048870425356,0.9350162426854148,2012-3,2012-01-16,197.19,462.6825812025736,897.7305812025736,359.4251453006434,443.54662393462013,164.2298783381717,297.3582180817314,7.0,10.0,12.0,7.5,9.5,2.6457513110645907,6.186495556672396
EU,Accessories,2012,5,2,1,Winter,0.0,0.0,386.0805812025736,10,0.5680647467311558,0.8229838658936564,2012-5,2012-01-30,315.36,337.3305812025736,960.1245812025736,371.6126453006434,395.70962393462014,163.85212916158093,248.93044405878047,4.0,9.0,26.0,7.75,8.166666666666666,2.8722813232690143,3.4067668846078436
EU,Accessories,2012,7,2,1,Winter,0.0,0.0,579.6,10,0.7485107481711011,0.6631226582407953,2012-7,2012-02-13,386.0805812025736,587.8199999999999,1061.3005812025735,369.5576453006434,355.56790883440567,160.24854453950883,151.68690429801677,10.0,10.0,16.0,7.75,7.666666666666667,2.8722813232690143,2.4618298195866597
EU,Accessories,2012,8,2,1,Winter,0.0,0.0,1205.7,15,0.8229838658936564,0.5680647467311559,2012-8,2012-02-20,579.6,197.19,122.04,621.6851453006434,445.87290883440573,405.0469582784152,273.60014922505377,10.0,7.0,4.0,9.75,8.583333333333334,4.5,2.968266507678529
EU,Accessories,2012,12,3,1,Spring,0.0,0.0,64.02,2,0.992708874098054,0.120536680255323,2012-12,2012-03-19,1205.7,315.36,448.98,558.8501453006434,413.79290883440564,480.8157949331241,294.9391202797736,15.0,4.0,7.0,9.25,8.166666666666666,5.377421934967226,3.51188458428425
EU,Accessories,2012,13,3,1,Spring,0.0,0.0,711.7905812025735,11,1.0,-1.6081226496766366e-16,2012-13,2012-03-26,64.02,386.0805812025736,159.0,640.2776453006434,459.8587906012868,469.24449547535147,294.695271297241,2.0,10.0,4.0,9.5,8.75,5.446711546122731,3.3337120996925327
EU,Accessories,2012,15,4,2,Spring,0.0,0.0,30.51,1,0.9709418174260521,-0.2393156642875575,2012-15,2012-04-09,711.7905812025735,579.6,393.7305812025736,503.0051453006434,429.5904088344057,563.717138641066,319.6975384313314,11.0,10.0,9.0,7.25,8.083333333333334,6.849574196011505,4.010403138505325
EU,Accessories,2012,17,4,2,Spring,0.0,0.0,508.32,7,0.8854560256532099,-0.4647231720437685,2012-17,2012-04-23,30.51,1205.7,277.0005812025736,328.66014530064336,448.86702706752453,335.6558306522411,316.61954711550516,1.0,15.0,8.0,5.25,8.0,4.645786621588784,4.022663070879565
EU,Accessories,2012,19,5,2,Spring,0.0,0.0,508.32,2,0.7485107481711013,-0.663122658240795,2012-19,2012-05-07,508.32,64.02,462.6825812025736,439.73514530064335,452.67014530064336,289.18687403268376,317.0743439818626,7.0,2.0,10.0,5.25,7.333333333333333,4.645786621588784,4.313474308032984
EU,Accessories,2012,20,5,2,Spring,0.0,0.0,284.21999999999997,5,0.6631226582407952,-0.7485107481711012,2012-20,2012-05-14,508.32,711.7905812025735,337.3305812025736,332.8425,448.24426353376225,227.5622948227587,319.1942570369842,2.0,11.0,9.0,3.75,7.0,2.75378527364305,4.32750190378615
EU,Accessories,2012,21,5,2,Spring,0.5,0.05,562.677,7,0.5680647467311558,-0.8229838658936564,2012-21,2012-05-21,284.21999999999997,30.51,587.8199999999999,465.88425,446.14901353376223,123.79057844702913,318.2759658868992,5.0,1.0,10.0,5.25,6.75,2.362907813126303,4.22385003177304
EU,Accessories,2012,22,5,2,Spring,0.0,0.0,290.6205812025736,5,0.46472317204376906,-0.8854560256532096,2012-22,2012-05-28,562.677,508.32,197.19,411.45939530064345,453.9348953006434,144.96048130765098,312.72650823169374,7.0,7.0,7.0,4.75,6.583333333333333,2.0615528128088294,4.2524502740576935
EU,Accessories,2012,23,6,2,Spring,0.0,0.0,161.16,4,0.35460488704253584,-0.9350162426854147,2012-23,2012-06-04,290.6205812025736,508.32,315.36,324.6693953006434,441.0848953006434,169.4878732810309,321.96968041464316,5.0,2.0,4.0,5.25,6.583333333333333,1.25830573921179,4.2524502740576935
EU,Accessories,2012,24,6,2,Spring,0.3333333333333333,0.15,1519.9725812025736,30,0.23931566428755768,-0.970941817426052,2012-24,2012-06-11,161.16,284.21999999999997,386.0805812025736,633.6075406012868,535.5758953006433,614.1446245871543,446.61757094234076,4.0,5.0,10.0,11.5,8.25,12.396235987858034,7.990050631310736
EU,Accessories,2012,26,6,2,Summer,0.0,0.0,709.56,11,-3.216245299353273e-16,-1.0,2012-26,2012-06-25,1519.9725812025736,562.677,579.6,670.3282906012868,546.4058953006435,612.8797707828082,449.3494976591931,30.0,7.0,10.0,12.5,8.333333333333334,12.069244660154448,8.015137194235932
EU,Accessories,2012,27,7,3,Summer,0.0,0.0,518.85,5,-0.12053668025532283,-0.992708874098054,2012-27,2012-07-02,709.56,290.6205812025736,1205.7,727.3856453006433,489.1683953006434,575.2131203156735,398.6159823817399,11.0,5.0,15.0,12.5,7.5,12.069244660154448,7.775252115175781
EU,Accessories,2012,29,7,3,Summer,1.0,0.1,246.4905812025736,3,-0.3546048870425356,-0.9350162426854148,2012-29,2012-07-16,518.85,161.16,64.02,748.7182906012868,504.3742770675245,548.1601516605479,384.14112615698934,5.0,4.0,2.0,12.25,7.583333333333333,12.311918344975057,7.716079236754815
EU,Accessories,2012,30,7,3,Summer,0.3333333333333333,0.16666666666666666,604.0005812025736,14,-0.46472317204376806,-0.8854560256532101,2012-30,2012-07-23,246.4905812025736,1519.9725812025736,711.7905812025735,519.7252906012868,495.3917770675245,198.15609508016746,380.0889975251402,3.0,30.0,11.0,8.25,7.833333333333333,5.123475382979798,7.883623224857664
EU,Accessories,2012,31,8,3,Summer,0.2,0.1,942.5550000000001,27,-0.5680647467311556,-0.8229838658936566,2012-31,2012-07-30,604.0005812025736,709.56,30.51,577.9740406012868,571.3955270675245,286.92251730140055,369.7253461645519,14.0,11.0,1.0,12.25,10.0,10.935416468216166,9.283416299068904
EU,Accessories,2012,32,8,3,Summer,0.0,0.0,2130.8805812025735,37,-0.663122658240795,-0.7485107481711013,2012-32,2012-08-06,942.5550000000001,518.85,508.32,980.9816859019302,706.6089088344056,817.5850650515156,580.9309422431918,27.0,5.0,7.0,20.25,12.5,14.863265679744362,12.034042621587389
EU,Accessories,2012,33,8,3,Summer,0.0,0.0,69.15,1,-0.7485107481711011,-0.6631226582407952,2012-33,2012-08-13,2130.8805812025735,246.4905812025736,508.32,936.6465406012868,670.0114088344056,873.58140927312,607.7717275740503,37.0,3.0,2.0,19.75,12.416666666666666,15.649813630413195,12.116542661196968
EU,Accessories,2012,34,8,3,Summer,0.25,0.025,1104.6675812025735,15,-0.8229838658936564,-0.5680647467311559,2012-34,2012-08-20,69.15,604.0005812025736,284.21999999999997,1061.8132906012868,738.3820406012868,845.4474772649551,606.5736602807821,1.0,14.0,5.0,20.0,13.25,15.534906930308058,11.90206246450971
EU,Accessories,2012,35,8,3,Summer,0.14285714285714285,0.07142857142857142,1550.3805812025737,22,-0.8854560256532096,-0.4647231720437691,2012-35,2012-08-27,1104.6675812025735,942.5550000000001,562.677,1213.7696859019302,820.6906723681681,871.1021340268335,646.2774873420415,15.0,27.0,7.0,18.75,14.5,14.974979131871937,11.973455489692038
EU,Accessories,2012,36,9,3,Summer,0.0,0.0,1202.1105812025735,16,-0.9350162426854147,-0.3546048870425359,2012-36,2012-09-03,1550.3805812025737,2130.8805812025735,290.6205812025736,981.5771859019302,896.6481723681678,637.6642000134955,631.7143227130233,22.0,37.0,5.0,13.5,15.416666666666666,8.88819441731559,11.59512698063155
EU,Accessories,2012,37,9,3,Summer,0.0,0.0,1150.38,20,-0.970941817426052,-0.23931566428755774,2012-37,2012-09-10,1202.1105812025735,69.15,161.16,1251.8846859019302,979.083172368168,202.93951330882234,590.1913001644955,16.0,1.0,4.0,18.25,16.75,3.3040379335998358,11.071051522695658
EU,Accessories,2012,38,9,3,Summer,0.0,0.0,770.31,11,-0.992708874098054,-0.12053668025532357,2012-38,2012-09-17,1150.38,1104.6675812025735,1519.9725812025736,1168.295290601287,916.6112906012868,319.2939566943695,566.9516198264289,20.0,15.0,30.0,17.25,15.166666666666666,4.856267428111155,10.338219763517698
EU,Accessories,2012,39,9,3,Autumn,0.0,0.0,409.89,11,-1.0,-1.8369701987210297e-16,2012-39,2012-09-24,770.31,1550.3805812025737,709.56,883.1726453006434,891.6387906012868,369.61945133242307,583.2657473068735,11.0,22.0,11.0,14.5,15.166666666666666,4.358898943540674,10.338219763517698
EU,Accessories,2012,40,10,4,Autumn,0.0,0.0,300.65999999999997,8,-0.992708874098054,0.1205366802553232,2012-40,2012-10-01,409.89,1202.1105812025735,518.85,657.81,873.4562906012867,384.8384526005683,599.1285687383796,11.0,16.0,5.0,12.5,15.416666666666666,5.196152422706632,10.103629710818453
EU,Accessories,2012,41,10,4,Autumn,0.0,0.0,81.42,2,-0.9709418174260521,0.23931566428755738,2012-41,2012-10-08,300.65999999999997,1150.38,246.4905812025736,390.57,859.7004088344056,287.65329860788984,616.4760744552198,8.0,20.0,3.0,8.0,15.333333333333334,4.242640687119286,10.218818054170573
EU,Accessories,2012,42,10,4,Autumn,0.0,0.0,87.84,3,-0.9350162426854148,0.35460488704253557,2012-42,2012-10-15,81.42,770.31,604.0005812025736,219.9525,816.6870270675245,162.51658446140152,652.8715960958159,2.0,11.0,14.0,6.0,14.416666666666666,4.242640687119286,10.82470518879117
EU,Accessories,2012,44,11,4,Autumn,0.0,0.0,380.55,7,-0.822983865893657,0.5680647467311548,2012-44,2012-10-29,87.84,409.89,942.5550000000001,212.6175,769.8532770675246,151.36601872613235,663.099230814603,3.0,11.0,27.0,5.0,12.75,2.9439202887759497,10.23474474522936
EU,Accessories,2012,45,11,4,Autumn,0.0,0.0,319.59000000000003,5,-0.7485107481711011,0.6631226582407952,2012-45,2012-11-05,380.55,300.65999999999997,2130.8805812025735,217.35000000000002,618.9123953006434,155.2815320635389,514.6623242112518,7.0,8.0,37.0,4.25,10.083333333333334,2.217355782608346,6.9994588535417686
EU,Accessories,2012,46,11,4,Autumn,0.0,0.0,617.49,13,-0.6631226582407955,0.7485107481711007,2012-46,2012-11-12,319.59000000000003,81.42,69.15,351.36750000000006,664.6073953006434,217.66132413683385,484.89523922084953,5.0,2.0,1.0,7.0,11.083333333333334,4.320493798938574,6.41671585970911
EU,Accessories,2012,47,11,4,Autumn,0.0,0.0,668.2605812025736,9,-0.5680647467311559,0.8229838658936564,2012-47,2012-11-19,617.49,87.84,1104.6675812025735,496.4726453006434,628.2401453006433,172.12575341101353,464.8408113918665,13.0,3.0,15.0,8.5,10.583333333333334,3.415650255319867,6.316764611058034
EU,Accessories,2012,48,11,4,Autumn,0.5,0.05,421.87800000000004,11,-0.4647231720437684,0.88545602565321,2012-48,2012-11-26,668.2605812025736,380.55,1550.3805812025737,506.8046453006434,534.1982635337623,163.8913516936928,364.68699212320126,9.0,7.0,22.0,9.5,9.666666666666666,3.415650255319867,5.210711578231437
EU,Accessories,2012,49,12,4,Autumn,0.0,0.0,490.3005812025736,8,-0.35460488704253595,0.9350162426854147,2012-49,2012-12-03,421.87800000000004,319.59000000000003,1202.1105812025735,549.4822906012869,474.88076353376226,113.31175367547486,297.95667427693303,11.0,5.0,16.0,10.25,9.0,2.217355782608346,4.824181513244218
EU,Accessories,2012,50,12,4,Autumn,0.0,0.0,227.79,6,-0.2393156642875578,0.970941817426052,2012-50,2012-12-10,490.3005812025736,617.49,1150.38,452.0572906012868,397.9982635337622,182.03755963873442,215.40312703269606,8.0,13.0,20.0,8.5,7.833333333333333,2.081665999466134,3.4067668846078387
EU,Accessories,2012,52,12,4,Winter,0.25,0.125,725.7705812025736,21,6.432490598706546e-16,1.0,2012-52,2012-12-24,227.79,668.2605812025736,770.31,466.43479060128686,394.2866453006434,205.55718743424936,208.68352034310007,6.0,9.0,11.0,11.5,8.666666666666666,6.658328118479393,5.069217858503389
EU,Accessories,2013,1,12,4,Winter,0.4,0.13999999999999999,1111.6305812025735,24,0.12053668025532305,0.992708874098054,2013-1,2012-12-31,725.7705812025736,421.87800000000004,409.89,638.8729359019302,452.7650270675245,375.1061701792648,294.2384828022084,21.0,11.0,11.0,14.75,9.75,9.069178573608527,6.730189785247854
EU,Accessories,2013,2,1,1,Winter,1.0,0.1,38.718,1,0.23931566428755774,0.970941817426052,2013-2,2013-01-07,1111.6305812025735,490.3005812025736,300.65999999999997,525.9772906012868,430.93652706752454,486.2250549950473,315.4967703042362,24.0,8.0,8.0,13.0,9.166666666666666,11.224972160321824,7.183735839106321
EU,Accessories,2013,3,1,1,Winter,0.5,0.25,143.25,7,0.3546048870425356,0.9350162426854148,2013-3,2013-01-14,38.718,227.79,81.42,504.84229060128683,436.0890270675245,504.9825667319866,309.72179435514437,1.0,6.0,2.0,13.25,9.583333333333334,11.026483271348727,6.8683507790620615
EU,Accessories,2013,4,1,1,Winter,0.0,0.0,125.37,3,0.4647231720437685,0.8854560256532099,2013-4,2013-01-21,143.25,725.7705812025736,87.84,354.7421453006434,439.2165270675245,506.65302834015824,306.0533290929399,7.0,21.0,3.0,8.75,9.583333333333334,10.468205831628136,6.8683507790620615
EU,Accessories,2013,5,1,1,Winter,0.3333333333333333,0.16666666666666666,590.37,8,0.5680647467311558,0.8229838658936564,2013-5,2013-01-28,125.37,1111.6305812025735,380.55,224.42700000000008,456.7015270675245,248.1962305032043,308.3816925085725,3.0,24.0,7.0,4.75,9.666666666666666,3.3040379335998327,6.840166576032983
EU,Accessories,2013,6,2,1,Winter,1.0,0.5,290.775,5,0.6631226582407952,0.7485107481711011,2013-6,2013-02-04,590.37,38.718,319.59000000000003,287.4412500000001,454.3002770675246,215.12411000687428,309.6559381768623,8.0,1.0,5.0,5.75,9.666666666666666,2.217355782608342,6.840166576032983
EU,Accessories,2013,7,2,1,Winter,0.0,0.0,930.4905812025736,10,0.7485107481711011,0.6631226582407953,2013-7,2013-02-11,290.775,143.25,617.49,484.2513953006435,480.38365883440565,354.3160268880606,336.65696149571636,5.0,7.0,13.0,6.5,9.416666666666666,3.1091263510296026,6.761634193720995
EU,Accessories,2013,8,2,1,Winter,0.0,0.0,479.5905812025736,11,0.8229838658936564,0.5680647467311559,2013-8,2013-02-18,930.4905812025736,125.37,668.2605812025736,572.8065406012869,464.6611588344056,268.6244919259787,331.4504671477949,10.0,3.0,9.0,8.5,9.583333333333334,2.6457513110645876,6.775065693520259
EU,Accessories,2013,9,2,1,Winter,0.0,0.0,537.9705812025736,10,0.8854560256532099,0.4647231720437686,2013-9,2013-02-25,479.5905812025736,590.37,421.87800000000004,559.7066859019303,474.3355406012868,268.7601143374714,331.78227837416273,11.0,8.0,11.0,9.0,9.5,2.7080128015453173,6.762194372189602
EU,Accessories,2013,11,3,1,Winter,0.0,0.0,166.08,4,0.970941817426052,0.23931566428755804,2013-11,2013-03-11,537.9705812025736,290.775,490.3005812025736,528.5329359019303,447.3171588344057,313.8080637331809,343.36317415516794,10.0,5.0,8.0,8.75,9.166666666666666,3.201562118716422,6.939129279060532
EU,Accessories,2013,12,3,1,Spring,0.0,0.0,245.76,8,0.992708874098054,0.120536680255323,2013-12,2013-03-18,166.08,930.4905812025736,227.79,357.3502906012869,448.8146588344057,179.446459096077,342.356428801851,4.0,10.0,6.0,8.25,9.333333333333334,3.0956959368344497,6.8799224801834304
EU,Accessories,2013,13,3,1,Spring,0.0,0.0,505.8,7,1.0,-1.6081226496766366e-16,2013-13,2013-03-25,245.76,479.5905812025736,725.7705812025736,363.9026453006435,430.4837770675245,185.76507494880977,331.90875789182917,8.0,11.0,21.0,7.25,8.166666666666666,2.499999999999997,5.828352852195632
EU,Accessories,2013,15,4,2,Spring,0.0,0.0,977.52,6,0.9709418174260521,-0.2393156642875575,2013-15,2013-04-08,505.8,537.9705812025736,1111.6305812025735,473.7900000000001,419.3078953006434,365.81036890717,308.30718383336983,7.0,10.0,24.0,6.25,6.666666666666667,1.7078251276599286,3.0251471289038383
EU,Accessories,2013,16,4,2,Spring,0.5,0.25,181.05,6,0.9350162426854148,-0.35460488704253545,2013-16,2013-04-15,977.52,166.08,38.718,477.5325000000001,431.16889530064344,361.66601364380347,294.77517967119434,6.0,4.0,1.0,6.75,7.083333333333333,0.9574271077563301,2.466441431158121
EU,Accessories,2013,18,4,2,Spring,0.0,0.0,232.62,2,0.8229838658936565,-0.5680647467311557,2013-18,2013-04-29,181.05,245.76,143.25,474.2475000000001,438.61639530064343,364.52132643372164,287.88811945094176,6.0,8.0,7.0,5.25,6.666666666666667,2.2173557826083417,2.870962250261091
EU,Accessories,2013,19,5,2,Spring,0.0,0.0,147.9,2,0.7485107481711013,-0.663122658240795,2013-19,2013-05-06,232.62,505.8,125.37,384.7725000000001,440.4938953006434,396.6994749492364,285.72486460416457,2.0,7.0,3.0,4.0,6.583333333333333,2.3094010767584994,2.998737107921304
EU,Accessories,2013,20,5,2,Spring,0.2,0.1,1065.03,18,0.6631226582407952,-0.7485107481711012,2013-20,2013-05-13,147.9,977.52,590.37,406.6500000000001,480.0488953006434,440.30201294111737,336.67262272217977,2.0,6.0,8.0,7.0,7.416666666666667,7.571877794400364,4.461111425588374
EU,Accessories,2013,21,5,2,Spring,0.0,0.0,54.42,2,0.5680647467311558,-0.8229838658936564,2013-21,2013-05-20,1065.03,181.05,290.775,374.99250000000006,460.35264530064336,465.7465016776829,355.15848519943887,18.0,6.0,5.0,6.0,7.166666666666667,7.999999999999998,4.687184332805459
EU,Accessories,2013,22,5,2,Spring,0.5,0.25,383.34,10,0.46472317204376906,-0.8854560256532096,2013-22,2013-05-27,54.42,232.62,930.4905812025736,412.6725,414.75676353376224,456.3916570501699,322.9785387260335,2.0,2.0,10.0,8.0,7.166666666666667,7.659416862050704,4.687184332805459
EU,Accessories,2013,23,6,2,Spring,0.2,0.1,1404.33,24,0.35460488704253584,-0.9350162426854147,2013-23,2013-06-03,383.34,147.9,479.5905812025736,726.78,491.81838176688115,617.3886048511099,431.83081194690027,10.0,2.0,11.0,13.5,8.25,9.57427107756338,6.716668546506992
EU,Accessories,2013,24,6,2,Spring,0.25,0.125,912.1111624051472,25,0.23931566428755768,-0.970941817426052,2013-24,2013-06-10,1404.33,1065.03,537.9705812025736,688.5502906012869,522.9967635337622,593.7436603831665,448.6451573837297,24.0,18.0,10.0,15.25,9.5,11.176612486199325,8.284706611363111
EU,Accessories,2013,25,6,2,Spring,0.0,0.0,886.0711624051471,19,0.12053668025532308,-0.992708874098054,2013-25,2013-06-17,912.1111624051472,54.42,166.08,896.4630812025736,582.9960270675246,416.96401047461677,444.7002824387212,25.0,2.0,4.0,19.5,10.75,6.855654600401042,8.50801760907696
EU,Accessories,2013,26,6,2,Summer,0.0,0.0,246.4905812025736,3,-3.216245299353273e-16,-1.0,2013-26,2013-06-24,886.0711624051471,383.34,245.76,862.250726503217,583.0569088344056,474.71534331300677,444.6499630329528,19.0,10.0,8.0,17.75,10.333333333333334,10.177589760514683,8.773237542076298
EU,Accessories,2013,27,7,3,Summer,1.0,0.2333333333333333,420.6225812025736,8,-0.12053668025532283,-0.992708874098054,2013-27,2013-07-01,246.4905812025736,1404.33,505.8,616.3238718038605,575.9587906012868,334.3298670714151,446.6706298542597,3.0,24.0,7.0,13.75,10.416666666666666,10.04572877727976,8.74339577606834
EU,Accessories,2013,28,7,3,Summer,0.3333333333333333,0.03333333333333333,911.898,11,-0.23931566428755743,-0.9709418174260521,2013-28,2013-07-08,420.6225812025736,912.1111624051472,977.52,616.2705812025736,570.4902906012868,334.2670153565237,441.681298195171,8.0,25.0,6.0,10.25,10.833333333333334,6.701989754294367,8.632215909901207
EU,Accessories,2013,29,7,3,Summer,0.0,0.0,224.4,2,-0.3546048870425356,-0.9350162426854148,2013-29,2013-07-15,911.898,886.0711624051471,181.05,450.8527906012869,574.1027906012868,319.6463304295479,438.3713876237565,11.0,19.0,6.0,6.0,10.5,4.242640687119286,8.908627075124222
EU,Accessories,2013,31,8,3,Summer,0.0,0.0,388.92,7,-0.5680647467311556,-0.8229838658936566,2013-31,2013-07-29,224.4,246.4905812025736,232.62,486.4601453006435,587.1277906012868,296.3790100292885,429.53575049824474,2.0,3.0,2.0,7.0,10.916666666666666,3.7416573867739418,8.586017526752258
EU,Accessories,2013,32,8,3,Summer,0.125,0.0625,1440.6061624051472,25,-0.663122658240795,-0.7485107481711013,2013-32,2013-08-05,388.92,420.6225812025736,147.9,741.456040601287,694.8533041350491,550.602688995473,469.5991921961575,7.0,8.0,2.0,11.25,12.833333333333334,9.878427675158296,8.973023543664171
EU,Accessories,2013,33,8,3,Summer,0.0,0.0,501.15,11,-0.7485107481711011,-0.6631226582407952,2013-33,2013-08-12,1440.6061624051472,911.898,1065.03,638.7690406012869,647.863304135049,546.5064852121859,457.23982936106194,25.0,11.0,18.0,11.25,12.25,9.878427675158296,8.833047451062814
EU,Accessories,2013,34,8,3,Summer,0.0,0.0,586.65,5,-0.8229838658936564,-0.5680647467311559,2013-34,2013-08-19,501.15,224.4,54.42,729.3315406012869,692.2158041350491,481.04623551044074,418.62515880187755,11.0,2.0,2.0,12.0,12.5,9.018499505645789,8.55463723262525
EU,Accessories,2013,35,8,3,Summer,0.0,0.0,345.06,3,-0.8854560256532096,-0.4647231720437691,2013-35,2013-08-26,586.65,388.92,383.34,718.3665406012868,689.025804135049,491.77234473478484,421.32993292510935,5.0,7.0,10.0,11.0,11.916666666666666,9.93310961716756,8.969223472350864
EU,Accessories,2013,36,9,3,Summer,0.2,0.02,1233.18,21,-0.9350162426854147,-0.3546048870425359,2013-36,2013-09-02,345.06,1440.6061624051472,1404.33,666.51,674.7633041350491,390.79685285324393,397.115818409999,3.0,25.0,24.0,10.0,11.666666666666666,8.082903768654761,8.63747999164459
EU,Accessories,2013,37,9,3,Summer,0.2,0.1,1184.4811624051472,24,-0.970941817426052,-0.23931566428755774,2013-37,2013-09-09,1233.18,501.15,912.1111624051472,837.3427906012869,697.460804135049,440.59859536197894,419.09066893637595,21.0,11.0,25.0,13.25,11.583333333333334,10.781929326423912,8.500891218875319
EU,Accessories,2013,38,9,3,Summer,0.0,0.0,337.14,7,-0.992708874098054,-0.12053668025532357,2013-38,2013-09-16,1184.4811624051472,586.65,886.0711624051471,774.9652906012869,651.7165406012867,501.38924105785014,426.52439337422186,24.0,5.0,19.0,13.75,10.583333333333334,10.307764064044152,8.251262529657708
EU,Accessories,2013,39,9,3,Autumn,0.0,0.0,805.3605812025736,13,-1.0,-1.8369701987210297e-16,2013-39,2013-09-23,337.14,345.06,246.4905812025736,890.0404359019302,698.2890406012867,415.2548100004797,408.3808471537779,7.0,3.0,3.0,16.25,11.416666666666666,7.7190241179396075,7.913835219335052
EU,Accessories,2013,40,10,4,Autumn,0.3333333333333333,0.16666666666666666,812.0505812025735,17,-0.992708874098054,0.1205366802553232,2013-40,2013-09-30,805.3605812025736,1233.18,420.6225812025736,784.7580812025736,730.9080406012868,347.03978245923173,399.72707905808244,13.0,21.0,8.0,15.25,12.166666666666666,7.135591542869215,7.986731420792788
EU,Accessories,2013,41,10,4,Autumn,0.0,0.0,943.4611624051472,16,-0.9709418174260521,0.23931566428755738,2013-41,2013-10-07,812.0505812025735,1184.4811624051472,911.898,724.5030812025736,733.5383041350491,265.9544435081343,401.1276785859976,17.0,24.0,11.0,13.25,12.583333333333334,4.5,8.050503466281228
EU,Accessories,2013,42,10,4,Autumn,0.0,0.0,445.2405812025736,12,-0.9350162426854148,0.35460488704253557,2013-42,2013-10-14,943.4611624051472,337.14,224.4,751.5282265032171,751.9416859019302,213.86230100898956,380.1634948031931,16.0,7.0,2.0,14.5,13.416666666666666,2.3804761428476167,7.341765125057812
EU,Accessories,2013,43,10,4,Autumn,0.0,0.0,246.4905812025736,5,-0.8854560256532101,0.464723172043768,2013-43,2013-10-21,445.2405812025736,805.3605812025736,388.92,611.810726503217,740.0725676688113,322.1244236377824,394.4815554837756,12.0,13.0,7.0,12.5,13.25,5.446711546122731,7.521182208814105
EU,Accessories,2013,44,10,4,Autumn,0.0,0.0,260.85,5,-0.822983865893657,0.5680647467311548,2013-44,2013-10-28,246.4905812025736,812.0505812025735,1440.6061624051472,474.0105812025737,641.7595541350491,325.78845123282764,348.33294446988884,5.0,17.0,25.0,9.5,11.583333333333334,5.446711546122731,6.868350779062062
EU,Accessories,2013,45,11,4,Autumn,0.6666666666666666,0.2333333333333333,521.715,17,-0.7485107481711011,0.6631226582407952,2013-45,2013-11-04,260.85,943.4611624051472,501.15,368.57404060128687,643.473304135049,136.42916584019312,347.62815128555826,5.0,16.0,11.0,9.75,12.083333333333334,5.852349955359813,7.0383150531841645
EU,Accessories,2013,46,11,4,Autumn,0.0,0.0,536.13,14,-0.6631226582407955,0.7485107481711007,2013-46,2013-11-11,521.715,445.2405812025736,586.65,391.29639530064344,639.2633041350491,159.13387586711772,348.68319237306235,17.0,12.0,5.0,10.25,12.833333333333334,6.18465843842649,6.685579234215216
EU,Accessories,2013,47,11,4,Autumn,0.0,0.0,978.4005812025736,23,-0.5680647467311559,0.8229838658936564,2013-47,2013-11-18,536.13,246.4905812025736,345.06,574.2738953006435,692.0416859019301,297.64089695886696,348.034934587659,14.0,5.0,3.0,14.75,14.5,7.5,6.50174801670499
EU,Accessories,2013,48,11,4,Autumn,0.0,0.0,334.74,7,-0.4647231720437684,0.88545602565321,2013-48,2013-11-25,978.4005812025736,260.85,1233.18,592.7463953006435,617.1716859019301,272.9757782019664,316.2247603426251,23.0,5.0,21.0,15.25,13.333333333333334,6.652067347825035,6.485414871895712
EU,Accessories,2013,50,12,4,Autumn,0.0,0.0,1008.8700000000001,13,-0.2393156642875578,0.970941817426052,2013-50,2013-12-09,334.74,521.715,1184.4811624051472,714.5351453006435,602.537422368168,332.8316507476852,290.6101225631823,7.0,17.0,24.0,14.25,12.416666666666666,6.601767440112787,5.550730227691315
EU,Accessories,2013,51,12,4,Autumn,0.3333333333333333,0.03333333333333333,613.554,10,-0.12053668025532363,0.992708874098054,2013-51,2013-12-16,1008.8700000000001,536.13,337.14,733.8911453006434,625.571922368168,321.0404440309524,278.35804144337635,13.0,14.0,7.0,13.25,12.666666666666666,6.946221994724902,5.348463387372174
EU,Accessories,2013,52,12,4,Winter,0.0,0.0,1186.5405812025735,27,6.432490598706546e-16,1.0,2013-52,2013-12-23,613.554,978.4005812025736,805.3605812025736,785.9261453006435,657.336922368168,384.48102804864493,319.45534376314407,10.0,23.0,13.0,14.25,13.833333333333334,8.845903006477066,6.766674130463118
EU,Accessories,2014,2,1,1,Winter,1.0,0.5,61.44,4,0.23931566428755774,0.970941817426052,2014-2,2014-01-06,1186.5405812025735,334.74,812.0505812025735,717.6011453006435,594.7860406012868,498.7033177181802,357.6151251869513,27.0,7.0,17.0,13.5,12.75,9.746794344808963,7.237842471093416
EU,Accessories,2014,3,1,1,Winter,0.0,0.0,339.1905812025736,8,0.3546048870425356,0.9350162426854148,2014-3,2014-01-13,61.44,1008.8700000000001,943.4611624051472,550.1812906012868,544.4301588344057,480.40065765368894,346.4233452853116,4.0,13.0,16.0,12.25,12.083333333333334,10.1447851956888,7.279589565519767
EU,Accessories,2014,4,1,1,Winter,0.0,0.0,192.06,6,0.4647231720437685,0.8854560256532099,2014-4,2014-01-20,339.1905812025736,613.554,445.2405812025736,444.80779060128685,523.3317770675245,507.33776917640984,360.43974804943707,8.0,10.0,12.0,11.25,11.583333333333334,10.626225419530053,7.488880646220326
EU,Accessories,2014,5,1,1,Winter,0.0,0.0,1014.72,4,0.5680647467311558,0.8229838658936564,2014-5,2014-01-27,192.06,1186.5405812025735,246.4905812025736,401.85264530064353,587.3508953006434,424.0387764643077,374.73929114785994,6.0,27.0,5.0,5.5,11.5,1.9148542155126762,7.573878554851299
EU,Accessories,2014,6,2,1,Winter,0.0,0.0,696.36,10,0.6631226582407952,0.7485107481711011,2014-6,2014-02-03,1014.72,61.44,260.85,560.5826453006435,623.6433953006434,369.4588895161283,361.0841381715801,4.0,4.0,5.0,7.0,11.916666666666666,2.581988897471611,7.31695830163592
EU,Accessories,2014,7,2,1,Winter,0.0,0.0,639.87,13,0.7485107481711011,0.6631226582407953,2014-7,2014-02-10,696.36,339.1905812025736,521.715,635.7525000000002,633.4896453006435,338.70814549549885,359.6601709812643,10.0,8.0,17.0,8.25,11.583333333333334,4.031128874149275,7.153617436251568
EU,Accessories,2014,8,2,1,Winter,0.0,0.0,195.93,6,0.8229838658936564,0.5680647467311559,2014-8,2014-02-17,639.87,192.06,536.13,636.7200000000001,605.1396453006433,337.01962168396074,380.81786354628815,13.0,6.0,14.0,8.25,10.916666666666666,4.031128874149275,7.2795895655197675
EU,Accessories,2014,9,2,1,Winter,0.3333333333333333,0.03333333333333333,780.33,17,0.8854560256532099,0.4647231720437686,2014-9,2014-02-24,195.93,1014.72,978.4005812025736,578.1225000000002,588.6337635337622,261.2481835822023,367.21845141674396,6.0,4.0,23.0,11.5,10.416666666666666,4.654746681256314,6.542981435141484
EU,Accessories,2014,10,3,1,Winter,0.0,0.0,552.8505812025736,13,0.9350162426854148,0.35460488704253557,2014-10,2014-03-03,780.33,696.36,334.74,542.2451453006435,606.8096453006434,249.17307601180897,358.81083171427565,17.0,10.0,7.0,12.25,10.916666666666666,4.573474244670748,6.487166818676191
EU,Accessories,2014,12,3,1,Winter,0.0,0.0,165.96,2,0.992708874098054,0.120536680255323,2014-12,2014-03-17,552.8505812025736,639.87,1008.8700000000001,423.7676453006435,536.5671453006435,295.62019085385907,355.4363666071893,13.0,13.0,13.0,9.5,10.0,6.757711644237764,6.928203230275512
EU,Accessories,2014,14,3,1,Spring,0.0,0.0,115.08,2,0.992708874098054,-0.12053668025532288,2014-14,2014-03-31,165.96,195.93,613.554,403.5551453006435,495.0276453006434,318.28592012085096,374.251154721035,2.0,6.0,10.0,8.5,9.333333333333334,7.681145747868608,7.302967433402219
EU,Accessories,2014,16,4,2,Spring,0.0,0.0,919.3605812025736,15,0.9350162426854148,-0.35460488704253545,2014-16,2014-04-14,115.08,780.33,1186.5405812025735,438.3127906012869,472.76264530064344,375.58015646304125,335.29128885218506,2.0,17.0,27.0,8.0,8.333333333333334,6.97614984548545,5.175700801618932
EU,Accessories,2014,17,4,2,Spring,0.2,0.02,1090.5391624051472,25,0.8854560256532099,-0.4647231720437685,2014-17,2014-04-21,919.3605812025736,552.8505812025736,61.44,572.7349359019303,558.5209088344058,504.37566812780256,351.72697075979664,15.0,13.0,4.0,11.0,10.083333333333334,11.16542281629615,6.85510205922744
EU,Accessories,2014,18,4,2,Spring,0.0,0.0,373.23,4,0.8229838658936565,-0.5680647467311557,2014-18,2014-04-28,1090.5391624051472,165.96,339.1905812025736,624.5524359019303,561.3575270675245,457.08518591334644,349.92997390388103,25.0,2.0,8.0,11.5,9.75,10.661457061146317,7.059809423129575
EU,Accessories,2014,19,5,2,Spring,0.5,0.05,201.492,5,0.7485107481711013,-0.663122658240795,2014-19,2014-05-05,373.23,115.08,192.06,646.1554359019303,562.1435270675246,425.96236633064206,349.0345090416598,4.0,2.0,6.0,12.25,9.666666666666666,9.844626283748239,7.113793685935843
EU,Accessories,2014,20,5,2,Spring,1.0,0.5,168.3,3,0.6631226582407952,-0.7485107481711012,2014-20,2014-05-12,201.492,919.3605812025736,1014.72,458.3902906012869,491.60852706752456,430.89580319499964,334.4820961076808,5.0,15.0,4.0,9.25,9.583333333333334,10.53169818531972,7.191640770345598
EU,Accessories,2014,21,5,2,Spring,0.0,0.0,569.46,8,0.5680647467311558,-0.8229838658936564,2014-21,2014-05-19,168.3,1090.5391624051472,696.36,328.1205000000001,481.0335270675246,184.2615808056583,329.3874090230645,3.0,25.0,10.0,5.0,9.416666666666666,2.160246899469287,7.2042706189811625
EU,Accessories,2014,22,5,2,Spring,0.0,0.0,961.4505812025736,17,0.46472317204376906,-0.8854560256532096,2014-22,2014-05-26,569.46,373.23,639.87,475.1756453006435,507.8319088344056,371.6755987915785,355.5291062165453,8.0,4.0,13.0,8.25,9.75,6.184658438426491,7.472677504811053
EU,Accessories,2014,23,6,2,Spring,0.0,0.0,373.68,8,0.35460488704253584,-0.9350162426854147,2014-23,2014-06-02,961.4505812025736,201.492,195.93,518.2226453006435,522.6444088344057,337.8435060227249,344.8967449005387,17.0,5.0,6.0,9.0,9.916666666666666,5.830951894845301,7.403418538797204
EU,Accessories,2014,24,6,2,Spring,0.25,0.075,1442.4389999999999,27,0.23931566428755768,-0.970941817426052,2014-24,2014-06-09,373.68,168.3,780.33,836.7573953006436,577.8201588344057,471.97710694993714,431.8648017040045,8.0,3.0,17.0,15.0,10.75,9.055385138137417,8.719101288133274
EU,Accessories,2014,25,6,2,Spring,0.0,0.0,371.8605812025736,11,0.12053668025532308,-0.992708874098054,2014-25,2014-06-16,1442.4389999999999,569.46,552.8505812025736,787.3575406012869,562.7376588344056,517.4317784665768,435.9571874930549,27.0,8.0,13.0,15.75,10.583333333333334,8.381527307120106,8.691253004479782
EU,Accessories,2014,26,6,2,Summer,0.25,0.125,1041.2611624051472,34,-3.216245299353273e-16,-1.0,2014-26,2014-06-23,371.8605812025736,961.4505812025736,165.96,807.3101859019303,635.6794223681678,527.8172557058605,436.75992834694597,11.0,17.0,2.0,20.0,13.25,12.516655570345725,10.532417489912664
EU,Accessories,2014,27,7,3,Summer,0.0,0.0,494.2305812025736,10,-0.12053668025532283,-0.992708874098054,2014-27,2014-06-30,1041.2611624051472,373.68,115.08,837.4478312025735,667.275304135049,497.36765621918306,408.47343345986764,34.0,8.0,2.0,20.5,13.916666666666666,11.902380714238083,9.995074544570198
EU,Accessories,2014,28,7,3,Summer,1.0,0.1,41.877,1,-0.23931566428755743,-0.9709418174260521,2014-28,2014-07-07,494.2305812025736,1442.4389999999999,919.3605812025736,487.30733120257366,594.1516723681679,415.7919794542172,436.80318741499224,10.0,27.0,15.0,14.0,12.75,14.071247279470288,10.652571179169502
EU,Accessories,2014,29,7,3,Summer,0.2,0.1,1455.795,24,-0.3546048870425356,-0.9350162426854148,2014-29,2014-07-14,41.877,371.8605812025736,1090.5391624051472,758.2909359019303,624.5896588344057,619.0209654497578,484.64404008046637,1.0,11.0,25.0,17.25,12.666666666666666,14.637281168304447,10.55146119422961
EU,Accessories,2014,30,7,3,Summer,1.0,0.5,83.67,2,-0.46472317204376806,-0.8854560256532101,2014-30,2014-07-21,1455.795,1041.2611624051472,373.23,518.8931453006435,600.4596588344057,657.1039787050081,505.07457755939953,24.0,34.0,4.0,9.25,12.5,10.626225419530053,10.715324624955691
EU,Accessories,2014,31,7,3,Summer,0.0,0.0,1190.8799999999999,14,-0.5680647467311556,-0.8229838658936566,2014-31,2014-07-28,83.67,494.2305812025736,201.492,693.0555,682.9086588344056,735.9766536453449,514.6888338968556,2.0,10.0,5.0,10.25,13.25,10.90489186863706,10.454446639849214
EU,Accessories,2014,32,8,3,Summer,0.0,0.0,1895.3117436077207,30,-0.663122658240795,-0.7485107481711013,2014-32,2014-08-04,1190.8799999999999,41.877,168.3,1156.4141859019303,826.8263041350491,771.9167600550036,593.1811204156388,14.0,1.0,3.0,17.5,15.5,12.26104943849968,10.941995829247638
EU,Accessories,2014,33,8,3,Summer,0.14285714285714285,0.07142857142857142,1600.3005812025735,25,-0.7485107481711011,-0.6631226582407952,2014-33,2014-08-11,1895.3117436077207,1455.795,569.46,1192.5405812025735,912.7296859019302,793.6733685202296,626.2423731044362,30.0,24.0,8.0,17.75,16.916666666666668,12.446552400832395,10.98311376062307
EU,Accessories,2014,34,8,3,Summer,0.5714285714285714,0.2285714285714286,566.493,16,-0.8229838658936564,-0.5680647467311559,2014-34,2014-08-18,1600.3005812025735,83.67,961.4505812025736,1313.2463312025736,879.816554135049,575.5618540277416,633.7823999033136,25.0,2.0,17.0,21.25,16.833333333333332,7.544313531837517,10.986217260593824
EU,Accessories,2014,35,8,3,Summer,0.42857142857142855,0.15714285714285717,1346.1661624051471,24,-0.8854560256532096,-0.4647231720437691,2014-35,2014-08-25,566.493,1190.8799999999999,373.68,1352.0678718038603,960.8570676688113,569.7648905912426,625.2983580511004,16.0,14.0,8.0,23.75,18.166666666666668,5.795112883571236,10.785793124908954
EU,Accessories,2014,36,9,3,Summer,0.0,0.0,401.85,11,-0.9350162426854147,-0.3546048870425359,2014-36,2014-09-01,1346.1661624051471,1895.3117436077207,1442.4389999999999,978.7024359019302,874.1413176688112,584.2628393652429,624.5951918842763,24.0,30.0,27.0,19.0,16.833333333333332,6.683312551921141,10.581573463795303
EU,Accessories,2014,37,9,3,Summer,0.0,0.0,1987.0411624051471,29,-0.970941817426052,-0.23931566428755774,2014-37,2014-09-08,401.85,1600.3005812025735,371.8605812025736,1075.3875812025735,1008.7396994356924,734.1797827569463,678.2443998141922,11.0,25.0,11.0,20.0,18.333333333333332,8.04155872120988,10.948917201202491
EU,Accessories,2014,38,9,3,Summer,0.2,0.1,1071.3017436077207,30,-0.992708874098054,-0.12053668025532357,2014-38,2014-09-15,1987.0411624051471,566.493,1041.2611624051472,1201.5897671045038,1011.2430812025735,656.8599273850598,678.4307618887542,29.0,16.0,34.0,23.5,18.0,8.736894948054106,10.479417055265131
EU,Accessories,2014,39,9,3,Autumn,0.25,0.125,468.2805812025736,9,-1.0,-1.8369701987210297e-16,2014-39,2014-09-22,1071.3017436077207,1346.1661624051471,494.2305812025736,982.1183718038604,1009.0805812025736,734.5211926241694,680.2674286846521,30.0,24.0,10.0,19.75,17.916666666666668,11.29527924990495,10.55253811204018
EU,Accessories,2014,42,10,4,Autumn,0.0,0.0,339.18,5,-0.9350162426854148,0.35460488704253557,2014-42,2014-10-13,468.2805812025736,401.85,41.877,966.4508718038605,1033.8558312025737,751.4964252829135,646.4110558850884,9.0,11.0,1.0,18.25,18.25,13.098982148752373,10.019299558170896
EU,Accessories,2014,43,10,4,Autumn,0.0,0.0,703.74,10,-0.8854560256532101,0.464723172043768,2014-43,2014-10-20,339.18,1987.0411624051471,1455.795,645.6255812025737,971.1845812025736,321.4226833810983,638.1885841121357,5.0,29.0,24.0,13.5,17.083333333333332,11.21011448053349,10.103629710818446
EU,Accessories,2014,44,10,4,Autumn,0.0,0.0,395.58000000000004,5,-0.822983865893657,0.5680647467311548,2014-44,2014-10-27,703.74,1071.3017436077207,83.67,476.6951453006435,997.1770812025735,160.32285438931464,604.2021440168986,10.0,30.0,2.0,7.25,17.333333333333332,2.6299556396765795,9.726564686777161
EU,Accessories,2014,45,11,4,Autumn,0.6666666666666666,0.19999999999999998,594.48,14,-0.7485107481711011,0.6631226582407952,2014-45,2014-11-03,395.58000000000004,468.2805812025736,1190.8799999999999,508.2450000000001,947.4770812025736,170.22646357132425,611.3075091101648,5.0,9.0,14.0,8.5,17.333333333333332,4.358898943540671,9.726564686777161
EU,Accessories,2014,46,11,4,Autumn,0.2,0.1,792.405,15,-0.6631226582407955,0.7485107481711007,2014-46,2014-11-10,594.48,339.18,1895.3117436077207,621.5512500000001,855.5681859019302,171.01837417730704,533.8501185918981,14.0,5.0,30.0,11.0,16.083333333333332,4.54606056566195,8.877533782566303
EU,Accessories,2014,47,11,4,Autumn,0.0,0.0,550.14,9,-0.5680647467311559,0.8229838658936564,2014-47,2014-11-17,792.405,703.74,1600.3005812025735,583.1512500000001,768.054804135049,163.49127287488284,484.4596214152817,15.0,10.0,25.0,10.75,14.75,4.645786621588782,8.614206025777731
EU,Accessories,2014,48,11,4,Autumn,0.2,0.1,1190.5605812025735,23,-0.4647231720437684,0.88545602565321,2014-48,2014-11-24,550.14,395.58000000000004,566.493,781.8963953006435,820.0604359019302,292.09175476314977,494.2525407617415,9.0,5.0,16.0,15.25,15.333333333333334,5.795112883571235,8.937493377831828
EU,Accessories,2014,49,12,4,Autumn,0.5,0.25,237.79500000000002,10,-0.35460488704253595,0.9350162426854147,2014-49,2014-12-01,1190.5605812025735,594.48,1346.1661624051471,692.7251453006435,727.6961723681679,402.1061864052902,490.54823048881485,23.0,14.0,24.0,14.25,14.166666666666666,6.396613687465162,8.61112740304747
EU,Accessories,2014,50,12,4,Autumn,0.0,0.0,975.4711624051472,26,-0.2393156642875578,0.970941817426052,2014-50,2014-12-08,237.79500000000002,792.405,401.85,738.4916859019303,775.4979359019302,426.88760708073835,483.8115565975107,10.0,15.0,11.0,17.0,15.416666666666666,8.75595035770913,9.17960519386054
EU,Accessories,2014,51,12,4,Autumn,0.0,0.0,1722.45,16,-0.12053668025532363,0.992708874098054,2014-51,2014-12-15,975.4711624051472,550.14,1987.0411624051471,1031.5691859019303,753.448672368168,615.3099515726398,426.17292979766313,26.0,9.0,29.0,18.75,14.333333333333334,7.182153808805079,8.138944909656544
EU,Accessories,2014,52,12,4,Winter,0.16666666666666666,0.08333333333333333,977.4511624051472,17,6.432490598706546e-16,1.0,2014-52,2014-12-22,1722.45,1190.5605812025735,1071.3017436077207,978.2918312025738,745.6277906012868,606.1120908724946,420.6347555521488,16.0,23.0,30.0,17.25,13.25,6.601767440112785,6.579928156557219
EU,Copiers,2011,26,6,2,Summer,0.0,0.0,527.34,2,-3.216245299353273e-16,-1.0,2011-26,2011-06-27,622.05,1007.8305812025735,526.62,797.7754359019302,632.7575406012868,264.33288719493777,335.97721670598804,5.0,8.0,2.0,6.25,5.0,4.716990566028302,3.437758254761643
EU,Copiers,2011,28,7,3,Summer,0.0,0.0,523.86,2,-0.23931566428755743,-0.9709418174260521,2011-28,2011-07-11,527.34,965.76,816.7755812025736,687.3004359019302,608.3479088344056,263.0637283426212,332.00953781574384,2.0,5.0,5.0,5.5,4.75,5.196152422706632,3.545163158189171
EU,Copiers,2011,29,7,3,Summer,0.0,0.0,246.4905812025736,4,-0.3546048870425356,-0.9350162426854148,2011-29,2011-07-18,523.86,1075.9517436077208,1015.0020000000001,479.9351453006434,544.3052906012867,162.14151179610963,320.35340676766816,2.0,13.0,8.0,3.25,4.416666666666667,1.5,3.3967453227875044
EU,Copiers,2011,32,8,3,Summer,0.0,0.0,246.4905812025736,5,-0.663122658240795,-0.7485107481711013,2011-32,2011-08-08,246.4905812025736,622.05,524.58,386.0452906012868,521.1311723681679,161.1501606798635,331.765168109573,4.0,5.0,2.0,3.25,4.666666666666667,1.5,3.3120532860594154
EU,Copiers,2011,33,8,3,Summer,0.5,0.0625,930.6017436077208,15,-0.7485107481711011,-0.6631226582407952,2011-33,2011-08-15,246.4905812025736,527.34,125.85,486.860726503217,588.1938176688112,323.43502696519755,325.8833529772103,5.0,2.0,1.0,6.5,5.833333333333333,5.802298395176404,4.239067936433312
EU,Copiers,2011,34,8,3,Summer,1.0,0.3833333333333333,1192.653,7,-0.8229838658936564,-0.5680647467311559,2011-34,2011-08-22,930.6017436077208,523.86,380.7,654.0589765032171,655.8565676688113,482.6259482871291,361.25762692261105,15.0,2.0,6.0,7.75,5.916666666666667,4.9916597106239795,4.252450274057692
EU,Copiers,2011,35,8,3,Summer,1.0,0.5,366.45,5,-0.8854560256532096,-0.4647231720437691,2011-35,2011-08-29,1192.653,246.4905812025736,284.76,684.0488312025736,662.6640676688113,451.58711926488934,354.3323038805895,7.0,4.0,2.0,8.0,6.166666666666667,4.760952285695234,4.086192567289224
EU,Copiers,2011,36,9,3,Summer,0.0,0.0,246.4905812025736,5,-0.9350162426854147,-0.3546048870425359,2011-36,2011-09-05,366.45,246.4905812025736,246.4905812025736,684.0488312025736,662.6640676688113,451.58711926488934,354.3323038805895,5.0,5.0,3.0,8.0,6.333333333333333,4.760952285695234,3.984819679582488
EU,Copiers,2011,37,9,3,Summer,1.0,0.15,246.4905812025736,3,-0.970941817426052,-0.23931566428755774,2011-37,2011-09-12,246.4905812025736,930.6017436077208,1007.8305812025735,513.0210406012868,599.2190676688114,456.6032711788416,355.07008652313357,5.0,15.0,8.0,5.0,5.916666666666667,1.6329931618554525,4.05548636996473
EU,Copiers,2011,38,9,3,Summer,0.0,0.0,851.9011624051473,17,-0.992708874098054,-0.12053668025532357,2011-38,2011-09-19,246.4905812025736,1192.653,965.76,427.8330812025736,589.7308312025735,288.312229342458,345.7847591323323,3.0,7.0,5.0,7.5,6.916666666666667,6.403124237432849,5.142661732699294
EU,Copiers,2011,39,9,3,Autumn,0.3333333333333333,0.049999999999999996,739.4717436077208,12,-1.0,-1.8369701987210297e-16,2011-39,2011-09-26,851.9011624051473,366.45,1075.9517436077208,521.0885171045038,561.6908312025736,320.383256279083,315.0490239078368,17.0,5.0,13.0,9.25,6.833333333333333,6.4485140407177015,5.042245771899902
EU,Copiers,2011,40,10,4,Autumn,1.0,0.15,246.4905812025736,4,-0.992708874098054,0.1205366802553232,2011-40,2011-10-03,739.4717436077208,246.4905812025736,622.05,521.0885171045038,530.3942129694548,320.383256279083,326.937440597138,12.0,5.0,5.0,9.0,6.75,6.683312551921141,5.083395429327636
EU,Copiers,2011,44,11,4,Autumn,0.0,0.0,492.9811624051472,9,-0.822983865893657,0.5680647467311548,2011-44,2011-10-31,246.4905812025736,246.4905812025736,527.34,582.7111624051472,527.530976503217,269.6497036546767,327.11702400950753,4.0,3.0,2.0,10.5,7.333333333333333,5.446711546122731,4.886592665527575
EU,Copiers,2011,46,11,4,Autumn,1.0,0.15,246.4905812025736,4,-0.6631226582407955,0.7485107481711007,2011-46,2011-11-14,492.9811624051472,851.9011624051473,523.86,431.3585171045038,504.41685827009815,235.99676424995883,337.04870157227526,9.0,17.0,2.0,7.25,7.5,3.947573094109004,4.719399037242695
EU,Copiers,2011,47,11,4,Autumn,0.0,0.0,246.4905812025736,5,-0.5680647467311559,0.8229838658936564,2011-47,2011-11-21,246.4905812025736,739.4717436077208,246.4905812025736,308.113226503217,504.41685827009815,123.24529060128691,337.04870157227526,4.0,12.0,4.0,5.5,7.583333333333333,2.380476142847617,4.6604395682914905
EU,Copiers,2011,48,11,4,Autumn,0.75,0.2,1118.7587436077208,22,-0.4647231720437684,0.88545602565321,2011-48,2011-11-28,246.4905812025736,246.4905812025736,246.4905812025736,526.1802671045039,577.1058718038604,411.7863815813377,368.9180464502377,5.0,4.0,5.0,10.0,9.0,8.286535263104035,6.14964891828646
EU,Copiers,2011,49,12,4,Autumn,0.0,0.0,191.49,1,-0.35460488704253595,0.9350162426854147,2011-49,2011-12-05,1118.7587436077208,492.9811624051472,930.6017436077208,450.807476503217,515.513226503217,446.0550176294014,366.2242478326344,22.0,9.0,15.0,8.0,7.833333333333333,9.486832980505138,6.23528570947538
EU,Copiers,2011,50,12,4,Autumn,0.3333333333333333,0.049999999999999996,1050.2115812025736,6,-0.2393156642875578,0.970941817426052,2011-50,2011-12-12,191.49,246.4905812025736,1192.653,651.737726503217,503.64310827009814,500.98012662579407,343.91006460342777,1.0,4.0,7.0,8.5,7.75,9.255628917943215,6.2540895711235525
EU,Copiers,2011,52,12,4,Winter,0.25,0.0375,1170.8505812025737,16,6.432490598706546e-16,1.0,2011-52,2011-12-26,1050.2115812025736,246.4905812025736,366.45,882.827726503217,570.6764900369793,463.5320257047276,390.0393487862647,6.0,5.0,5.0,11.25,8.666666666666666,9.5,6.610368348055175
EU,Copiers,2012,1,1,1,Winter,0.3333333333333333,0.049999999999999996,735.0271624051472,7,0.12053668025532305,0.992708874098054,2012-1,2012-01-02,1170.8505812025737,1118.7587436077208,246.4905812025736,786.8948312025736,611.3878718038604,437.3994729742557,378.44938059190986,16.0,22.0,5.0,7.5,8.833333333333334,6.244997998398397,6.534291828267981
EU,Copiers,2012,2,1,1,Winter,0.3333333333333333,0.03333333333333333,872.0611624051471,14,0.23931566428755774,0.970941817426052,2012-2,2012-01-09,735.0271624051472,191.49,246.4905812025736,957.0376218038605,663.5187535707415,192.2732526477511,366.51333302222133,7.0,1.0,3.0,10.75,9.75,4.9916597106239795,6.411991606641135
EU,Copiers,2012,4,1,1,Winter,0.0,0.0,1116.6599999999999,7,0.4647231720437685,0.8854560256532099,2012-4,2012-01-23,872.0611624051471,1050.2115812025736,851.9011624051473,973.6497265032169,685.5819900369793,205.4272619623359,386.3182715809786,14.0,6.0,17.0,11.0,8.916666666666666,4.69041575982343,6.022055422789758
EU,Copiers,2012,6,2,1,Winter,1.0,0.15,246.4905812025736,3,0.6631226582407952,0.7485107481711011,2012-6,2012-02-06,1116.6599999999999,1170.8505812025737,739.4717436077208,742.559726503217,644.500226503217,366.45280413364367,405.7881781469694,7.0,16.0,12.0,7.75,8.166666666666666,4.573474244670748,6.161955612441313
EU,Copiers,2012,7,2,1,Winter,1.0,0.1,246.4905812025736,8,0.7485107481711011,0.6631226582407953,2012-7,2012-02-13,246.4905812025736,735.0271624051472,246.4905812025736,620.4255812025735,644.500226503217,443.17935894186854,405.7881781469694,3.0,7.0,4.0,8.0,8.5,4.546060565661952,6.022684390927959
EU,Copiers,2012,9,3,1,Winter,0.0,0.0,246.4905812025736,11,0.8854560256532099,0.4647231720437686,2012-9,2012-02-27,246.4905812025736,872.0611624051471,492.9811624051472,464.03293590193016,623.9593447363359,435.0847093987133,420.1401300696384,8.0,14.0,9.0,7.25,8.666666666666666,3.3040379335998353,6.065301211636467
EU,Copiers,2012,10,3,1,Winter,0.0,0.0,741.8011624051471,11,0.9350162426854148,0.35460488704253557,2012-10,2012-03-05,246.4905812025736,1116.6599999999999,246.4905812025736,370.318226503217,665.235226503217,247.65529060128708,403.69370290362457,11.0,7.0,4.0,8.25,9.25,3.774917217635375,5.910314558618534
EU,Copiers,2012,11,3,1,Winter,0.8,0.26,1081.3502436077208,26,0.970941817426052,0.23931566428755804,2012-11,2012-03-12,741.8011624051471,246.4905812025736,246.4905812025736,579.0331421045038,734.8068650369793,408.24217017093014,396.84857866091687,11.0,3.0,5.0,14.0,11.0,8.12403840463596,7.446780878644507
EU,Copiers,2012,13,3,1,Spring,0.0,0.0,319.56,1,1.0,-1.6081226496766366e-16,2012-13,2012-03-26,1081.3502436077208,246.4905812025736,1118.7587436077208,597.3004968038604,668.2069697363359,389.6117641058997,393.6035268057817,26.0,8.0,22.0,12.25,9.25,10.307764064044152,7.0855165975774455
EU,Copiers,2012,14,4,2,Spring,0.0,0.0,246.4905812025736,4,0.992708874098054,-0.12053668025532288,2012-14,2012-04-02,319.56,246.4905812025736,191.49,597.3004968038604,672.790351503217,389.6117641058996,387.82548253232756,1.0,11.0,1.0,10.5,9.5,11.150485789118488,6.815757144627841
EU,Copiers,2012,15,4,2,Spring,0.6666666666666666,0.08333333333333333,860.8111624051471,11,0.9709418174260521,-0.2393156642875575,2012-15,2012-04-09,246.4905812025736,741.8011624051471,1050.2115812025736,627.0529968038604,657.0069832700981,408.41505183271255,374.70113157832117,4.0,11.0,6.0,10.5,9.916666666666666,11.150485789118488,6.734690832255079
EU,Copiers,2012,16,4,2,Spring,0.3333333333333333,0.03333333333333333,794.7705812025736,18,0.9350162426854148,-0.35460488704253545,2012-16,2012-04-16,860.8111624051471,1081.3502436077208,1170.8505812025737,555.4080812025736,625.6669832700981,317.08031980738554,342.12803778781245,11.0,26.0,16.0,8.5,10.083333333333334,7.593857166596345,6.921092049056647
EU,Copiers,2012,20,5,2,Spring,0.0,0.0,835.32,4,0.6631226582407952,-0.7485107481711012,2012-20,2012-05-14,794.7705812025736,319.56,735.0271624051472,684.3480812025736,634.0247197363359,293.1689263350755,346.2426965666708,18.0,1.0,7.0,9.25,9.833333333333334,6.701989754294366,7.094598884597588
EU,Copiers,2012,21,5,2,Spring,1.0,0.13333333333333333,1118.4330812025737,9,0.5680647467311558,-0.8229838658936564,2012-21,2012-05-21,835.32,246.4905812025736,872.0611624051471,902.3337062025736,654.5557129694547,146.61028181039495,368.2459537030897,4.0,4.0,14.0,10.5,9.416666666666666,5.802298395176402,6.9734344392693535
EU,Copiers,2012,22,5,2,Spring,0.0,0.0,623.3505812025736,5,0.46472317204376906,-0.8854560256532096,2012-22,2012-05-28,1118.4330812025737,860.8111624051471,1116.6599999999999,842.9685609019302,613.4465947363359,205.34061514360374,338.28575595995824,9.0,11.0,7.0,9.0,9.25,6.377042156569663,7.059809423129572
EU,Copiers,2012,23,6,2,Spring,0.0,0.0,492.9811624051472,10,0.35460488704253584,-0.9350162426854147,2012-23,2012-06-04,623.3505812025736,794.7705812025736,246.4905812025736,767.5212062025737,633.987476503217,273.18688671407415,321.0213601180432,5.0,18.0,3.0,7.0,9.833333333333334,2.9439202887759475,6.780095646058172
EU,Copiers,2012,24,6,2,Spring,0.0,0.0,319.92,1,0.23931566428755768,-0.970941817426052,2012-24,2012-06-11,492.9811624051472,835.32,246.4905812025736,638.6712062025737,640.1065947363359,343.1394753212353,313.57717084206826,10.0,4.0,8.0,6.25,9.25,4.112987559751021,7.237842471093416
EU,Copiers,2012,25,6,2,Spring,0.2,0.03,1574.6611624051473,13,0.12053668025532308,-0.992708874098054,2012-25,2012-06-18,319.92,1118.4330812025737,246.4905812025736,752.728226503217,750.787476503217,561.8730059542911,387.6611272727964,1.0,9.0,11.0,7.25,9.416666666666666,5.315072906367324,7.304523297660198
EU,Copiers,2012,26,6,2,Summer,0.8,0.16999999999999998,1272.2807436077208,14,-3.216245299353273e-16,-1.0,2012-26,2012-06-25,1574.6611624051473,623.3505812025736,741.8011624051471,914.9607671045037,794.9941082700981,604.1584997516866,415.7705227942623,13.0,5.0,11.0,9.5,9.666666666666666,5.916079783099615,7.414155175722786
EU,Copiers,2012,28,7,3,Summer,0.5,0.075,492.9811624051472,5,-0.23931566428755743,-0.9709418174260521,2012-28,2012-07-09,1272.2807436077208,492.9811624051472,1081.3502436077208,914.9607671045037,745.9633515032169,604.1584997516866,413.61820403336907,14.0,10.0,26.0,8.25,7.916666666666667,6.291528696058957,5.41812334725416
EU,Copiers,2012,29,7,3,Summer,0.0,0.0,574.02,3,-0.3546048870425356,-0.9350162426854148,2012-29,2012-07-16,492.9811624051472,319.92,319.56,978.4857671045038,767.168351503217,529.480206782752,395.9142560337884,5.0,1.0,1.0,8.75,8.083333333333334,5.560275772537425,5.212891944424174
EU,Copiers,2012,31,8,3,Summer,0.5,0.0625,1343.7871624051472,17,-0.5680647467311556,-0.8229838658936566,2012-31,2012-07-30,574.02,1574.6611624051473,246.4905812025736,920.7672671045038,858.6097332700982,449.34848191644306,391.4163879653363,3.0,13.0,4.0,9.75,9.166666666666666,6.800735254367721,5.621926769894875
EU,Copiers,2012,32,8,3,Summer,0.3333333333333333,0.049999999999999996,739.4717436077208,11,-0.663122658240795,-0.7485107481711013,2012-32,2012-08-06,1343.7871624051472,1272.2807436077208,860.8111624051471,787.5650171045038,848.4981150369794,384.7411076114175,392.9187694048901,17.0,14.0,11.0,9.0,9.166666666666666,6.324555320336758,5.621926769894875
EU,Copiers,2012,33,8,3,Summer,0.75,0.2875,1051.9411624051472,12,-0.7485107481711011,-0.6631226582407952,2012-33,2012-08-13,739.4717436077208,492.9811624051472,794.7705812025736,927.3050171045038,869.9289968038603,341.1173737453019,396.7169572845278,11.0,5.0,18.0,10.75,8.666666666666666,5.795112883571235,4.9969687781391015
EU,Copiers,2012,34,8,3,Summer,1.0,0.5,178.68,1,-0.8229838658936564,-0.5680647467311559,2012-34,2012-08-20,1051.9411624051472,574.02,835.32,828.4700171045039,815.2089968038604,498.5441712415813,444.3507867246129,12.0,3.0,4.0,10.25,8.416666666666666,6.701989754294366,5.316498049952763
EU,Copiers,2012,35,8,3,Summer,0.6666666666666666,0.09999999999999999,739.4717436077208,20,-0.8854560256532096,-0.4647231720437691,2012-35,2012-08-27,178.68,1343.7871624051472,1118.4330812025737,677.3911624051473,783.6288853376227,363.6429215280618,434.1917761427783,1.0,17.0,9.0,11.0,9.333333333333334,7.788880963698614,6.2861078192432815
EU,Copiers,2012,36,9,3,Summer,0.5,0.075,492.9811624051472,11,-0.9350162426854147,-0.3546048870425359,2012-36,2012-09-03,739.4717436077208,739.4717436077208,623.3505812025736,615.7685171045039,772.7647671045038,370.43765602979556,440.1568004142339,20.0,11.0,5.0,11.0,9.833333333333334,7.788880963698614,6.147184622888661
EU,Copiers,2012,37,9,3,Summer,0.5,0.075,694.1175812025735,4,-0.970941817426052,-0.23931566428755774,2012-37,2012-09-10,492.9811624051472,1051.9411624051472,492.9811624051472,526.3126218038603,789.5261353376227,255.31336401558994,432.2933864098889,11.0,12.0,10.0,9.0,9.333333333333334,8.445906306213283,6.372288490492299
EU,Copiers,2012,38,9,3,Summer,0.25,0.125,1017.4155812025735,8,-0.992708874098054,-0.12053668025532357,2012-38,2012-09-17,694.1175812025735,178.68,319.92,735.9965171045037,847.6507671045038,216.0394059186229,409.71334709265113,4.0,1.0,1.0,10.75,9.916666666666666,6.800735254367721,5.838093296045667
EU,Copiers,2012,39,9,3,Autumn,0.8,0.32999999999999996,1405.8361624051472,25,-1.0,-1.8369701987210297e-16,2012-39,2012-09-24,1017.4155812025735,739.4717436077208,1574.6611624051473,902.5876218038604,833.5820171045037,399.03289893042205,384.60924190870577,8.0,20.0,13.0,12.0,10.916666666666666,9.128709291752768,7.267090618714348
EU,Copiers,2012,40,10,4,Autumn,0.0,0.0,246.4905812025736,4,-0.992708874098054,0.1205366802553232,2012-40,2012-10-01,1405.8361624051472,492.9811624051472,1272.2807436077208,840.964976503217,748.0995035707415,491.6564643243189,392.1617962259422,25.0,11.0,14.0,10.25,10.083333333333334,10.012492197250394,7.452374037035367
EU,Copiers,2012,41,10,4,Autumn,1.0,0.15,246.4905812025736,3,-0.9709418174260521,0.23931566428755738,2012-41,2012-10-08,246.4905812025736,694.1175812025735,492.9811624051472,729.0582265032169,727.5586218038603,579.3448607737603,412.6590743112803,4.0,4.0,5.0,10.0,9.916666666666666,10.23067283548187,7.597348022152006
EU,Copiers,2012,43,10,4,Autumn,1.0,0.2,479.976,3,-0.8854560256532101,0.464723172043768,2012-43,2012-10-22,246.4905812025736,1017.4155812025735,574.02,594.6983312025736,719.7216218038603,551.8463158056155,416.7131835874771,3.0,8.0,3.0,8.75,9.916666666666666,10.843584893075414,7.597348022152006
EU,Copiers,2012,44,11,4,Autumn,1.0,0.26666666666666666,858.5161624051473,10,-0.822983865893657,0.5680647467311548,2012-44,2012-10-29,479.976,1405.8361624051472,1343.7871624051472,457.8683312025736,679.2823718038604,288.8878329370002,371.76859632886874,3.0,25.0,17.0,5.0,9.333333333333334,3.3665016461206907,7.265526738501402
EU,Copiers,2012,45,11,4,Autumn,0.3333333333333333,0.049999999999999996,933.5955812025736,15,-0.7485107481711011,0.6631226582407952,2012-45,2012-11-05,858.5161624051473,246.4905812025736,739.4717436077208,629.6445812025736,695.4593582700982,323.50996017555013,378.7830862455444,10.0,4.0,11.0,7.75,9.666666666666666,5.852349955359812,7.438637868140468
EU,Copiers,2012,46,11,4,Autumn,0.0,0.0,246.4905812025736,6,-0.6631226582407955,0.7485107481711007,2012-46,2012-11-12,933.5955812025736,246.4905812025736,1051.9411624051472,629.6445812025736,628.3384765032171,323.50996017555013,381.2269693258217,15.0,3.0,12.0,8.5,9.166666666666666,5.196152422706631,7.469128382072357
EU,Copiers,2012,47,11,4,Autumn,0.42857142857142855,0.12142857142857143,1853.7705812025736,12,-0.5680647467311559,0.8229838658936564,2012-47,2012-11-19,246.4905812025736,479.976,178.68,973.093226503217,767.9293582700981,662.8805761824115,492.1509145874682,6.0,3.0,1.0,10.75,10.083333333333334,3.7749172176353736,7.038315053184165
EU,Copiers,2012,48,11,4,Autumn,0.5,0.075,492.9811624051472,7,-0.4647231720437684,0.88545602565321,2012-48,2012-11-26,1853.7705812025736,858.5161624051473,739.4717436077208,881.709476503217,747.388476503217,707.6269512152816,498.54892079770167,12.0,10.0,20.0,10.0,9.0,4.242640687119284,6.338913012640118
EU,Copiers,2012,49,12,4,Autumn,0.6666666666666666,0.09999999999999999,1020.3211624051472,9,-0.35460488704253595,0.9350162426854147,2012-49,2012-12-03,492.9811624051472,933.5955812025736,492.9811624051472,903.3908718038605,791.333476503217,711.0668993978169,497.32525519304767,7.0,15.0,11.0,8.5,8.833333333333334,2.645751311064589,6.307763374436205
EU,Copiers,2012,50,12,4,Autumn,1.0,0.15,246.4905812025736,7,-0.2393156642875578,0.970941817426052,2012-50,2012-12-10,1020.3211624051472,246.4905812025736,694.1175812025735,903.3908718038605,754.031226503217,711.066899397817,521.4805722852842,9.0,6.0,4.0,8.75,9.083333333333334,2.362907813126302,6.15642064445853
EU,Copiers,2012,51,12,4,Autumn,0.4,0.06,1343.3223248102945,23,-0.12053668025532363,0.992708874098054,2012-51,2012-12-17,246.4905812025736,1853.7705812025736,1017.4155812025735,775.7788077057907,781.1901218038605,497.33527991747053,544.4265768258139,7.0,12.0,8.0,11.5,10.333333333333334,7.724420150837644,7.327821620165826
EU,Copiers,2012,52,12,4,Winter,0.5,0.075,1458.2475,9,6.432490598706546e-16,1.0,2012-52,2012-12-24,1343.3223248102945,492.9811624051472,1405.8361624051472,1017.0953921045038,785.5577332700981,546.1627883401616,550.0742411107248,23.0,7.0,25.0,12.0,9.0,7.393691004272943,5.688904671695282
EU,Copiers,2013,1,12,4,Winter,0.5,0.075,492.9811624051472,9,0.12053668025532305,0.992708874098054,2013-1,2012-12-31,1458.2475,1020.3211624051472,246.4905812025736,885.2603921045038,806.0986150369794,605.5424084740936,532.4337687846687,9.0,9.0,4.0,12.0,9.416666666666666,7.393691004272943,5.468227788919842
EU,Copiers,2013,4,1,1,Winter,0.0,0.0,246.4905812025736,3,0.4647231720437685,0.8854560256532099,2013-4,2013-01-21,492.9811624051472,246.4905812025736,246.4905812025736,885.2603921045038,806.0986150369794,605.5424084740937,532.4337687846687,9.0,7.0,3.0,11.0,9.416666666666666,8.48528137423857,5.468227788919842
EU,Copiers,2013,6,2,1,Winter,0.5,0.075,492.9811624051472,6,0.6631226582407952,0.7485107481711011,2013-6,2013-02-04,246.4905812025736,1343.3223248102945,479.976,672.675101503217,807.1823785707414,536.4503897910912,531.7223629735585,3.0,23.0,3.0,6.75,9.666666666666666,2.8722813232690108,5.2107115782314395
EU,Copiers,2013,8,2,1,Winter,0.6666666666666666,0.09999999999999999,902.3505812025736,11,0.8229838658936564,0.5680647467311559,2013-8,2013-02-18,492.9811624051472,1458.2475,858.5161624051473,533.7008718038604,810.8352468038603,271.85078550193947,532.2573789762639,6.0,9.0,10.0,7.25,9.75,3.4999999999999973,5.224505196231942
EU,Copiers,2013,9,2,1,Winter,0.0,0.0,246.4905812025736,4,0.8854560256532099,0.4647231720437686,2013-9,2013-02-25,902.3505812025736,492.9811624051472,933.5955812025736,472.078226503217,753.5764968038603,309.48925849557855,554.3504897784516,11.0,9.0,15.0,6.0,8.833333333333334,3.5590260840104344,5.1844756609311915
EU,Copiers,2013,11,3,1,Winter,1.0,0.15,246.4905812025736,3,0.970941817426052,0.23931566428755804,2013-11,2013-03-11,246.4905812025736,246.4905812025736,246.4905812025736,472.078226503217,753.5764968038603,309.48925849557855,554.3504897784514,4.0,3.0,6.0,6.0,8.583333333333334,3.5590260840104344,5.401318581998516
EU,Copiers,2013,13,3,1,Spring,0.0,0.0,527.16,2,1.0,-1.6081226496766366e-16,2013-13,2013-03-25,246.4905812025736,492.9811624051472,1853.7705812025736,480.6229359019302,643.0256150369793,310.7280827239072,434.27353737011623,3.0,6.0,12.0,5.0,7.75,4.082482904638628,5.594234044572554
EU,Copiers,2013,14,4,2,Spring,0.6,0.15,1645.6111624051473,17,0.992708874098054,-0.12053668025532288,2013-14,2013-04-01,527.16,902.3505812025736,492.9811624051472,666.4380812025736,739.0781150369793,666.0555813563195,517.5536868779396,2.0,11.0,7.0,6.5,8.583333333333334,7.04745817062199,6.1858832445457255
EU,Copiers,2013,16,4,2,Spring,1.0,0.15,286.008,2,0.9350162426854148,-0.35460488704253545,2013-16,2013-04-15,1645.6111624051473,246.4905812025736,1020.3211624051472,676.3174359019301,677.8853515032171,657.9946427588799,524.6401565532439,17.0,4.0,9.0,6.0,8.0,7.348469228349533,6.466697906828636
EU,Copiers,2013,18,4,2,Spring,0.6666666666666666,0.050666666666666665,817.1239,8,0.8229838658936565,-0.5680647467311557,2013-18,2013-04-29,286.008,246.4905812025736,246.4905812025736,818.9757656012869,725.4381280696692,592.323275719933,507.56736761868126,2.0,3.0,7.0,7.25,8.083333333333334,7.088723439378911,6.459078647121198
EU,Copiers,2013,19,5,2,Spring,0.6666666666666666,0.08333333333333333,864.3015812025736,8,0.7485107481711013,-0.663122658240795,2013-19,2013-05-06,817.1239,527.16,1343.3223248102945,903.2611609019302,685.5197327690257,560.0662061879498,472.1566956788988,8.0,2.0,23.0,8.75,6.833333333333333,6.184658438426489,4.448356863818239
EU,Copiers,2013,20,5,2,Spring,0.0,0.0,246.4905812025736,5,0.6631226582407952,-0.7485107481711012,2013-20,2013-05-13,864.3015812025736,1645.6111624051473,1458.2475,553.4810156012868,584.539989535907,332.6168643659629,418.38725962404004,8.0,17.0,9.0,5.75,6.5,2.8722813232690108,4.421024151195581
EU,Copiers,2013,21,5,2,Spring,1.0,0.125,819.1065812025736,8,0.5680647467311558,-0.8229838658936564,2013-21,2013-05-20,246.4905812025736,286.008,492.9811624051472,686.7556609019302,611.7171077690258,294.31759381550376,422.4713230943423,5.0,2.0,9.0,7.25,6.416666666666667,1.4999999999999936,4.378840305862099
EU,Copiers,2013,22,5,2,Spring,0.14285714285714285,0.07142857142857142,2099.5023248102943,23,0.46472317204376906,-0.8854560256532096,2013-22,2013-05-27,819.1065812025736,817.1239,246.4905812025736,1007.3502671045038,766.1347530696693,780.5131198132824,584.4405976023972,8.0,8.0,3.0,11.0,8.083333333333334,8.124038404635959,6.331139971074196
EU,Copiers,2013,23,6,2,Spring,1.0,0.15,246.4905812025736,9,0.35460488704253584,-0.9350162426854147,2013-23,2013-06-03,2099.5023248102943,864.3015812025736,492.9811624051472,852.8975171045038,745.5938713027881,873.808544584044,599.0623719812417,23.0,8.0,6.0,11.25,8.333333333333334,8.015609770940697,6.300553126271513
EU,Copiers,2013,24,6,2,Spring,0.2,0.03,1356.6048248102943,17,0.23931566428755768,-0.970941817426052,2013-24,2013-06-10,246.4905812025736,246.4905812025736,902.3505812025736,1130.426078006434,783.4483916034314,789.203689217876,623.7131569357933,9.0,5.0,11.0,14.25,8.833333333333334,7.088723439378911,6.753225940693872
EU,Copiers,2013,25,6,2,Spring,0.5,0.125,1615.258906012868,38,0.12053668025532308,-0.992708874098054,2013-25,2013-06-17,1356.6048248102943,819.1065812025736,246.4905812025736,1329.4641592090074,897.512418670956,784.9003758806199,641.4937779025272,17.0,8.0,4.0,21.75,11.666666666666666,12.257650672131263,10.585868224222615
EU,Copiers,2013,26,6,2,Summer,0.0,0.0,246.4905812025736,9,-3.216245299353273e-16,-1.0,2013-26,2013-06-24,1615.258906012868,2099.5023248102943,246.4905812025736,866.2112233070774,897.512418670956,723.3407827257838,641.4937779025272,38.0,23.0,3.0,18.25,12.166666666666666,13.696106502701172,10.27648094466489
EU,Copiers,2013,27,7,3,Summer,0.4,0.06,1441.2047436077207,25,-0.12053668025532283,-0.992708874098054,2013-27,2013-07-01,246.4905812025736,246.4905812025736,527.16,1164.889763908364,973.6828139715994,621.6628388275801,647.7565633294984,9.0,9.0,2.0,22.25,14.083333333333334,12.365947867699695,10.352499332250275
EU,Copiers,2013,28,7,3,Summer,0.16666666666666666,0.024999999999999998,1742.1317436077206,16,-0.23931566428755743,-0.9709418174260521,2013-28,2013-07-08,1441.2047436077207,1356.6048248102943,1645.6111624051473,1261.2714936077207,981.7261957384804,687.6748123953014,657.38627905919,25.0,17.0,17.0,22.0,14.0,12.516655570345725,10.3308892515249
EU,Copiers,2013,29,7,3,Summer,0.0,0.0,246.4905812025736,7,-0.3546048870425356,-0.9350162426854148,2013-29,2013-07-15,1742.1317436077206,1615.258906012868,286.008,919.0794124051472,978.4330775053617,786.2954222382061,661.2757219136204,16.0,38.0,2.0,14.25,14.416666666666666,8.139410298049855,9.894519450257052
EU,Copiers,2013,30,7,3,Summer,0.5,0.075,923.5486624051472,12,-0.46472317204376806,-0.8854560256532101,2013-30,2013-07-22,246.4905812025736,246.4905812025736,817.1239,1088.3439327057906,987.3018077057905,655.1905066734323,659.6272487401294,7.0,9.0,8.0,15.0,14.75,7.615773105863909,9.724617309600506
EU,Copiers,2013,31,8,3,Summer,1.0,0.15,980.2096624051471,11,-0.5680647467311556,-0.8229838658936566,2013-31,2013-07-29,923.5486624051472,1441.2047436077207,864.3015812025736,973.0951624051471,996.9608144726717,611.521859087313,658.5100859274289,12.0,25.0,8.0,11.5,15.0,3.6968455021364734,9.572688422609586
EU,Copiers,2013,32,8,3,Summer,1.0,0.15,246.4905812025736,4,-0.663122658240795,-0.7485107481711013,2013-32,2013-08-05,980.2096624051471,1742.1317436077206,246.4905812025736,599.1848718038605,996.9608144726717,407.9126887588741,658.5100859274289,11.0,16.0,5.0,8.5,14.916666666666666,3.6968455021364734,9.671498270065438
EU,Copiers,2013,33,8,3,Summer,0.3333333333333333,0.049999999999999996,737.9611624051472,10,-0.7485107481711011,-0.6631226582407952,2013-33,2013-08-12,246.4905812025736,246.4905812025736,819.1065812025736,722.0525171045039,990.1986962395528,333.4956512034756,660.9147134163701,4.0,7.0,8.0,9.25,15.083333333333334,3.593976442141305,9.558036440925541
EU,Copiers,2013,34,8,3,Summer,0.25,0.0375,1609.536,8,-0.8229838658936564,-0.5680647467311559,2013-34,2013-08-19,737.9611624051472,923.5486624051472,2099.5023248102943,893.549351503217,949.3681691720284,566.5802759012689,598.324130360974,10.0,12.0,23.0,8.25,13.833333333333334,3.0956959368344528,9.408249120593666
EU,Copiers,2013,35,8,3,Summer,0.0,0.0,881.6011624051472,6,-0.8854560256532096,-0.4647231720437691,2013-35,2013-08-26,1609.536,980.2096624051471,246.4905812025736,868.897226503217,1002.2940509389095,563.6906562380102,557.1723326274894,8.0,11.0,9.0,7.0,13.583333333333334,2.5819888974716125,9.586527794332792
EU,Copiers,2013,36,9,3,Summer,0.25,0.0375,1064.3927436077208,17,-0.9350162426854147,-0.3546048870425359,2013-36,2013-09-02,881.6011624051472,246.4905812025736,1356.6048248102943,1073.372767104504,977.9430441720284,381.5883235752535,546.5641071510644,6.0,4.0,17.0,10.25,13.583333333333334,4.787135538781691,9.586527794332792
EU,Copiers,2013,38,9,3,Summer,0.0,0.0,767.1705812025735,5,-0.992708874098054,-0.12053668025532357,2013-38,2013-09-16,1064.3927436077208,737.9611624051472,1615.258906012868,1080.6751218038605,907.2690171045037,373.21775708667235,510.29147300637953,17.0,10.0,38.0,9.0,10.833333333333334,5.477225575051662,6.012613005301039
EU,Copiers,2013,39,9,3,Autumn,1.0,0.3833333333333333,776.703,5,-1.0,-1.8369701987210297e-16,2013-39,2013-09-23,767.1705812025735,1609.536,246.4905812025736,872.4668718038604,951.4533853376228,138.05434134151528,469.1736937879423,5.0,8.0,9.0,8.25,10.5,5.852349955359813,6.230423887520164
EU,Copiers,2013,40,9,3,Autumn,0.0,0.0,246.4905812025736,5,-0.992708874098054,0.1205366802553232,2013-40,2013-09-30,776.703,881.6011624051472,1441.2047436077207,713.689226503217,851.8938718038604,340.63593568060793,482.3742894017648,5.0,6.0,25.0,8.0,8.833333333333334,6.000000000000001,4.4072942293705
EU,Copiers,2013,41,10,4,Autumn,0.5,0.075,535.5585812025736,11,-0.9709418174260521,0.23931566428755738,2013-41,2013-10-07,246.4905812025736,1064.3927436077208,1742.1317436077206,581.4806859019302,751.3461082700982,249.6128329266991,398.3786253508397,5.0,17.0,16.0,6.5,8.416666666666666,3.0000000000000013,3.8720051965905635
EU,Copiers,2013,42,10,4,Autumn,1.0,0.15,246.4905812025736,6,-0.9350162426854148,0.35460488704253557,2013-42,2013-10-14,535.5585812025736,767.1705812025735,246.4905812025736,451.31068590193024,751.3461082700982,256.1772931095437,398.3786253508397,11.0,5.0,7.0,6.75,8.333333333333334,2.872281323269016,3.915780041490254
EU,Copiers,2013,43,10,4,Autumn,0.0,0.0,246.4905812025736,4,-0.8854560256532101,0.464723172043768,2013-43,2013-10-21,246.4905812025736,776.703,923.5486624051472,318.75758120257365,694.9246015032169,144.53400000000465,419.17511712133376,6.0,5.0,12.0,6.5,7.666666666666667,3.1091263510296065,3.915780041490256
EU,Copiers,2013,44,10,4,Autumn,0.0,0.0,606.4905812025736,7,-0.822983865893657,0.5680647467311548,2013-44,2013-10-28,246.4905812025736,246.4905812025736,980.2096624051471,408.75758120257365,663.7813447363359,189.59429621167718,409.83142295102317,4.0,5.0,11.0,7.0,7.333333333333333,2.9439202887759506,3.773913650631708
EU,Copiers,2013,45,11,4,Autumn,0.5,0.05,629.1705812025737,7,-0.7485107481711011,0.6631226582407952,2013-45,2013-11-04,606.4905812025736,535.5585812025736,246.4905812025736,432.16058120257355,695.6713447363359,214.59309308549788,388.755871752261,7.0,11.0,4.0,6.0,7.583333333333333,1.4142135623730985,3.629633924274254
EU,Copiers,2013,46,11,4,Autumn,0.5,0.075,562.8180812025736,5,-0.6631226582407955,0.7485107481711007,2013-46,2013-11-11,629.1705812025737,246.4905812025736,737.9611624051472,511.2424562025736,681.0760879694548,178.63636097968276,390.30846877268755,7.0,6.0,10.0,5.75,7.166666666666667,1.5000000000000033,3.6139460511477153
EU,Copiers,2013,47,11,4,Autumn,0.3333333333333333,0.03333333333333333,764.2231624051471,13,-0.5680647467311559,0.8229838658936564,2013-47,2013-11-18,562.8180812025736,246.4905812025736,1609.536,640.675601503217,610.633351503217,86.84617507842488,263.0377067753017,5.0,4.0,8.0,8.0,7.583333333333333,3.4641016151377557,3.98767039153379
EU,Copiers,2013,48,11,4,Autumn,0.3333333333333333,0.049999999999999996,990.1411624051473,8,-0.4647231720437684,0.88545602565321,2013-48,2013-11-25,764.2231624051471,606.4905812025736,881.6011624051472,736.5882468038604,619.678351503217,188.66848783561602,274.80539672024713,13.0,7.0,6.0,8.25,7.75,3.403429642777024,3.9571569224748977
EU,Copiers,2013,49,12,4,Autumn,0.0,0.0,879.1005812025736,7,-0.35460488704253595,0.9350162426854147,2013-49,2013-12-02,990.1411624051473,629.1705812025737,1064.3927436077208,799.0707468038604,604.2373379694548,182.5215551234744,251.78742308510346,8.0,7.0,17.0,8.25,6.916666666666667,3.403429642777024,2.6784776318353924
EU,Copiers,2013,50,12,4,Autumn,0.3333333333333333,0.16666666666666666,871.4311624051472,14,-0.2393156642875578,0.970941817426052,2013-50,2013-12-09,879.1005812025736,562.8180812025736,767.1705812025735,876.2240171045038,612.9257197363359,92.29039950795725,259.5985384808961,7.0,5.0,5.0,10.5,7.666666666666667,3.5118845842842474,3.2844906435974033
EU,Copiers,2013,51,12,4,Autumn,0.4,0.06,1729.4011624051473,16,-0.12053668025532363,0.992708874098054,2013-51,2013-12-16,871.4311624051472,764.2231624051471,776.703,1117.5185171045039,692.3172332700982,411.5124382133882,414.0008432680658,14.0,13.0,5.0,11.25,8.583333333333334,4.425306015783919,3.941811612428842
EU,Copiers,2013,52,12,4,Winter,1.0,0.325,756.6105812025736,17,6.432490598706546e-16,1.0,2013-52,2013-12-23,1729.4011624051473,990.1411624051473,246.4905812025736,1059.1358718038605,734.8272332700982,450.34167585311127,389.5277689001942,16.0,8.0,5.0,13.5,9.583333333333334,4.509249752822895,4.440686542607689
EU,Copiers,2014,1,12,4,Winter,0.2,0.1,1684.9711624051472,28,0.12053668025532305,0.992708874098054,2014-1,2013-12-30,756.6105812025736,879.1005812025736,535.5585812025736,1260.6035171045037,830.6116150369794,518.1129644259474,469.23733354123885,17.0,7.0,11.0,18.75,11.0,6.291528696058959,6.941312425025848
EU,Copiers,2014,2,1,1,Winter,0.5,0.075,492.9811624051472,12,0.23931566428755774,0.970941817426052,2014-2,2014-01-06,1684.9711624051472,871.4311624051472,246.4905812025736,1165.991017104504,851.1524968038606,634.3779075770932,446.1710061042921,28.0,14.0,6.0,18.25,11.5,6.849574196011507,6.7621943721896045
EU,Copiers,2014,3,1,1,Winter,0.0,0.0,1181.9311624051472,26,0.3546048870425356,0.9350162426854148,2014-3,2014-01-13,492.9811624051472,1729.4011624051473,246.4905812025736,1029.123517104504,929.1058785707415,521.2799104272697,411.27650179995703,12.0,16.0,4.0,20.75,13.333333333333334,7.544313531837518,7.487363091276265
EU,Copiers,2014,4,1,1,Winter,0.3333333333333333,0.049999999999999996,638.3311624051472,5,0.4647231720437685,0.8854560256532099,2014-4,2014-01-20,1181.9311624051472,756.6105812025736,606.4905812025736,999.5536624051473,931.7592603376228,544.7189165294338,409.102875538052,26.0,17.0,7.0,17.75,13.166666666666666,11.086778913041726,7.661394761854378
EU,Copiers,2014,5,1,1,Winter,1.0,0.225,1111.7685812025736,12,0.5680647467311558,0.8229838658936564,2014-5,2014-01-27,638.3311624051472,1684.9711624051472,629.1705812025737,856.2530171045038,971.9757603376228,341.9604426417094,400.2785206349901,5.0,28.0,7.0,13.75,13.583333333333334,8.808140174482542,7.427936619562826
EU,Copiers,2014,6,2,1,Winter,0.6666666666666666,0.09999999999999999,1646.9805000000001,11,0.6631226582407952,0.7485107481711011,2014-6,2014-02-03,1111.7685812025736,492.9811624051472,562.8180812025736,1144.752851503217,1062.3226285707415,412.78151080700366,421.33149849626614,12.0,12.0,5.0,13.5,14.083333333333334,8.88819441731559,6.986458763966624
EU,Copiers,2014,7,2,1,Winter,1.0,0.325,508.6305812025736,8,0.7485107481711011,0.6631226582407953,2014-7,2014-02-10,1646.9805000000001,1181.9311624051472,764.2231624051471,976.4277062025736,1041.0232468038605,516.7532050541895,443.6409456780158,11.0,26.0,13.0,9.0,13.666666666666666,3.162277660168383,7.20269309902816
EU,Copiers,2014,8,2,1,Winter,0.5,0.1625,1313.4917436077208,20,0.8229838658936564,0.5680647467311559,2014-8,2014-02-17,508.6305812025736,638.3311624051472,990.1411624051473,1145.217851503217,1067.9691285707415,478.3457830840835,450.0431599716941,8.0,5.0,8.0,12.75,14.666666666666666,5.123475382979802,7.177405625652733
EU,Copiers,2014,9,2,1,Winter,0.0,0.0,578.9100812025736,5,0.8854560256532099,0.4647231720437686,2014-9,2014-02-24,1313.4917436077208,1111.7685812025736,879.1005812025736,1012.003226503217,1042.9532535707415,558.2846216601511,469.4218106849296,20.0,12.0,7.0,11.0,14.5,6.480740698407862,7.39164147103765
EU,Copiers,2014,10,3,1,Winter,0.0,0.0,631.5105812025736,7,0.9350162426854148,0.35460488704253557,2014-10,2014-03-03,578.9100812025736,1646.9805000000001,871.4311624051472,758.1357468038603,1022.9598718038604,373.6437173839603,482.32331865742424,5.0,11.0,14.0,10.0,13.916666666666666,6.78232998312527,7.704288455533101
EU,Copiers,2014,11,3,1,Winter,0.3333333333333333,0.16666666666666666,1127.79,5,0.970941817426052,0.23931566428755804,2014-11,2014-03-10,631.5105812025736,508.6305812025736,1729.4011624051473,912.925601503217,972.8256082700982,363.95087827635587,430.7247958202291,7.0,8.0,16.0,9.25,13.0,7.228416147400481,8.079153871088685
EU,Copiers,2014,12,3,1,Winter,0.5,0.075,985.9623248102944,24,0.992708874098054,0.120536680255323,2014-12,2014-03-17,1127.79,1313.4917436077208,756.6105812025736,831.0432468038604,991.9382535707415,267.9819484597776,425.31298250338233,5.0,20.0,17.0,10.25,13.583333333333334,9.215023964519393,8.628265740980034
EU,Copiers,2014,13,3,1,Spring,0.3333333333333333,0.049999999999999996,790.4611624051472,14,1.0,-1.6081226496766366e-16,2014-13,2014-03-24,985.9623248102944,578.9100812025736,1684.9711624051472,883.9310171045038,917.3957535707415,217.81512152084423,367.22817501919565,24.0,5.0,28.0,12.5,12.416666666666666,8.582928793055824,7.354137157636739
EU,Copiers,2014,14,4,2,Spring,1.0,0.15,327.981,2,0.992708874098054,-0.12053668025532288,2014-14,2014-03-31,790.4611624051472,631.5105812025736,492.9811624051472,808.0486218038604,903.6457400369792,348.64598801685446,387.11463064736154,14.0,7.0,12.0,11.25,11.583333333333334,9.912113800799506,7.948222595287733
EU,Copiers,2014,15,4,2,Spring,0.5,0.075,1313.841162405147,10,0.9709418174260521,-0.2393156642875575,2014-15,2014-04-07,327.981,1127.79,1181.9311624051472,854.5614124051472,914.6382400369794,412.14878434848686,397.46956400663214,2.0,5.0,26.0,12.5,10.25,9.146948489341497,6.52442961630991
EU,Copiers,2014,16,4,2,Spring,0.5,0.075,932.2517436077208,13,0.9350162426854148,-0.35460488704253545,2014-16,2014-04-14,1313.841162405147,985.9623248102944,638.3311624051472,841.1337671045037,939.1316218038604,407.28705784658706,387.8340932528542,10.0,24.0,5.0,9.75,10.916666666666666,5.439056290693577,6.345482764546096
EU,Copiers,2014,17,4,2,Spring,0.3333333333333333,0.049999999999999996,922.6785812025736,14,0.8854560256532099,-0.4647231720437685,2014-17,2014-04-21,932.2517436077208,790.4611624051472,1111.7685812025736,874.1881218038603,923.3741218038604,407.1689759174092,384.0047016641018,13.0,14.0,12.0,9.75,11.083333333333334,5.439056290693577,6.4025326428237985
EU,Copiers,2014,18,4,2,Spring,1.0,0.2375,872.0267436077208,19,0.8229838658936565,-0.5680647467311557,2014-18,2014-04-28,922.6785812025736,327.981,1646.9805000000001,1010.1995577057905,858.7946421045039,204.14515563762055,309.1101557409447,14.0,2.0,11.0,14.0,11.75,3.7416573867739458,6.797392548216227
EU,Copiers,2014,19,5,2,Spring,0.4,0.05,1155.0526624051472,15,0.7485107481711013,-0.663122658240795,2014-19,2014-05-05,872.0267436077208,1313.841162405147,508.6305812025736,970.5024327057906,912.6631488713848,125.83916270979276,298.68988554469075,19.0,10.0,8.0,15.25,12.333333333333334,2.6299556396765893,6.7464917931582455
EU,Copiers,2014,21,5,2,Spring,0.5,0.075,625.6245812025736,8,0.5680647467311558,-0.8229838658936564,2014-21,2014-05-19,1155.0526624051472,932.2517436077208,1313.4917436077208,893.8456421045039,855.3408853376227,217.16280196689996,280.20602796792116,15.0,13.0,20.0,14.0,11.333333333333334,4.546060565661955,6.386538873903365
EU,Copiers,2014,22,5,2,Spring,0.0,0.0,783.6811624051472,10,0.46472317204376906,-0.8854560256532096,2014-22,2014-05-26,625.6245812025736,922.6785812025736,578.9100812025736,859.0962874051472,872.4051421045039,222.07645175828924,267.80190428291144,8.0,14.0,5.0,13.0,11.75,4.966554808583783,6.092096220812375
EU,Copiers,2014,23,6,2,Spring,0.0,0.0,1071.7711624051472,7,0.35460488704253584,-0.9350162426854147,2014-23,2014-06-02,783.6811624051472,872.0267436077208,631.5105812025736,909.0323921045037,909.093523871385,247.0106602457565,261.8918290945543,10.0,19.0,7.0,10.0,11.75,3.5590260840104415,6.092096220812375
EU,Copiers,2014,24,6,2,Spring,0.0,0.0,1045.6111624051473,12,0.23931566428755768,-0.970941817426052,2014-24,2014-06-09,1071.7711624051472,1155.0526624051472,1127.79,881.6720171045038,902.2452874051472,214.61300476486008,256.67573608787814,7.0,15.0,5.0,9.25,12.333333333333334,2.2173557826083528,5.710171679210763
EU,Copiers,2014,25,6,2,Spring,1.0,0.5,123.93,2,0.12053668025532308,-0.992708874098054,2014-25,2014-06-16,1045.6111624051473,625.6245812025736,985.9623248102944,756.2483718038604,830.4092603376225,441.1592823815637,338.65347471437315,12.0,8.0,24.0,7.75,10.5,4.3493294502333,5.1256928578219885
EU,Copiers,2014,26,6,2,Summer,1.0,0.23750000000000002,1149.6316624051472,14,-3.216245299353273e-16,-1.0,2014-26,2014-06-23,123.93,783.6811624051472,790.4611624051472,847.7359968038604,860.3401353376227,484.55562133629485,350.4678353042679,2.0,10.0,14.0,8.75,10.5,5.377421934967229,5.1256928578219885
EU,Copiers,2014,27,7,3,Summer,1.0,0.5,321.75,5,-0.12053668025532283,-0.992708874098054,2014-27,2014-06-30,1149.6316624051472,1071.7711624051472,327.981,660.2307062025736,859.8208853376227,513.2312759694443,351.331828238863,14.0,7.0,2.0,8.25,10.75,5.678908345800277,4.7314230033219085
EU,Copiers,2014,29,7,3,Summer,0.0,0.0,1499.0700000000002,10,-0.3546048870425356,-0.9350162426854148,2014-29,2014-07-14,321.75,1045.6111624051473,1313.841162405147,773.5954156012868,875.2566218038604,656.7460349701686,376.27606692613114,5.0,12.0,10.0,7.75,10.75,5.3150729063673285,4.7314230033219085
EU,Copiers,2014,31,7,3,Summer,0.3333333333333333,0.049999999999999996,1568.3042436077208,18,-0.5680647467311556,-0.8229838658936566,2014-31,2014-07-28,1499.0700000000002,123.93,932.2517436077208,1134.688976503217,928.2609968038605,572.0981248966347,426.4838759505924,10.0,2.0,13.0,11.75,11.166666666666666,5.560275772537429,5.149286505444379
EU,Copiers,2014,32,8,3,Summer,0.3333333333333333,0.049999999999999996,941.3221624051472,12,-0.663122658240795,-0.7485107481711013,2014-32,2014-08-04,1568.3042436077208,1149.6316624051472,922.6785812025736,1082.6116015032171,929.8146285707415,579.7148789176875,426.49564916539805,18.0,14.0,14.0,11.25,11.0,5.37742193496723,5.08115949544805
EU,Copiers,2014,33,8,3,Summer,0.0,0.0,985.9623248102944,19,-0.7485107481711011,-0.6631226582407952,2014-33,2014-08-11,941.3221624051472,321.75,872.0267436077208,1248.6646827057907,939.3092603376226,330.8293746789512,426.3604188181854,12.0,5.0,19.0,14.75,11.0,4.425306015783923,5.08115949544805
EU,Copiers,2014,34,8,3,Summer,0.75,0.11249999999999999,1317.6077436077207,17,-0.8229838658936564,-0.5680647467311559,2014-34,2014-08-18,985.9623248102944,1499.0700000000002,1155.0526624051472,1203.2991186077206,952.8555171045037,295.6137178509408,436.3045004375914,19.0,10.0,15.0,16.5,11.166666666666666,3.1091263510296114,5.2541469912879935
EU,Copiers,2014,35,8,3,Summer,0.5,0.075,1490.0506624051472,15,-0.8854560256532096,-0.4647231720437691,2014-35,2014-08-25,1317.6077436077207,1568.3042436077208,625.6245812025736,1183.7357233070775,1024.891023871385,264.3414530464666,448.55393473456326,17.0,18.0,8.0,15.75,11.75,2.9860788111948264,5.259191088854918
EU,Copiers,2014,36,9,3,Summer,0.0,0.0,1813.6623248102944,28,-0.9350162426854147,-0.3546048870425359,2014-36,2014-09-01,1490.0506624051472,941.3221624051472,783.6811624051472,1401.8207639083641,1110.722787405147,345.1705184553137,494.4032053776789,15.0,12.0,10.0,19.75,13.25,5.737304826019505,6.99512817479553
EU,Copiers,2014,37,9,3,Summer,0.6666666666666666,0.09999999999999999,899.9611624051472,9,-0.970941817426052,-0.23931566428755774,2014-37,2014-09-08,1813.6623248102944,985.9623248102944,1071.7711624051472,1380.3204733070775,1096.4052874051472,380.57142505284327,498.1076159893432,28.0,19.0,7.0,17.25,13.416666666666666,7.932002689527199,6.855102059227442
EU,Copiers,2014,38,9,3,Summer,0.25,0.0375,2097.224068418015,36,-0.992708874098054,-0.12053668025532357,2014-38,2014-09-15,899.9611624051472,1317.6077436077207,1045.6111624051473,1575.224554509651,1184.0396962395528,513.9945860412734,574.9406200268111,9.0,17.0,12.0,22.0,15.416666666666666,12.247448713915892,9.423937927459313
EU,Copiers,2014,39,9,3,Autumn,0.5,0.1625,1226.4707436077208,15,-1.0,-1.8369701987210297e-16,2014-39,2014-09-22,2097.224068418015,1490.0506624051472,123.93,1509.3295748102944,1275.9180915401964,544.5418070155542,468.34253524999673,36.0,15.0,2.0,22.0,16.5,12.247448713915892,8.436931799049834
EU,Copiers,2014,40,10,4,Autumn,0.3333333333333333,0.017,1984.2995836077207,19,-0.992708874098054,0.1205366802553232,2014-40,2014-09-29,1226.4707436077208,1813.6623248102944,1149.6316624051472,1551.988889509651,1345.4737516404107,581.7434018463481,508.1689260530265,15.0,28.0,14.0,19.75,16.916666666666668,11.586630226256469,8.4257002226773
EU,Copiers,2014,41,10,4,Autumn,1.0,0.15,215.73,2,-0.9709418174260521,0.23931566428755738,2014-41,2014-10-06,1984.2995836077207,899.9611624051472,321.75,1380.9310989083642,1336.6387516404106,867.6944064116528,528.1155322518827,19.0,9.0,5.0,18.0,16.666666666666668,14.023789311975088,8.845474788976809
EU,Copiers,2014,42,10,4,Autumn,0.25,0.0375,985.9623248102944,21,-0.9350162426854148,0.35460488704253557,2014-42,2014-10-13,215.73,2097.224068418015,1499.0700000000002,1103.115663006434,1293.8797787079352,728.6699749992616,534.5019991593181,2.0,36.0,10.0,14.25,17.583333333333332,8.539125638299668,8.65981664023115
EU,Copiers,2014,43,10,4,Autumn,0.0,0.0,673.9005812025737,5,-0.8854560256532101,0.464723172043768,2014-43,2014-10-20,985.9623248102944,1226.4707436077208,1568.3042436077208,964.9731224051473,1219.3461401741731,749.5677558519768,554.7332296850823,21.0,15.0,18.0,11.75,16.5,9.639329160614171,9.38567573970618
EU,Copiers,2014,44,10,4,Autumn,0.6,0.08,1723.2572436077207,22,-0.822983865893657,0.5680647467311548,2014-44,2014-10-27,673.9005812025737,1984.2995836077207,941.3221624051472,899.7125374051473,1284.5073969410541,633.6371359016492,564.9373024450747,5.0,19.0,12.0,12.5,17.333333333333332,10.47218538160334,9.39374388848367
EU,Copiers,2014,45,11,4,Autumn,0.6666666666666666,0.09999999999999999,746.4285812025736,7,-0.7485107481711011,0.6631226582407952,2014-45,2014-11-03,1723.2572436077207,215.73,985.9623248102944,1032.3871827057906,1264.5462516404107,479.4933693362392,580.463294323477,22.0,2.0,19.0,13.75,16.333333333333332,8.995369179009092,9.82883821242677
EU,Copiers,2014,46,11,4,Autumn,0.0,0.0,864.7711624051472,13,-0.6631226582407955,0.7485107481711007,2014-46,2014-11-10,746.4285812025736,985.9623248102944,1317.6077436077207,1002.0893921045038,1226.8098698735296,487.1720134551342,591.3182639863776,7.0,21.0,17.0,11.75,16.0,7.632168761236877,9.871906880362351
EU,Copiers,2014,47,11,4,Autumn,0.625,0.18125,2224.765906012868,33,-0.5680647467311559,0.8229838658936564,2014-47,2014-11-17,864.7711624051472,673.9005812025737,1490.0506624051472,1389.8057233070774,1288.036140174173,706.6219781983714,655.5959706236506,13.0,5.0,15.0,18.75,17.5,11.324751652906127,11.008261360533654
EU,Copiers,2014,48,11,4,Autumn,0.25,0.125,1003.0517436077207,14,-0.4647231720437684,0.88545602565321,2014-48,2014-11-24,2224.765906012868,1723.2572436077207,1813.6623248102944,1209.7543483070774,1220.485258407292,684.7526546337389,638.0397967396316,33.0,22.0,28.0,16.75,16.333333333333332,11.265729744080794,10.525582111592636
EU,Copiers,2014,49,12,4,Autumn,0.3333333333333333,0.16666666666666666,871.7911624051471,12,-0.35460488704253595,0.9350162426854147,2014-49,2014-12-01,1003.0517436077207,746.4285812025736,899.9611624051472,1241.0949936077209,1218.1377584072918,658.8570908410057,639.3767101178812,14.0,7.0,9.0,18.0,16.583333333333332,10.033277962194942,10.370047193136532
EU,Copiers,2014,50,12,4,Autumn,0.5,0.13333333333333333,1834.2227436077208,25,-0.2393156642875578,0.970941817426052,2014-50,2014-12-08,871.7911624051471,864.7711624051472,2097.224068418015,1483.457888908364,1196.2209813397674,652.5590160461747,610.35251952455,12.0,13.0,36.0,21.0,15.666666666666666,9.831920802501752,8.876253645985951
EU,Copiers,2014,51,12,4,Autumn,0.75,0.2,945.0782436077208,17,-0.12053668025532363,0.992708874098054,2014-51,2014-12-15,1834.2227436077208,2224.765906012868,1226.4707436077208,1163.5359733070773,1172.7716063397672,450.33866744636566,614.4762239155926,25.0,33.0,15.0,17.0,15.833333333333334,5.715476066494084,8.881373085215369
EU,Copiers,2014,52,12,4,Winter,0.2857142857142857,0.08571428571428572,2032.1835812025736,20,6.432490598706546e-16,1.0,2014-52,2014-12-22,945.0782436077208,1003.0517436077207,1984.2995836077207,1420.8189327057905,1176.7619394726717,597.8935635837523,620.3526518243148,17.0,14.0,19.0,18.5,15.916666666666666,5.4467115461227325,8.918401134053058
EU,Machines,2011,22,6,2,Spring,1.0,0.5,243.27,6,0.46472317204376906,-0.8854560256532096,2011-22,2011-05-30,761.8544999999999,246.4905812025736,1007.79,590.5939156012868,384.5123187341912,285.0106077933895,264.723457769758,6.0,2.0,5.0,9.0,5.0,3.4641016151377544,3.6181361349331636
EU,Machines,2011,23,6,2,Spring,1.0,0.15,578.238,4,0.35460488704253584,-0.9350162426854147,2011-23,2011-06-06,243.27,480.8505812025736,88.83,614.9407703006434,425.2963187341912,276.5448315280688,252.44354726754244,6.0,12.0,3.0,7.0,5.083333333333333,3.4641016151377544,3.579190699111471
EU,Machines,2011,24,6,2,Spring,0.6666666666666666,0.08333333333333333,1181.1345812025736,16,0.23931566428755768,-0.970941817426052,2011-24,2011-06-13,578.238,876.4005812025736,413.355,691.1242703006434,489.2779505010723,390.9090378559704,333.44350531478176,4.0,12.0,4.0,8.0,6.083333333333333,5.41602560309064,4.737823307909414
EU,Machines,2011,26,6,2,Summer,0.5,0.075,701.8185812025736,4,-3.216245299353273e-16,-1.0,2011-26,2011-06-27,1181.1345812025736,761.8544999999999,128.52,676.1152906012868,537.0528322679535,388.4328138551643,317.75751654336585,16.0,6.0,3.0,7.5,6.166666666666667,5.744562646538029,4.687184332805461
EU,Machines,2011,27,7,3,Summer,0.0,0.0,496.5105812025736,11,-0.12053668025532283,-0.992708874098054,2011-27,2011-07-04,701.8185812025736,243.27,506.646,739.4254359019302,536.2082140348347,306.32785306424637,317.85914127762516,4.0,6.0,4.0,8.75,6.75,5.852349955359813,4.826536495817114
EU,Machines,2011,28,7,3,Summer,1.0,0.1,246.4905812025736,4,-0.23931566428755743,-0.9709418174260521,2011-28,2011-07-11,496.5105812025736,578.238,46.53,656.4885812025736,552.8715958017157,396.2320678188477,294.2167266430278,11.0,4.0,1.0,8.75,7.0,5.852349955359813,4.572645941803379
EU,Machines,2011,29,7,3,Summer,0.0,0.0,246.4905812025736,4,-0.3546048870425356,-0.9350162426854148,2011-29,2011-07-18,246.4905812025736,1181.1345812025736,574.91,422.8275812025736,525.5033109019301,220.1928228530621,306.9784806240633,4.0,16.0,2.0,5.75,7.166666666666667,3.5000000000000004,4.40729422937049
EU,Machines,2011,32,8,3,Summer,0.6666666666666666,0.18333333333333335,543.3645812025736,13,-0.663122658240795,-0.7485107481711013,2011-32,2011-08-08,246.4905812025736,701.8185812025736,246.4905812025736,383.2140812025736,550.2428109019302,159.02925356361325,294.14283335393816,4.0,4.0,5.0,8.0,7.833333333333333,4.69041575982343,4.648231987117318
EU,Machines,2011,33,8,3,Summer,1.0,0.1,72.144,2,-0.7485107481711011,-0.6631226582407952,2011-33,2011-08-15,543.3645812025736,496.5105812025736,246.4905812025736,277.1224359019302,535.713929135049,195.599642265978,314.1366329281902,13.0,11.0,2.0,5.75,7.833333333333333,4.924428900898052,4.648231987117318
EU,Machines,2011,35,8,3,Summer,0.5,0.075,492.9811624051472,7,-0.8854560256532096,-0.4647231720437691,2011-35,2011-08-29,72.144,246.4905812025736,480.8505812025736,338.7450812025736,536.7248109019303,220.03404114940048,313.96350474722067,2.0,4.0,12.0,6.5,7.416666666666667,4.795831523312719,4.461111425588376
EU,Machines,2011,37,9,3,Summer,0.0,0.0,319.4205812025736,6,-0.970941817426052,-0.23931566428755774,2011-37,2011-09-12,492.9811624051472,246.4905812025736,876.4005812025736,356.9775812025736,490.3098109019302,212.74224239566541,300.0444176300681,7.0,4.0,12.0,7.0,6.916666666666667,4.546060565661952,4.231018216873469
EU,Machines,2011,38,9,3,Summer,0.0,0.0,115.11,3,-0.992708874098054,-0.12053668025532357,2011-38,2011-09-19,319.4205812025736,543.3645812025736,761.8544999999999,249.9139359019302,436.4144359019302,194.66818057585735,304.8807547263242,6.0,13.0,6.0,4.5,6.666666666666667,2.380476142847617,4.376244411766229
EU,Machines,2011,40,10,4,Autumn,1.0,0.15,361.08,5,-0.992708874098054,0.1205366802553232,2011-40,2011-10-03,115.11,72.144,243.27,322.14793590193017,446.2319359019302,156.60123696682982,299.9528637310764,3.0,2.0,6.0,5.25,6.583333333333333,1.7078251276599339,4.399552318822973
EU,Machines,2011,44,11,4,Autumn,0.75,0.11249999999999999,1256.4976624051471,16,-0.822983865893657,0.5680647467311548,2011-44,2011-10-31,361.08,492.9811624051472,578.238,513.0270609019302,502.7535744356924,507.1679212235654,380.24603568333794,5.0,7.0,4.0,7.5,7.583333333333333,5.802298395176403,5.071459057282921
EU,Machines,2011,45,11,4,Autumn,0.0,0.0,431.55,5,-0.7485107481711011,0.6631226582407952,2011-45,2011-11-07,1256.4976624051471,319.4205812025736,1181.1345812025736,541.0594156012868,440.2881926688113,495.8728640106504,314.570933729338,16.0,6.0,16.0,7.25,6.666666666666667,5.909032633745278,4.355421560503296
EU,Machines,2011,46,11,4,Autumn,1.0,0.15,398.31,4,-0.6631226582407955,0.7485107481711007,2011-46,2011-11-14,431.55,115.11,701.8185812025736,611.8594156012867,414.99581090193016,430.7217287258701,303.64320650883576,5.0,3.0,4.0,7.5,6.666666666666667,5.686240703077327,4.355421560503296
EU,Machines,2011,47,11,4,Autumn,0.25,0.1,1233.1965812025735,15,-0.5680647467311559,0.8229838658936564,2011-47,2011-11-21,398.31,361.08,496.5105812025736,829.8885609019302,476.38631090193013,479.43937679189696,385.15327365856945,4.0,5.0,11.0,10.0,7.0,6.377042156569663,4.842989309769891
EU,Machines,2011,48,12,4,Autumn,0.5,0.075,1047.648,19,-0.4647231720437684,0.88545602565321,2011-48,2011-11-28,1233.1965812025735,1256.4976624051471,246.4905812025736,777.6761453006434,543.149429135049,425.87386650472206,410.2962997785546,15.0,16.0,4.0,10.75,8.25,7.41057802513857,5.832900416836144
EU,Machines,2011,49,12,4,Autumn,1.0,0.5,246.4905812025736,5,-0.35460488704253595,0.9350162426854147,2011-49,2011-12-05,1047.648,431.55,246.4905812025736,731.4112906012867,543.149429135049,482.32032870252584,410.2962997785546,19.0,5.0,4.0,10.75,8.333333333333334,7.41057802513857,5.773502691896256
EU,Machines,2011,50,12,4,Autumn,0.5,0.0625,883.3111624051472,17,-0.2393156642875578,0.970941817426052,2011-50,2011-12-12,246.4905812025736,398.31,543.3645812025736,852.6615812025736,571.4783109019302,428.64486769715637,421.88465051229247,5.0,4.0,13.0,14.0,8.666666666666666,6.2182527020592095,6.16932784512268
EU,Machines,2011,51,12,4,Autumn,1.0,0.325,247.488,6,-0.12053668025532363,0.992708874098054,2011-51,2011-12-19,883.3111624051472,1233.1965812025735,72.144,606.2344359019303,586.0903109019301,420.2110950485832,405.74578726352723,17.0,15.0,2.0,11.75,9.0,7.274384280931732,5.877538136452586
EU,Machines,2011,52,12,4,Winter,1.0,0.1,142.884,2,6.432490598706546e-16,1.0,2011-52,2011-12-26,247.488,1047.648,492.9811624051472,380.0434359019303,556.915547368168,339.0822472314234,425.17104592960163,6.0,19.0,7.0,7.5,8.583333333333334,6.557438524302,6.2005620468607265
EU,Machines,2012,1,1,1,Winter,1.0,0.5,420.18,5,0.12053668025532305,0.992708874098054,2012-1,2012-01-02,142.884,246.4905812025736,319.4205812025736,423.4657906012869,565.3121656012868,327.1915271882003,421.0291842457035,2.0,5.0,6.0,7.5,8.5,6.557438524302,6.244997998398397
EU,Machines,2012,2,1,1,Winter,0.0,0.0,492.9811624051472,7,0.23931566428755774,0.970941817426052,2012-2,2012-01-09,420.18,883.3111624051472,115.11,325.88329060128694,596.801429135049,159.63304807572356,397.78617067111855,5.0,17.0,3.0,5.0,8.833333333333334,2.160246899469287,6.027713773341707
EU,Machines,2012,4,1,1,Winter,1.0,0.275,626.31,8,0.4647231720437685,0.8854560256532099,2012-4,2012-01-23,492.9811624051472,247.488,361.08,420.58879060128686,618.903929135049,203.86432524640622,390.80524455343095,7.0,6.0,5.0,5.5,9.083333333333334,2.6457513110645907,5.915439480074514
EU,Machines,2012,5,2,1,Winter,1.0,0.4,58.536,2,0.5680647467311558,0.8229838658936564,2012-5,2012-01-30,626.31,142.884,1256.4976624051471,399.50179060128687,519.0737906012868,242.80692982133777,365.30309948874174,8.0,2.0,16.0,5.5,7.916666666666667,2.6457513110645907,5.80686636402948
EU,Machines,2012,6,2,1,Winter,0.5,0.075,520.17,4,0.6631226582407952,0.7485107481711011,2012-6,2012-02-06,58.536,420.18,431.55,424.49929060128693,526.4587906012868,250.66534390055256,364.2671632582983,2.0,5.0,5.0,5.25,7.833333333333333,2.7537852736430515,5.859465277082315
EU,Machines,2012,8,2,1,Winter,1.0,0.4,147.492,2,0.8229838658936564,0.5680647467311559,2012-8,2012-02-20,520.17,492.9811624051472,398.31,338.1270000000001,505.55729060128675,277.30964993667254,379.1794336494378,4.0,7.0,4.0,4.0,7.666666666666667,2.8284271247461903,6.005048381204438
EU,Machines,2012,9,3,1,Winter,0.3333333333333333,0.03333333333333333,807.4411624051472,16,0.8854560256532099,0.4647231720437686,2012-9,2012-02-27,147.492,626.31,1233.1965812025735,383.4097906012869,470.0776723681679,346.26875058278296,320.24376610762164,2.0,8.0,15.0,6.0,7.75,6.733003292241386,6.121868401662414
EU,Machines,2012,11,3,1,Winter,0.0,0.0,650.2111624051472,12,0.970941817426052,0.23931566428755804,2012-11,2012-03-12,807.4411624051472,58.536,1047.648,531.3285812025737,436.95793590193017,281.55891071879813,271.9983881282067,16.0,2.0,19.0,8.5,7.166666666666667,6.60807586719967,5.2194275780418895
EU,Machines,2012,12,3,1,Spring,0.0,0.0,401.61,5,0.992708874098054,0.120536680255323,2012-12,2012-03-19,650.2111624051472,520.17,246.4905812025736,501.68858120257374,449.88455413504903,289.260285665709,265.73754113389725,12.0,4.0,5.0,8.75,7.166666666666667,6.3966136874651625,5.2194275780418895
EU,Machines,2012,13,3,1,Spring,0.0,0.0,604.8,8,1.0,-1.6081226496766366e-16,2012-13,2012-03-26,401.61,147.492,883.3111624051472,616.0155812025737,426.6752906012868,167.2409772604087,234.80300836164133,5.0,2.0,17.0,10.25,6.416666666666667,4.7871355387816905,4.231018216873467
EU,Machines,2012,15,4,2,Spring,1.0,0.15,416.058,4,0.9709418174260521,-0.2393156642875575,2012-15,2012-04-09,604.8,807.4411624051472,247.488,518.1697906012869,440.72279060128676,127.74025678843617,228.05374860169363,8.0,16.0,6.0,7.25,6.25,3.5939764421413045,4.287932326467341
EU,Machines,2012,16,4,2,Spring,1.0,0.15,201.5775,5,0.9350162426854148,-0.35460488704253545,2012-16,2012-04-16,416.058,650.2111624051472,142.884,406.01137500000016,445.6139156012867,164.75277787510112,221.62398178997574,4.0,12.0,2.0,5.5,6.5,1.732050807568878,4.10099766132362
EU,Machines,2012,17,4,2,Spring,0.25,0.125,1376.46,15,0.8854560256532099,-0.4647231720437685,2012-17,2012-04-23,201.5775,401.61,420.18,649.7238750000001,525.3039156012868,511.7285948919236,347.7081689011479,5.0,5.0,5.0,8.0,7.333333333333333,4.96655480858378,4.735424207422437
EU,Machines,2012,18,5,2,Spring,0.0,0.0,221.16,2,0.8229838658936565,-0.5680647467311557,2012-18,2012-04-30,1376.46,604.8,492.9811624051472,553.8138750000002,502.6521520675246,556.9118399711596,358.686012380962,15.0,8.0,7.0,6.5,6.916666666666667,5.802298395176403,4.981024599478109
EU,Machines,2012,19,5,2,Spring,1.0,0.5,186.3,5,0.7485107481711013,-0.663122658240795,2012-19,2012-05-07,221.16,416.058,626.31,496.3743750000002,465.98465206752445,586.8972014131285,367.2830917503647,2.0,4.0,8.0,6.75,6.666666666666667,5.678908345800274,4.996968778139099
EU,Machines,2012,21,5,2,Spring,1.0,0.15,246.4905812025736,3,0.5680647467311558,-0.8229838658936564,2012-21,2012-05-21,186.3,201.5775,58.536,507.6026453006436,481.6475338344056,579.7635701320378,352.0181938780851,5.0,5.0,2.0,6.25,6.75,5.9651767227244274,4.919811526323487
EU,Machines,2012,22,5,2,Spring,1.0,0.13333333333333333,1001.0100812025736,10,0.46472317204376906,-0.8854560256532096,2012-22,2012-05-28,246.4905812025736,1376.46,520.17,413.740165601287,521.7175406012867,392.2900824490486,382.821001007328,3.0,15.0,4.0,5.0,7.25,3.559026084010437,4.919811526323487
EU,Machines,2012,25,6,2,Summer,1.0,0.15,246.4905812025736,3,0.12053668025532308,-0.992708874098054,2012-25,2012-06-18,1001.0100812025736,221.16,147.492,420.0728109019303,529.967422368168,388.3295078822246,375.0102428039077,10.0,2.0,2.0,5.25,7.333333333333333,3.304037933599835,4.830458915396478
EU,Machines,2012,26,6,2,Summer,0.3333333333333333,0.049999999999999996,634.6591624051472,11,-3.216245299353273e-16,-1.0,2012-26,2012-06-25,246.4905812025736,186.3,807.4411624051472,532.1626015032172,515.5689223681679,362.18803154460335,366.6110630033818,3.0,5.0,16.0,6.75,6.916666666666667,4.349329450233296,4.1878250665326
EU,Machines,2012,27,7,3,Summer,1.0,0.15,246.4905812025736,8,-0.12053668025532283,-0.992708874098054,2012-27,2012-07-02,634.6591624051472,246.4905812025736,650.2111624051472,532.1626015032172,481.92554060128674,362.18803154460335,371.62205653335394,11.0,3.0,12.0,8.0,6.583333333333333,3.559026084010437,3.8954129979043826
EU,Machines,2012,28,7,3,Summer,0.5,0.05,492.9811624051472,7,-0.23931566428755743,-0.9709418174260521,2012-28,2012-07-09,246.4905812025736,1001.0100812025736,401.61,405.1553718038606,489.53980413504905,192.12356349339373,370.7619180361541,8.0,10.0,5.0,7.25,6.75,3.304037933599835,3.8641710859922034
EU,Machines,2012,29,7,3,Summer,1.0,0.15,492.9811624051472,12,-0.3546048870425356,-0.9350162426854148,2012-29,2012-07-16,492.9811624051472,246.4905812025736,604.8,466.778017104504,480.2215676688113,161.33179373679536,369.002756130401,7.0,3.0,8.0,9.5,7.083333333333333,2.380476142847617,4.1441817556958584
EU,Machines,2012,30,7,3,Summer,1.0,0.1,315.981,3,-0.46472317204376806,-0.8854560256532101,2012-30,2012-07-23,492.9811624051472,634.6591624051472,416.058,387.10847650321716,471.88181766881127,125.49974984394122,371.70574357114884,12.0,11.0,4.0,7.5,7.0,3.696845502136472,4.221158824088689
EU,Machines,2012,31,8,3,Summer,0.0,0.0,74.22,2,-0.5680647467311556,-0.8229838658936566,2012-31,2012-07-30,315.981,246.4905812025736,201.5775,344.04083120257377,461.26869266881135,198.29025828771714,381.8061852272529,3.0,8.0,5.0,6.0,6.75,4.546060565661952,4.4338573397314995
EU,Machines,2012,32,8,3,Summer,0.5,0.075,270.8445,2,-0.663122658240795,-0.7485107481711013,2012-32,2012-08-06,74.22,492.9811624051472,1376.46,288.50666560128695,369.1340676688114,172.04203560185377,252.32669453201348,2.0,7.0,15.0,4.75,5.666666666666667,4.856267428111155,3.7739136506316924
EU,Machines,2012,33,8,3,Summer,0.5,0.05,805.3905812025736,10,-0.7485107481711011,-0.6631226582407952,2012-33,2012-08-13,270.8445,492.9811624051472,221.16,366.6090203006436,417.8199494356924,310.7810789864137,276.39497568205593,2.0,12.0,2.0,4.25,6.333333333333333,3.8622100754188224,3.7739136506316924
EU,Machines,2012,34,8,3,Summer,1.0,0.1,246.4905812025736,3,-0.8229838658936564,-0.5680647467311559,2012-34,2012-08-20,805.3905812025736,315.981,186.3,349.2364156012869,422.8358312025736,316.4451772232237,272.32773787859315,10.0,3.0,5.0,4.25,6.166666666666667,3.8622100754188224,3.880799667672379
EU,Machines,2012,35,8,3,Summer,1.0,0.15,904.077,4,-0.8854560256532096,-0.4647231720437691,2012-35,2012-08-27,246.4905812025736,74.22,246.4905812025736,556.7006656012869,477.6346994356925,346.63190644495336,298.5185830718036,3.0,2.0,3.0,4.75,6.25,3.593976442141304,3.8168287645874033
EU,Machines,2012,36,9,3,Summer,0.6666666666666666,0.09999999999999999,451.56600000000003,9,-0.9350162426854147,-0.3546048870425359,2012-36,2012-09-03,904.077,270.8445,1001.0100812025736,601.8810406012869,431.8476926688113,306.39599706656867,248.97009236557744,4.0,2.0,10.0,6.5,6.166666666666667,3.5118845842842465,3.7376057804023355
EU,Machines,2012,38,9,3,Summer,0.6,0.2,1667.121162405147,21,-0.992708874098054,-0.12053668025532357,2012-38,2012-09-17,451.56600000000003,805.3905812025736,246.4905812025736,817.3136859019303,550.2335744356925,629.6324341484947,426.9562313165601,9.0,10.0,3.0,9.25,7.666666666666667,8.261355820929152,5.532274451440437
EU,Machines,2012,39,9,3,Autumn,0.8333333333333334,0.225,1128.3915812025737,25,-1.0,-1.8369701987210297e-16,2012-39,2012-09-24,1667.121162405147,246.4905812025736,634.6591624051472,1037.7889359019302,591.3779426688113,505.24057076178775,458.459133749075,21.0,3.0,11.0,14.75,8.833333333333334,9.878427675158296,7.444745961027978
EU,Machines,2012,40,10,4,Autumn,0.5,0.125,1109.0515812025735,16,-0.992708874098054,0.1205366802553232,2012-40,2012-10-01,1128.3915812025737,904.077,246.4905812025736,1089.0325812025737,663.2580260021447,497.49369882404943,467.00888621787215,25.0,4.0,8.0,17.75,9.5,6.898067362191626,7.7165701283312735
EU,Machines,2012,42,10,4,Autumn,1.0,0.4,361.998,7,-0.9350162426854148,0.35460488704253557,2012-42,2012-10-15,1109.0515812025735,451.56600000000003,492.9811624051472,1066.6405812025737,652.3427624683824,536.2555281975209,472.8447732151042,16.0,9.0,7.0,17.25,9.5,7.762087348130012,7.7165701283312735
EU,Machines,2012,43,10,4,Autumn,0.3333333333333333,0.049999999999999996,859.422,7,-0.8854560256532101,0.464723172043768,2012-43,2012-10-22,361.998,1667.121162405147,492.9811624051472,864.7157906012869,682.8794989346202,356.8277373018802,473.44959978277205,7.0,21.0,12.0,13.75,9.083333333333334,8.616843969807045,7.704288455533098
EU,Machines,2012,44,10,4,Autumn,0.0,0.0,246.4905812025736,5,-0.822983865893657,0.5680647467311548,2012-44,2012-10-29,859.422,1128.3915812025737,315.981,644.240540601287,677.0886307015013,408.33737924276835,478.7405947824588,7.0,25.0,3.0,8.75,9.25,4.924428900898054,7.581376703955074
EU,Machines,2012,45,11,4,Autumn,0.75,0.1,1167.0136624051472,24,-0.7485107481711011,0.6631226582407952,2012-45,2012-11-05,246.4905812025736,1109.0515812025735,74.22,658.7310609019303,768.1547692352636,430.7438444373201,457.0833999666499,5.0,16.0,2.0,10.75,11.083333333333334,8.88350531415762,8.295215853768125
EU,Machines,2012,46,11,4,Autumn,0.3333333333333333,0.03333333333333333,577.4431624051472,15,-0.6631226582407955,0.7485107481711007,2012-46,2012-11-12,1167.0136624051472,361.998,270.8445,712.5923515032171,793.7046577690259,393.09618715643313,434.7828539752625,24.0,7.0,2.0,12.75,12.166666666666666,8.65544144839919,7.837361955673758
EU,Machines,2012,47,11,4,Autumn,1.0,0.15,492.9811624051472,11,-0.5680647467311559,0.8229838658936564,2012-47,2012-11-19,577.4431624051472,859.422,805.3905812025736,620.982142104504,767.6705395359069,390.1599005133883,443.2895818691394,15.0,7.0,10.0,13.75,12.25,7.973915809270458,7.817521113731408
EU,Machines,2012,48,11,4,Autumn,1.0,0.1,133.488,3,-0.4647231720437684,0.88545602565321,2012-48,2012-11-26,492.9811624051472,246.4905812025736,246.4905812025736,592.7314968038605,758.2536577690257,428.52011133888925,456.3747463203121,11.0,5.0,3.0,13.25,12.25,8.732124598286491,7.817521113731408
EU,Machines,2012,50,12,4,Autumn,0.0,0.0,246.4905812025736,8,-0.2393156642875578,0.970941817426052,2012-50,2012-12-10,133.488,1167.0136624051472,904.077,362.6007265032171,703.4547895359069,207.46930505316112,476.31721742304944,3.0,24.0,4.0,9.25,12.583333333333334,5.05799696849784,7.513119837788405
EU,Machines,2012,51,12,4,Autumn,0.6666666666666666,0.13333333333333333,997.4237436077208,27,-0.12053668025532363,0.992708874098054,2012-51,2012-12-17,246.4905812025736,577.4431624051472,451.56600000000003,467.5958718038605,748.9429348365503,383.78709647073094,476.1396600940741,8.0,15.0,9.0,12.25,14.083333333333334,10.372238588334408,8.468748252823255
EU,Machines,2012,52,12,4,Winter,0.5,0.075,461.9655812025736,9,6.432490598706546e-16,1.0,2012-52,2012-12-24,997.4237436077208,492.9811624051472,1667.121162405147,459.8419765032171,648.5133030696692,383.4163976133138,382.8208871160221,27.0,11.0,21.0,11.75,13.083333333333334,10.5,8.284249385357002
EU,Machines,2013,1,12,4,Winter,0.5,0.075,689.4255812025735,9,0.12053668025532305,0.992708874098054,2013-1,2012-12-31,461.9655812025736,133.488,1128.3915812025737,598.8263718038605,611.9328030696691,321.4340092436075,352.57535682596256,9.0,3.0,25.0,13.25,11.75,9.178779875342912,7.4360913486491365
EU,Machines,2013,2,1,1,Winter,0.0,0.0,246.4905812025736,3,0.23931566428755774,0.970941817426052,2013-2,2013-01-07,689.4255812025735,246.4905812025736,1109.0515812025735,598.8263718038605,540.0527197363358,321.4340092436075,329.16190904687676,9.0,8.0,16.0,12.0,10.666666666666666,10.392304845413266,7.702813338860895
EU,Machines,2013,5,1,1,Winter,1.0,0.5,181.35,3,0.5680647467311558,0.8229838658936564,2013-5,2013-01-28,246.4905812025736,997.4237436077208,361.998,394.8079359019303,524.9987197363358,230.12462880603653,341.92873645822317,3.0,27.0,7.0,6.0,10.333333333333334,3.46410161513776,7.958224257542214
EU,Machines,2013,6,2,1,Winter,0.5,0.2,480.5505812025736,10,0.6631226582407952,0.7485107481711011,2013-6,2013-02-04,181.35,461.9655812025736,859.422,399.45418590193026,493.4261015032169,232.1115649092933,325.3309661569505,3.0,9.0,7.0,6.25,10.583333333333334,3.77491721763538,7.890827048868293
EU,Machines,2013,7,2,1,Winter,1.0,0.125,719.6985,6,0.7485107481711011,0.6631226582407953,2013-7,2013-02-11,480.5505812025736,689.4255812025735,246.4905812025736,407.02241560128687,532.8600947363358,244.8613443770001,321.33304476174436,10.0,9.0,5.0,5.5,10.666666666666666,3.3166247903554056,7.831560082980486
EU,Machines,2013,8,2,1,Winter,1.0,0.13333333333333333,1185.0075,6,0.8229838658936564,0.5680647467311559,2013-8,2013-02-18,719.6985,246.4905812025736,1167.0136624051472,641.6516453006435,534.3595812025736,423.9331920183255,324.5868270871425,6.0,3.0,24.0,6.25,9.166666666666666,2.872281323269021,6.685579234215214
EU,Machines,2013,10,3,1,Winter,0.0,0.0,492.9811624051472,7,0.9350162426854148,0.35460488704253557,2013-10,2013-03-04,1185.0075,181.35,577.4431624051472,719.5594359019303,527.3210812025735,329.19339116338307,324.4833914070769,6.0,3.0,15.0,7.25,8.5,1.8929694486001014,6.445576354792062
EU,Machines,2013,12,3,1,Spring,1.0,0.15,668.1255,9,0.992708874098054,0.120536680255323,2013-12,2013-03-18,492.9811624051472,480.5505812025736,492.9811624051472,766.453165601287,541.9164426688113,295.4256792912813,326.7295995861975,7.0,10.0,11.0,7.0,8.333333333333334,1.4142135623731087,6.4007575309253015
EU,Machines,2013,13,3,1,Spring,1.0,0.4,60.48,2,1.0,-1.6081226496766366e-16,2013-13,2013-03-25,668.1255,719.6985,133.488,601.648540601287,535.8324426688114,465.25937212920843,335.58600287476173,9.0,6.0,3.0,6.0,8.25,2.9439202887759555,6.482493908421917
EU,Machines,2013,14,4,2,Spring,1.0,0.15,383.0430812025736,6,0.992708874098054,-0.12053668025532288,2013-14,2013-04-01,60.48,1185.0075,246.4905812025736,401.1574359019303,547.2118176688114,255.66435625385526,327.0904257312954,2.0,6.0,8.0,6.0,8.083333333333334,2.9439202887759555,6.51513389708682
EU,Machines,2013,16,4,2,Spring,1.0,0.125,588.579,3,0.9350162426854148,-0.35460488704253545,2013-16,2013-04-15,383.0430812025736,492.9811624051472,997.4237436077208,425.05689530064353,513.1414223681679,271.110861996786,295.72108728895444,6.0,7.0,27.0,5.0,6.083333333333333,3.1622776601683853,2.8109633849474376
EU,Machines,2013,17,4,2,Spring,1.0,0.15,246.4905812025736,3,0.8854560256532099,-0.4647231720437685,2013-17,2013-04-22,588.579,668.1255,461.9655812025736,319.6481656012869,495.1851723681679,222.7576255564712,305.49143084954693,3.0,9.0,9.0,3.5,5.583333333333333,1.7320508075688885,2.7784342658585564
EU,Machines,2013,18,4,2,Spring,1.0,0.15,246.4905812025736,9,0.8229838658936565,-0.5680647467311557,2013-18,2013-04-29,246.4905812025736,60.48,689.4255812025735,366.1508109019303,458.2739223681679,161.65476510634244,306.6454180141282,3.0,2.0,9.0,5.25,5.583333333333333,2.872281323269021,2.7784342658585564
EU,Machines,2013,19,5,2,Spring,1.0,0.15,246.4905812025736,3,0.7485107481711013,-0.663122658240795,2013-19,2013-05-06,246.4905812025736,383.0430812025736,246.4905812025736,332.01268590193024,458.2739223681679,171.04420939871113,306.6454180141282,9.0,6.0,3.0,4.5,5.583333333333333,3.000000000000006,2.7784342658585564
EU,Machines,2013,20,5,2,Spring,1.0,0.15,246.4905812025736,11,0.6631226582407952,-0.7485107481711012,2013-20,2013-05-13,246.4905812025736,588.579,181.35,246.4905812025736,463.702304135049,0.0,301.8363875214308,3.0,3.0,3.0,6.5,6.25,4.123105625617665,3.04884478867891
EU,Machines,2013,21,5,2,Spring,1.0,0.15,212.2875,3,0.5680647467311558,-0.8229838658936564,2013-21,2013-05-20,246.4905812025736,246.4905812025736,480.5505812025736,237.93981090193031,441.3470473681679,17.101540601263885,310.29102210500037,11.0,3.0,10.0,6.5,5.666666666666667,4.123105625617665,2.9336088024923517
EU,Machines,2013,22,5,2,Spring,0.5,0.2,618.216,7,0.46472317204376906,-0.8854560256532096,2013-22,2013-05-27,212.2875,246.4905812025736,719.6985,330.8711656012869,432.8901723681679,192.24056600172986,303.3195993419043,3.0,9.0,6.0,6.0,5.75,3.8297084310253577,2.958039891549809
EU,Machines,2013,23,6,2,Spring,0.6,0.08,1399.9577436077207,18,0.35460488704253584,-0.9350162426854147,2013-23,2013-06-03,618.216,246.4905812025736,1185.0075,619.2379562025737,450.8026926688114,551.9884389529941,353.9028481237515,7.0,3.0,6.0,9.75,6.75,6.396613687465166,4.614699832649415
EU,Machines,2013,24,6,2,Spring,1.0,0.2333333333333333,629.8711624051472,17,0.23931566428755768,-0.970941817426052,2013-24,2013-06-10,1399.9577436077207,246.4905812025736,492.9811624051472,715.0831015032171,462.2101926688113,496.1521951334558,357.5731846108949,18.0,11.0,7.0,11.25,7.583333333333333,7.410578025138572,5.484827557301444
EU,Machines,2013,25,6,2,Spring,0.3333333333333333,0.049999999999999996,772.9305812025736,12,0.12053668025532308,-0.992708874098054,2013-25,2013-06-17,629.8711624051472,212.2875,668.1255,855.2438718038605,470.9439494356925,369.8935658171359,364.27700621800363,17.0,3.0,9.0,13.5,7.833333333333333,5.066228051190225,5.6219267698948725
EU,Machines,2013,26,6,2,Summer,0.8,0.22000000000000003,1339.035,9,-3.216245299353273e-16,-1.0,2013-26,2013-06-24,772.9305812025736,618.216,60.48,1035.4486218038605,577.4901994356925,390.91362478085625,416.5389087430556,12.0,7.0,2.0,14.0,8.416666666666666,4.24264068711929,5.31649804995276
EU,Machines,2013,27,7,3,Summer,1.0,0.15,304.2405,3,-0.12053668025532283,-0.992708874098054,2013-27,2013-07-01,1339.035,1399.9577436077207,383.0430812025736,761.5193109019303,570.9233176688114,432.0839942059128,420.4855977086342,9.0,18.0,6.0,10.25,8.166666666666666,5.8523499553598155,5.507570547286101
EU,Machines,2013,28,7,3,Summer,1.0,0.15,103.122,1,-0.23931566428755743,-0.9709418174260521,2013-28,2013-07-08,304.2405,629.8711624051472,588.579,629.8320203006435,530.4685676688114,549.8118915057636,441.46211870922406,3.0,17.0,3.0,6.25,8.0,5.123475382979803,5.704862359904447
EU,Machines,2013,29,7,3,Summer,0.0,0.0,246.4905812025736,3,-0.3546048870425356,-0.9350162426854148,2013-29,2013-07-15,103.122,772.9305812025736,246.4905812025736,498.22202030064346,530.4685676688114,566.882715830183,441.46211870922406,1.0,12.0,3.0,4.0,8.0,3.46410161513776,5.704862359904447
EU,Machines,2013,30,7,3,Summer,0.5,0.25,632.175,9,-0.46472317204376806,-0.8854560256532101,2013-30,2013-07-22,246.4905812025736,1339.035,246.4905812025736,321.5070203006435,562.6089359019302,223.7053192337612,432.86377104810003,3.0,9.0,9.0,4.0,8.0,3.46410161513776,5.704862359904447
EU,Machines,2013,31,8,3,Summer,0.5,0.075,417.8505812025736,10,-0.5680647467311556,-0.8229838658936566,2013-31,2013-07-29,632.175,304.2405,246.4905812025736,349.9095406012869,576.8889359019303,227.9541956378479,424.2274940109844,9.0,3.0,3.0,5.75,8.583333333333334,4.425306015783923,5.5013772380333545
EU,Machines,2013,32,8,3,Summer,1.0,0.1,470.448,3,-0.663122658240795,-0.7485107481711013,2013-32,2013-08-05,417.8505812025736,103.122,246.4905812025736,441.74104060128684,595.5520541350492,158.93675718754548,413.15256808688554,10.0,1.0,11.0,6.25,7.916666666666667,3.77491721763538,5.664215155988808
EU,Machines,2013,33,8,3,Summer,0.6666666666666666,0.18333333333333335,749.808,6,-0.7485107481711011,-0.6631226582407952,2013-33,2013-08-12,470.448,246.4905812025736,212.2875,567.5703953006434,640.345429135049,151.9134423692349,396.6302733066446,3.0,3.0,3.0,7.0,8.166666666666666,3.1622776601683853,5.491039532867628
EU,Machines,2013,35,8,3,Summer,0.3333333333333333,0.13333333333333333,645.8745812025736,8,-0.8854560256532096,-0.4647231720437691,2013-35,2013-08-26,749.808,632.175,618.216,570.9952906012869,642.6503109019303,153.9956199242206,396.57034465590897,6.0,9.0,7.0,6.75,8.25,2.986078811194826,5.479299888920779
EU,Machines,2013,36,9,3,Summer,1.0,0.275,395.7975,6,-0.9350162426854147,-0.3546048870425359,2013-36,2013-09-02,645.8745812025736,417.8505812025736,1399.9577436077207,565.4820203006434,558.9702906012868,161.5171116679377,320.98456971043527,8.0,10.0,18.0,5.75,7.25,2.0615528128088396,4.555216789572149
EU,Machines,2013,37,9,3,Summer,0.0,0.0,723.8611624051472,12,-0.970941817426052,-0.23931566428755774,2013-37,2013-09-09,395.7975,470.448,629.8711624051472,628.8353109019303,566.8027906012868,161.51497557385653,324.0044785353796,6.0,3.0,17.0,8.0,6.833333333333333,2.8284271247461965,3.7376057804023386
EU,Machines,2013,38,9,3,Summer,0.6,0.08,1432.7611624051472,15,-0.992708874098054,-0.12053668025532357,2013-38,2013-09-16,723.8611624051472,749.808,772.9305812025736,799.5736015032171,621.7886723681679,444.7161603021367,407.4177878626294,12.0,6.0,12.0,10.25,7.083333333333333,4.03112887414928,4.187825066532602
EU,Machines,2013,39,9,3,Autumn,1.0,0.325,277.626,6,-1.0,-1.8369701987210297e-16,2013-39,2013-09-23,1432.7611624051472,645.8745812025736,1339.035,707.5114562025738,533.3379223681679,519.044489161184,348.5039481945601,15.0,8.0,9.0,9.75,6.833333333333333,4.500000000000004,4.152399817265222
EU,Machines,2013,40,10,4,Autumn,1.0,0.15,292.944,2,-0.992708874098054,0.1205366802553232,2013-40,2013-09-30,277.626,395.7975,304.2405,681.7980812025737,532.396547368168,541.6879236303973,349.1936159616753,6.0,6.0,3.0,8.75,6.75,5.8523499553598155,4.2453182769643165
EU,Machines,2013,41,10,4,Autumn,1.0,0.45,714.8055812025736,10,-0.9709418174260521,0.23931566428755738,2013-41,2013-10-07,292.944,723.8611624051472,103.122,679.5341859019303,583.370179135049,541.4724096354618,324.61371178854165,2.0,12.0,1.0,8.25,7.5,5.560275772537429,3.919647479510927
EU,Machines,2013,42,10,4,Autumn,1.0,0.15,1055.6641624051472,14,-0.9350162426854148,0.35460488704253557,2013-42,2013-10-14,714.8055812025736,1432.7611624051472,246.4905812025736,585.2599359019302,650.8013109019302,373.34053062817526,332.22732270186185,10.0,15.0,3.0,8.0,8.416666666666666,5.163977794943226,4.0554863699647274
EU,Machines,2013,43,10,4,Autumn,0.3333333333333333,0.03333333333333333,919.2811624051471,12,-0.8854560256532101,0.464723172043768,2013-43,2013-10-21,1055.6641624051472,277.626,632.175,745.673726503217,674.7268244356924,332.7414711178883,340.986571620062,14.0,6.0,9.0,9.5,8.666666666666666,5.259911279353171,4.185110693297311
EU,Machines,2013,44,10,4,Autumn,0.6666666666666666,0.08333333333333333,995.826,8,-0.822983865893657,0.5680647467311548,2013-44,2013-10-28,919.2811624051471,292.944,417.8505812025736,921.394226503217,722.8914426688112,148.60668221855713,342.22156208212846,12.0,2.0,10.0,11.0,8.5,2.5819888974716187,4.166969685951213
EU,Machines,2013,45,11,4,Autumn,0.5,0.075,287.9535812025736,3,-0.7485107481711011,0.6631226582407952,2013-45,2013-11-04,995.826,714.8055812025736,470.448,814.6812265032171,707.6835744356923,355.56029178174634,358.14413980067815,8.0,10.0,3.0,9.25,8.5,4.856267428111159,4.166969685951213
EU,Machines,2013,47,11,4,Autumn,0.0,0.0,492.9811624051472,8,-0.5680647467311559,0.8229838658936564,2013-47,2013-11-18,287.9535812025736,1055.6641624051472,749.808,674.0104765032172,686.2813379694547,339.3790798395896,363.0383730535151,3.0,14.0,6.0,7.75,8.666666666666666,3.685557397916002,4.097301403104094
EU,Machines,2013,48,11,4,Autumn,1.0,0.2375,702.8130812025736,8,-0.4647231720437684,0.88545602565321,2013-48,2013-11-25,492.9811624051472,919.2811624051471,645.8745812025736,619.8934562025737,691.0262129694547,302.48512504919563,362.8342834708048,8.0,12.0,8.0,6.75,8.666666666666666,2.500000000000008,4.097301403104094
EU,Machines,2013,49,12,4,Autumn,1.0,0.22499999999999998,969.0465812025735,11,-0.35460488704253595,0.9350162426854147,2013-49,2013-12-02,702.8130812025736,995.826,395.7975,613.1986015032171,738.7969697363359,291.48761867448286,358.1374392915515,8.0,8.0,6.0,7.5,9.083333333333334,3.316624790355406,4.0554863699647274
EU,Machines,2013,50,12,4,Autumn,0.6666666666666666,0.21666666666666667,818.2275,9,-0.2393156642875578,0.970941817426052,2013-50,2013-12-09,969.0465812025735,287.9535812025736,723.8611624051472,745.7670812025736,746.6608312025736,200.7070952663823,358.81506082670825,11.0,3.0,12.0,9.0,8.833333333333334,1.4142135623731094,3.950450683917038
EU,Machines,2013,51,12,4,Autumn,0.4,0.11000000000000001,1569.8911624051473,23,-0.12053668025532363,0.992708874098054,2013-51,2013-12-16,818.2275,492.9811624051472,1432.7611624051472,1014.9945812025736,758.0883312025735,385.65788281045775,383.9552752478809,9.0,8.0,15.0,12.75,9.5,6.946221994724905,5.468920451889101
EU,Machines,2013,52,12,4,Winter,1.0,0.13333333333333333,1109.943,6,6.432490598706546e-16,1.0,2013-52,2013-12-23,1569.8911624051473,702.8130812025736,277.626,1116.7770609019303,827.4480812025736,324.7128107094106,363.92638422758733,23.0,8.0,6.0,12.25,9.5,7.455423082115017,5.468920451889101
EU,Machines,2014,1,12,4,Winter,1.0,0.21000000000000002,1157.2965812025736,11,0.12053668025532305,0.992708874098054,2014-1,2013-12-30,1109.943,969.0465812025735,292.944,1163.8395609019303,899.4774629694548,309.4474912833134,332.7178961473674,6.0,11.0,2.0,12.25,10.25,7.455423082115017,4.938255120623439
EU,Machines,2014,2,1,1,Winter,0.6,0.13999999999999999,1488.4306624051471,20,0.23931566428755774,0.970941817426052,2014-2,2014-01-06,1157.2965812025736,818.2275,714.8055812025736,1331.390351503217,963.9462197363358,231.58286234401203,366.8788136063763,11.0,9.0,10.0,15.0,11.083333333333334,7.874007874011813,5.680242205676752
EU,Machines,2014,3,1,1,Winter,0.5,0.0625,576.228,6,0.3546048870425356,0.9350162426854148,2014-3,2014-01-13,1488.4306624051471,1569.8911624051473,1055.6641624051472,1082.9745609019303,923.9932062025737,377.46425289514764,381.7851632943241,20.0,23.0,14.0,10.75,10.416666666666666,6.6017674401127895,5.775470596069257
EU,Machines,2014,4,1,1,Winter,0.75,0.1,1278.4830812025734,15,0.4647231720437685,0.8854560256532099,2014-4,2014-01-20,576.228,1109.943,919.2811624051471,1125.1095812025737,953.9266994356925,390.6544217510298,395.2269451551661,6.0,6.0,12.0,13.0,10.666666666666666,5.9441848333756715,5.913518155015417
EU,Machines,2014,5,1,1,Winter,1.0,0.2333333333333333,899.0955812025736,12,0.5680647467311558,0.8229838658936564,2014-5,2014-01-27,1278.4830812025734,1157.2965812025736,995.826,1060.5593312025737,945.8658312025736,404.64470746060834,395.2811299824683,15.0,11.0,8.0,13.25,11.0,5.8523499553598155,5.862050525510364
EU,Machines,2014,6,2,1,Winter,1.0,0.3,358.21799999999996,5,0.6631226582407952,0.7485107481711011,2014-6,2014-02-03,899.0955812025736,1488.4306624051471,287.9535812025736,778.0061656012869,951.7211994356925,400.8642004938623,385.0370595733337,12.0,20.0,3.0,9.5,11.166666666666666,4.795831523312723,5.638074031784148
EU,Machines,2014,7,2,1,Winter,0.4,0.11000000000000001,1396.3274999999999,14,0.7485107481711011,0.6631226582407953,2014-7,2014-02-10,358.21799999999996,576.228,492.9811624051472,983.0310406012868,1027.00006090193,467.45494210560867,375.3808207936097,5.0,6.0,8.0,11.5,11.666666666666666,4.509249752822898,5.597618541248886
EU,Machines,2014,8,2,1,Winter,0.5,0.2,492.9811624051472,8,0.8229838658936564,0.5680647467311559,2014-8,2014-02-17,1396.3274999999999,1278.4830812025734,702.8130812025736,786.6555609019302,1009.5140676688112,466.95682434705174,396.1666583935085,14.0,15.0,8.0,9.75,11.666666666666666,4.031128874149279,5.597618541248886
EU,Machines,2014,9,2,1,Winter,0.6666666666666666,0.21666666666666667,847.1205812025736,18,0.8854560256532099,0.4647231720437686,2014-9,2014-02-24,492.9811624051472,899.0955812025736,969.0465812025735,773.6618109019303,999.3535676688113,463.4953929189761,398.85329170148765,8.0,12.0,11.0,11.25,12.25,5.8523499553598155,5.879471219266389
EU,Machines,2014,10,3,1,Winter,1.0,0.3333333333333333,612.8399999999999,14,0.9350162426854148,0.35460488704253557,2014-10,2014-03-03,847.1205812025736,358.21799999999996,818.2275,837.3173109019302,982.2379426688113,400.6436246405717,411.5374921046298,18.0,5.0,9.0,13.5,12.666666666666666,4.123105625617665,5.804909103247843
EU,Machines,2014,11,3,1,Winter,0.6666666666666666,0.18333333333333335,893.1645812025736,11,0.970941817426052,0.23931566428755804,2014-11,2014-03-10,612.8399999999999,1396.3274999999999,1569.8911624051473,711.5265812025737,925.84406090193,190.50742528555358,367.72379700642153,14.0,14.0,23.0,12.75,11.666666666666666,4.2720018726587705,4.811602139777886
EU,Machines,2014,12,3,1,Winter,0.6666666666666666,0.08333333333333333,695.232,7,0.992708874098054,0.120536680255323,2014-12,2014-03-17,893.1645812025736,492.9811624051472,1109.943,762.0892906012868,891.2848109019301,130.58368994513634,368.3360745375034,11.0,8.0,6.0,12.5,11.75,4.654746681256317,4.712169930567597
EU,Machines,2014,14,4,2,Spring,0.5,0.075,492.9811624051472,14,0.992708874098054,-0.12053668025532288,2014-14,2014-03-31,695.232,847.1205812025736,1157.2965812025736,673.5544359019302,835.9251926688112,168.3166485451619,374.5898834190699,7.0,18.0,11.0,11.5,12.0,3.3166247903554056,4.748205402618395
EU,Machines,2014,15,4,2,Spring,1.0,0.1,175.608,4,0.9709418174260521,-0.2393156642875575,2014-15,2014-04-07,492.9811624051472,612.8399999999999,1488.4306624051471,564.2464359019303,726.523304135049,306.30210434415426,358.0405660968112,14.0,14.0,20.0,9.0,10.666666666666666,4.396968652757644,4.539389893593696
EU,Machines,2014,16,4,2,Spring,0.5,0.05,985.7249999999999,15,0.9350162426854148,-0.35460488704253545,2014-16,2014-04-14,175.608,893.1645812025736,576.228,587.3865406012869,760.6480541350489,340.96828458628346,361.9073681863966,4.0,11.0,6.0,10.0,11.416666666666666,5.35412613473634,4.440686542607679
EU,Machines,2014,17,4,2,Spring,0.5,0.05,645.546,11,0.8854560256532099,-0.4647231720437685,2014-17,2014-04-21,985.7249999999999,695.232,1278.4830812025734,574.965040601287,707.9032973681678,336.60700044055795,323.6802055108433,15.0,7.0,15.0,11.0,11.083333333333334,4.966554808583783,4.294993561924124
EU,Machines,2014,18,4,2,Spring,1.0,0.5,46.41,2,0.8229838658936565,-0.5680647467311557,2014-18,2014-04-28,645.546,492.9811624051472,899.0955812025736,463.32225000000017,636.8461656012868,433.091769384098,368.3978989182168,11.0,14.0,12.0,8.0,10.25,6.055300708194986,5.011350752405617
EU,Machines,2014,19,5,2,Spring,1.0,0.1,246.4905812025736,3,0.7485107481711013,-0.663122658240795,2014-19,2014-05-05,46.41,175.608,358.21799999999996,481.0428953006435,627.5355473681678,418.60316927677286,377.38221611797474,2.0,4.0,5.0,7.75,10.083333333333334,6.291528696058961,5.230302152463143
EU,Machines,2014,20,5,2,Spring,0.5,0.2,319.10258120257356,7,0.6631226582407952,-0.7485107481711012,2014-20,2014-05-12,246.4905812025736,985.7249999999999,1396.3274999999999,314.3872906012869,537.766804135049,249.07168727179123,297.5627372366815,3.0,15.0,14.0,5.75,9.5,4.112987559751027,5.143398239932956
EU,Machines,2014,21,5,2,Spring,0.0,0.0,246.4905812025736,5,0.5680647467311558,-0.8229838658936564,2014-21,2014-05-19,319.10258120257356,645.546,492.9811624051472,214.6234359019303,517.225922368168,117.24999178380179,309.2148942321752,7.0,11.0,8.0,4.25,9.25,2.217355782608354,5.293649711940454
EU,Machines,2014,23,6,2,Spring,0.5,0.05,351.96000000000004,6,0.35460488704253584,-0.9350162426854147,2014-23,2014-06-02,246.4905812025736,46.41,847.1205812025736,291.01093590193034,475.9625406012868,53.12894037225462,293.8463881374738,5.0,2.0,18.0,5.25,8.25,1.7078251276599448,4.575130400526105
EU,Machines,2014,24,6,2,Spring,0.8571428571428571,0.14285714285714285,1917.688906012868,27,0.23931566428755768,-0.970941817426052,2014-24,2014-06-09,351.96000000000004,246.4905812025736,612.8399999999999,708.8105171045039,584.6999494356925,807.1227187081982,510.5929069502543,6.0,3.0,14.0,11.25,9.333333333333334,10.531698185319721,6.97180468788825
EU,Machines,2014,25,6,2,Spring,0.2,0.1,1739.8755812025736,23,0.12053668025532308,-0.992708874098054,2014-25,2014-06-16,1917.688906012868,319.10258120257356,893.1645812025736,1064.0037671045038,655.2591994356925,887.1142656353251,606.5770805367389,27.0,7.0,11.0,15.25,10.333333333333334,11.383467544352792,8.01513719423593
EU,Machines,2014,26,6,2,Summer,0.6666666666666666,0.21666666666666667,558.1005812025736,16,-3.216245299353273e-16,-1.0,2014-26,2014-06-23,1739.8755812025736,246.4905812025736,695.232,1141.906267104504,643.8315812025736,800.8849661964166,607.0471142242166,23.0,5.0,7.0,18.0,11.083333333333334,9.201449161228176,8.095546849217708
EU,Machines,2014,27,6,2,Summer,1.0,0.25,285.192,5,-0.12053668025532283,-0.992708874098054,2014-27,2014-06-30,558.1005812025736,351.96000000000004,492.9811624051472,1125.214267104504,626.5158176688113,823.2213000018835,614.6570854860421,16.0,6.0,14.0,17.75,10.333333333333334,9.639329160614171,8.216760402686177
EU,Machines,2014,28,7,3,Summer,0.3333333333333333,0.049999999999999996,680.5531624051472,14,-0.23931566428755743,-0.9709418174260521,2014-28,2014-07-07,285.192,1917.688906012868,175.608,815.9303312025737,668.5945812025736,637.7463338511963,598.0416044074868,5.0,27.0,4.0,14.5,11.166666666666666,7.416198487095666,8.02080627701064
EU,Machines,2014,30,7,3,Summer,0.0,0.0,246.4905812025736,9,-0.46472317204376806,-0.8854560256532101,2014-30,2014-07-21,680.5531624051472,1739.8755812025736,985.7249999999999,442.5840812025737,606.9917129694547,210.71170933147178,600.4734866919525,14.0,23.0,15.0,11.0,10.666666666666666,4.966554808583783,7.946792758812521
EU,Machines,2014,31,8,3,Summer,0.25,0.1,1177.6891624051473,18,-0.5680647467311556,-0.8229838658936566,2014-31,2014-07-28,246.4905812025736,558.1005812025736,645.546,597.4812265032172,651.336976503217,433.6900542617238,622.8135287394192,9.0,16.0,11.0,11.5,11.25,5.686240703077329,8.225514628829668
EU,Machines,2014,32,8,3,Summer,0.75,0.0875,1286.397,10,-0.663122658240795,-0.7485107481711013,2014-32,2014-08-04,1177.6891624051473,285.192,46.41,847.7824765032171,754.669226503217,479.8398025984143,616.1535779075466,18.0,5.0,2.0,12.75,11.916666666666666,4.112987559751026,7.716079236754814
EU,Machines,2014,33,8,3,Summer,0.375,0.13125,2485.4641624051474,34,-0.7485107481711011,-0.6631226582407952,2014-33,2014-08-11,1286.397,680.5531624051472,246.4905812025736,1299.0102265032172,941.2503582700982,918.3950565774488,768.454937288762,10.0,14.0,3.0,17.75,14.5,11.557825631723873,9.453234174801569
EU,Machines,2014,34,8,3,Summer,0.5,0.075,545.2230812025737,10,-0.8229838658936564,-0.5680647467311559,2014-34,2014-08-18,2485.4641624051474,246.4905812025736,319.10258120257356,1373.6933515032172,960.0937332700983,810.0279048434742,754.4571661660874,34.0,9.0,7.0,18.0,14.75,11.313708498984761,9.274843786971681
EU,Machines,2014,36,9,3,Summer,0.4,0.18,1166.1617436077208,21,-0.9350162426854147,-0.3546048870425359,2014-36,2014-09-01,545.2230812025737,1177.6891624051473,246.4905812025736,1370.8114968038608,1036.7329968038605,810.9776251868257,721.3631929162015,10.0,18.0,5.0,18.75,16.083333333333332,11.412712210513329,8.887768237438697
EU,Machines,2014,37,9,3,Summer,0.0,0.0,246.4905812025736,3,-0.970941817426052,-0.23931566428755774,2014-37,2014-09-08,1166.1617436077208,1286.397,351.96000000000004,1110.834892104504,1027.9438785707416,993.256344838336,731.0425588972016,21.0,10.0,6.0,17.0,15.833333333333334,13.540064007726603,9.232682396921502
EU,Machines,2014,38,9,3,Summer,0.6666666666666666,0.21666666666666667,894.6015812025736,10,-0.992708874098054,-0.12053668025532357,2014-38,2014-09-15,246.4905812025736,2485.4641624051474,1917.688906012868,713.1192468038605,942.686601503217,401.7108311516024,675.3829733096528,3.0,34.0,27.0,11.0,14.416666666666666,7.438637868140468,8.649312461728156
EU,Machines,2014,40,9,3,Autumn,0.0,0.0,246.4905812025736,8,-0.992708874098054,0.1205366802553232,2014-40,2014-09-29,894.6015812025736,545.2230812025737,1739.8755812025736,638.4361218038605,818.237851503217,465.9605448574995,652.3309603269621,10.0,10.0,23.0,10.5,13.166666666666666,7.593857166596346,8.375650133065198
EU,Machines,2014,41,10,4,Autumn,0.0,0.0,1021.9111624051473,11,-0.9709418174260521,0.23931566428755738,2014-41,2014-10-06,246.4905812025736,1166.1617436077208,558.1005812025736,602.3734765032171,856.8887332700982,414.2118642286258,649.2497229355,8.0,21.0,16.0,8.0,12.75,3.559026084010441,8.346202184771876
EU,Machines,2014,42,10,4,Autumn,0.5714285714285714,0.15714285714285717,1842.4263248102943,35,-0.9350162426854148,0.35460488704253557,2014-42,2014-10-13,1021.9111624051473,246.4905812025736,285.192,1001.3574124051473,986.6582603376227,655.4998378842942,679.514723747982,11.0,3.0,5.0,16.0,15.25,12.727922061357857,10.118614709354416
EU,Machines,2014,43,10,4,Autumn,0.6666666666666666,0.08333333333333333,773.1061624051472,7,-0.8854560256532101,0.464723172043768,2014-43,2014-10-20,1842.4263248102943,894.6015812025736,680.5531624051472,970.9835577057908,994.3710103376228,664.8437545350104,676.2418332286985,35.0,10.0,14.0,15.25,14.666666666666666,13.275918047351755,10.395220346900107
EU,Machines,2014,44,10,4,Autumn,0.5,0.06666666666666667,2014.6905812025736,23,-0.822983865893657,0.5680647467311548,2014-44,2014-10-27,773.1061624051472,246.4905812025736,246.4905812025736,1413.0335577057908,1141.7210103376226,607.9619291059414,690.9490053213657,7.0,8.0,9.0,19.0,15.833333333333334,12.649110640673518,10.486643741907937
EU,Machines,2014,45,11,4,Autumn,0.8,0.24000000000000005,1296.4397436077209,24,-0.7485107481711011,0.6631226582407952,2014-45,2014-11-03,2014.6905812025736,1021.9111624051473,1177.6891624051473,1481.6657030064341,1151.616892104504,562.9177043560932,692.3599198164501,23.0,11.0,18.0,22.25,16.333333333333332,11.528949070347508,10.739335795724672
EU,Machines,2014,46,11,4,Autumn,1.0,0.15,313.7265,3,-0.6631226582407955,0.7485107481711007,2014-46,2014-11-10,1296.4397436077209,1842.4263248102943,1286.397,1099.4907468038605,1070.561017104504,730.3725060346126,731.0042169685097,24.0,35.0,10.0,14.25,15.75,10.812801055539063,11.290583365232846
EU,Machines,2014,47,11,4,Autumn,1.0,0.27999999999999997,1304.4811624051472,27,-0.5680647467311559,0.8229838658936564,2014-47,2014-11-17,313.7265,773.1061624051472,2485.4641624051474,1232.3344968038605,972.1457671045038,698.8648697740402,588.8802783162647,3.0,7.0,34.0,19.25,15.166666666666666,10.965856099730654,10.40832999733066
EU,Machines,2014,48,11,4,Autumn,1.0,0.21000000000000002,1372.2001624051472,13,-0.4647231720437684,0.88545602565321,2014-48,2014-11-24,1304.4811624051472,2014.6905812025736,545.2230812025737,1071.711892104504,1041.060523871385,506.4646074076119,582.7341058358231,27.0,23.0,10.0,16.75,15.416666666666666,10.965856099730654,10.308498994283864
EU,Machines,2014,49,12,4,Autumn,0.5,0.0625,1555.2915812025735,14,-0.35460488704253595,0.9350162426854147,2014-49,2014-12-01,1372.2001624051472,1296.4397436077209,1166.1617436077208,1136.424851503217,1073.4880103376227,558.6038655075752,600.8731662981841,13.0,24.0,21.0,14.25,14.833333333333334,9.84462628374824,10.160827930952486
EU,Machines,2014,50,12,4,Autumn,0.8333333333333334,0.2833333333333334,917.4209999999999,13,-0.2393156642875578,0.970941817426052,2014-50,2014-12-08,1555.2915812025735,313.7265,246.4905812025736,1287.3484765032172,1129.3988785707415,268.4108683558261,545.5984240371488,14.0,3.0,3.0,16.75,15.666666666666666,6.849574196011507,9.490026662797423
EU,Machines,2014,51,12,4,Autumn,1.0,0.15,246.4905812025736,4,-0.12053668025532363,0.992708874098054,2014-51,2014-12-15,917.4209999999999,1304.4811624051472,894.6015812025736,1022.8508312025738,1075.3896285707415,582.9204618584243,600.2913947797987,13.0,27.0,10.0,11.0,15.166666666666666,4.690415759823432,9.962049198956215
EU,Machines,2014,52,12,4,Winter,0.875,0.3,1835.2365,16,6.432490598706546e-16,1.0,2014-52,2014-12-22,246.4905812025736,1372.2001624051472,246.4905812025736,1138.609915601287,1207.7851218038604,707.9815561938883,575.5470269756117,4.0,13.0,8.0,11.75,15.833333333333334,5.315072906367328,9.703170365994563
EU,Phones,2011,19,5,2,Spring,1.0,0.15,193.9275,3,0.7485107481711013,-0.663122658240795,2011-19,2011-05-09,822.054,379.44,439.56,609.4740609019302,524.4671656012868,472.55535785433494,356.47455000663894,10.0,4.0,6.0,11.25,7.333333333333333,7.4105780251385704,5.58135423992378
EU,Phones,2011,20,5,2,Spring,1.0,0.4,78.156,2,0.6631226582407952,-0.7485107481711012,2011-20,2011-05-16,193.9275,1175.4241624051472,64.6425,335.1570203006434,525.5932906012868,332.1273390847801,354.90778166904266,3.0,21.0,1.0,6.5,7.416666666666667,4.654746681256315,5.484827557301445
EU,Phones,2011,21,5,2,Spring,1.0,0.4,246.4905812025736,6,0.5680647467311558,-0.8229838658936564,2011-21,2011-05-23,78.156,246.4905812025736,654.4951624051472,335.1570203006434,491.5929088344057,332.1273390847801,360.9287497928452,2.0,11.0,11.0,5.25,7.0,3.5939764421413054,5.376717484589544
EU,Phones,2011,22,6,2,Spring,1.0,0.15,487.305,6,0.46472317204376906,-0.8854560256532096,2011-22,2011-05-30,246.4905812025736,822.054,388.4925,251.4697703006434,499.8272838344057,172.23223056733576,359.4870359753732,6.0,10.0,3.0,4.25,7.25,2.0615528128088325,5.2418768325164535
EU,Phones,2011,23,6,2,Spring,0.6666666666666666,0.08333333333333333,527.4465812025736,17,0.35460488704253584,-0.9350162426854147,2011-23,2011-06-06,487.305,193.9275,304.56,334.8495406012868,518.4011656012868,211.37263039578139,354.1999773910875,6.0,3.0,6.0,7.75,8.166666666666666,6.4485140407177015,5.921199714636052
EU,Phones,2011,24,6,2,Spring,0.5,0.0625,1104.0496624051473,8,0.23931566428755768,-0.970941817426052,2011-24,2011-06-13,527.4465812025736,78.156,520.11,591.3229562025737,567.0628041350491,363.6380840878204,392.4977874562362,17.0,2.0,3.0,9.25,8.583333333333334,5.251983752196244,5.696224161404614
EU,Phones,2011,25,6,2,Spring,0.25,0.0375,1019.9985812025735,15,0.12053668025532308,-0.992708874098054,2011-25,2011-06-20,1104.0496624051473,246.4905812025736,411.285,784.6999562025736,617.7889359019302,322.4762196411708,409.50147666474805,8.0,6.0,5.0,11.5,9.416666666666666,5.322906474223771,5.85364429352788
EU,Phones,2011,26,6,2,Summer,1.0,0.25,843.7049999999999,10,-3.216245299353273e-16,-1.0,2011-26,2011-06-27,1019.9985812025735,487.305,1132.6845812025736,873.7999562025736,593.7073041350491,255.11783677416426,384.18360855455916,15.0,6.0,10.0,12.5,9.416666666666666,4.203173404306164,5.85364429352788
EU,Phones,2011,27,7,3,Summer,0.5,0.075,793.4505812025736,11,-0.12053668025532283,-0.992708874098054,2011-27,2011-07-04,843.7049999999999,527.4465812025736,379.44,940.3009562025736,628.2081859019303,146.12912281721637,381.7746437722956,10.0,17.0,4.0,11.0,10.0,2.9439202887759497,5.608435205522611
EU,Phones,2011,28,7,3,Summer,1.0,0.1,246.4905812025736,6,-0.23931566428755743,-0.9709418174260521,2011-28,2011-07-11,793.4505812025736,1104.0496624051473,1175.4241624051472,725.9111859019301,550.797054135049,334.0501283951061,353.89056729729145,11.0,8.0,21.0,10.5,8.75,3.696845502136473,4.494946657586211
EU,Phones,2011,30,7,3,Summer,1.0,0.3166666666666667,614.2665812025737,9,-0.46472317204376806,-0.8854560256532101,2011-30,2011-07-25,246.4905812025736,1019.9985812025735,246.4905812025736,624.4781859019303,581.4450541350491,270.549424055396,340.8249647268386,6.0,15.0,11.0,9.0,8.583333333333334,2.160246899469288,4.440686542607682
EU,Phones,2011,31,8,3,Summer,0.25,0.0375,946.5121624051471,20,-0.5680647467311556,-0.8229838658936566,2011-31,2011-08-01,614.2665812025737,843.7049999999999,822.054,650.1799765032171,591.8165676688113,301.43773840963945,350.5669086165014,9.0,10.0,10.0,11.5,9.416666666666666,6.027713773341709,5.534328132554834
EU,Phones,2011,32,8,3,Summer,0.5,0.125,1199.5111624051472,20,-0.663122658240795,-0.7485107481711013,2011-32,2011-08-08,946.5121624051471,793.4505812025736,193.9275,751.6951218038604,675.6152062025736,413.36469658338154,366.628273477782,20.0,11.0,3.0,13.75,10.833333333333334,7.320063751999251,5.905826604192496
EU,Phones,2011,33,8,3,Summer,0.25,0.025,1135.9515812025736,15,-0.7485107481711011,-0.6631226582407952,2011-33,2011-08-15,1199.5111624051472,246.4905812025736,78.156,974.0603718038603,763.7648379694547,262.8353719597374,335.78767427573564,20.0,6.0,2.0,16.0,11.916666666666666,5.228129047119375,5.299371031861548
EU,Phones,2011,34,8,3,Summer,1.0,0.3,724.068,9,-0.8229838658936564,-0.5680647467311559,2011-34,2011-08-22,1135.9515812025736,614.2665812025737,246.4905812025736,1001.5107265032169,803.5629562025737,213.9141763823642,294.69298103787133,15.0,9.0,6.0,16.0,12.166666666666666,5.228129047119375,5.060243137049899
EU,Phones,2011,37,9,3,Summer,0.6666666666666666,0.06666666666666667,716.7945812025737,10,-0.970941817426052,-0.23931566428755774,2011-37,2011-09-12,724.068,946.5121624051471,487.305,944.0813312025736,822.6870879694548,259.5661278208009,279.35060259165465,9.0,20.0,6.0,13.5,12.5,5.0662280511902225,4.738622738153508
EU,Phones,2011,38,9,3,Summer,0.75,0.11249999999999999,1245.1906624051471,14,-0.992708874098054,-0.12053668025532357,2011-38,2011-09-19,716.7945812025737,1199.5111624051472,527.4465812025736,955.5012062025736,882.4990947363358,275.09059151770134,287.12001776018855,10.0,20.0,17.0,12.0,12.25,2.9439202887759506,4.555216789572149
EU,Phones,2011,39,9,3,Autumn,0.6666666666666666,0.18333333333333335,757.623,7,-1.0,-1.8369701987210297e-16,2011-39,2011-09-26,1245.1906624051471,1135.9515812025736,1104.0496624051473,860.9190609019303,853.6302062025737,256.79746782130087,280.150184216974,14.0,15.0,8.0,10.0,12.166666666666666,2.9439202887759506,4.648231987117317
EU,Phones,2011,40,10,4,Autumn,1.0,0.15,567.528,4,-0.992708874098054,0.1205366802553232,2011-40,2011-10-03,757.623,724.068,1019.9985812025735,821.7840609019302,815.9243244356925,293.8586549604376,286.1087868182743,7.0,9.0,15.0,8.75,11.25,4.272001872658767,5.101247619232699
EU,Phones,2011,41,10,4,Autumn,0.5,0.25,354.26558120257357,11,-0.9709418174260521,0.23931566428755738,2011-41,2011-10-10,567.528,716.7945812025737,843.7049999999999,731.1518109019302,775.1377062025737,380.24231148838015,315.19619681988485,4.0,10.0,10.0,9.0,11.333333333333334,4.396968652757641,5.087119801890641
EU,Phones,2011,42,10,4,Autumn,0.0,0.0,246.4905812025736,8,-0.9350162426854148,0.35460488704253557,2011-42,2011-10-17,354.26558120257357,1245.1906624051471,793.4505812025736,481.4767906012868,729.5577062025736,227.34903416591203,349.93987171394764,11.0,14.0,11.0,7.5,11.083333333333334,2.88675134594813,5.177895910561167
EU,Phones,2011,43,10,4,Autumn,1.0,0.4,382.5,1,-0.8854560256532101,0.464723172043768,2011-43,2011-10-24,246.4905812025736,757.623,246.4905812025736,387.69604060128677,740.8918244356925,133.44550677926216,334.7442319840184,8.0,7.0,6.0,6.0,10.666666666666666,4.396968652757641,5.789227194984795
EU,Phones,2011,44,11,4,Autumn,0.5,0.075,492.9811624051472,13,-0.822983865893657,0.5680647467311548,2011-44,2011-10-31,382.5,567.528,614.2665812025737,369.0593312025736,730.7847062025736,101.29038345592883,340.69322475974184,1.0,4.0,9.0,8.25,11.0,5.251983752196244,5.799686511904212
EU,Phones,2011,45,11,4,Autumn,1.0,0.125,383.2185812025736,7,-0.7485107481711011,0.6631226582407952,2011-45,2011-11-07,492.9811624051472,354.26558120257357,946.5121624051471,376.29758120257355,683.8435744356925,100.91462664251944,347.0149125742851,13.0,11.0,20.0,7.25,9.916666666666666,4.924428900898054,5.142661732699294
EU,Phones,2011,46,11,4,Autumn,0.3333333333333333,0.13333333333333333,765.9811624051472,10,-0.6631226582407955,0.7485107481711007,2011-46,2011-11-14,383.2185812025736,246.4905812025736,1199.5111624051472,506.170226503217,647.7160744356925,180.81952865727087,308.9254120096321,7.0,8.0,20.0,7.75,9.083333333333334,5.1234753829798,4.055486369964729
EU,Phones,2011,47,11,4,Autumn,0.5,0.2,366.2085812025736,8,-0.5680647467311559,0.8229838658936564,2011-47,2011-11-21,765.9811624051472,382.5,1135.9515812025736,502.0973718038604,583.5708244356924,184.67601403702528,276.5503757408177,10.0,1.0,15.0,9.5,8.5,2.6457513110645925,3.605551275463989
EU,Phones,2011,48,11,4,Autumn,0.6666666666666666,0.3333333333333333,758.2305812025736,14,-0.4647231720437684,0.88545602565321,2011-48,2011-11-28,366.2085812025736,492.9811624051472,724.068,568.4097265032169,586.4177062025736,223.7911918297957,278.29848773133773,8.0,13.0,9.0,9.75,8.916666666666666,3.095695936834453,3.9418116124288316
EU,Phones,2011,49,12,4,Autumn,0.75,0.175,1942.471662405147,25,-0.35460488704253595,0.9350162426854147,2011-49,2011-12-05,758.2305812025736,383.2185812025736,716.7945812025737,958.2229968038604,688.5574629694547,682.1975259431016,481.3470090804987,14.0,7.0,10.0,14.25,10.166666666666666,7.588368291888141,6.102657146065494
EU,Phones,2011,50,12,4,Autumn,0.75,0.11249999999999999,1073.871162405147,10,-0.2393156642875578,0.970941817426052,2011-50,2011-12-12,1942.471662405147,765.9811624051472,1245.1906624051471,1035.1954968038604,674.2808379694546,670.5467683161323,465.6202743418791,25.0,10.0,14.0,14.25,9.833333333333334,7.588368291888141,5.98229711631567
EU,Phones,2011,51,12,4,Winter,1.0,0.4,624.7605812025736,12,-0.12053668025532363,0.992708874098054,2011-51,2011-12-19,1073.871162405147,366.2085812025736,757.623,1099.8334968038603,663.2089697363358,592.4806461031839,465.03762734609575,10.0,8.0,7.0,15.25,10.25,6.701989754294368,5.940997773560813
EU,Phones,2011,52,12,4,Winter,0.8,0.22999999999999998,1212.165,16,6.432490598706546e-16,1.0,2011-52,2011-12-26,624.7605812025736,758.2305812025736,567.528,1213.317101503217,716.9287197363359,546.9648521740386,489.566420420518,12.0,14.0,4.0,15.75,11.25,6.652067347825036,5.801645534595413
EU,Phones,2012,1,1,1,Winter,1.0,0.275,409.596,4,0.12053668025532305,0.992708874098054,2012-1,2012-01-02,1212.165,1942.471662405147,354.26558120257357,830.0981859019302,721.5395879694547,376.1143154061265,486.0884512977942,16.0,25.0,11.0,10.5,10.666666666666666,5.0,6.16932784512268
EU,Phones,2012,2,1,1,Winter,0.5,0.075,965.133,10,0.23931566428755774,0.970941817426052,2012-2,2012-01-09,409.596,1073.871162405147,246.4905812025736,802.9136453006433,781.4264562025736,356.0145477901654,466.0989706693399,4.0,10.0,8.0,10.5,10.833333333333334,5.0,6.117535649609442
EU,Phones,2012,3,1,1,Winter,0.3333333333333333,0.13333333333333333,810.0405812025735,11,0.3546048870425356,0.9350162426854148,2012-3,2012-01-16,965.133,624.7605812025736,382.5,849.2336453006434,817.0548379694546,336.6349081138829,448.85456509698633,10.0,12.0,1.0,10.25,11.666666666666666,4.924428900898053,5.28003673081806
EU,Phones,2012,4,1,1,Winter,0.5,0.2,912.9,12,0.4647231720437685,0.8854560256532099,2012-4,2012-01-23,810.0405812025735,1212.165,492.9811624051472,774.4173953006434,852.0480744356925,251.60387882746122,437.5180884990792,11.0,16.0,13.0,9.25,11.583333333333334,3.593976442141305,5.264949854433274
EU,Phones,2012,5,2,1,Winter,0.3333333333333333,0.13333333333333333,546.8191624051472,13,0.5680647467311558,0.8229838658936564,2012-5,2012-01-30,912.9,409.596,383.2185812025736,808.7231859019302,865.6814562025735,186.11133907422035,423.9185193188211,12.0,4.0,7.0,11.5,12.083333333333334,1.2909944487358074,5.071459057282919
EU,Phones,2012,6,2,1,Winter,1.0,0.15,464.2785,3,0.6631226582407952,0.7485107481711011,2012-6,2012-02-06,546.8191624051472,965.133,765.9811624051472,683.5095609019302,840.5395676688113,212.4277098633183,439.045952367426,13.0,10.0,10.0,9.75,11.5,4.573474244670749,5.696889103233926
EU,Phones,2012,8,2,1,Winter,1.0,0.15,356.4135,3,0.8229838658936564,0.5680647467311559,2012-8,2012-02-20,464.2785,810.0405812025735,366.2085812025736,570.1027906012868,839.7233109019302,241.4635566101493,440.0160121637662,3.0,11.0,8.0,7.75,11.083333333333334,5.5,6.141636343003138
EU,Phones,2012,9,3,1,Winter,0.0,0.0,550.1505812025737,6,0.8854560256532099,0.4647231720437686,2012-9,2012-02-27,356.4135,912.9,758.2305812025736,479.4154359019302,822.3833109019301,91.11407902797025,447.55479036418484,3.0,12.0,14.0,6.25,10.416666666666666,4.7169905660283025,6.229815892994435
EU,Phones,2012,11,3,1,Winter,0.75,0.2875,1127.8755812025736,22,0.970941817426052,0.23931566428755804,2012-11,2012-03-12,550.1505812025737,546.8191624051472,1942.471662405147,624.6795406012868,754.5003041350491,344.700828464208,299.5130251993791,6.0,13.0,25.0,8.5,10.166666666666666,9.1104335791443,5.621926769894873
EU,Phones,2012,12,3,1,Spring,1.0,0.3166666666666667,460.233,10,0.992708874098054,0.120536680255323,2012-12,2012-03-19,1127.8755812025736,464.2785,1073.871162405147,623.6681656012868,703.3637906012868,345.33368539425095,292.3268345034668,22.0,3.0,10.0,10.25,10.166666666666666,8.341662504161466,5.621926769894873
EU,Phones,2012,13,3,1,Spring,0.5,0.05,586.512,7,1.0,-1.6081226496766366e-16,2012-13,2012-03-26,460.233,356.4135,624.7605812025736,681.1927906012868,700.1764088344056,302.48154612300925,293.46809079873566,10.0,3.0,12.0,11.25,9.75,7.365459931328118,5.658862719021134
EU,Phones,2012,14,4,2,Spring,1.0,0.5,246.4905812025736,9,0.992708874098054,-0.12053668025532288,2012-14,2012-04-02,586.512,550.1505812025737,1212.165,605.2777906012868,619.7035406012868,375.6003454679477,271.9202165639226,7.0,6.0,16.0,12.0,9.166666666666666,6.782329983125269,5.305800142439889
EU,Phones,2012,15,4,2,Spring,1.0,0.3,510.8205812025736,16,0.9709418174260521,-0.2393156642875575,2012-15,2012-04-09,246.4905812025736,1127.8755812025736,409.596,451.0140406012867,628.138922368168,145.88963175030753,266.32227541102094,9.0,22.0,4.0,10.5,10.166666666666666,3.872983346207418,5.373898759633259
EU,Phones,2012,16,4,2,Spring,0.5,0.2,438.0825812025736,7,0.9350162426854148,-0.35460488704253545,2012-16,2012-04-16,510.8205812025736,460.233,965.133,445.47643590193013,584.2180541350491,145.84344017162275,248.56149607532691,16.0,10.0,10.0,9.75,9.916666666666666,4.272001872658766,5.451577475345735
EU,Phones,2012,17,4,2,Spring,1.0,0.1,150.147,1,0.8854560256532099,-0.4647231720437685,2012-17,2012-04-23,438.0825812025736,586.512,810.0405812025735,336.38518590193013,529.226922368168,166.86897972833125,266.4146737144205,7.0,7.0,11.0,8.25,9.083333333333334,6.184658438426491,6.006940430313367
EU,Phones,2012,20,5,2,Spring,1.0,0.1,669.573,5,0.6631226582407952,-0.7485107481711012,2012-20,2012-05-14,150.147,246.4905812025736,912.9,442.15579060128675,508.94967236816797,217.34700781795055,242.76860488022166,1.0,9.0,12.0,7.25,8.5,6.344288770224761,6.037759969934667
EU,Phones,2012,21,5,2,Spring,0.0,0.0,246.4905812025736,5,0.5680647467311558,-0.8229838658936564,2012-21,2012-05-21,669.573,510.8205812025736,546.8191624051472,376.07329060128677,483.92229060128676,229.36259423161724,253.7423154005094,5.0,16.0,13.0,4.5,7.833333333333333,2.5166114784235845,5.936533015357049
EU,Phones,2012,22,5,2,Spring,0.0,0.0,492.9811624051472,12,0.46472317204376906,-0.8854560256532096,2012-22,2012-05-28,246.4905812025736,438.0825812025736,464.2785,389.79793590193015,486.3141791350491,235.86043451745752,253.67558379534566,5.0,7.0,3.0,5.75,8.583333333333334,4.573474244670749,5.838093296045666
EU,Phones,2012,23,6,2,Spring,0.6,0.16,1534.359,14,0.35460488704253584,-0.9350162426854147,2012-23,2012-06-04,492.9811624051472,150.147,356.4135,735.8509359019301,584.476304135049,559.9009367280746,390.07673448379074,12.0,1.0,3.0,9.0,9.5,4.690415759823431,5.744562646538029
EU,Phones,2012,24,6,2,Spring,0.6,0.22999999999999998,1895.55,23,0.23931566428755768,-0.970941817426052,2012-24,2012-06-11,1534.359,669.573,550.1505812025737,1042.34518590193,696.5929223681678,796.9151837339604,542.7750910716895,14.0,5.0,6.0,13.5,10.916666666666666,7.416198487095664,6.801849124697747
EU,Phones,2012,25,6,2,Spring,0.42857142857142855,0.1142857142857143,1717.6953248102943,26,0.12053668025532308,-0.992708874098054,2012-25,2012-06-18,1895.55,246.4905812025736,1127.8755812025736,1410.1463718038603,745.7445676688112,628.9737247018904,608.1497698309172,23.0,5.0,22.0,18.75,11.25,6.800735254367723,7.460502054760853
EU,Phones,2012,26,6,2,Summer,0.2,0.02,1361.586,18,-3.216245299353273e-16,-1.0,2012-26,2012-06-25,1717.6953248102943,492.9811624051472,460.233,1627.2975812025736,820.8573176688113,230.48596233549446,625.1071384499295,26.0,12.0,10.0,20.25,11.916666666666666,5.315072906367327,7.6924796018086665
EU,Phones,2012,28,7,3,Summer,1.0,0.25,457.488,4,-0.23931566428755743,-0.9709418174260521,2012-28,2012-07-09,1361.586,1534.359,586.512,1358.0798312025736,810.1053176688114,640.1237966826676,630.5899508334493,18.0,14.0,7.0,17.75,11.666666666666666,9.74251849711699,7.912399168776851
EU,Phones,2012,29,7,3,Summer,0.8,0.1,1689.0120000000002,20,-0.3546048870425356,-0.9350162426854148,2012-29,2012-07-16,457.488,1895.55,246.4905812025736,1306.4453312025737,930.3154359019303,588.5725265066133,650.5585196087294,4.0,23.0,9.0,17.0,12.583333333333334,9.309493362512628,8.207073815073226
EU,Phones,2012,30,7,3,Summer,1.0,0.1,246.4905812025736,5,-0.46472317204376806,-0.8854560256532101,2012-30,2012-07-23,1689.0120000000002,1717.6953248102943,510.8205812025736,938.6441453006435,908.2879359019303,695.8255342341882,670.2311834190891,20.0,26.0,16.0,11.75,11.666666666666666,8.421203397773189,8.40274125545114
EU,Phones,2012,31,8,3,Summer,0.8333333333333334,0.24166666666666667,1445.1631624051472,18,-0.5680647467311556,-0.8229838658936566,2012-31,2012-07-30,246.4905812025736,1361.586,438.0825812025736,959.5384359019301,992.2113176688113,713.7821654141496,669.0517412155759,5.0,18.0,7.0,11.75,12.583333333333334,8.421203397773189,8.447251659922333
EU,Phones,2012,32,8,3,Summer,1.0,0.13333333333333333,570.4680812025736,12,-0.663122658240795,-0.7485107481711013,2012-32,2012-08-06,1445.1631624051472,457.488,150.147,987.7834562025737,1027.2380744356926,689.1020521953111,630.8727803461311,18.0,4.0,1.0,13.75,13.5,6.751543033509699,7.63365752917481
EU,Phones,2012,33,8,3,Summer,0.5,0.075,720.0450000000001,5,-0.7485107481711011,-0.6631226582407952,2012-33,2012-08-13,570.4680812025736,1689.0120000000002,669.573,745.5417062025736,1031.4440744356925,506.56459395309605,628.4350048895922,12.0,20.0,5.0,10.0,13.5,6.271629240742261,7.63365752917481
EU,Phones,2012,34,8,3,Summer,0.4,0.2,896.1211624051472,17,-0.8229838658936564,-0.5680647467311559,2012-34,2012-08-20,720.0450000000001,246.4905812025736,246.4905812025736,907.949351503217,1085.5799562025736,382.07339513008685,580.8479764120585,5.0,5.0,5.0,13.0,14.5,5.944184833375671,7.192167456843086
EU,Phones,2012,35,8,3,Summer,0.375,0.05,1842.917906012868,49,-0.8854560256532096,-0.4647231720437691,2012-35,2012-08-27,896.1211624051472,1445.1631624051472,492.9811624051472,1007.3880374051472,1198.0746848365504,572.6999063154498,586.341101538665,17.0,18.0,12.0,20.75,17.583333333333332,19.465781943365815,12.20624529666778
EU,Phones,2012,36,9,3,Summer,0.0,0.0,327.0,3,-0.9350162426854147,-0.3546048870425359,2012-36,2012-09-03,1842.917906012868,570.4680812025736,1534.359,946.5210171045037,1097.4614348365503,643.2120450665365,625.6605537655762,49.0,12.0,14.0,18.5,16.666666666666668,21.252450839060106,12.893503179602675
EU,Phones,2012,37,9,3,Summer,0.5,0.125,1077.2971624051472,17,-0.970941817426052,-0.23931566428755774,2012-37,2012-09-10,327.0,720.0450000000001,1895.55,1035.8340577057904,1029.2736983703128,625.8511382446617,573.1594134195673,3.0,5.0,23.0,21.5,16.166666666666668,19.485036994233976,12.74100990241093
EU,Phones,2012,38,9,3,Summer,0.8,0.16,1516.9230812025735,20,-0.992708874098054,-0.12053668025532357,2012-38,2012-09-17,1077.2971624051472,896.1211624051472,1717.6953248102943,1191.0345374051471,1012.5426780696693,655.9083120748342,553.8417320243373,17.0,17.0,26.0,22.25,15.666666666666666,19.311050377094112,12.434068545977242
EU,Phones,2012,39,9,3,Autumn,1.0,0.15,357.5175812025736,4,-1.0,-1.8369701987210297e-16,2012-39,2012-09-24,1516.9230812025735,1842.917906012868,1361.586,819.6844562025735,928.8703098365503,579.8971748852821,571.8678455029163,20.0,49.0,18.0,11.0,14.5,8.755950357709134,12.84523257866513
EU,Phones,2012,40,10,4,Autumn,1.0,0.4,97.236,2,-0.992708874098054,0.1205366802553232,2012-40,2012-10-01,357.5175812025736,327.0,457.488,762.2434562025736,898.8493098365503,651.8788550238586,607.2262105000001,4.0,3.0,4.0,10.75,14.333333333333334,9.069178573608529,13.0058262002656
EU,Phones,2012,41,10,4,Autumn,0.0,0.0,826.9411624051472,13,-0.9709418174260521,0.23931566428755738,2012-41,2012-10-08,97.236,1077.2971624051472,1689.0120000000002,699.6544562025736,827.0100733703125,622.9220252416688,553.8988726119062,2.0,17.0,20.0,9.75,13.75,8.341662504161468,12.88498068577238
EU,Phones,2012,42,10,4,Autumn,0.5,0.075,469.9605812025736,8,-0.9350162426854148,0.35460488704253557,2012-42,2012-10-15,826.9411624051472,1516.9230812025735,246.4905812025736,437.91383120257365,845.6325733703126,302.70678898625584,536.0769501144146,13.0,20.0,5.0,6.75,14.0,4.856267428111158,12.727922061357855
EU,Phones,2012,44,10,4,Autumn,0.5,0.25,327.52058120257357,11,-0.822983865893657,0.5680647467311548,2012-44,2012-10-29,469.9605812025736,357.5175812025736,1445.1631624051472,430.4145812025736,752.4956916034315,305.71902019357515,519.2715899289005,8.0,4.0,18.0,8.5,13.416666666666666,4.795831523312722,12.688279010268658
EU,Phones,2012,45,11,4,Autumn,1.0,0.4,200.196,2,-0.7485107481711011,0.6631226582407952,2012-45,2012-11-05,327.52058120257357,97.236,570.4680812025736,456.15458120257364,721.6396848365503,270.6380089610013,541.5926518346353,11.0,2.0,12.0,8.5,12.583333333333334,4.795831523312722,13.111121811329308
EU,Phones,2012,46,11,4,Autumn,1.0,0.125,579.2385812025736,8,-0.6631226582407955,0.7485107481711007,2012-46,2012-11-12,200.196,826.9411624051472,720.0450000000001,394.2289359019302,709.9058166034314,165.39108778450716,543.1534132072796,2.0,13.0,5.0,7.25,12.833333333333334,3.774917217635378,12.98133858718551
EU,Phones,2012,47,11,4,Autumn,1.0,0.26666666666666666,771.4425812025736,11,-0.5680647467311559,0.8229838658936564,2012-47,2012-11-19,579.2385812025736,469.9605812025736,896.1211624051472,469.5994359019302,699.5159348365504,255.5351500776916,540.453274049042,8.0,8.0,17.0,8.0,12.333333333333334,4.242640687119288,12.92167547068479
EU,Phones,2012,48,11,4,Autumn,1.0,0.1,201.285,3,-0.4647231720437684,0.88545602565321,2012-48,2012-11-26,771.4425812025736,327.52058120257357,1842.917906012868,438.0405406012868,562.7131926688113,285.0245713653399,418.79407711541546,11.0,11.0,49.0,6.0,8.5,4.242640687119288,6.052798000624471
EU,Phones,2012,50,12,4,Autumn,0.0,0.0,246.4905812025736,9,-0.2393156642875578,0.970941817426052,2012-50,2012-12-10,201.285,200.196,327.0,449.6141859019302,556.0040744356925,272.8263081373803,423.53159728550145,3.0,2.0,3.0,7.75,9.0,3.4034296427770268,5.799686511904208
EU,Phones,2012,51,12,4,Autumn,0.5,0.075,258.777,4,-0.12053668025532363,0.992708874098054,2012-51,2012-12-17,246.4905812025736,579.2385812025736,1077.2971624051472,369.4987906012868,487.7940609019302,269.10036829208974,397.02705789963585,9.0,8.0,17.0,6.75,7.916666666666667,3.862210075418826,5.367551216393377
EU,Phones,2012,52,12,4,Winter,0.5,0.075,482.05958120257355,9,6.432490598706546e-16,1.0,2012-52,2012-12-24,258.777,771.4425812025736,1516.9230812025735,297.15304060128676,401.5554359019302,125.72524971860975,230.73331128040496,4.0,11.0,20.0,6.25,7.0,3.2015621187164287,3.8376128944009817
EU,Phones,2013,1,1,1,Winter,0.0,0.0,1003.7011624051472,18,0.12053668025532305,0.992708874098054,2013-1,2012-12-31,482.05958120257355,201.285,357.5175812025736,497.7570812025736,455.40406766881136,354.2466927834345,287.85421055240096,9.0,3.0,4.0,10.0,8.166666666666666,5.8309518948453025,4.839859752538536
EU,Phones,2013,3,1,1,Winter,0.5,0.25,1704.7605812025736,22,0.3546048870425356,0.9350162426854148,2013-3,2013-01-14,1003.7011624051472,246.4905812025736,97.236,862.3245812025737,589.3644494356926,642.5358368239094,439.90941613786083,18.0,9.0,2.0,13.25,9.833333333333334,8.220908303425684,5.859465277082311
EU,Phones,2013,4,1,1,Winter,1.0,0.5,260.19,3,0.4647231720437685,0.8854560256532099,2013-4,2013-01-21,1704.7605812025736,258.777,826.9411624051472,862.6778312025735,542.1351859019302,642.0936527670701,442.5000382211501,22.0,4.0,13.0,13.0,9.0,8.602325267042628,6.075285253310405
EU,Phones,2013,5,1,1,Winter,0.5,0.05,492.9811624051472,10,0.5680647467311558,0.8229838658936564,2013-5,2013-01-28,260.19,482.05958120257355,469.9605812025736,865.408226503217,544.0535676688113,639.9552930281241,442.2084971308612,3.0,9.0,8.0,13.25,9.166666666666666,8.460693430998038,6.0727907817401245
EU,Phones,2013,7,2,1,Winter,1.0,0.15,246.4905812025736,2,0.7485107481711011,0.6631226582407953,2013-7,2013-02-11,492.9811624051472,1003.7011624051472,327.52058120257357,676.1055812025736,537.3010676688114,695.034886581714,446.41419270100624,10.0,18.0,11.0,9.25,8.416666666666666,9.215023964519391,6.3740715307241285
EU,Phones,2013,8,2,1,Winter,1.0,0.275,640.9200000000001,6,0.8229838658936564,0.5680647467311559,2013-8,2013-02-18,246.4905812025736,1704.7605812025736,200.196,410.1454359019302,574.0280676688113,190.9521765985509,434.11901719933314,2.0,22.0,2.0,5.25,8.75,3.5939764421413067,6.107000454024422
EU,Phones,2013,9,2,1,Winter,1.0,0.325,382.0485812025736,12,0.8854560256532099,0.4647231720437686,2013-9,2013-02-25,640.9200000000001,260.19,579.2385812025736,440.6100812025736,557.5955676688113,167.31071222673845,437.6217940738762,6.0,3.0,8.0,7.5,9.083333333333334,4.434711565216692,6.171169527191203
EU,Phones,2013,10,3,1,Winter,0.5,0.075,508.6305812025736,7,0.9350162426854148,0.35460488704253557,2013-10,2013-03-04,382.0485812025736,492.9811624051472,771.4425812025736,444.5224359019302,535.6945676688114,169.11677964669326,432.4930225630707,12.0,10.0,11.0,6.75,8.75,4.112987559751025,6.166257152659726
EU,Phones,2013,11,3,1,Winter,0.0,0.0,464.04,3,0.970941817426052,0.23931566428755804,2013-11,2013-03-11,508.6305812025736,246.4905812025736,201.285,498.90979060128683,557.5908176688114,108.21866428992362,420.50874265841384,7.0,2.0,3.0,7.0,8.75,3.7416573867739444,6.166257152659726
EU,Phones,2013,12,3,1,Spring,0.3333333333333333,0.049999999999999996,739.9455812025736,10,0.992708874098054,0.120536680255323,2013-12,2013-03-18,464.04,640.9200000000001,246.4905812025736,523.6661859019302,598.7120676688113,153.42063555932302,411.3483422521063,3.0,6.0,9.0,8.0,8.833333333333334,3.915780041490246,6.176691278630908
EU,Phones,2013,14,4,2,Spring,1.0,0.2333333333333333,1080.7860812025735,13,0.992708874098054,-0.12053668025532288,2013-14,2013-04-01,739.9455812025736,382.0485812025736,258.777,698.3505609019302,667.2128244356924,282.1832634705886,417.9836127247793,10.0,12.0,4.0,8.25,9.583333333333334,4.272001872658768,6.082139774982502
EU,Phones,2013,15,4,2,Spring,1.0,0.15,854.9639999999999,9,0.9709418174260521,-0.2393156642875575,2013-15,2013-04-08,1080.7860812025735,508.6305812025736,482.05958120257355,784.9339156012868,698.2881926688113,256.53431993514204,416.8271872008166,13.0,7.0,9.0,8.75,9.583333333333334,4.193248541803044,6.082139774982502
EU,Phones,2013,16,4,2,Spring,0.5,0.25,413.32058120257363,7,0.9350162426854148,-0.35460488704253545,2013-16,2013-04-15,854.9639999999999,464.04,1003.7011624051472,772.2540609019302,649.0898109019303,278.03478336710214,412.31912091210455,9.0,3.0,18.0,9.75,8.666666666666666,2.5000000000000044,5.4993112516409
EU,Phones,2013,17,4,2,Spring,1.0,0.5,227.745,3,0.8854560256532099,-0.4647231720437685,2013-17,2013-04-22,413.32058120257363,739.9455812025736,1704.7605812025736,644.2039156012868,526.005179135049,392.33019383495844,261.35492893200797,7.0,10.0,22.0,8.0,7.083333333333333,4.163331998932268,3.7769235516689337
EU,Phones,2013,18,4,2,Spring,1.0,0.15,246.4905812025736,2,0.8229838658936565,-0.5680647467311557,2013-18,2013-04-29,227.745,1080.7860812025735,260.19,435.6300406012868,524.8635609019302,291.73538620417526,262.64830427780606,3.0,13.0,3.0,5.25,7.0,3.3040379335998376,3.8847019307675397
EU,Phones,2013,19,5,2,Spring,0.6666666666666666,0.19999999999999998,457.374,7,0.7485107481711013,-0.663122658240795,2013-19,2013-05-06,246.4905812025736,854.9639999999999,492.9811624051472,336.2325406012868,521.8962973681679,116.10481605203196,263.24170483388616,2.0,9.0,10.0,4.75,6.75,2.629955639676587,3.76889180722204
EU,Phones,2013,20,5,2,Spring,0.0,0.0,612.7455812025736,10,0.6631226582407952,-0.7485107481711012,2013-20,2013-05-13,457.374,413.32058120257363,246.4905812025736,386.0887906012868,552.4175473681679,183.49868109789605,249.26890741820995,7.0,7.0,2.0,5.5,7.416666666666667,3.696845502136475,3.553700589355811
EU,Phones,2013,22,5,2,Spring,0.3333333333333333,0.041666666666666664,1519.1523248102944,31,0.46472317204376906,-0.8854560256532096,2013-22,2013-05-27,612.7455812025736,227.745,640.9200000000001,708.9406218038604,625.6035744356924,560.6074963177019,374.8883447543518,10.0,3.0,6.0,12.5,9.5,12.767145334803706,7.633657529174807
EU,Phones,2013,23,6,2,Spring,1.0,0.25,600.7561624051472,20,0.35460488704253584,-0.9350162426854147,2013-23,2013-06-03,1519.1523248102944,246.4905812025736,382.0485812025736,797.5070171045038,643.8292062025736,486.2475729090644,367.20891461196146,31.0,2.0,12.0,17.0,10.166666666666666,10.862780491200217,8.200147818327679
EU,Phones,2013,24,6,2,Spring,0.3333333333333333,0.049999999999999996,622.3155812025736,5,0.23931566428755768,-0.970941817426052,2013-24,2013-06-10,600.7561624051472,457.374,508.6305812025736,838.7424124051472,653.3029562025736,453.69234989738516,364.8627888131301,20.0,7.0,7.0,16.5,10.0,11.503622617824933,8.290191356493086
EU,Phones,2013,25,6,2,Spring,0.75,0.23750000000000002,748.6845812025736,12,0.12053668025532308,-0.992708874098054,2013-25,2013-06-17,622.3155812025736,612.7455812025736,464.04,872.7271624051472,677.0233379694547,435.8616896001494,360.6684086435964,5.0,10.0,3.0,17.0,10.75,11.165422816296152,8.001420328462142
EU,Phones,2013,26,6,2,Summer,0.0,0.0,246.4905812025736,3,-3.216245299353273e-16,-1.0,2013-26,2013-06-24,748.6845812025736,1519.1523248102944,739.9455812025736,554.561726503217,635.9020879694548,215.4963449174908,380.4311513945962,12.0,31.0,10.0,10.0,10.166666666666666,7.702813338860897,8.310271118357452
EU,Phones,2013,27,7,3,Summer,1.0,0.25,582.4785812025737,5,-0.12053668025532283,-0.992708874098054,2013-27,2013-07-01,246.4905812025736,600.7561624051472,1080.7860812025735,549.9923312025736,594.3764629694547,214.38122693988214,353.71357746656315,3.0,20.0,13.0,6.25,9.5,3.9475730941090057,8.382882992904483
EU,Phones,2013,28,7,3,Summer,0.75,0.175,1022.2740812025736,14,-0.23931566428755743,-0.9709418174260521,2013-28,2013-07-08,582.4785812025737,622.3155812025736,854.9639999999999,649.9819562025737,608.3189697363358,324.3997687292054,367.9308271228974,5.0,5.0,9.0,8.5,9.916666666666666,5.322906474223772,8.479476113034055
EU,Phones,2013,29,7,3,Summer,1.0,0.1,246.4905812025736,12,-0.3546048870425356,-0.9350162426854148,2013-29,2013-07-15,1022.2740812025736,748.6845812025736,413.32058120257363,524.4334562025737,594.4164697363359,367.749465425936,378.95551264014534,14.0,12.0,7.0,8.5,10.333333333333334,5.322906474223773,8.445906306213281
EU,Phones,2013,30,7,3,Summer,0.8,0.15,1029.1485812025735,12,-0.46472317204376806,-0.8854560256532101,2013-30,2013-07-22,246.4905812025736,246.4905812025736,227.745,720.0979562025736,661.200101503217,378.62282787434,379.07824648283423,12.0,3.0,3.0,10.75,11.083333333333334,3.947573094109006,8.12916559883813
EU,Phones,2013,31,7,3,Summer,1.0,0.125,455.99858120257363,7,-0.5680647467311556,-0.8229838658936566,2013-31,2013-07-29,1029.1485812025735,582.4785812025737,246.4905812025736,688.4779562025735,678.659101503217,398.69613628371417,362.71318045770875,12.0,5.0,2.0,11.25,11.5,2.986078811194823,7.740096311357558
EU,Phones,2013,32,8,3,Summer,0.5,0.075,539.88,5,-0.663122658240795,-0.7485107481711013,2013-32,2013-08-05,455.99858120257363,1022.2740812025736,457.374,567.8794359019302,685.534601503217,331.3413719969345,358.89915485588597,7.0,14.0,7.0,9.0,11.333333333333334,3.55902608401044,7.866307130972438
EU,Phones,2013,33,8,3,Summer,0.75,0.375,1032.3105812025735,15,-0.7485107481711011,-0.6631226582407952,2013-33,2013-08-12,539.88,246.4905812025736,612.7455812025736,764.3344359019302,720.4983515032169,309.5095793298043,371.38321421047414,5.0,12.0,10.0,9.75,11.75,4.57347424467075,7.921489758877427
EU,Phones,2013,34,8,3,Summer,1.0,0.15,496.332,4,-0.8229838658936564,-0.5680647467311559,2013-34,2013-08-19,1032.3105812025735,1029.1485812025735,1519.1523248102944,631.1302906012868,635.2633244356924,269.637989341076,276.73464082648417,15.0,12.0,31.0,7.75,9.5,4.991659710623981,5.3851648071345
EU,Phones,2013,35,8,3,Summer,0.0,0.0,369.7305812025736,10,-0.8854560256532096,-0.4647231720437691,2013-35,2013-08-26,496.332,455.99858120257363,600.7561624051472,609.5632906012869,616.0111926688113,290.92501116754636,287.1920222894378,4.0,7.0,20.0,8.5,8.666666666666666,5.066228051190223,4.2711151052651575
EU,Phones,2013,36,9,3,Summer,1.0,0.2833333333333334,686.0095812025736,10,-0.9350162426854147,-0.3546048870425359,2013-36,2013-09-02,369.7305812025736,539.88,622.3155812025736,646.0956859019302,621.3190260021447,288.4220848574616,287.90683251229217,10.0,5.0,5.0,9.75,9.083333333333334,4.500000000000003,4.122186827695246
EU,Phones,2013,37,9,3,Summer,0.25,0.06875,1536.1440812025735,22,-0.970941817426052,-0.23931566428755774,2013-37,2013-09-09,686.0095812025736,1032.3105812025735,748.6845812025736,772.0540609019301,686.9406510021446,525.7134989057494,390.8966744712072,10.0,15.0,12.0,11.5,9.916666666666666,7.549834435270751,5.534328132554831
EU,Phones,2013,38,9,3,Summer,0.4444444444444444,0.14444444444444446,2223.9855812025735,32,-0.992708874098054,-0.12053668025532357,2013-38,2013-09-16,1536.1440812025735,496.332,246.4905812025736,1203.9674562025734,851.7319010021447,839.644728324464,565.9617150390026,22.0,4.0,3.0,18.5,12.333333333333334,10.63014581273465,8.01513719423593
EU,Phones,2013,39,9,3,Autumn,0.8571428571428571,0.31428571428571433,1570.5061624051473,25,-1.0,-1.8369701987210297e-16,2013-39,2013-09-23,2223.9855812025735,369.7305812025736,582.4785812025737,1504.161351503217,934.0675327690259,630.5933105261498,594.384976663786,32.0,10.0,5.0,22.25,14.0,9.178779875342912,8.420753583206842
EU,Phones,2013,41,10,4,Autumn,0.75,0.175,632.565,9,-0.9709418174260521,0.23931566428755738,2013-41,2013-10-07,1570.5061624051473,686.0095812025736,1022.2740812025736,1490.8002062025735,901.5917760021448,653.8444182254293,599.7496288276772,25.0,10.0,14.0,22.0,13.583333333333334,9.626352718795768,8.54356039613604
EU,Phones,2013,44,10,4,Autumn,1.0,0.15,466.0635,5,-0.822983865893657,0.5680647467311548,2013-44,2013-10-28,632.565,1536.1440812025735,246.4905812025736,1223.28006090193,919.8895192352635,825.4894926054125,581.0026916655515,9.0,22.0,12.0,17.75,13.0,12.841988423397162,8.89330698283316
EU,Phones,2013,45,11,4,Autumn,1.0,0.3666666666666667,744.3405812025736,14,-0.7485107481711011,0.6631226582407952,2013-45,2013-11-04,466.0635,2223.9855812025735,1029.1485812025735,853.3688109019303,896.1555192352635,491.57327787220805,581.9501430456364,5.0,32.0,12.0,13.25,13.166666666666666,8.655441448399191,8.891603120956649
EU,Phones,2013,46,11,4,Autumn,0.5833333333333334,0.12916666666666668,2962.4357436077207,45,-0.6631226582407955,0.7485107481711007,2013-46,2013-11-11,744.3405812025736,1570.5061624051473,455.99858120257363,1201.3512062025736,1105.0252827690258,1179.6105598189815,813.3870015396218,14.0,25.0,7.0,18.25,16.333333333333332,18.20942979154848,12.521496667247039
EU,Phones,2013,47,11,4,Autumn,0.5,0.075,1127.854662405147,12,-0.5680647467311559,0.8229838658936564,2013-47,2013-11-18,2962.4357436077207,632.565,539.88,1325.1736218038604,1154.0231713027881,1124.7220767330111,793.7199546198478,45.0,9.0,5.0,19.0,16.916666666666668,17.75762746915627,12.101527577003228
EU,Phones,2013,48,11,4,Autumn,0.0,0.0,432.15,3,-0.4647231720437684,0.88545602565321,2013-48,2013-11-25,1127.854662405147,466.0635,1032.3105812025735,1316.6952468038605,1104.009789535907,1133.4508820434362,820.5417218669289,12.0,5.0,15.0,18.5,15.916666666666666,18.303005217723125,12.752599259711246
EU,Phones,2013,49,12,4,Autumn,1.0,0.15,766.2495,11,-0.35460488704253595,0.9350162426854147,2013-49,2013-12-02,432.15,744.3405812025736,496.332,1322.172476503217,1126.502914535907,1129.8102145601433,805.9389961006375,3.0,14.0,4.0,17.75,16.5,18.607794065928395,12.310379951303473
EU,Phones,2013,50,12,4,Autumn,1.0,0.15,231.642,4,-0.2393156642875578,0.970941817426052,2013-50,2013-12-09,766.2495,2962.4357436077207,369.7305812025736,639.4740406012868,1114.9955327690259,393.2335523203865,818.6128496446375,11.0,45.0,10.0,7.5,16.0,4.654746681256312,12.713629050604064
EU,Phones,2013,51,12,4,Autumn,0.5,0.25,689.07,8,-0.12053668025532363,0.992708874098054,2013-51,2013-12-16,231.642,1127.854662405147,686.0095812025736,529.777875,1115.2505676688113,244.75090224973852,818.4675150962457,4.0,12.0,10.0,6.5,15.833333333333334,3.6968455021364703,12.812162781962893
EU,Phones,2013,52,12,4,Winter,1.0,0.15,818.2336624051472,10,6.432490598706546e-16,1.0,2013-52,2013-12-23,689.07,432.15,1536.1440812025735,626.2987906012868,1055.4246994356924,268.40231194523955,811.1102315012154,8.0,3.0,22.0,8.25,14.833333333333334,3.095695936834449,12.755272231393953
EU,Phones,2014,1,12,4,Winter,0.5,0.075,1357.7355812025735,19,0.12053668025532305,0.992708874098054,2014-1,2013-12-30,818.2336624051472,766.2495,2223.9855812025735,774.1703109019302,983.2371994356926,463.34617537087877,732.3823391116633,10.0,11.0,32.0,10.25,13.75,6.344288770224759,11.670670308707441
EU,Phones,2014,2,1,1,Winter,1.0,0.15,1343.2276624051472,17,0.23931566428755774,0.970941817426052,2014-2,2014-01-06,1357.7355812025735,231.642,1570.5061624051473,1052.066726503217,964.2973244356923,348.64148952089647,718.6240937470175,19.0,4.0,25.0,13.5,13.083333333333334,5.322906474223769,11.18812953197461
EU,Phones,2014,3,1,1,Winter,0.3333333333333333,0.13333333333333333,688.6785812025736,12,0.3546048870425356,0.9350162426854148,2014-3,2014-01-13,1343.2276624051472,689.07,632.565,1051.9688718038603,968.9734562025736,348.7773631018646,716.4485283356322,17.0,8.0,9.0,14.5,13.333333333333334,4.203173404306162,11.121913940368794
EU,Phones,2014,5,1,1,Winter,1.0,0.15,464.61,4,0.5680647467311558,0.8229838658936564,2014-5,2014-01-27,688.6785812025736,818.2336624051472,466.0635,963.5629562025736,968.8523312025736,456.08216348873833,716.5413981028444,12.0,10.0,5.0,13.0,13.25,6.683312551921139,11.193545217912623
EU,Phones,2014,6,2,1,Winter,0.6666666666666666,0.08333333333333333,1090.71,9,0.6631226582407952,0.7485107481711011,2014-6,2014-02-03,464.61,1357.7355812025735,744.3405812025736,896.8065609019302,997.7164494356925,394.5467723648639,713.645789707977,4.0,19.0,14.0,10.5,12.833333333333334,5.446711546122729,11.255974844364646
EU,Phones,2014,7,2,1,Winter,0.6666666666666666,0.08333333333333333,922.5645812025737,14,0.7485107481711011,0.6631226582407953,2014-7,2014-02-10,1090.71,1343.2276624051472,2962.4357436077207,791.6407906012868,827.7271859019302,273.33360905759235,356.87572915425966,9.0,17.0,45.0,9.75,10.25,4.349329450233294,5.04750163222091
EU,Phones,2014,8,2,1,Winter,1.0,0.15,587.826,7,0.8229838658936564,0.5680647467311559,2014-8,2014-02-17,922.5645812025737,688.6785812025736,1127.854662405147,766.4276453006435,782.724797368168,290.1322842205617,349.5629275919585,14.0,12.0,12.0,8.5,9.833333333333334,4.2031734043061615,5.096047190685836
EU,Phones,2014,9,2,1,Winter,0.3333333333333333,0.03333333333333333,1021.6411624051472,15,0.8854560256532099,0.4647231720437686,2014-9,2014-02-24,587.826,464.61,432.15,905.6854359019302,831.8490609019301,222.85970651700916,337.0131728654488,7.0,4.0,3.0,11.25,10.833333333333334,3.86221007541882,4.802145984932786
EU,Phones,2014,10,3,1,Winter,0.3333333333333333,0.16666666666666666,1040.4105812025737,14,0.9350162426854148,0.35460488704253557,2014-10,2014-03-03,1021.6411624051472,1090.71,766.2495,893.1105812025736,854.6958176688113,209.9869947880116,341.4258310720466,15.0,9.0,11.0,12.5,11.083333333333334,3.69684550213647,4.888917584856097
EU,Phones,2014,12,3,1,Winter,1.0,0.1,444.204,4,0.992708874098054,0.120536680255323,2014-12,2014-03-17,1040.4105812025737,922.5645812025737,231.642,773.5204359019302,872.4093176688112,303.16441252185626,310.2535378202771,14.0,14.0,4.0,10.0,11.083333333333334,5.354126134736335,4.888917584856097
EU,Phones,2014,13,3,1,Spring,0.0,0.0,520.38,3,1.0,-1.6081226496766366e-16,2014-13,2014-03-24,444.204,587.826,689.07,756.6589359019301,858.3518176688113,318.4265478326463,322.88047471163,4.0,7.0,8.0,9.0,10.666666666666666,6.3770421565696624,5.365433699886601
EU,Phones,2014,14,4,2,Spring,0.75,0.1875,1285.893,13,0.992708874098054,-0.12053668025532288,2014-14,2014-03-31,520.38,1021.6411624051472,818.2336624051472,822.7218953006434,897.3234291350491,406.8588022541088,345.05946373634697,3.0,15.0,10.0,8.5,10.916666666666666,5.802298395176402,5.401318581998515
EU,Phones,2014,15,4,2,Spring,0.0,0.0,855.78,5,0.9709418174260521,-0.2393156642875575,2014-15,2014-04-07,1285.893,1040.4105812025737,1357.7355812025735,776.56425,855.493797368168,383.7467117569209,313.1186615416509,13.0,14.0,19.0,6.25,9.75,4.573474244670746,4.993177163071446
EU,Phones,2014,16,4,2,Spring,1.0,0.3,606.108,7,0.9350162426854148,-0.35460488704253545,2014-16,2014-04-14,855.78,444.204,1343.2276624051472,817.04025,794.0671588344057,343.42558021243764,279.20445881245945,5.0,4.0,17.0,7.0,8.916666666666666,4.320493798938571,4.4814432199162555
EU,Phones,2014,17,4,2,Spring,0.0,0.0,246.4905812025736,3,0.8854560256532099,-0.4647231720437685,2014-17,2014-04-21,606.108,520.38,688.6785812025736,748.5678953006434,757.2181588344057,436.8787606934904,320.5032404448399,7.0,3.0,12.0,7.0,8.166666666666666,4.320493798938571,4.6677487922850815
EU,Phones,2014,18,5,2,Spring,1.0,0.5,72.21,1,0.8229838658936565,-0.5680647467311557,2014-18,2014-04-28,246.4905812025736,1285.893,464.61,445.1471453006434,724.5181588344058,352.64443041507985,369.36441251343115,3.0,13.0,4.0,4.0,7.916666666666667,2.581988897471608,4.981024599478115
EU,Phones,2014,19,5,2,Spring,1.0,0.4,407.232,4,0.7485107481711013,-0.663122658240795,2014-19,2014-05-05,72.21,855.78,1090.71,333.0101453006434,667.5616588344056,227.73791421789582,360.3503710267093,1.0,5.0,9.0,3.75,7.5,2.4999999999999964,5.0900973378797945
EU,Phones,2014,20,5,2,Spring,1.0,0.275,719.256,7,0.6631226582407952,-0.7485107481711012,2014-20,2014-05-12,407.232,606.108,922.5645812025737,361.29714530064336,650.6192770675245,275.07361273666305,351.9526791259121,4.0,7.0,14.0,3.75,6.916666666666667,2.4999999999999964,4.660439568291498
EU,Phones,2014,21,5,2,Spring,1.0,0.15,283.611,2,0.5680647467311558,-0.8229838658936564,2014-21,2014-05-19,719.256,246.4905812025736,587.826,370.57725,625.2680270675245,270.49743431361384,367.4998356283397,7.0,3.0,7.0,3.5,6.5,2.6457513110645876,4.8710648453159395
EU,Phones,2014,22,5,2,Spring,0.0,0.0,246.4905812025736,11,0.46472317204376906,-0.8854560256532096,2014-22,2014-05-26,283.611,72.21,1021.6411624051472,414.1473953006434,560.6721453006434,214.6995118495824,359.53335625238293,2.0,1.0,15.0,6.0,6.166666666666667,3.9157800414902417,4.344972713238595
EU,Phones,2014,23,6,2,Spring,0.0,0.0,1210.2105812025736,13,0.35460488704253584,-0.9350162426854147,2014-23,2014-06-02,246.4905812025736,407.232,1040.4105812025737,614.8920406012868,574.8221453006435,451.20681287483217,382.7241018696731,11.0,4.0,14.0,8.25,6.083333333333333,4.8562674281111535,4.1878250665326116
EU,Phones,2014,24,6,2,Spring,0.8,0.14,1184.8381624051472,19,0.23931566428755768,-0.970941817426052,2014-24,2014-06-09,1210.2105812025736,719.256,444.204,731.2875812025736,636.5416588344057,538.6767188225897,417.85186377944973,13.0,7.0,4.0,11.25,7.333333333333333,7.0415433914258685,5.532274451440445
EU,Phones,2014,25,6,2,Spring,0.6,0.21000000000000002,2629.5960812025737,38,0.12053668025532308,-0.992708874098054,2014-25,2014-06-16,1184.8381624051472,283.611,520.38,1317.7838515032172,812.3096656012867,982.8135058279003,707.6620709843261,19.0,2.0,3.0,20.25,10.25,12.311918344975055,10.252494153309057
EU,Phones,2014,26,6,2,Summer,0.2857142857142857,0.03571428571428571,1724.0853248102944,31,-3.216245299353273e-16,-1.0,2014-26,2014-06-23,2629.5960812025737,246.4905812025736,1285.893,1687.1825374051473,848.8256926688114,675.6126161613006,744.6594285077479,38.0,11.0,13.0,25.25,11.75,11.324751652906125,11.87912607743669
EU,Phones,2014,27,7,3,Summer,0.3333333333333333,0.08333333333333333,1540.4223248102944,18,-0.12053668025532283,-0.992708874098054,2014-27,2014-06-30,1724.0853248102944,1210.2105812025736,855.78,1769.7354733070774,905.8792197363358,615.3951536592878,771.0023339729553,31.0,13.0,5.0,26.5,12.833333333333334,9.678154093971983,11.800102721689512
EU,Phones,2014,28,7,3,Summer,0.0,0.0,246.4905812025736,4,-0.23931566428755743,-0.9709418174260521,2014-28,2014-07-07,1540.4223248102944,1184.8381624051472,606.108,1535.148578006434,875.9111015032169,982.2049474994151,790.4569520812386,18.0,19.0,7.0,22.75,12.583333333333334,14.997221964972935,11.965543966917778
EU,Phones,2014,29,7,3,Summer,0.75,0.275,740.9761624051472,18,-0.3546048870425356,-0.9350162426854148,2014-29,2014-07-14,246.4905812025736,2629.5960812025737,246.4905812025736,1062.9935983070775,917.1182332700981,691.7014928679138,767.2089343221847,4.0,38.0,3.0,17.75,13.833333333333334,11.026483271348727,11.652805618728856
EU,Phones,2014,30,7,3,Summer,0.6666666666666666,0.21666666666666667,786.582,9,-0.46472317204376806,-0.8854560256532101,2014-30,2014-07-21,740.9761624051472,1724.0853248102944,72.21,828.6177671045039,976.6492332700982,533.8494936238051,722.0770258559271,18.0,31.0,1.0,12.25,14.5,6.946221994724902,11.065918193017037
EU,Phones,2014,31,8,3,Summer,1.0,0.3375,1183.2797436077208,19,-0.5680647467311556,-0.8229838658936566,2014-31,2014-07-28,786.582,1540.4223248102944,407.232,739.3321218038604,1041.3198785707416,383.9346858110988,700.8838717098281,9.0,18.0,4.0,12.5,15.75,7.234178138070235,10.609815352690253
EU,Phones,2014,32,8,3,Summer,0.5,0.11666666666666665,3515.386906012868,51,-0.663122658240795,-0.7485107481711013,2014-32,2014-08-04,1183.2797436077208,246.4905812025736,719.256,1556.556203006434,1274.3307874051472,1320.9067736602403,989.4614572225553,19.0,4.0,7.0,24.25,19.416666666666668,18.39157415774952,14.27940878158179
EU,Phones,2014,33,8,3,Summer,0.375,0.1,2056.2183248102942,29,-0.7485107481711011,-0.6631226582407952,2014-33,2014-08-11,3515.386906012868,740.9761624051472,283.611,1885.3667436077208,1422.0480644726715,1209.1884414764609,959.9882302915473,51.0,18.0,2.0,27.0,21.666666666666668,17.96292478040997,13.384749349596172
EU,Phones,2014,34,8,3,Summer,0.8,0.27,957.2371624051472,14,-0.8229838658936564,-0.5680647467311559,2014-34,2014-08-18,2056.2183248102942,786.582,246.4905812025736,1928.0305342090076,1481.2769462395527,1159.4863620881326,900.9776749461716,29.0,9.0,11.0,28.25,21.916666666666668,16.398678808570725,13.19406432200985
EU,Phones,2014,35,8,3,Summer,0.6,0.13,965.0431624051472,20,-0.8854560256532096,-0.4647231720437691,2014-35,2014-08-25,957.2371624051472,1183.2797436077208,1210.2105812025736,1873.4713889083641,1460.846328006434,1210.2355154285513,910.4134875601845,14.0,19.0,13.0,28.5,22.5,16.217274740226852,12.915811310877137
EU,Phones,2014,36,9,3,Summer,0.42857142857142855,0.18571428571428572,2126.422581202574,25,-0.9350162426854147,-0.3546048870425359,2014-36,2014-09-01,965.0431624051472,3515.386906012868,1184.8381624051472,1526.2303077057907,1539.3116962395532,653.1468122072337,924.9230619031362,20.0,51.0,19.0,22.0,23.0,6.480740698407858,12.884098726725123
EU,Phones,2014,37,9,3,Summer,0.5,0.075,613.425,7,-0.970941817426052,-0.23931566428755774,2014-37,2014-09-08,2126.422581202574,2056.2183248102942,2629.5960812025737,1165.531976503217,1371.2974394726718,661.2400879815707,891.3784026234604,25.0,29.0,38.0,16.5,20.416666666666668,7.767453465154026,12.709755260738847
EU,Phones,2014,38,9,3,Summer,0.75,0.1875,1068.1711624051472,15,-0.992708874098054,-0.12053668025532357,2014-38,2014-09-15,613.425,957.2371624051472,1724.0853248102944,1193.265476503217,1316.6379259389093,651.851509756201,887.8822773149565,7.0,14.0,31.0,16.75,19.083333333333332,7.675719293112968,12.332207155790618
EU,Phones,2014,39,9,3,Autumn,1.0,0.15,922.029,8,-1.0,-1.8369701987210297e-16,2014-39,2014-09-22,1068.1711624051472,965.0431624051472,1540.4223248102944,1182.5119359019304,1265.105148871385,657.204285669244,891.650846054913,15.0,20.0,18.0,13.75,18.25,8.301606270274846,12.743090819591755
EU,Phones,2014,40,9,3,Autumn,0.5,0.225,984.6705812025737,11,-0.992708874098054,0.1205366802553232,2014-40,2014-09-29,922.029,2126.422581202574,246.4905812025736,897.0739359019302,1326.620148871385,198.34894105041317,838.8906262304963,8.0,25.0,4.0,10.25,18.833333333333332,3.5939764421412987,12.179217270963408
EU,Phones,2014,41,10,4,Autumn,0.42857142857142855,0.1142857142857143,1701.5191624051472,25,-0.9709418174260521,0.23931566428755738,2014-41,2014-10-06,984.6705812025737,613.425,740.9761624051472,1169.097476503217,1406.665398871385,359.9606850235814,823.617066660842,11.0,7.0,18.0,14.75,19.416666666666668,7.410578025138567,12.302685097411077
EU,Phones,2014,42,10,4,Autumn,0.4,0.1,1892.5845812025736,25,-0.9350162426854148,0.35460488704253557,2014-42,2014-10-13,1701.5191624051472,1068.1711624051472,786.582,1375.2008312025737,1498.832280638266,493.97981834735583,809.6841706667353,25.0,15.0,9.0,17.25,20.75,9.032349269892816,11.932575733527258
EU,Phones,2014,43,10,4,Autumn,0.6666666666666666,0.18333333333333335,1064.493,13,-0.8854560256532101,0.464723172043768,2014-43,2014-10-20,1892.5845812025736,922.029,1183.2797436077208,1410.8168312025737,1488.9333853376227,453.9268783826214,814.6038841085415,25.0,8.0,19.0,18.5,20.25,7.549834435270746,12.1365338769129
EU,Phones,2014,44,10,4,Autumn,0.0,0.0,223.83,3,-0.822983865893657,0.5680647467311548,2014-44,2014-10-27,1064.493,984.6705812025737,3515.386906012868,1220.6066859019302,1214.636976503217,752.9423055171999,594.7103827910419,13.0,11.0,51.0,16.5,16.25,10.630145812734646,8.422102954833683
EU,Phones,2014,45,11,4,Autumn,0.6666666666666666,0.16666666666666666,422.2425812025736,9,-0.7485107481711011,0.6631226582407952,2014-45,2014-11-03,223.83,1701.5191624051472,2056.2183248102942,900.7875406012868,1078.4723312025737,752.2715903903497,571.0934343012102,3.0,25.0,29.0,12.5,14.583333333333334,9.291573243177567,7.609304511682738
EU,Phones,2014,46,11,4,Autumn,0.5,0.0625,1036.3937436077208,14,-0.6631226582407955,0.7485107481711007,2014-46,2014-11-10,422.2425812025736,1892.5845812025736,957.2371624051472,686.7398312025736,1085.0687129694547,427.8627591795779,570.0219542879763,9.0,25.0,14.0,9.75,14.583333333333334,4.991659710623973,7.609304511682738
EU,Phones,2014,47,11,4,Autumn,0.6,0.205,3484.4836624051472,36,-0.5680647467311559,0.8229838658936564,2014-47,2014-11-17,1036.3937436077208,1064.493,965.0431624051472,1291.7374968038603,1295.0220879694548,1502.196614854596,893.81695516647,14.0,13.0,20.0,15.5,15.916666666666666,14.387494569938157,9.74640570889722
EU,Phones,2014,48,11,4,Autumn,0.4,0.05,1320.66,14,-0.4647231720437684,0.88545602565321,2014-48,2014-11-24,3484.4836624051472,223.83,2126.422581202574,1565.9449968038605,1227.8752062025735,1332.8459633778725,855.1088351988504,36.0,3.0,25.0,18.25,15.0,12.065791865158841,9.322504540577656
EU,Phones,2014,49,12,4,Autumn,1.0,0.21666666666666667,782.3325812025736,15,-0.35460488704253595,0.9350162426854147,2014-49,2014-12-01,1320.66,422.2425812025736,613.425,1655.9674968038603,1241.9508379694548,1238.683721628909,845.4102830880048,14.0,9.0,7.0,19.75,15.666666666666666,10.84358489307541,8.978087803427892
EU,Phones,2014,50,12,4,Autumn,1.0,0.19999999999999998,1328.0580812025735,19,-0.2393156642875578,0.970941817426052,2014-50,2014-12-08,782.3325812025736,1036.3937436077208,1068.1711624051472,1728.8835812025736,1263.6080812025737,1197.9702297942133,843.8812207319666,15.0,14.0,15.0,21.0,16.0,10.230672835481869,9.025217197084263
EU,Phones,2014,51,12,4,Autumn,0.8,0.16,1459.681662405147,21,-0.12053668025532363,0.992708874098054,2014-51,2014-12-15,1328.0580812025735,3484.4836624051472,922.029,1222.6830812025737,1308.4124697363359,300.4331637177282,838.3517402126091,19.0,36.0,8.0,17.25,17.083333333333332,3.304037933599826,8.753787059255433
EU,Phones,2014,52,12,4,Winter,0.375,0.05,2267.1498248102944,40,6.432490598706546e-16,1.0,2014-52,2014-12-22,1459.681662405147,1320.66,984.6705812025737,1459.3055374051473,1415.2857400369792,613.2239428768946,874.3036604926003,21.0,14.0,11.0,23.75,19.5,11.116804097101527,10.706837237782386
LATAM,Accessories,2011,21,5,2,Autumn,0.0,0.0,254.94,10,0.5680647467311558,-0.8229838658936564,2011-21,2011-05-23,447.628,145.788,260.4,494.05299999999994,335.8926666666666,397.07065186773326,283.4093796655718,8.0,3.0,6.0,10.0,6.0,2.8284271247461903,3.5161962919661307
LATAM,Accessories,2011,22,6,2,Spring,0.14285714285714285,0.05714285714285715,1824.56,38,0.46472317204376906,-0.8854560256532096,2011-22,2011-05-30,254.94,205.024,495.06,898.9369999999999,446.6843333333333,708.044774504174,515.842497967836,10.0,8.0,3.0,17.5,8.916666666666666,13.892443989449804,9.76504278567486
LATAM,Accessories,2011,23,6,2,Spring,0.3333333333333333,0.06666666666666667,614.56,8,0.35460488704253584,-0.9350162426854147,2011-23,2011-06-06,1824.56,1068.62,161.64,785.4219999999999,484.42766666666665,708.1707762133839,509.6224597917976,38.0,14.0,4.0,16.0,9.25,14.696938456699069,9.64954073330106
LATAM,Accessories,2011,24,6,2,Spring,0.2857142857142857,0.1142857142857143,1057.536,23,0.23931566428755768,-0.970941817426052,2011-24,2011-06-13,614.56,447.628,81.984,937.8989999999999,565.7236666666666,676.1316058510108,517.3401684025588,8.0,8.0,2.0,19.75,11.0,13.865424623862047,10.1085022719401
LATAM,Accessories,2011,25,6,2,Winter,0.2,0.08,317.536,10,0.12053668025532308,-0.992708874098054,2011-25,2011-06-20,1057.536,254.94,594.36,953.548,542.6550000000001,655.464094255869,522.0972102089801,23.0,10.0,5.0,19.75,11.416666666666666,13.865424623862047,9.940352411288348
LATAM,Accessories,2011,26,6,2,Summer,0.0,0.0,55.78,1,-3.216245299353273e-16,-1.0,2011-26,2011-06-27,317.536,1824.56,72.744,511.35299999999995,541.2413333333333,429.7593676140172,523.5063082237506,10.0,38.0,6.0,10.5,11.0,9.183318209303941,10.286796479865917
LATAM,Accessories,2011,27,7,3,Winter,1.0,0.4,163.38,5,-0.12053668025532283,-0.992708874098054,2011-27,2011-07-04,55.78,614.56,295.384,398.55799999999994,530.241,452.26173024625166,530.4825139028875,1.0,8.0,6.0,9.75,10.916666666666666,9.569918146637061,10.334921676558853
LATAM,Accessories,2011,28,7,3,Summer,1.0,0.4,311.796,3,-0.23931566428755743,-0.9709418174260521,2011-28,2011-07-11,163.38,1057.536,207.54,212.12299999999993,538.929,126.31392268999195,525.5477817235512,5.0,23.0,3.0,4.75,10.916666666666666,3.862210075418822,10.334921676558853
LATAM,Accessories,2011,29,7,3,Summer,0.0,0.0,629.8505812025736,12,-0.3546048870425356,-0.9350162426854148,2011-29,2011-07-18,311.796,317.536,145.788,290.20164530064335,579.2675484335479,249.57627646100354,511.00486439515936,3.0,10.0,3.0,5.25,11.666666666666666,4.7871355387816905,10.030257255228332
LATAM,Accessories,2011,30,7,3,Summer,0.0,0.0,426.0,4,-0.46472317204376806,-0.8854560256532101,2011-30,2011-07-25,629.8505812025736,55.78,205.024,382.7566453006433,597.6822151002144,196.7120794206679,500.1589923821525,12.0,1.0,8.0,6.0,11.333333333333334,4.08248290463863,10.227710428344196
LATAM,Accessories,2011,31,8,3,Summer,1.0,0.4,196.968,2,-0.5680647467311556,-0.8229838658936566,2011-31,2011-08-01,426.0,163.38,1068.62,391.15364530064335,525.0445484335478,184.5681413040483,488.7110981290724,4.0,5.0,14.0,5.25,10.333333333333334,4.573474244670748,10.52558211159263
LATAM,Accessories,2011,32,8,3,Winter,0.0,0.0,738.8505812025736,24,-0.663122658240795,-0.7485107481711013,2011-32,2011-08-08,196.968,311.796,447.628,497.9172906012867,549.3130968670956,238.8847810763558,491.73866490055383,2.0,3.0,8.0,10.5,11.666666666666666,9.983319421247959,11.195237082497774
LATAM,Accessories,2011,33,8,3,Summer,0.0,0.0,221.2,8,-0.7485107481711011,-0.6631226582407952,2011-33,2011-08-15,738.8505812025736,629.8505812025736,254.94,395.7546453006433,546.5014302004289,250.7422695778997,493.66752509643476,24.0,12.0,10.0,9.5,11.5,9.983319421247959,11.237113831973371
LATAM,Accessories,2011,34,8,3,Summer,0.0,0.0,362.02,10,-0.8229838658936564,-0.5680647467311559,2011-34,2011-08-22,221.2,426.0,1824.56,379.75964530064334,424.6230968670956,250.2098732210613,286.5359935030481,8.0,4.0,38.0,11.0,9.166666666666666,9.309493362512628,7.529739019180525
LATAM,Accessories,2011,35,8,3,Winter,1.0,0.4,80.064,5,-0.8854560256532096,-0.4647231720437691,2011-35,2011-08-29,362.02,196.968,614.56,350.53364530064334,380.0817635337623,283.3154895685206,295.722445248517,10.0,2.0,8.0,11.75,8.916666666666666,8.421203397773187,7.6212422434491165
LATAM,Accessories,2011,36,9,3,Summer,0.0,0.0,345.02000000000004,3,-0.9350162426854147,-0.3546048870425359,2011-36,2011-09-05,80.064,738.8505812025736,1057.536,252.07599999999994,320.7054302004289,130.72582732829272,204.927461245125,5.0,24.0,23.0,6.5,7.25,3.109126351029606,6.3407054382415104
LATAM,Accessories,2011,37,9,3,Summer,0.4,0.16,742.7331624051471,23,-0.970941817426052,-0.23931566428755774,2011-37,2011-09-12,345.02000000000004,221.2,317.536,382.45929060128674,356.13852706752454,272.677856064253,238.36168417592938,3.0,8.0,10.0,10.25,8.333333333333334,8.99536917900909,7.796658180777119
LATAM,Accessories,2011,39,9,3,Autumn,0.0,0.0,895.78,17,-1.0,-1.8369701987210297e-16,2011-39,2011-09-26,742.7331624051471,362.02,55.78,515.8992906012868,426.1385270675246,371.8938429447785,264.0896700058179,23.0,10.0,1.0,12.0,9.666666666666666,9.591663046625438,7.7966581807771185
LATAM,Accessories,2011,40,10,4,Spring,0.0,0.0,328.988,6,-0.992708874098054,0.1205366802553232,2011-40,2011-10-03,895.78,80.064,163.38,578.1302906012867,439.9391937341912,285.4281765099803,253.21345153107288,17.0,5.0,5.0,12.25,9.75,9.358596760910972,7.747433592663266
LATAM,Accessories,2011,41,10,4,Autumn,0.0,0.0,457.72,10,-0.9709418174260521,0.23931566428755738,2011-41,2011-10-10,328.988,345.02000000000004,311.796,606.3052906012867,452.09952706752455,259.09498891070007,249.98337524519857,6.0,3.0,3.0,14.0,10.333333333333334,7.52772652709081,7.450849046595393
LATAM,Accessories,2011,42,10,4,Autumn,0.5,0.2,92.576,4,-0.9350162426854148,0.35460488704253557,2011-42,2011-10-17,457.72,742.7331624051471,629.8505812025736,443.76599999999996,407.3266453006434,337.15465081373753,263.02695417653194,10.0,23.0,12.0,9.25,9.666666666666666,5.737304826019502,7.643575238345102
LATAM,Accessories,2011,43,10,4,Autumn,0.25,0.1,1047.8705812025737,21,-0.8854560256532101,0.464723172043768,2011-43,2011-10-24,92.576,895.78,426.0,481.7886453006434,459.1491937341912,406.5556863486652,321.74748514782624,4.0,17.0,4.0,10.25,11.083333333333334,7.58836829188814,8.061787906067995
LATAM,Accessories,2011,44,11,4,Autumn,0.0,0.0,192.5,5,-0.822983865893657,0.5680647467311548,2011-44,2011-10-31,1047.8705812025737,328.988,196.968,447.6666453006434,458.77686040085786,428.7754726609609,322.08088153787094,21.0,6.0,2.0,10.0,11.333333333333334,7.788880963698615,7.796658180777117
LATAM,Accessories,2011,45,11,4,Autumn,0.25,0.1,878.3199999999999,10,-0.7485107481711011,0.6631226582407952,2011-45,2011-11-07,192.5,457.72,738.8505812025736,552.8166453006434,470.39931196731004,480.5137423771873,335.34937237974077,5.0,10.0,24.0,10.0,10.166666666666666,7.788880963698615,6.699163222282903
LATAM,Accessories,2011,46,11,4,Autumn,1.0,0.2,372.192,6,-0.6631226582407955,0.7485107481711007,2011-46,2011-11-14,878.3199999999999,92.576,221.2,622.7206453006434,482.9819786339767,405.76590290429795,327.899057935362,10.0,4.0,8.0,10.5,10.0,7.32575365861197,6.782329983125266
LATAM,Accessories,2011,47,11,4,Autumn,0.0,0.0,322.4,10,-0.5680647467311559,0.8229838658936564,2011-47,2011-11-21,372.192,1047.8705812025737,362.02,441.35299999999995,479.68031196731005,300.9989118629279,329.4236942542784,6.0,21.0,10.0,7.75,10.0,2.6299556396765835,6.782329983125266
LATAM,Accessories,2011,48,11,4,Autumn,0.3333333333333333,0.06666666666666667,326.628,9,-0.4647231720437684,0.88545602565321,2011-48,2011-11-28,322.4,192.5,80.064,474.88499999999993,500.2273119673101,269.89965094950867,309.30792785855505,10.0,5.0,5.0,8.75,10.333333333333334,1.8929694486000914,6.610368348055172
LATAM,Accessories,2011,49,12,4,Autumn,0.5,0.2,201.656,5,-0.35460488704253595,0.9350162426854147,2011-49,2011-12-05,326.628,878.3199999999999,345.02000000000004,305.71899999999994,488.28031196731007,72.9456641160618,318.48049541126414,9.0,10.0,3.0,7.5,10.5,2.380476142847617,6.431456783935994
LATAM,Accessories,2011,50,12,4,Autumn,0.3333333333333333,0.13333333333333333,444.128,9,-0.2393156642875578,0.970941817426052,2011-50,2011-12-12,201.656,372.192,742.7331624051471,323.7029999999999,463.3965484335478,99.00825599918409,308.2945520169004,5.0,6.0,23.0,8.25,9.333333333333334,2.2173557826083456,5.08711980189064
LATAM,Accessories,2011,51,12,4,Winter,0.6,0.12000000000000002,429.488,19,-0.12053668025532363,0.992708874098054,2011-51,2011-12-19,444.128,322.4,895.78,350.4749999999999,424.5388817668811,112.14531160953621,276.59884969841215,9.0,10.0,17.0,10.5,9.5,5.972157622389639,5.385164807134502
LATAM,Accessories,2011,52,12,4,Winter,0.2727272727272727,0.07272727272727274,1190.068,43,6.432490598706546e-16,1.0,2011-52,2011-12-26,429.488,326.628,328.988,566.335,496.2955484335478,430.38559478216735,351.19183950996813,19.0,9.0,6.0,19.0,12.583333333333334,17.048949136725895,10.93333795269673
LATAM,Accessories,2012,1,1,1,Summer,0.5,0.2,621.34,12,0.12053668025532305,0.992708874098054,2012-1,2012-01-02,1190.068,201.656,457.72,671.256,509.9305484335478,356.69613240030134,352.730887988531,43.0,5.0,10.0,20.75,12.75,15.4137384606504,10.905586558357056
LATAM,Accessories,2012,4,1,1,Summer,0.0,0.0,349.6,5,0.4647231720437685,0.8854560256532099,2012-4,2012-01-23,621.34,444.128,92.576,647.624,531.3492151002145,379.18243668186943,332.2958466944851,12.0,9.0,4.0,19.75,12.833333333333334,16.520189667999176,10.836246694508315
LATAM,Accessories,2012,5,2,1,Winter,0.0,0.0,200.16,3,0.5680647467311558,0.8229838658936564,2012-5,2012-01-30,349.6,429.488,1047.8705812025737,590.292,460.70666666666665,436.20746011043866,301.15434970409603,5.0,19.0,21.0,15.75,11.333333333333334,18.57193222760267,10.848823424545618
LATAM,Accessories,2012,7,2,1,Summer,0.0,0.0,862.2905812025737,27,0.7485107481711011,0.6631226582407953,2012-7,2012-02-13,200.16,1190.068,192.5,508.34764530064336,516.5225484335477,293.3844540870318,308.8958692273956,3.0,43.0,5.0,11.75,13.166666666666666,10.874281585465774,11.519417072793642
LATAM,Accessories,2012,8,2,1,Winter,0.0,0.0,475.06,10,0.8229838658936564,0.5680647467311559,2012-8,2012-02-20,862.2905812025737,621.34,878.3199999999999,471.77764530064337,482.91754843354784,283.5575480738689,287.1257932978088,27.0,12.0,10.0,11.25,13.166666666666666,10.90489186863706,11.519417072793642
LATAM,Accessories,2012,10,3,1,Winter,0.0,0.0,421.96,14,0.9350162426854148,0.35460488704253557,2012-10,2012-03-05,475.06,349.6,372.192,489.86764530064335,487.0648817668812,275.35436415710103,285.7371175964562,10.0,5.0,6.0,13.5,13.833333333333334,10.082988974836116,11.296285256935597
LATAM,Accessories,2012,11,3,1,Summer,0.0,0.0,691.4,11,0.970941817426052,0.23931566428755804,2012-11,2012-03-12,421.96,200.16,322.4,612.6776453006433,517.8148817668811,203.1548370300414,286.26025529095705,14.0,3.0,10.0,15.5,13.916666666666666,7.852812659593164,11.269091544682036
LATAM,Accessories,2012,12,3,1,Autumn,0.0,0.0,285.94,7,0.992708874098054,0.120536680255323,2012-12,2012-03-19,691.4,862.2905812025737,326.628,468.5899999999999,514.4242151002145,168.5442932881442,288.95892267697394,11.0,27.0,9.0,10.5,13.75,2.886751345948128,11.362818152361513
LATAM,Accessories,2012,13,3,1,Spring,0.5,0.2,196.12,6,1.0,-1.6081226496766366e-16,2012-13,2012-03-26,285.94,475.06,201.656,398.85499999999996,513.9628817668812,215.99976504616845,289.5075618376939,7.0,10.0,5.0,9.5,13.833333333333334,3.6968455021364717,11.296285256935596
LATAM,Accessories,2012,14,4,2,Spring,0.3333333333333333,0.06666666666666667,608.7305812025736,13,0.992708874098054,-0.12053668025532288,2012-14,2012-04-02,196.12,421.96,444.128,445.54764530064335,527.6797635337623,241.35782672167562,289.7972777294388,6.0,14.0,9.0,9.25,14.166666666666666,3.304037933599834,11.199296514703159
LATAM,Accessories,2012,15,4,2,Spring,0.25,0.05,1240.004,18,0.9709418174260521,-0.2393156642875575,2012-15,2012-04-09,608.7305812025736,691.4,429.488,582.6986453006433,595.2227635337623,472.6650447432455,352.5010118898006,13.0,11.0,19.0,11.0,14.083333333333334,5.597618541248888,11.163726433354938
LATAM,Accessories,2012,16,4,2,Spring,0.25,0.05,618.944,12,0.9350162426854148,-0.35460488704253545,2012-16,2012-04-16,1240.004,285.94,1190.068,665.9496453006434,547.6290968670955,430.4113728899411,299.44897177197834,18.0,7.0,43.0,12.25,11.5,4.924428900898052,6.459665063087456
LATAM,Accessories,2012,17,4,2,Spring,0.3333333333333333,0.06666666666666667,793.1080000000001,13,0.8854560256532099,-0.4647231720437685,2012-17,2012-04-23,618.944,196.12,621.34,815.1966453006434,561.9430968670955,295.57431849961233,307.29530676221344,12.0,6.0,12.0,14.0,11.583333333333334,2.708012801545319,6.473137967903596
LATAM,Accessories,2012,18,5,2,Autumn,1.0,0.4,32.568,2,0.8229838658936565,-0.5680647467311557,2012-18,2012-04-30,793.1080000000001,608.7305812025736,349.6,671.156,535.5237635337622,499.660239261307,339.1844616736815,13.0,13.0,5.0,11.25,11.333333333333334,6.701989754294367,6.800178250783151
LATAM,Accessories,2012,19,5,2,Spring,0.125,0.05,653.014,22,0.7485107481711013,-0.663122658240795,2012-19,2012-05-07,32.568,1240.004,200.16,524.4085,573.2615968670956,336.44357334279204,323.3000945429868,2.0,18.0,3.0,12.25,12.916666666666666,8.180260794538684,6.894771844512239
LATAM,Accessories,2012,20,5,2,Spring,0.0,0.0,246.4905812025736,4,0.6631226582407952,-0.7485107481711012,2012-20,2012-05-14,653.014,618.944,862.2905812025737,431.29514530064336,521.944930200429,352.70566372258617,322.1226759545948,22.0,12.0,27.0,10.25,11.0,9.17877987534291,5.72077553547355
LATAM,Accessories,2012,22,6,2,Spring,0.0,0.0,96.88,2,0.46472317204376906,-0.8854560256532096,2012-22,2012-05-28,246.4905812025736,793.1080000000001,475.06,257.23814530064334,490.42993020042894,278.65477222465483,344.8262879548634,4.0,13.0,10.0,7.5,10.333333333333334,9.71253485622231,6.286107819243279
LATAM,Accessories,2012,23,6,2,Spring,0.0,0.0,1120.9105812025737,18,0.35460488704253584,-0.9350162426854147,2012-23,2012-06-04,96.88,32.568,421.96,529.3237906012868,548.6758119673101,459.0847616302877,388.4776329755156,2.0,2.0,14.0,11.5,10.666666666666666,9.983319421247959,6.59660151253291
LATAM,Accessories,2012,24,6,2,Autumn,0.0,0.0,466.9305812025736,8,0.23931566428755768,-0.970941817426052,2012-24,2012-06-11,1120.9105812025737,653.014,691.4,482.80293590193014,529.9700270675245,451.74230857630687,386.37908808265655,18.0,22.0,11.0,8.0,10.416666666666666,7.118052168020874,6.639528095680694
LATAM,Accessories,2012,25,6,2,Spring,0.25,0.1,685.1999999999999,12,0.12053668025532308,-0.992708874098054,2012-25,2012-06-18,466.9305812025736,246.4905812025736,285.94,592.4802906012867,563.2416937341912,427.86987667986295,380.602207218573,8.0,4.0,7.0,10.0,10.833333333333334,6.733003292241386,6.5620580659276415
LATAM,Accessories,2012,26,6,2,Summer,0.6666666666666666,0.20000000000000004,382.592,12,-3.216245299353273e-16,-1.0,2012-26,2012-06-25,685.1999999999999,96.88,196.12,663.9082906012867,578.7810270675245,330.27438283018245,367.8434406111096,12.0,2.0,6.0,12.5,11.333333333333334,4.123105625617661,6.386538873903355
LATAM,Accessories,2012,27,7,3,Summer,1.0,0.2,147.04,5,-0.12053668025532283,-0.992708874098054,2012-27,2012-07-02,382.592,1120.9105812025737,608.7305812025736,420.4406453006433,540.3068119673101,222.4404510896398,388.0179143868477,12.0,18.0,13.0,9.25,10.666666666666666,3.4034296427770228,6.610368348055172
LATAM,Accessories,2012,28,7,3,Summer,0.0,0.0,488.04,3,-0.23931566428755743,-0.9709418174260521,2012-28,2012-07-09,147.04,466.9305812025736,1240.004,425.7179999999999,477.6431453006434,224.15487173529516,319.3988336045403,5.0,8.0,18.0,8.0,9.416666666666666,4.69041575982343,6.5151338970868204
LATAM,Accessories,2012,29,7,3,Summer,0.75,0.30000000000000004,323.76,13,-0.3546048870425356,-0.9350162426854148,2012-29,2012-07-16,488.04,685.1999999999999,618.944,335.35799999999995,453.0444786339767,142.7597359295212,318.89364457233097,3.0,12.0,12.0,8.25,9.5,4.9916597106239795,6.557438524302
LATAM,Accessories,2012,30,7,3,Summer,0.0,0.0,65.12,3,-0.46472317204376806,-0.8854560256532101,2012-30,2012-07-23,323.76,382.592,793.1080000000001,255.98999999999995,392.3788119673101,188.6278830572687,317.5621696110879,13.0,12.0,13.0,6.0,8.666666666666666,4.760952285695233,6.7059448976036915
LATAM,Accessories,2012,31,7,3,Winter,1.0,0.4,93.048,2,-0.5680647467311556,-0.8229838658936566,2012-31,2012-07-30,65.12,147.04,32.568,242.49199999999996,397.4188119673101,200.57637252677588,311.75942686535325,3.0,5.0,2.0,5.25,8.666666666666666,5.188127472091127,6.7059448976036915
LATAM,Accessories,2012,32,8,3,Summer,0.0,0.0,75.68,4,-0.663122658240795,-0.7485107481711013,2012-32,2012-08-06,93.048,488.04,653.014,139.40199999999993,349.3076453006434,123.44347463245398,313.273637767061,2.0,3.0,22.0,5.5,7.166666666666667,5.066228051190222,5.3229064742237755
LATAM,Accessories,2012,33,8,3,Summer,0.5,0.2,300.9105812025736,13,-0.7485107481711011,-0.6631226582407952,2012-33,2012-08-13,75.68,323.76,246.4905812025736,133.68964530064335,353.8426453006434,112.07363642002402,312.0414054345777,4.0,13.0,4.0,5.5,7.916666666666667,5.066228051190222,5.468227788919842
LATAM,Accessories,2012,34,8,3,Summer,0.3333333333333333,0.06666666666666667,719.5905812025736,19,-0.8229838658936564,-0.5680647467311559,2012-34,2012-08-20,300.9105812025736,65.12,96.88,297.30729060128675,405.73519373419117,299.5422479720328,317.16011704771637,13.0,3.0,2.0,9.5,9.333333333333334,7.937253933193772,5.974694109071166
LATAM,Accessories,2012,36,9,3,Summer,0.0,0.0,588.92,5,-0.9350162426854147,-0.3546048870425359,2012-36,2012-09-03,719.5905812025736,93.048,1120.9105812025737,421.27529060128677,361.40264530064337,289.26373741526015,234.51929141460045,19.0,2.0,18.0,10.25,8.25,7.088723439378913,5.412527556091939
LATAM,Accessories,2012,37,9,3,Summer,0.2,0.08,1163.6051624051472,26,-0.970941817426052,-0.23931566428755774,2012-37,2012-09-10,588.92,75.68,466.9305812025736,693.2565812025734,419.4588604008579,359.0463170160248,329.86756603681823,5.0,4.0,8.0,15.75,9.75,8.920949127381757,7.448306702014406
LATAM,Accessories,2012,38,9,3,Spring,0.5,0.2,558.7,7,-0.992708874098054,-0.12053668025532357,2012-38,2012-09-17,1163.6051624051472,300.9105812025736,685.1999999999999,757.7039359019301,408.9171937341912,279.46318601100296,322.54315330759647,26.0,13.0,12.0,14.25,9.333333333333334,9.97914491994847,7.450849046595396
LATAM,Accessories,2012,39,9,3,Autumn,0.0,0.0,440.5,11,-1.0,-1.8369701987210297e-16,2012-39,2012-09-24,558.7,719.5905812025736,382.592,687.9312906012867,413.74286040085786,323.5180767862906,322.5466782741872,7.0,19.0,12.0,12.25,9.25,9.5,7.423855895936852
LATAM,Accessories,2012,40,10,4,Autumn,0.5,0.2,411.784,11,-0.992708874098054,0.1205366802553232,2012-40,2012-10-01,440.5,588.92,147.04,643.6472906012867,435.80486040085793,352.4209783002897,311.51135913666616,11.0,5.0,5.0,13.75,9.75,8.381527307120106,7.312815649753023
LATAM,Accessories,2012,41,10,4,Autumn,0.25,0.1,684.8025812025736,12,-0.9709418174260521,0.23931566428755738,2012-41,2012-10-08,411.784,1163.6051624051472,488.04,523.9466453006434,452.20174216773904,124.66786459831934,319.5846250082477,11.0,26.0,3.0,10.25,10.5,2.2173557826083488,7.012974987964676
LATAM,Accessories,2012,42,10,4,Autumn,0.5,0.2,166.66,6,-0.9350162426854148,0.35460488704253557,2012-42,2012-10-15,684.8025812025736,558.7,323.76,425.93664530064336,439.11007550107234,211.8555641924022,328.4201525366354,12.0,7.0,13.0,10.0,9.916666666666666,2.708012801545323,7.076957915187381
LATAM,Accessories,2012,43,10,4,Autumn,0.25,0.07500000000000001,1376.1197436077207,44,-0.8854560256532101,0.464723172043768,2012-43,2012-10-22,166.66,440.5,65.12,659.8415812025735,548.3600541350492,522.3147496446423,402.41877894097485,6.0,11.0,3.0,18.25,13.333333333333334,17.36615482291153,11.773107516966814
LATAM,Accessories,2012,44,10,4,Spring,0.3333333333333333,0.13333333333333333,264.108,6,-0.822983865893657,0.5680647467311548,2012-44,2012-10-29,1376.1197436077207,411.784,93.048,622.9225812025735,562.615054135049,550.1692304931817,387.580057821151,44.0,11.0,2.0,17.0,13.666666666666666,18.2208671582886,11.47593001446809
LATAM,Accessories,2012,45,11,4,Autumn,0.3333333333333333,0.13333333333333333,347.56,10,-0.7485107481711011,0.6631226582407952,2012-45,2012-11-05,264.108,684.8025812025736,75.68,538.6119359019301,585.2717208017158,563.2112758183732,363.74121023523236,6.0,12.0,4.0,16.5,14.166666666666666,18.430047929038782,11.142329879855245
LATAM,Accessories,2012,46,11,4,Autumn,0.0,0.0,1058.48,20,-0.6631226582407955,0.7485107481711007,2012-46,2012-11-12,347.56,166.66,300.9105812025736,761.56693590193,648.4025057015014,543.0468540174535,375.45405408533253,10.0,6.0,13.0,20.0,14.75,17.048949136725895,11.258330249197696
LATAM,Accessories,2012,47,11,4,Spring,0.6,0.24000000000000005,889.2985812025735,17,-0.5680647467311559,0.8229838658936564,2012-47,2012-11-19,1058.48,1376.1197436077207,719.5905812025736,639.8616453006433,662.5448390348346,393.3154652801084,381.5263989452188,20.0,44.0,19.0,13.25,14.583333333333334,6.396613687465166,11.204368736697246
LATAM,Accessories,2012,48,11,4,Autumn,0.25,0.05,528.708,14,-0.4647231720437684,0.88545602565321,2012-48,2012-11-26,889.2985812025735,264.108,588.92,706.0116453006433,657.527172368168,325.4495386346011,382.97589323941025,17.0,6.0,5.0,15.25,15.333333333333334,4.2720018726587705,10.798428617445246
LATAM,Accessories,2012,49,12,4,Spring,0.1111111111111111,0.044444444444444446,1534.5931624051473,40,-0.35460488704253595,0.9350162426854147,2012-49,2012-12-03,528.708,347.56,1163.6051624051472,1002.76993590193,688.4428390348345,417.7519291391706,438.4929107296854,14.0,10.0,26.0,22.75,16.5,11.757976016304848,12.652703627719609
LATAM,Accessories,2012,50,12,4,Autumn,0.5,0.15000000000000002,1031.62,15,-0.2393156642875578,0.970941817426052,2012-50,2012-12-10,1534.5931624051473,1058.48,558.7,996.0549359019301,727.8528390348346,416.7726690315907,446.9427401488515,40.0,20.0,7.0,21.5,17.166666666666668,12.396235987858036,12.312841288917047
LATAM,Accessories,2012,51,12,4,Autumn,0.3333333333333333,0.13333333333333333,371.62,17,-0.12053668025532363,0.992708874098054,2012-51,2012-12-17,1031.62,889.2985812025735,440.5,866.6352906012867,722.1128390348346,526.8214955442128,451.38884194881757,15.0,17.0,11.0,21.5,17.666666666666668,12.396235987858036,12.160542252662408
LATAM,Accessories,2012,52,12,4,Winter,0.3333333333333333,0.13333333333333333,830.4505812025736,25,6.432490598706546e-16,1.0,2012-52,2012-12-24,371.62,528.708,411.784,942.0709359019302,757.0017208017157,482.0010365257761,441.2891262266636,17.0,14.0,11.0,24.25,18.833333333333332,11.354147553500734,12.13434894184373
LATAM,Accessories,2013,2,1,1,Winter,0.0,0.0,86.04,3,0.23931566428755774,0.970941817426052,2013-2,2013-01-07,830.4505812025736,1534.5931624051473,684.8025812025736,579.9326453006433,707.1048390348346,429.76924268653914,482.1540258886027,25.0,40.0,12.0,15.0,18.083333333333332,9.092121131323905,12.852013166202495
LATAM,Accessories,2013,3,1,1,Winter,0.0,0.0,26.5,1,0.3546048870425356,0.9350162426854148,2013-3,2013-01-14,86.04,1031.62,166.66,328.6526453006433,695.4248390348347,366.8807611778199,497.8775685177582,3.0,15.0,6.0,11.5,17.666666666666668,11.474609652039005,13.35074620545324
LATAM,Accessories,2013,4,1,1,Summer,1.0,0.4,47.472,4,0.4647231720437685,0.8854560256532099,2013-4,2013-01-21,26.5,371.62,1376.1197436077207,247.6156453006433,584.7041937341911,389.33826724031616,480.16014359955767,1.0,17.0,44.0,8.25,14.333333333333334,11.236102527122117,10.95721707645723
LATAM,Accessories,2013,5,1,1,Summer,0.0,0.0,165.96,3,0.5680647467311558,0.8229838658936564,2013-5,2013-01-28,47.472,830.4505812025736,264.108,81.49299999999988,576.5251937341911,61.47359267197381,486.9061349129245,4.0,25.0,6.0,2.75,14.083333333333334,1.258305739211809,11.196252078533265
LATAM,Accessories,2013,7,2,1,Summer,0.5,0.1,344.79458120257357,12,0.7485107481711011,0.6631226582407953,2013-7,2013-02-11,165.96,86.04,347.56,146.18164530064325,576.294742167739,145.95155808171984,487.024995244478,3.0,3.0,10.0,5.0,14.25,4.830458915396485,11.144709303276839
LATAM,Accessories,2013,9,2,1,Winter,0.0,0.0,420.42,11,0.8854560256532099,0.4647231720437686,2013-9,2013-02-25,344.79458120257357,26.5,1058.48,244.66164530064327,523.1230755010723,169.30771717574493,463.87639465148703,12.0,1.0,20.0,7.5,13.5,4.654746681256319,11.024765509771825
LATAM,Accessories,2013,10,3,1,Winter,0.3333333333333333,0.10000000000000002,1484.98,34,0.9350162426854148,0.35460488704253557,2013-10,2013-03-04,420.42,47.472,889.2985812025735,604.0386453006433,572.7631937341912,596.9069892817228,533.3009512662104,11.0,4.0,17.0,15.0,14.916666666666666,13.29160135825126,12.507876306430662
LATAM,Accessories,2013,11,3,1,Winter,0.0,0.0,273.14,5,0.970941817426052,0.23931566428755804,2013-11,2013-03-11,1484.98,165.96,528.708,630.8336453006433,551.4658604008579,572.5972952123409,540.2776417630173,34.0,3.0,14.0,15.5,14.166666666666666,12.714820748507103,12.833431719418215
LATAM,Accessories,2013,12,3,1,Autumn,0.25,0.1,532.3385812025736,20,0.992708874098054,0.120536680255323,2013-12,2013-03-18,273.14,344.79458120257357,1534.5931624051473,677.7196453006433,467.94464530064334,548.5413174748247,443.23360067910215,5.0,12.0,40.0,17.5,12.5,12.609520212918495,10.20249523846539
LATAM,Accessories,2013,13,3,1,Autumn,1.0,0.30000000000000004,113.42399999999999,7,1.0,-1.6081226496766366e-16,2013-13,2013-03-25,532.3385812025736,420.42,1031.62,600.9706453006432,391.42831196731004,614.1003074309825,415.4640629605083,20.0,11.0,15.0,16.5,11.833333333333334,13.428824718989127,10.28532346539858
LATAM,Accessories,2013,14,4,2,Autumn,0.0,0.0,608.72,20,0.992708874098054,-0.12053668025532288,2013-14,2013-04-01,113.42399999999999,1484.98,371.62,381.9056453006433,411.1866453006434,229.48288183273084,420.0490091925371,7.0,34.0,17.0,13.0,12.083333333333334,8.124038404635964,10.457344816255246
LATAM,Accessories,2013,15,4,2,Spring,0.2857142857142857,0.08571428571428573,1057.328,24,0.9709418174260521,-0.2393156642875575,2013-15,2013-04-08,608.72,273.14,830.4505812025736,577.9526453006433,430.09309686709565,386.70180844190673,445.0004930267626,20.0,5.0,25.0,17.75,12.0,7.410578025138575,10.348473756593721
LATAM,Accessories,2013,16,4,2,Autumn,0.5,0.20000000000000004,871.936,23,0.9350162426854148,-0.35460488704253545,2013-16,2013-04-15,1057.328,532.3385812025736,86.04,662.852,495.5844302004289,409.93041451771614,447.5857528216771,24.0,20.0,3.0,18.5,13.666666666666666,7.8528126595931695,10.377715051829547
LATAM,Accessories,2013,17,4,2,Autumn,0.4,0.16,707.7585812025736,21,0.8854560256532099,-0.4647231720437685,2013-17,2013-04-22,871.936,113.42399999999999,26.5,811.4356453006434,552.3559786339767,196.60951951180934,425.330313411816,23.0,7.0,1.0,22.0,15.333333333333334,1.8257418583505762,9.745239708170178
LATAM,Accessories,2013,18,5,2,Autumn,1.0,0.30000000000000004,465.36800000000005,4,0.8229838658936565,-0.5680647467311557,2013-18,2013-04-29,707.7585812025736,608.72,47.472,775.5976453006433,587.1806453006434,251.32823344932103,396.35505412344025,21.0,20.0,4.0,18.0,15.333333333333334,9.416297927883694,9.745239708170178
LATAM,Accessories,2013,19,5,2,Autumn,0.0,0.0,254.7,10,0.7485107481711013,-0.663122658240795,2013-19,2013-05-06,465.36800000000005,1057.328,165.96,574.9406453006433,594.5756453006435,271.05170497588267,388.5323121455911,4.0,24.0,3.0,14.5,15.916666666666666,9.036961141150645,9.129954030884297
LATAM,Accessories,2013,20,5,2,Spring,0.0,0.0,343.84000000000003,5,0.6631226582407952,-0.7485107481711012,2013-20,2013-05-13,254.7,871.936,344.79458120257357,442.91664530064327,594.4960968670956,196.54261756031093,388.5881953594806,10.0,23.0,12.0,10.0,15.333333333333334,7.788880963698621,9.613752775281995
LATAM,Accessories,2013,21,5,2,Spring,0.25,0.1,911.616,9,0.5680647467311558,-0.8229838658936564,2013-21,2013-05-20,343.84000000000003,707.7585812025736,420.42,493.88099999999986,635.4290968670956,291.56781591709773,394.4115364455412,5.0,21.0,11.0,7.0,15.166666666666666,2.943920288775966,9.712534856222302
LATAM,Accessories,2013,22,6,2,Spring,0.6666666666666666,0.26666666666666666,259.368,7,0.46472317204376906,-0.8854560256532096,2013-22,2013-05-27,911.616,465.36800000000005,1484.98,442.38099999999986,533.2947635337623,315.4941784122172,302.36540325065937,9.0,4.0,34.0,7.75,12.916666666666666,2.217355782608368,7.913835219335042
LATAM,Accessories,2013,23,6,2,Spring,0.0,0.0,478.44,10,0.35460488704253584,-0.9350162426854147,2013-23,2013-06-03,259.368,254.7,273.14,498.31599999999986,550.4030968670955,289.92581042742626,291.93545537762844,7.0,10.0,5.0,7.75,13.333333333333334,2.217355782608368,7.58387443956922
LATAM,Accessories,2013,24,6,2,Spring,0.3333333333333333,0.06666666666666667,976.4105812025736,16,0.23931566428755768,-0.970941817426052,2013-24,2013-06-10,478.44,343.84000000000003,532.3385812025736,656.4586453006433,587.4090968670956,344.8894197683868,316.54557803715255,10.0,5.0,20.0,10.5,13.0,3.87298334620743,7.348469228349522
LATAM,Accessories,2013,25,6,2,Autumn,0.0,0.0,744.3705812025736,13,0.12053668025532308,-0.992708874098054,2013-25,2013-06-17,976.4105812025736,911.616,113.42399999999999,614.6472906012866,639.9879786339767,312.2374154892362,281.0714406988897,16.0,9.0,7.0,11.5,13.5,3.87298334620743,7.103136311133643
LATAM,Accessories,2013,26,6,2,Summer,0.0,0.0,1211.9105812025737,39,-3.216245299353273e-16,-1.0,2013-26,2013-06-24,744.3705812025736,259.368,608.72,852.7829359019302,690.2538604008579,314.1880183440599,325.41031063530215,13.0,7.0,20.0,19.5,15.083333333333334,13.228756555322958,10.148518327441897
LATAM,Accessories,2013,27,7,3,Summer,0.3333333333333333,0.13333333333333333,409.6945812025736,14,-0.12053668025532283,-0.992708874098054,2013-27,2013-07-01,1211.9105812025737,478.44,1057.328,835.5965812025735,636.2844088344058,342.12839006821196,312.4431930474589,39.0,10.0,24.0,20.5,14.25,12.39623598785804,9.752622025057475
LATAM,Accessories,2013,28,7,3,Summer,0.4,0.16,648.8720000000001,13,-0.23931566428755743,-0.9709418174260521,2013-28,2013-07-08,409.6945812025736,976.4105812025736,871.936,753.71193590193,617.695742167739,336.33941782928525,303.66077820036304,14.0,16.0,23.0,19.75,13.416666666666666,12.841988423397163,9.356167954236318
LATAM,Accessories,2013,29,7,3,Winter,0.0,0.0,331.92,6,-0.3546048870425356,-0.9350162426854148,2013-29,2013-07-15,648.8720000000001,744.3705812025736,707.7585812025736,650.5992906012866,586.3758604008578,397.770837609597,312.7726142248566,13.0,13.0,21.0,18.0,12.166666666666666,14.445299120013637,9.252354327740612
LATAM,Accessories,2013,30,7,3,Winter,0.0,0.0,152.88,4,-0.46472317204376806,-0.8854560256532101,2013-30,2013-07-22,331.92,1211.9105812025737,465.36800000000005,385.8416453006433,560.3351937341912,205.69605575340353,335.9155945336856,6.0,39.0,4.0,9.25,12.166666666666666,4.99165971062399,9.252354327740612
LATAM,Accessories,2013,31,8,3,Winter,0.25,0.1,805.7865812025736,20,-0.5680647467311556,-0.8229838658936566,2013-31,2013-07-29,152.88,409.6945812025736,254.7,484.8646453006433,606.2590755010723,296.3641738245119,327.90764083848507,4.0,14.0,10.0,10.75,13.0,7.27438428093174,9.486832980505127
LATAM,Accessories,2013,32,8,3,Summer,0.5,0.2,73.22399999999999,4,-0.663122658240795,-0.7485107481711013,2013-32,2013-08-05,805.7865812025736,648.8720000000001,343.84000000000003,340.95264530064327,583.707742167739,328.22864189063193,355.7217373976377,20.0,13.0,5.0,8.5,12.916666666666666,7.724420150837652,9.567542985943602
LATAM,Accessories,2013,33,8,3,Summer,0.0,0.0,79.5,3,-0.7485107481711011,-0.6631226582407952,2013-33,2013-08-12,73.22399999999999,331.92,911.616,277.84764530064325,514.3647421677391,353.81212388577217,366.91808609606994,4.0,6.0,9.0,7.75,12.416666666666666,8.180260794538691,9.940352411288337
LATAM,Accessories,2013,34,8,3,Summer,0.0,0.0,213.42,6,-0.8229838658936564,-0.5680647467311559,2013-34,2013-08-19,79.5,152.88,259.368,292.9826453006433,510.535742167739,347.9304495789741,370.04743742325303,3.0,4.0,7.0,8.25,12.333333333333334,7.932002689527203,9.99393755627819
LATAM,Accessories,2013,35,8,3,Summer,0.16666666666666666,0.06666666666666667,741.076,19,-0.8854560256532096,-0.4647231720437691,2013-35,2013-08-26,213.42,805.7865812025736,478.44,276.8049999999999,532.4220755010724,316.1959868246274,375.70015851055456,6.0,20.0,10.0,8.0,13.083333333333334,7.438637868140473,10.13955650216546
LATAM,Accessories,2013,36,9,3,Summer,0.16666666666666666,0.06666666666666667,1046.9705812025736,19,-0.9350162426854147,-0.3546048870425359,2013-36,2013-09-02,741.076,73.22399999999999,976.4105812025736,520.2416453006433,538.3020755010724,452.6234284918582,383.74662318656544,19.0,4.0,16.0,11.75,13.333333333333334,8.460693430998043,10.25434128315978
LATAM,Accessories,2013,37,9,3,Summer,0.5555555555555556,0.17777777777777778,1198.6625812025736,28,-0.970941817426052,-0.23931566428755774,2013-37,2013-09-09,1046.9705812025736,79.5,744.3705812025736,800.0322906012867,576.159742167739,434.9231547587473,426.00570975910745,19.0,3.0,13.0,18.0,14.583333333333334,9.055385138137423,11.090194959621948
LATAM,Accessories,2013,38,9,3,Summer,0.125,0.05,1407.616,22,-0.992708874098054,-0.12053668025532357,2013-38,2013-09-16,1198.6625812025736,213.42,1211.9105812025737,1098.5812906012866,592.4685270675245,280.47127866866924,455.29592514569435,28.0,6.0,39.0,22.0,13.166666666666666,4.242640687119299,8.462036433746928
LATAM,Accessories,2013,39,9,3,Autumn,0.2727272727272727,0.09090909090909091,2379.6040000000003,39,-1.0,-1.8369701987210297e-16,2013-39,2013-09-23,1407.616,741.076,409.6945812025736,1508.2132906012866,756.6276453006434,599.4464285114573,682.06281129944,22.0,19.0,14.0,27.0,15.25,8.831760866327853,11.29058336523284
LATAM,Accessories,2013,40,10,4,Autumn,0.0,0.0,951.2305812025736,22,-0.992708874098054,0.1205366802553232,2013-40,2013-09-30,2379.6040000000003,1046.9705812025736,648.8720000000001,1484.278290601287,781.8241937341912,625.3536137421479,683.3039450857052,39.0,19.0,13.0,27.75,16.0,8.015609770940706,11.4256489769927
LATAM,Accessories,2013,41,10,4,Autumn,0.4,0.08,729.0400000000001,13,-0.9709418174260521,0.23931566428755738,2013-41,2013-10-07,951.2305812025736,1198.6625812025736,331.92,1366.8726453006434,814.9175270675246,731.8637456526709,669.0004387892159,22.0,28.0,6.0,24.0,16.583333333333332,10.86278049120022,11.040901917484591
LATAM,Accessories,2013,42,10,4,Autumn,0.0,0.0,496.252,27,-0.9350162426854148,0.35460488704253557,2013-42,2013-10-14,729.0400000000001,1407.616,152.88,1139.0316453006433,843.5318604008579,847.6531972746526,645.0233348937501,13.0,22.0,4.0,25.25,18.5,10.843584893075418,10.647236090349276
LATAM,Accessories,2013,43,10,4,Autumn,0.5,0.2,445.54658120257363,7,-0.8854560256532101,0.464723172043768,2013-43,2013-10-21,496.252,2379.6040000000003,805.7865812025736,655.5172906012867,813.5118604008579,232.597700354983,655.2417527273136,27.0,39.0,20.0,17.25,17.416666666666668,8.958236433584466,11.131105747027782
LATAM,Accessories,2013,44,10,4,Spring,0.4,0.12000000000000002,354.568,14,-0.822983865893657,0.5680647467311548,2013-44,2013-10-28,445.54658120257363,951.2305812025736,73.22399999999999,506.3516453006433,836.9571937341913,159.6116505298895,630.92763211079,7.0,22.0,4.0,15.25,18.25,8.421203397773194,10.384647759597282
LATAM,Accessories,2013,45,11,4,Autumn,0.5,0.2,2115.9211624051472,42,-0.7485107481711011,0.6631226582407952,2013-45,2013-11-04,354.568,729.0400000000001,79.5,853.0719359019301,1006.6589572679535,843.9375419957298,680.5872876241432,14.0,13.0,3.0,22.5,21.5,15.416441439796241,11.245200996627194
LATAM,Accessories,2013,46,11,4,Autumn,0.2222222222222222,0.06666666666666668,1224.808,29,-0.6631226582407955,0.7485107481711007,2013-46,2013-11-11,2115.9211624051472,496.252,213.42,1035.21093590193,1090.941290601287,819.5243534675972,634.486796037374,42.0,27.0,6.0,23.0,23.416666666666668,15.641824275533425,10.282008411283114
LATAM,Accessories,2013,47,11,4,Autumn,0.2857142857142857,0.08571428571428573,1450.2665812025737,32,-0.5680647467311559,0.8229838658936564,2013-47,2013-11-18,1224.808,445.54658120257363,741.076,1286.39093590193,1150.0405057015012,727.338084082951,631.95977820774,29.0,7.0,19.0,29.25,24.5,11.586630226256473,10.457707031832365
LATAM,Accessories,2013,48,11,4,Autumn,0.0,0.0,295.16,4,-0.4647231720437684,0.88545602565321,2013-48,2013-11-25,1450.2665812025737,354.568,1046.9705812025736,1271.53893590193,1087.3896239346202,752.8666376972081,678.6484193436755,32.0,14.0,19.0,26.75,23.25,16.15291511358451,11.963011174601323
LATAM,Accessories,2013,49,12,4,Autumn,0.375,0.15000000000000002,1529.9225812025736,38,-0.35460488704253595,0.9350162426854147,2013-49,2013-12-02,295.16,2115.9211624051472,1198.6625812025736,1125.0392906012867,1114.9946239346202,568.1422069353057,690.2245855058222,4.0,42.0,28.0,25.75,24.083333333333332,14.97497913187194,12.65240425110315
LATAM,Accessories,2013,50,12,4,Autumn,0.3333333333333333,0.13333333333333336,1915.36,45,-0.2393156642875578,0.970941817426052,2013-50,2013-12-09,1529.9225812025736,1224.808,1407.616,1297.6772906012866,1157.3066239346201,698.5208691841543,724.5050701967897,38.0,29.0,22.0,29.75,26.0,17.969882210706523,13.980505908390624
LATAM,Accessories,2013,51,12,4,Autumn,0.1111111111111111,0.044444444444444446,1291.896,38,-0.12053668025532363,0.992708874098054,2013-51,2013-12-16,1915.36,1450.2665812025737,2379.6040000000003,1258.0846453006434,1066.664290601287,691.441449804817,617.8772015139216,45.0,32.0,39.0,31.25,25.916666666666668,18.463928798245153,13.89871369675058
LATAM,Accessories,2013,52,12,4,Winter,0.0,0.0,24.9,1,6.432490598706546e-16,1.0,2013-52,2013-12-23,1291.896,295.16,951.2305812025736,1190.5196453006433,989.4700755010723,818.4404306367214,687.5473624297142,38.0,4.0,22.0,30.5,24.166666666666668,19.941581348194703,15.648603384289208
LATAM,Accessories,2014,1,1,1,Summer,0.25,0.05,340.952,9,0.12053668025532305,0.992708874098054,2014-1,2013-12-30,24.9,1529.9225812025736,729.0400000000001,893.2769999999998,957.1294088344057,868.4646002772173,709.6821296637871,1.0,38.0,13.0,23.25,23.833333333333332,21.515498289992422,15.947831618540908
LATAM,Accessories,2014,2,1,1,Summer,0.5,0.2,349.296,6,0.23931566428755774,0.970941817426052,2014-2,2014-01-06,340.952,1915.36,496.252,501.76099999999985,944.8830755010723,547.9704500098527,719.5572989734361,9.0,45.0,27.0,13.5,22.083333333333332,16.66333299993332,16.703066312579377
LATAM,Accessories,2014,3,1,1,Winter,0.0,0.0,714.36,8,0.3546048870425356,0.9350162426854148,2014-3,2014-01-13,349.296,1291.896,445.54658120257363,357.3769999999999,967.2841937341913,281.8468266062271,706.66772468257,6.0,38.0,7.0,6.0,22.166666666666668,3.5590260840104615,16.62327685305557
LATAM,Accessories,2014,5,1,1,Summer,0.5,0.2,451.78000000000003,13,0.5680647467311558,0.8229838658936564,2014-5,2014-01-27,714.36,24.9,354.568,464.09699999999987,975.3851937341911,174.2863910196869,699.5263286662346,8.0,1.0,14.0,9.0,22.083333333333332,2.9439202887759786,16.670378374575513
LATAM,Accessories,2014,6,2,1,Winter,0.0,0.0,81.0,3,0.6631226582407952,0.7485107481711011,2014-6,2014-02-03,451.78000000000003,340.952,2115.9211624051472,399.1089999999999,805.808430200429,261.93644145861145,642.207497170473,13.0,9.0,42.0,7.5,18.833333333333332,4.203173404306185,16.23034942397243
LATAM,Accessories,2014,7,2,1,Winter,1.0,0.4,98.568,1,0.7485107481711011,0.6631226582407953,2014-7,2014-02-10,81.0,349.296,1224.808,336.4269999999999,711.9550968670956,304.3898395741893,657.5202846595216,3.0,6.0,29.0,6.25,16.5,5.377421934967242,16.643316977093235
LATAM,Accessories,2014,8,2,1,Winter,0.0,0.0,656.74,9,0.8229838658936564,0.5680647467311559,2014-8,2014-02-17,98.568,714.36,1450.2665812025737,322.02199999999993,645.8278817668812,281.0080501148215,615.0486550024526,1.0,8.0,32.0,6.5,14.583333333333334,5.507570547286118,16.00828384041061
LATAM,Accessories,2014,9,2,1,Summer,0.0,0.0,109.82,3,0.8854560256532099,0.4647231720437686,2014-9,2014-02-24,656.74,451.78000000000003,295.16,236.53199999999993,630.3828817668812,280.3895876145679,626.8686420278996,9.0,13.0,4.0,4.0,14.5,3.46410161513778,16.070865791012235
LATAM,Accessories,2014,10,3,1,Winter,1.0,0.2,61.12,1,0.9350162426854148,0.35460488704253557,2014-10,2014-03-03,109.82,81.0,1529.9225812025736,231.5619999999999,507.9826666666666,284.2154849452568,576.6450021661085,3.0,3.0,38.0,3.5,11.416666666666666,3.7859388972002055,14.6377987250526
LATAM,Accessories,2014,11,3,1,Winter,0.0,0.0,221.76,5,0.970941817426052,0.23931566428755804,2014-11,2014-03-10,61.12,98.568,1915.36,262.3599999999999,366.84933333333333,271.38529412381104,371.7163002949553,1.0,1.0,45.0,4.5,8.083333333333334,3.415650255319892,10.166418278138112
LATAM,Accessories,2014,12,3,1,Spring,0.25,0.1,281.656,12,0.992708874098054,0.120536680255323,2014-12,2014-03-17,221.76,656.74,1291.896,168.58899999999988,282.66266666666667,101.01927712405964,230.88779592037633,5.0,9.0,38.0,5.25,5.916666666666667,4.787135538781709,4.273774855458771
LATAM,Accessories,2014,13,3,1,Spring,0.25,0.1,1006.552,16,1.0,-1.6081226496766366e-16,2014-13,2014-03-24,281.656,109.82,24.9,392.77199999999993,364.46700000000004,419.6469973298994,295.9839836754066,12.0,3.0,1.0,8.5,7.166666666666667,6.757711644237777,4.858606858561486
LATAM,Accessories,2014,14,4,2,Autumn,0.5,0.2,118.32000000000001,5,0.992708874098054,-0.12053668025532288,2014-14,2014-03-31,1006.552,61.12,340.952,407.0719999999999,345.91433333333333,405.3079891901144,304.4483353116918,16.0,1.0,9.0,9.5,6.833333333333333,5.446711546122747,4.858606858561487
LATAM,Accessories,2014,15,4,2,Spring,0.0,0.0,586.5705812025735,10,0.9709418174260521,-0.2393156642875575,2014-15,2014-04-07,118.32000000000001,221.76,349.296,498.2746453006433,365.6872151002145,390.4831245070643,312.2919772123685,5.0,5.0,6.0,10.75,7.166666666666667,4.573474244670767,4.932882862316258
LATAM,Accessories,2014,16,4,2,Autumn,0.0,0.0,815.9,10,0.9350162426854148,-0.35460488704253545,2014-16,2014-04-14,586.5705812025735,281.656,714.36,631.8356453006433,374.1488817668812,382.98793590503783,323.76320084949725,10.0,12.0,8.0,10.25,7.333333333333333,4.50000000000002,4.9969687781391094
LATAM,Accessories,2014,18,4,2,Autumn,0.0,0.0,224.82,3,0.8229838658936565,-0.5680647467311557,2014-18,2014-04-28,815.9,1006.552,451.78000000000003,436.40264530064326,355.2355484335478,322.75503416199405,325.4407733780198,10.0,16.0,13.0,7.0,6.5,3.559026084010463,4.7958315233127315
LATAM,Accessories,2014,19,5,2,Spring,0.0,0.0,360.72,12,0.7485107481711013,-0.663122658240795,2014-19,2014-05-05,224.82,118.32000000000001,81.0,497.0026453006433,378.54554843354776,259.7269654778377,313.8229577224099,3.0,5.0,3.0,8.75,7.25,3.9475730941090266,4.901298529239713
LATAM,Accessories,2014,20,5,2,Spring,1.0,0.4,151.176,8,0.6631226582407952,-0.7485107481711012,2014-20,2014-05-12,360.72,586.5705812025735,98.568,388.1539999999999,382.9295484335478,298.0804326083827,309.8991312707575,12.0,10.0,1.0,8.25,7.833333333333333,3.862210075418846,4.489043901713955
LATAM,Accessories,2014,21,5,2,Spring,0.0,0.0,562.14,11,0.5680647467311558,-0.8229838658936564,2014-21,2014-05-19,151.176,815.9,656.74,324.7139999999999,375.0462151002145,180.51942295498472,303.43647626605565,8.0,10.0,9.0,8.5,8.0,4.041451884327403,4.572645941803389
LATAM,Accessories,2014,22,5,2,Spring,0.5,0.1,557.952,6,0.46472317204376906,-0.8854560256532096,2014-22,2014-05-26,562.14,224.82,109.82,407.9969999999999,412.3905484335478,195.31061350577076,295.29415790244485,11.0,3.0,3.0,9.25,8.25,2.753785273643084,4.3510709235564375
LATAM,Accessories,2014,23,6,2,Spring,0.0,0.0,292.74,5,0.35460488704253584,-0.9350162426854147,2014-23,2014-06-02,557.952,360.72,61.12,391.0019999999999,431.6922151002145,203.57836203290512,277.26581274928947,6.0,12.0,1.0,7.5,8.583333333333334,2.645751311064625,3.8720051965905635
LATAM,Accessories,2014,24,6,2,Spring,0.2,0.08,1130.652,15,0.23931566428755768,-0.970941817426052,2014-24,2014-06-09,292.74,151.176,221.76,635.8709999999999,507.4332151002145,353.1075152811113,333.20380019564834,5.0,8.0,5.0,9.25,9.416666666666666,4.645786621588804,4.10007390916385
LATAM,Accessories,2014,25,6,2,Spring,0.6666666666666666,0.20000000000000004,324.516,8,0.12053668025532308,-0.992708874098054,2014-25,2014-06-16,1130.652,562.14,281.656,576.4649999999999,511.00488176688117,387.91929416825917,330.78457315371134,15.0,11.0,12.0,8.5,9.083333333333334,4.509249752822914,4.033007750445267
LATAM,Accessories,2014,26,6,2,Summer,0.2857142857142857,0.1142857142857143,552.492,21,-3.216245299353273e-16,-1.0,2014-26,2014-06-23,324.516,557.952,1006.552,575.0999999999999,473.1665484335478,388.0157458248317,292.72638995828663,8.0,6.0,16.0,12.25,9.5,7.182153808805094,4.963503161715897
LATAM,Accessories,2014,27,7,3,Summer,0.0,0.0,1321.8905812025735,20,-0.12053668025532283,-0.992708874098054,2014-27,2014-06-30,552.492,292.74,118.32000000000001,832.3876453006433,573.4640968670956,470.76176915699756,358.8209689526466,21.0,5.0,5.0,16.0,10.75,5.944184833375685,5.577959874688632
LATAM,Accessories,2014,28,7,3,Summer,0.2,0.08,799.766,16,-0.23931566428755743,-0.9709418174260521,2014-28,2014-07-07,1321.8905812025735,1130.652,586.5705812025735,749.6661453006433,591.2303817668811,428.0113277739179,364.7577584995196,20.0,15.0,10.0,16.25,11.25,5.909032633745294,5.770221360178012
LATAM,Accessories,2014,29,7,3,Winter,1.0,0.4,69.552,3,-0.3546048870425356,-0.9350162426854148,2014-29,2014-07-14,799.766,324.516,815.9,685.9251453006432,529.0347151002145,521.2587439308951,385.9795957233179,16.0,8.0,10.0,15.0,10.666666666666666,8.286535263104046,6.2425713427799145
LATAM,Accessories,2014,30,7,3,Summer,0.0,0.0,149.38,7,-0.46472317204376806,-0.8854560256532101,2014-30,2014-07-21,69.552,552.492,224.82,585.1471453006432,522.7480484335478,590.0800798530399,391.9531019189879,3.0,21.0,3.0,11.5,11.0,7.852812659593176,5.892985043869769
LATAM,Accessories,2014,31,7,3,Summer,0.75,0.2,355.5345812025736,9,-0.5680647467311556,-0.8229838658936566,2014-31,2014-07-28,149.38,1321.8905812025735,360.72,343.5581453006433,522.315930200429,327.13583390859725,392.1507814804835,7.0,20.0,12.0,8.75,10.75,5.43905629069359,5.910314558618538
LATAM,Accessories,2014,32,8,3,Summer,0.0,0.0,571.5705812025735,12,-0.663122658240795,-0.7485107481711013,2014-32,2014-08-04,355.5345812025736,799.766,151.176,286.5092906012867,557.3488119673101,225.01802774276382,374.35497601884254,9.0,16.0,8.0,7.75,11.083333333333334,3.774917217635398,5.853644293527884
LATAM,Accessories,2014,33,8,3,Winter,0.0,0.0,1173.0211624051472,21,-0.7485107481711011,-0.6631226582407952,2014-33,2014-08-11,571.5705812025735,69.552,562.14,562.3765812025736,608.2555755010724,442.08638795190313,414.4535979619704,12.0,3.0,11.0,12.25,11.916666666666666,6.184658438426505,6.515133897086823
LATAM,Accessories,2014,34,8,3,Summer,0.5,0.2,733.956,20,-0.8229838658936564,-0.5680647467311559,2014-34,2014-08-18,1173.0211624051472,149.38,557.952,708.5205812025735,622.9225755010724,346.29571619399206,415.6242107134397,21.0,7.0,6.0,15.5,13.083333333333334,5.91607978309963,6.612087187091304
LATAM,Accessories,2014,35,8,3,Summer,0.2857142857142857,0.08571428571428573,759.836,24,-0.8854560256532096,-0.4647231720437691,2014-35,2014-08-25,733.956,355.5345812025736,292.74,809.5959359019301,661.847242167739,256.2104706830444,403.58862115514654,20.0,9.0,5.0,19.25,14.666666666666666,5.123475382979816,6.773388212614709
LATAM,Accessories,2014,36,9,3,Summer,0.16666666666666666,0.03333333333333333,1203.4105812025737,22,-0.9350162426854147,-0.3546048870425359,2014-36,2014-09-01,759.836,571.5705812025735,1130.652,967.5559359019302,667.9104572679535,255.31671497468756,411.7361605199944,24.0,12.0,15.0,21.75,15.25,1.7078251276599805,7.0983352721862625
LATAM,Accessories,2014,37,9,3,Summer,0.3333333333333333,0.13333333333333333,1149.7240000000002,18,-0.970941817426052,-0.23931566428755774,2014-37,2014-09-08,1203.4105812025737,1173.0211624051472,324.516,961.7316453006434,736.6777906012868,249.2611947787467,418.0333292225235,22.0,21.0,8.0,21.0,16.083333333333332,2.5819888974716427,6.748175960056077
LATAM,Accessories,2014,38,9,3,Summer,0.16666666666666666,0.03333333333333333,972.328,27,-0.992708874098054,-0.12053668025532357,2014-38,2014-09-15,1149.7240000000002,733.956,552.492,1021.3246453006434,771.6641239346201,200.34858390014023,418.78488741926566,18.0,20.0,21.0,22.75,16.583333333333332,3.7749172176353967,7.34176512505781
LATAM,Accessories,2014,39,9,3,Autumn,0.2,0.08,511.62,27,-1.0,-1.8369701987210297e-16,2014-39,2014-09-22,972.328,759.836,1321.8905812025735,959.2706453006434,704.1415755010725,314.3450245448272,386.0464949376609,27.0,24.0,20.0,23.5,17.166666666666668,4.358898943540693,7.895146188218004
LATAM,Accessories,2014,40,10,4,Autumn,0.3333333333333333,0.13333333333333333,1079.092,18,-0.992708874098054,0.1205366802553232,2014-40,2014-09-29,511.62,1203.4105812025737,799.766,928.191,727.418742167739,287.127993933019,400.48751327771305,27.0,22.0,16.0,22.5,17.333333333333332,5.196152422706648,7.889386810292939
LATAM,Accessories,2014,41,10,4,Autumn,0.5,0.16666666666666666,1155.732,24,-0.9709418174260521,0.23931566428755738,2014-41,2014-10-06,1079.092,1149.7240000000002,69.552,929.693,817.9337421677391,288.6846418244883,358.8669980127509,18.0,18.0,3.0,24.0,19.083333333333332,4.242640687119305,6.653206107971663
LATAM,Accessories,2014,42,10,4,Autumn,0.16666666666666666,0.06666666666666667,1599.356,25,-0.9350162426854148,0.35460488704253557,2014-42,2014-10-13,1155.732,972.328,149.38,1086.45,938.7650755010723,446.6005782292116,357.40158853711296,24.0,27.0,7.0,23.5,20.583333333333332,3.8729833462074383,5.632024233763282
LATAM,Accessories,2014,43,10,4,Spring,0.6666666666666666,0.20000000000000004,591.864,7,-0.8854560256532101,0.464723172043768,2014-43,2014-10-20,1599.356,511.62,355.5345812025736,1106.511,958.4591937341912,412.68722500056396,327.6116183928406,25.0,27.0,9.0,18.5,20.416666666666668,8.266397845091506,6.02205542278975
LATAM,Accessories,2014,44,10,4,Autumn,0.3333333333333333,0.13333333333333333,667.932,24,-0.822983865893657,0.5680647467311548,2014-44,2014-10-27,591.864,1079.092,571.5705812025735,1003.721,966.4893119673101,469.1370937924218,318.3155318193952,7.0,18.0,12.0,20.0,21.416666666666668,8.679477710861033,5.4682277889198305
LATAM,Accessories,2014,45,11,4,Autumn,0.75,0.30000000000000004,1215.936,21,-0.7485107481711011,0.6631226582407952,2014-45,2014-11-03,667.932,1155.732,1173.0211624051472,1018.7719999999999,970.0655484335479,476.5468042826429,321.07593651377294,24.0,24.0,21.0,19.25,21.416666666666668,8.341662504161475,5.4682277889198305
LATAM,Accessories,2014,46,11,4,Autumn,0.3333333333333333,0.10000000000000002,1209.036,22,-0.6631226582407955,0.7485107481711007,2014-46,2014-11-10,1215.936,1599.356,733.956,921.192,1009.6555484335478,337.7996215983666,318.5960776666822,21.0,25.0,20.0,18.5,21.583333333333332,7.7674534651540394,5.451577475345726
LATAM,Accessories,2014,47,11,4,Autumn,0.25,0.1,1381.964,27,-0.5680647467311559,0.8229838658936564,2014-47,2014-11-17,1209.036,591.864,759.836,1118.7169999999999,1061.4995484335477,310.9743585120794,324.8059896512782,22.0,7.0,24.0,23.5,21.833333333333332,2.6457513110646222,5.638074031784142
LATAM,Accessories,2014,48,11,4,Spring,1.0,0.4000000000000001,204.372,12,-0.4647231720437684,0.88545602565321,2014-48,2014-11-24,1381.964,667.932,1203.4105812025737,1002.827,978.2463333333334,538.2728085757254,403.6024100313968,27.0,24.0,22.0,20.5,21.0,6.244997998398412,6.310164959664821
LATAM,Accessories,2014,49,12,4,Autumn,0.42857142857142855,0.14285714285714285,1314.9945812025735,31,-0.35460488704253595,0.9350162426854147,2014-49,2014-12-01,204.372,1215.936,1149.7240000000002,1027.5916453006434,992.018881766881,553.411495965825,412.70312402808776,12.0,21.0,18.0,23.0,22.083333333333332,8.205689083394123,6.841827684223417
LATAM,Accessories,2014,50,12,4,Autumn,0.5,0.2,300.77200000000005,12,-0.2393156642875578,0.970941817426052,2014-50,2014-12-08,1314.9945812025735,1209.036,972.328,800.5256453006434,936.0558817668812,634.5344017782082,458.59615693466213,31.0,22.0,27.0,20.5,20.833333333333332,9.949874371066208,7.221600594848422
LATAM,Accessories,2014,51,12,4,Autumn,0.0,0.0,394.03999999999996,5,-0.12053668025532363,0.992708874098054,2014-51,2014-12-15,300.77200000000005,1381.964,511.62,553.5446453006434,926.2575484335476,513.5053661504988,469.6128092792479,12.0,27.0,27.0,15.0,19.0,11.165422816296157,8.235179525558733
LATAM,Accessories,2014,52,12,4,Winter,0.4444444444444444,0.15555555555555556,1649.052,31,6.432490598706546e-16,1.0,2014-52,2014-12-22,394.03999999999996,204.372,1079.092,914.7146453006433,973.7542151002144,670.1997303217909,513.2694088370176,5.0,12.0,18.0,19.75,20.083333333333332,13.301002468485855,8.91840113405305
LATAM,Copiers,2011,19,5,2,Autumn,1.0,0.002,378.92064,4,0.7485107481711013,-0.663122658240795,2011-19,2011-05-09,199.75968,502.65722120257357,165.54824,500.70613060128676,521.0978806012868,311.31618323564663,273.91708971932076,2.0,10.0,2.0,8.0,7.416666666666667,6.0553007081949835,3.848455022552045
LATAM,Copiers,2011,22,5,2,Autumn,0.75,0.0015,992.9579436077208,18,0.46472317204376906,-0.8854560256532096,2011-22,2011-05-30,378.92064,931.1630399999999,810.21828,516.1548565032169,536.3261859019302,340.0085008075973,295.667932710658,4.0,15.0,6.0,8.75,8.416666666666666,7.274384280931732,4.870287154747343
LATAM,Copiers,2011,23,6,2,Spring,1.0,0.002,916.1730824051472,9,0.35460488704253584,-0.9350162426854147,2011-23,2011-06-06,992.9579436077208,492.9811624051472,246.4905812025736,621.952836503217,592.1330610021447,392.22529772718826,299.168680011432,18.0,11.0,11.0,8.25,8.25,7.135591542869215,4.807664335582962
LATAM,Copiers,2011,24,6,2,Spring,1.0,0.002,914.2569224051472,11,0.23931566428755768,-0.970941817426052,2011-24,2011-06-13,916.1730824051472,199.75968,703.23072,800.5771471045038,609.7185778692402,283.4843278544202,312.21073557719586,9.0,2.0,6.0,10.5,8.666666666666666,5.802298395176403,4.8116021397778885
LATAM,Copiers,2011,25,6,2,Winter,1.0,0.13533333333333333,1747.7766612025737,19,0.12053668025532308,-0.992708874098054,2011-25,2011-06-20,914.2569224051472,378.92064,294.0108,1142.7911524051472,730.8657329694547,404.9860492435224,436.05839676406276,11.0,4.0,3.0,14.25,10.0,4.9916597106239795,5.2915026221291805
LATAM,Copiers,2011,27,7,3,Winter,1.0,0.202,723.1746800000001,5,-0.12053668025532283,-0.992708874098054,2011-27,2011-07-04,1747.7766612025737,992.9579436077208,979.9407412025736,1075.345336503217,709.4685612025736,457.33770941910046,428.9673545882533,19.0,18.0,9.0,11.0,9.666666666666666,5.887840577551898,5.482755334738735
LATAM,Copiers,2011,28,7,3,Summer,1.0,0.002,522.51288,3,-0.23931566428755743,-0.9709418174260521,2011-28,2011-07-11,723.1746800000001,916.1730824051472,246.4905812025736,976.9302859019302,732.4704194356924,538.2128361901187,408.81176990148214,5.0,9.0,7.0,9.5,9.333333333333334,7.187952884282608,5.773502691896258
LATAM,Copiers,2011,29,7,3,Winter,1.0,0.202,700.4959200000001,6,-0.3546048870425356,-0.9350162426854148,2011-29,2011-07-18,522.51288,914.2569224051472,467.31111999999996,923.4900353006435,751.902486102359,556.8015019561051,400.5200423162921,3.0,11.0,5.0,8.25,9.416666666666666,7.274384280931732,5.712161401675191
LATAM,Copiers,2011,30,7,3,Summer,1.0,0.002,916.1730824051472,14,-0.46472317204376806,-0.8854560256532101,2011-30,2011-07-25,700.4959200000001,1747.7766612025737,502.65722120257357,715.5891406012868,786.3621412025736,161.03592335608263,394.87528066083314,6.0,19.0,10.0,7.0,9.75,4.83045891539648,5.863988713867348
LATAM,Copiers,2011,31,8,3,Winter,1.0,0.002,246.4905812025736,3,-0.5680647467311556,-0.8229838658936566,2011-31,2011-08-01,916.1730824051472,723.1746800000001,931.1630399999999,596.4181159019302,729.3061029694549,283.42352957122824,420.67269322367594,14.0,5.0,15.0,6.5,8.75,5.196152422706632,5.910314558618534
LATAM,Copiers,2011,33,8,3,Summer,1.0,0.002,246.4905812025736,7,-0.7485107481711011,-0.6631226582407952,2011-33,2011-08-15,246.4905812025736,522.51288,492.9811624051472,527.4125412025736,708.7652212025737,336.1184858709472,438.88483472897127,3.0,3.0,11.0,7.5,8.416666666666666,4.654746681256313,5.884623002265132
LATAM,Copiers,2011,34,8,3,Summer,1.0,0.002,436.1505012025736,9,-0.8229838658936564,-0.5680647467311559,2011-34,2011-08-22,246.4905812025736,700.4959200000001,199.75968,461.326186503217,728.4644563027881,316.1372004113436,418.80721383137524,7.0,6.0,2.0,8.25,9.0,4.573474244670747,5.5267942376620605
LATAM,Copiers,2011,35,8,3,Summer,1.0,0.002,390.95651999999995,3,-0.8854560256532096,-0.4647231720437691,2011-35,2011-08-29,436.1505012025736,916.1730824051472,378.92064,330.0220459019302,729.4674463027881,98.20263124062944,417.90744534403575,9.0,14.0,4.0,5.5,8.916666666666666,2.999999999999999,5.6158595769373365
LATAM,Copiers,2011,36,9,3,Summer,1.0,0.15200000000000002,905.2343599999999,11,-0.9350162426854147,-0.3546048870425359,2011-36,2011-09-05,390.95651999999995,246.4905812025736,992.9579436077208,494.7079906012868,722.1571476688114,285.3869475623738,413.62460382694707,3.0,3.0,18.0,7.5,8.333333333333334,3.4156502553198655,4.905161165609758
LATAM,Copiers,2011,37,9,3,Summer,1.0,0.002,777.2714424051471,10,-0.970941817426052,-0.23931566428755774,2011-37,2011-09-12,905.2343599999999,246.4905812025736,916.1730824051472,627.4032059019302,710.5820110021447,253.07131460576787,409.6257758765846,11.0,7.0,9.0,8.25,8.416666666666666,3.5939764421413036,4.925967063953182
LATAM,Copiers,2011,38,9,3,Summer,1.0,0.202,503.22376,5,-0.992708874098054,-0.12053668025532357,2011-38,2011-09-19,777.2714424051471,436.1505012025736,914.2569224051472,644.1715206012867,676.3292474683824,237.9450237955111,408.22910144078776,10.0,9.0,11.0,7.25,7.916666666666667,3.862210075418822,4.944387696871042
LATAM,Copiers,2011,39,9,3,Autumn,1.0,0.002,1859.63328,15,-1.0,-1.8369701987210297e-16,2011-39,2011-09-26,503.22376,390.95651999999995,1747.7766612025737,1011.3407106012869,685.6506323681679,589.8672445946968,435.2979341580769,5.0,3.0,19.0,10.25,7.583333333333333,4.112987559751021,4.209477042305492
LATAM,Copiers,2011,40,10,4,Autumn,0.75,0.0015,1002.5660824051472,21,-0.992708874098054,0.1205366802553232,2011-40,2011-10-03,1859.63328,905.2343599999999,723.1746800000001,1035.6736412025734,708.9332492352636,586.0262136209404,444.85437777163656,15.0,11.0,5.0,12.75,8.916666666666666,6.849574196011505,5.615859576937337
LATAM,Copiers,2011,41,10,4,Autumn,1.0,0.10200000000000001,1812.178746012868,34,-0.9709418174260521,0.23931566428755738,2011-41,2011-10-10,1002.5660824051472,777.2714424051471,522.51288,1294.4004671045038,816.405404736336,657.953992525475,541.0969072378625,21.0,10.0,3.0,18.75,11.5,12.120918557051139,8.847187534619534
LATAM,Copiers,2011,42,10,4,Autumn,1.0,0.002,737.7107224051472,11,-0.9350162426854148,0.35460488704253557,2011-42,2011-10-17,1812.178746012868,503.22376,700.4959200000001,1353.0222077057906,819.5066382700983,568.3036820060349,540.4784854710914,34.0,5.0,6.0,20.25,11.916666666666666,10.04572877727976,8.680786865605018
LATAM,Copiers,2011,44,11,4,Autumn,1.0,0.402,253.98256,2,-0.822983865893657,0.5680647467311548,2011-44,2011-10-31,737.7107224051472,1859.63328,916.1730824051472,951.6095277057907,764.324094736336,652.0766915386308,563.0451822803013,11.0,15.0,14.0,17.0,10.916666666666666,13.73559851869101,9.100033299972372
LATAM,Copiers,2011,45,11,4,Autumn,1.0,0.052000000000000005,1137.06468,11,-0.7485107481711011,0.6631226582407952,2011-45,2011-11-07,253.98256,1002.5660824051472,246.4905812025736,985.2341771045037,838.5386029694547,659.0110291947053,547.0506979626966,2.0,21.0,3.0,14.5,11.583333333333334,13.674794331177344,8.753787059255432
LATAM,Copiers,2011,46,11,4,Spring,1.0,0.13533333333333333,764.0292000000001,6,-0.6631226582407955,0.7485107481711007,2011-46,2011-11-14,1137.06468,1812.178746012868,246.4905812025736,723.1967906012868,881.6668212025735,362.0895671643565,515.6301881381685,11.0,34.0,7.0,7.5,11.5,4.358898943540674,8.805989697101316
LATAM,Copiers,2011,47,11,4,Autumn,1.0,0.002,969.8409812025736,11,-0.5680647467311559,0.8229838658936564,2011-47,2011-11-21,764.0292000000001,737.7107224051472,436.1505012025736,781.2293553006433,926.1410278692402,383.1788756470576,496.3662348888666,6.0,11.0,9.0,7.5,11.666666666666666,4.358898943540674,8.773237542076297
LATAM,Copiers,2011,48,12,4,Autumn,1.0,0.13533333333333333,603.2381012025736,7,-0.4647231720437684,0.88545602565321,2011-48,2011-11-28,969.8409812025736,253.98256,390.95651999999995,868.5432406012867,943.8311596361214,233.5772515620611,479.03903655308125,11.0,2.0,3.0,8.75,12.0,2.6299556396765835,8.485281374238568
LATAM,Copiers,2011,49,12,4,Autumn,1.0,0.15200000000000002,972.3187624051471,11,-0.35460488704253595,0.9350162426854147,2011-49,2011-12-05,603.2381012025736,1137.06468,905.2343599999999,827.3567612025737,949.421526503217,178.47062177449394,478.9390916017702,7.0,11.0,11.0,8.75,12.0,2.6299556396765835,8.485281374238568
LATAM,Copiers,2011,50,12,4,Autumn,1.0,0.13533333333333333,875.01672,8,-0.2393156642875578,0.970941817426052,2011-50,2011-12-12,972.3187624051471,764.0292000000001,777.2714424051471,855.1036412025735,957.566966302788,173.91264356518423,476.5704596965399,11.0,6.0,10.0,9.25,11.833333333333334,2.0615528128088303,8.547549710917512
LATAM,Copiers,2011,51,12,4,Autumn,1.0,0.002,1260.33428,8,-0.12053668025532363,0.992708874098054,2011-51,2011-12-19,875.01672,969.8409812025736,503.22376,927.7269659019303,1020.6595096361212,271.22404456084786,460.8081539729749,8.0,11.0,5.0,8.5,12.083333333333334,1.7320508075688772,8.371578903249572
LATAM,Copiers,2011,52,12,4,Summer,1.0,0.002,492.9811624051472,14,6.432490598706546e-16,1.0,2011-52,2011-12-26,1260.33428,603.2381012025736,1859.63328,900.1627312025737,906.7718331698837,316.94331209738203,399.39821994130114,8.0,7.0,15.0,10.25,12.0,2.8722813232690143,8.344840539900305
LATAM,Copiers,2012,1,1,1,Summer,1.0,0.002,970.9542,7,0.12053668025532305,0.992708874098054,2012-1,2012-01-02,492.9811624051472,972.3187624051471,1002.5660824051472,899.8215906012867,904.1375096361213,316.8404766638497,398.81277005116084,14.0,11.0,21.0,9.25,10.833333333333334,3.2015621187164243,7.941070838407504
LATAM,Copiers,2012,4,1,1,Winter,1.0,0.002,246.4905812025736,3,0.4647231720437685,0.8854560256532099,2012-4,2012-01-23,970.9542,875.01672,1812.178746012868,742.6900559019302,773.6634959019301,457.7584925140552,323.79101811244516,7.0,8.0,34.0,8.0,8.25,4.546060565661952,3.5451631581891756
LATAM,Copiers,2012,5,2,1,Winter,1.0,0.002,246.4905812025736,3,0.5680647467311558,0.8229838658936564,2012-5,2012-01-30,246.4905812025736,1260.33428,737.7107224051472,489.2291312025736,732.7284841350489,341.52458523422786,357.9940877271426,3.0,8.0,11.0,6.75,7.583333333333333,5.188127472091127,3.7284735685686696
LATAM,Copiers,2012,6,2,1,Winter,1.0,0.002,246.4905812025736,3,0.6631226582407952,0.7485107481711011,2012-6,2012-02-06,246.4905812025736,492.9811624051472,253.98256,427.6064859019302,732.1041525685968,362.23180939871264,358.91026939091745,3.0,14.0,2.0,4.0,7.666666666666667,2.0000000000000004,3.6013465495140853
LATAM,Copiers,2012,9,3,1,Autumn,1.0,0.002,82.77412,1,0.8854560256532099,0.4647231720437686,2012-9,2012-02-27,246.4905812025736,970.9542,1137.06468,205.5614659019302,644.2466059019301,81.85823060128443,379.23265545038555,3.0,7.0,11.0,2.5,6.833333333333333,1.0000000000000009,3.9041547410962454
LATAM,Copiers,2012,10,3,1,Winter,1.0,0.202,139.34676,1,0.9350162426854148,0.35460488704253557,2012-10,2012-03-05,82.77412,246.4905812025736,764.0292000000001,178.77551060128678,592.1897359019301,81.53027033855312,403.400145189953,1.0,3.0,6.0,2.0,6.416666666666667,1.1547005383792524,4.252450274057697
LATAM,Copiers,2012,11,3,1,Summer,0.0,0.0,500.1666,5,0.970941817426052,0.23931566428755804,2012-11,2012-03-12,139.34676,246.4905812025736,969.8409812025736,242.1945153006434,553.0502041350491,184.89688646608684,385.8300859696658,1.0,3.0,11.0,2.5,5.916666666666667,1.9148542155126764,4.010403138505328
LATAM,Copiers,2012,12,3,1,Autumn,1.0,0.002,628.4052212025736,12,0.992708874098054,0.120536680255323,2012-12,2012-03-19,500.1666,246.4905812025736,603.2381012025736,337.6731753006434,555.1474641350491,267.8532751240313,386.19592051233315,5.0,3.0,7.0,4.75,6.333333333333333,5.188127472091127,4.376244411766235
LATAM,Copiers,2012,13,3,1,Spring,1.0,0.002,381.19608,3,1.0,-1.6081226496766366e-16,2012-13,2012-03-26,628.4052212025736,82.77412,972.3187624051471,412.27866530064335,505.88724060128675,208.0808570978747,365.2805317579449,12.0,1.0,11.0,5.25,5.666666666666667,4.7871355387816905,4.2067766397765585
LATAM,Copiers,2012,14,4,2,Spring,0.75,0.0015,1057.2172824051472,14,0.992708874098054,-0.12053668025532288,2012-14,2012-04-02,381.19608,139.34676,875.01672,641.7462959019301,521.0706208017158,294.80239155424914,385.25910498562695,3.0,1.0,8.0,8.5,6.166666666666667,5.32290647422377,4.821039747028051
LATAM,Copiers,2012,15,4,2,Spring,1.0,0.06866666666666667,1160.9495012025736,10,0.9709418174260521,-0.2393156642875575,2012-15,2012-04-09,1057.2172824051472,500.1666,1260.33428,806.9420212025736,512.7885559019302,365.6473700487357,368.63155666986864,14.0,5.0,8.0,9.75,6.333333333333333,4.7871355387816905,4.923659639173314
LATAM,Copiers,2012,16,4,2,Autumn,1.0,0.1162857142857143,1773.4157648102944,36,0.9350162426854148,-0.35460488704253545,2012-16,2012-04-16,1160.9495012025736,628.4052212025736,492.9811624051472,1093.1946571045037,619.4914394356924,570.2420011294449,517.594438730423,10.0,12.0,14.0,15.75,8.166666666666666,14.244882121894399,9.759222522436112
LATAM,Copiers,2012,17,4,2,Spring,0.75,0.15150000000000002,722.9002024051472,19,0.8854560256532099,-0.4647231720437685,2012-17,2012-04-23,1773.4157648102944,381.19608,970.9542,1178.6206877057905,598.8202729694548,438.3732816224964,507.1295125749677,36.0,3.0,7.0,19.75,9.166666666666666,11.4418821295566,10.232153717422824
LATAM,Copiers,2012,18,5,2,Autumn,0.8333333333333334,0.0016666666666666668,1897.5738424051472,21,0.8229838658936565,-0.5680647467311557,2012-18,2012-04-30,722.9002024051472,1057.2172824051472,246.4905812025736,1388.7098277057908,736.4105447363359,548.366807581457,615.2926425377946,19.0,14.0,3.0,21.5,10.666666666666666,10.785793124908956,10.560073461636122
LATAM,Copiers,2012,19,5,2,Spring,1.0,0.002,843.8380424051472,10,0.7485107481711013,-0.663122658240795,2012-19,2012-05-07,1897.5738424051472,1160.9495012025736,246.4905812025736,1309.431963006434,786.1894998365502,611.55240814775,595.9117658687243,21.0,10.0,3.0,21.5,11.25,10.785793124908956,10.28790110230989
LATAM,Copiers,2012,20,5,2,Autumn,1.0,0.002,468.22168,3,0.6631226582407952,-0.7485107481711012,2012-20,2012-05-14,843.8380424051472,1773.4157648102944,246.4905812025736,983.1334418038604,804.6670914030025,629.4071061661633,580.9045231129842,10.0,36.0,3.0,13.25,11.25,8.341662504161466,10.28790110230989
LATAM,Copiers,2012,21,5,2,Autumn,1.0,0.002,246.4905812025736,6,0.5680647467311558,-0.8229838658936564,2012-21,2012-05-21,468.22168,722.9002024051472,82.77412,864.0310365032169,818.3101298365503,731.8104830420455,564.088055594679,3.0,19.0,1.0,10.0,11.666666666666666,7.87400787401181,9.930058439206718
LATAM,Copiers,2012,23,6,2,Autumn,1.0,0.002,492.9811624051472,10,0.35460488704253584,-0.9350162426854147,2012-23,2012-06-04,246.4905812025736,1897.5738424051472,139.34676,512.882866503217,847.7796633703125,246.90543232167445,533.8177180972623,6.0,21.0,1.0,7.25,12.416666666666666,3.4034296427770223,9.37558079009056
LATAM,Copiers,2012,24,6,2,Spring,1.0,0.002,494.28944,6,0.23931566428755768,-0.970941817426052,2012-24,2012-06-11,492.9811624051472,843.8380424051472,500.1666,425.4957159019302,847.2899000369794,119.93777306290123,534.1682179269236,10.0,10.0,5.0,6.25,12.5,2.8722813232690134,9.307865686416172
LATAM,Copiers,2012,25,6,2,Summer,1.0,0.002,159.68,2,0.12053668025532308,-0.992708874098054,2012-25,2012-06-18,494.28944,468.22168,628.4052212025736,348.36029590193016,808.2294649367649,171.45281465552404,567.7131795348523,6.0,3.0,12.0,6.0,11.666666666666666,3.2659863237109032,9.791771437221552
LATAM,Copiers,2012,26,6,2,Summer,1.0,0.202,246.4905812025736,7,-3.216245299353273e-16,-1.0,2012-26,2012-06-25,159.68,246.4905812025736,381.19608,348.36029590193016,797.004006703646,171.45281465552404,578.1602268553044,2.0,6.0,3.0,6.25,12.0,3.304037933599834,9.53462589245592
LATAM,Copiers,2012,27,7,3,Summer,1.0,0.13533333333333333,899.0041812025736,12,-0.12053668025532283,-0.992708874098054,2012-27,2012-07-02,246.4905812025736,492.9811624051472,1057.2172824051472,449.8660506012868,783.8195816034316,331.294442755689,573.4717925261709,7.0,10.0,14.0,6.75,11.833333333333334,4.112987559751021,9.513945107848345
LATAM,Copiers,2012,28,7,3,Summer,1.0,0.002,568.3655412025736,8,-0.23931566428755743,-0.9709418174260521,2012-28,2012-07-09,899.0041812025736,494.28944,1160.9495012025736,468.3850759019302,734.4375849367648,336.6327860627753,563.4713313015163,12.0,6.0,10.0,7.25,11.666666666666666,4.112987559751021,9.566355184455126
LATAM,Copiers,2012,29,7,3,Winter,0.6666666666666666,0.13466666666666668,867.2852,10,-0.3546048870425356,-0.9350162426854148,2012-29,2012-07-16,568.3655412025736,159.68,1773.4157648102944,645.2863759019301,658.926704535907,304.74639910819724,463.4112121542965,8.0,2.0,36.0,9.25,9.5,2.217355782608344,5.728715546977507
LATAM,Copiers,2012,30,7,3,Summer,1.0,0.002,1090.8031224051472,14,-0.46472317204376806,-0.8854560256532101,2012-30,2012-07-23,867.2852,246.4905812025736,722.9002024051472,856.3645112025736,689.5852812025736,215.9029658937641,479.9047934990183,10.0,7.0,19.0,11.0,9.083333333333334,2.5819888974716103,5.124953806148062
LATAM,Copiers,2012,31,8,3,Summer,0.5,0.001,226.04032,4,-0.5680647467311556,-0.8229838658936566,2012-31,2012-07-30,1090.8031224051472,899.0041812025736,1897.5738424051472,688.1235459019301,550.2908210021446,375.1055971240951,309.8675562245577,14.0,12.0,21.0,9.0,7.666666666666667,4.163331998932264,3.6762958960278915
LATAM,Copiers,2012,32,8,3,Summer,1.0,0.002,1032.31124,10,-0.663122658240795,-0.7485107481711013,2012-32,2012-08-06,226.04032,568.3655412025736,843.8380424051472,804.1099706012868,565.9969208017156,396.8309519187775,330.20798689377705,4.0,8.0,10.0,9.5,7.666666666666667,4.12310562561766,3.6762958960278915
LATAM,Copiers,2012,33,8,3,Summer,1.0,0.002,246.4905812025736,5,-0.7485107481711011,-0.6631226582407952,2012-33,2012-08-13,1032.31124,867.2852,468.22168,648.9113159019302,547.5193292352636,477.15343351453953,342.1639303212714,10.0,10.0,3.0,8.25,7.833333333333333,4.645786621588784,3.4859023439441263
LATAM,Copiers,2012,34,8,3,Summer,1.0,0.002,641.9381012025735,13,-0.8229838658936564,-0.5680647467311559,2012-34,2012-08-20,246.4905812025736,1090.8031224051472,246.4905812025736,536.6950606012867,580.4732892352636,381.85359436914746,329.3385579037592,5.0,14.0,6.0,8.0,8.416666666666666,4.242640687119284,3.7284735685686634
LATAM,Copiers,2012,36,9,3,Winter,0.6,0.1612,1216.7347012025737,21,-0.9350162426854147,-0.3546048870425359,2012-36,2012-09-03,641.9381012025735,226.04032,492.9811624051472,784.3686559019302,640.786084135049,431.28305024751415,374.9696783258009,13.0,4.0,10.0,12.25,9.333333333333334,6.701989754294366,5.210711578231434
LATAM,Copiers,2012,37,9,3,Summer,1.0,0.002,985.9623248102944,22,-0.970941817426052,-0.23931566428755774,2012-37,2012-09-10,1216.7347012025737,1032.31124,494.28944,772.7814271045038,681.7588245359069,422.94311482841704,384.25430040932895,21.0,10.0,6.0,15.25,10.666666666666666,7.932002689527195,6.2279915532921795
LATAM,Copiers,2012,38,9,3,Spring,1.0,0.15200000000000002,1316.9807012025735,13,-0.992708874098054,-0.12053668025532357,2012-38,2012-09-17,985.9623248102944,246.4905812025736,159.68,1040.4039571045037,778.2005496361213,299.62540854461594,386.533956957936,22.0,5.0,2.0,17.25,11.583333333333334,4.924428900898051,5.6158595769373285
LATAM,Copiers,2012,39,9,3,Autumn,1.0,0.002,492.9811624051472,16,-1.0,-1.8369701987210297e-16,2012-39,2012-09-24,1316.9807012025735,641.9381012025735,246.4905812025736,1003.1647224051472,798.7414314030026,367.2763681341364,361.4446987919491,13.0,13.0,7.0,18.0,12.333333333333334,4.242640687119284,5.548682617331676
LATAM,Copiers,2012,40,10,4,Autumn,1.0,0.202,542.9789812025736,9,-0.992708874098054,0.1205366802553232,2012-40,2012-10-01,492.9811624051472,1216.7347012025737,899.0041812025736,834.7257924051471,769.0726647363358,390.44755506719645,367.035291402207,16.0,21.0,12.0,15.0,12.083333333333334,5.47722557505166,5.632024233763282
LATAM,Copiers,2012,41,10,4,Autumn,1.0,0.002,1131.7165812025737,13,-0.9709418174260521,0.23931566428755738,2012-41,2012-10-08,542.9789812025736,985.9623248102944,568.3655412025736,871.164356503217,816.0185847363359,415.2781573260354,374.9720213003476,9.0,22.0,8.0,12.75,12.5,2.872281323269012,5.4855181241983875
LATAM,Copiers,2012,42,10,4,Spring,1.0,0.20200000000000004,900.80008,9,-0.9350162426854148,0.35460488704253557,2012-42,2012-10-15,1131.7165812025737,1316.9807012025735,867.2852,767.1192012025735,818.8114914030026,303.42068123111653,375.51300867256214,13.0,13.0,10.0,11.75,12.416666666666666,3.403429642777021,5.534328132554825
LATAM,Copiers,2012,43,10,4,Autumn,1.0,0.20200000000000004,581.2592212025736,9,-0.8854560256532101,0.464723172043768,2012-43,2012-10-22,900.80008,492.9811624051472,1090.8031224051472,789.1887159019302,776.3494996361214,279.06769986863117,370.73950684715146,9.0,16.0,14.0,10.0,12.0,1.9999999999999964,5.592202363356246
LATAM,Copiers,2012,44,11,4,Autumn,1.0,0.10200000000000001,1052.455,9,-0.822983865893657,0.5680647467311548,2012-44,2012-10-29,581.2592212025736,542.9789812025736,226.04032,916.5577206012867,845.2173896361213,243.19730863338404,334.17554180845804,9.0,9.0,4.0,10.0,12.416666666666666,1.9999999999999964,5.107184482014844
LATAM,Copiers,2012,45,11,4,Autumn,1.0,0.002,937.1909624051472,19,-0.7485107481711011,0.6631226582407952,2012-45,2012-11-05,1052.455,1131.7165812025737,1032.31124,867.9263159019303,837.2906998365503,201.74830363559977,330.4414761115411,9.0,13.0,10.0,11.5,13.166666666666666,4.999999999999998,5.373898759633248
LATAM,Copiers,2012,46,11,4,Autumn,1.0,0.002,767.5863012025736,9,-0.6631226582407955,0.7485107481711007,2012-46,2012-11-12,937.1909624051472,900.80008,246.4905812025736,834.6228712025735,880.7153431698838,205.4735104809098,275.3993443759927,19.0,9.0,5.0,11.5,13.5,4.999999999999999,4.9267359653960705
LATAM,Copiers,2012,47,11,4,Spring,1.0,0.402,117.4472,2,-0.5680647467311559,0.8229838658936564,2012-47,2012-11-19,767.5863012025736,581.2592212025736,641.9381012025735,718.6698659019302,837.0077680696692,417.54261139775946,348.6248634215696,9.0,9.0,13.0,9.75,12.583333333333334,6.994045086119095,5.946096249310172
LATAM,Copiers,2012,48,11,4,Autumn,1.0,0.202,342.41834120257363,6,-0.4647231720437684,0.88545602565321,2012-48,2012-11-26,117.4472,1052.455,1216.7347012025737,541.1607012025736,764.1480714030025,377.3328225334818,353.38055484841175,2.0,9.0,21.0,9.0,11.333333333333334,7.25718035235908,5.5813542399237726
LATAM,Copiers,2012,49,12,4,Autumn,0.8,0.041600000000000005,1549.7480212025737,15,-0.35460488704253595,0.9350162426854147,2012-49,2012-12-03,342.41834120257363,937.1909624051472,985.9623248102944,694.2999659019301,811.1302127690257,630.8042627178993,417.2566074227199,6.0,19.0,22.0,8.0,10.75,5.47722557505166,4.65393284320808
LATAM,Copiers,2012,50,12,4,Autumn,1.0,0.13533333333333333,1841.263642405147,24,-0.2393156642875578,0.970941817426052,2012-50,2012-12-10,1549.7480212025737,767.5863012025736,1316.9807012025735,962.7193012025737,854.8204578692402,859.3992249651765,495.2059219813615,15.0,9.0,13.0,11.75,11.666666666666666,9.810708435174291,6.020168124099539
LATAM,Copiers,2012,51,12,4,Autumn,1.0,0.202,1723.4361812025736,22,-0.12053668025532363,0.992708874098054,2012-51,2012-12-17,1841.263642405147,117.4472,492.9811624051472,1364.216546503217,957.3583761023592,691.6420505149896,538.9312032155084,24.0,2.0,16.0,16.75,12.166666666666666,8.139410298049853,6.630965010441306
LATAM,Copiers,2012,52,12,4,Winter,1.0,0.162,969.0257412025736,10,6.432490598706546e-16,1.0,2012-52,2012-12-24,1723.4361812025736,342.41834120257363,542.9789812025736,1520.868396503217,992.8622727690258,386.88980770869074,522.947484252059,22.0,6.0,9.0,17.75,12.25,6.448514040717701,6.593729803932872
LATAM,Copiers,2013,1,1,1,Winter,1.0,0.002,1006.2326024051472,14,0.12053668025532305,0.992708874098054,2013-1,2012-12-31,969.0257412025736,1549.7480212025737,1131.7165812025737,1384.9895418038604,982.4052745359069,461.59682449555584,521.1700861035138,10.0,15.0,13.0,17.5,12.333333333333334,6.608075867199669,6.610368348055167
LATAM,Copiers,2013,2,1,1,Winter,1.0,0.202,246.4905812025736,5,0.23931566428755774,0.970941817426052,2013-2,2013-01-07,1006.2326024051472,1841.263642405147,900.80008,986.2962765032171,927.8794829694547,603.1537765168138,563.0303665214334,14.0,24.0,9.0,12.75,12.0,7.182153808805081,6.888725967444587
LATAM,Copiers,2013,3,1,1,Summer,1.0,0.002,741.69364,5,0.3546048870425356,0.9350162426854148,2013-3,2013-01-14,246.4905812025736,1723.4361812025736,581.2592212025736,740.8606412025737,941.2490178692401,349.70656306962576,555.9111896510352,5.0,22.0,9.0,8.5,11.666666666666666,4.358898943540673,7.139306476801293
LATAM,Copiers,2013,5,2,1,Summer,1.0,0.10200000000000001,412.35119999999995,4,0.5680647467311558,0.8229838658936564,2013-5,2013-01-28,741.69364,969.0257412025736,1052.455,601.6920059019301,887.9070345359069,339.24992982428836,574.6644462502757,5.0,10.0,9.0,7.0,11.25,4.690415759823429,7.448306702014403
LATAM,Copiers,2013,6,2,1,Winter,1.0,0.202,200.66508,3,0.6631226582407952,0.7485107481711011,2013-6,2013-02-04,412.35119999999995,1006.2326024051472,937.1909624051472,400.30012530064334,826.5298776688114,245.08929491652336,607.3263476113639,4.0,14.0,19.0,4.25,9.916666666666666,0.9574271077563339,7.3664884113905655
LATAM,Copiers,2013,7,2,1,Summer,1.0,0.202,666.3822612025735,8,0.7485107481711011,0.6631226582407953,2013-7,2013-02-11,200.66508,246.4905812025736,767.5863012025736,505.27304530064333,818.0962076688112,247.16482955388778,608.9198790339341,3.0,5.0,9.0,5.0,9.833333333333334,2.1602468994692847,7.383437648897124
LATAM,Copiers,2013,8,2,1,Winter,0.0,0.0,246.4905812025736,9,0.8229838658936564,0.5680647467311559,2013-8,2013-02-18,666.3822612025735,741.69364,117.4472,381.4722806012868,828.8498227690258,210.58530153779867,596.432872647314,8.0,5.0,2.0,6.0,10.416666666666666,2.9439202887759475,6.973434439269351
LATAM,Copiers,2013,9,3,1,Winter,1.0,0.002,989.6258824051472,16,0.8854560256532099,0.4647231720437686,2013-9,2013-02-25,246.4905812025736,412.35119999999995,342.41834120257363,525.7909512025735,882.7837845359069,373.5524455185117,577.4064879526794,9.0,4.0,6.0,9.0,11.25,5.354126134736336,6.995128174795522
LATAM,Copiers,2013,10,3,1,Winter,1.0,0.052000000000000005,977.3564612025737,11,0.9350162426854148,0.35460488704253557,2013-10,2013-03-04,989.6258824051472,200.66508,1549.7480212025737,719.963796503217,835.0844878692402,349.2928527498185,539.7121117257317,16.0,3.0,15.0,11.0,10.916666666666666,3.5590260840104357,6.894771844512242
LATAM,Copiers,2013,11,3,1,Summer,1.0,0.002,782.5209224051472,14,0.970941817426052,0.23931566428755804,2013-11,2013-03-11,977.3564612025737,666.3822612025735,1841.263642405147,748.9984618038604,746.8559278692402,348.17948286564956,437.04960096845656,11.0,8.0,24.0,12.5,10.083333333333334,3.1091263510296034,5.664215155988807
LATAM,Copiers,2013,12,3,1,Autumn,0.8333333333333334,0.135,1745.9497999999999,20,0.992708874098054,0.120536680255323,2013-12,2013-03-18,782.5209224051472,246.4905812025736,1723.4361812025736,1123.863266503217,748.7320627690257,425.4370969255434,441.6470440105938,14.0,9.0,22.0,15.25,9.916666666666666,3.7749172176353736,5.299371031861546
LATAM,Copiers,2013,13,3,1,Spring,1.0,0.002,246.4905812025736,4,1.0,-1.6081226496766366e-16,2013-13,2013-03-25,1745.9497999999999,989.6258824051472,969.0257412025736,938.0794412025735,688.5207994356924,620.9376793662177,457.83935973798594,20.0,16.0,10.0,12.25,9.416666666666666,6.652067347825035,5.567083998146986
LATAM,Copiers,2013,15,4,2,Spring,1.0,0.002,246.4905812025736,3,0.9709418174260521,-0.2393156642875575,2013-15,2013-04-08,246.4905812025736,977.3564612025737,1006.2326024051472,755.3629712025736,625.208964335478,707.083691017569,462.4180453283502,4.0,11.0,14.0,10.25,8.5,8.180260794538682,5.64881323014763
LATAM,Copiers,2013,16,4,2,Spring,1.0,0.082,1386.9080236077207,17,0.9350162426854148,-0.35460488704253545,2013-16,2013-04-15,246.4905812025736,782.5209224051472,246.4905812025736,906.4597465032169,720.2437512025735,776.0353718716635,493.64262465998075,3.0,14.0,5.0,11.0,9.5,8.75595035770913,6.022684390927957
LATAM,Copiers,2013,17,4,2,Spring,1.0,0.10200000000000002,1425.8829648102944,23,0.8854560256532099,-0.4647231720437685,2013-17,2013-04-22,1386.9080236077207,1745.9497999999999,741.69364,826.4430377057906,777.2595282700981,669.8604158672002,534.191867618681,17.0,20.0,5.0,11.75,11.0,9.844626283748237,6.967456820494441
LATAM,Copiers,2013,19,5,2,Spring,1.0,0.202,246.4905812025736,6,0.7485107481711013,-0.663122658240795,2013-19,2013-05-06,1425.8829648102944,246.4905812025736,412.35119999999995,826.4430377057906,763.4378100369794,669.8604158672002,546.4959098341975,23.0,4.0,4.0,12.25,11.166666666666666,9.35859676091097,6.806859285554042
LATAM,Copiers,2013,20,5,2,Spring,1.0,0.06866666666666667,881.34204,9,0.6631226582407952,-0.7485107481711012,2013-20,2013-05-13,246.4905812025736,246.4905812025736,200.66508,985.1559024051471,820.1608900369793,551.3767269909671,517.3194671691796,6.0,3.0,3.0,13.75,11.666666666666666,7.719024117939606,6.358006167364291
LATAM,Copiers,2013,21,5,2,Autumn,0.875,0.15175,2020.2528024051471,30,0.5680647467311558,-0.8229838658936564,2013-21,2013-05-20,881.34204,1386.9080236077207,666.3822612025735,1143.4920971045037,932.9834351371936,757.5813066360527,618.4760856319537,9.0,17.0,8.0,17.0,13.5,11.40175425099138,8.129631547057283
LATAM,Copiers,2013,22,5,2,Spring,1.0,0.052000000000000005,1268.0219624051472,17,0.46472317204376906,-0.8854560256532096,2013-22,2013-05-27,2020.2528024051471,1425.8829648102944,246.4905812025736,1104.0268465032168,1018.1110502374081,741.9167450285429,584.7810156960574,30.0,23.0,9.0,15.5,14.166666666666666,10.723805294763608,8.054736983836763
LATAM,Copiers,2013,23,6,2,Spring,1.0,0.002,834.4768024051472,14,0.35460488704253584,-0.9350162426854147,2013-23,2013-06-03,1268.0219624051472,246.4905812025736,989.6258824051472,1251.0234018038602,1005.1819602374081,548.3849622748969,587.1782596975121,17.0,6.0,16.0,17.5,14.0,8.962886439832502,8.034018580103885
LATAM,Copiers,2013,24,6,2,Spring,1.0,0.1162857142857143,1759.7004424051472,22,0.23931566428755768,-0.970941817426052,2013-24,2013-06-10,834.4768024051472,881.34204,977.3564612025737,1470.6130024051472,1070.3772920042893,526.4307020392196,625.9596342926185,14.0,9.0,11.0,20.75,14.916666666666666,6.994045086119097,8.284249385356995
LATAM,Copiers,2013,25,6,2,Spring,1.0,0.16866666666666666,2250.109322405147,21,0.12053668025532308,-0.992708874098054,2013-25,2013-06-17,1759.7004424051472,2020.2528024051471,782.5209224051472,1528.077132405147,1192.6763253376228,612.0157814826323,703.2070581392185,22.0,30.0,14.0,18.5,15.5,3.696845502136474,8.45845461922297
LATAM,Copiers,2013,26,6,2,Summer,1.0,0.082,1548.1055224051472,25,-3.216245299353273e-16,-1.0,2013-26,2013-06-24,2250.109322405147,1268.0219624051472,1745.9497999999999,1598.098022405147,1176.1893022047182,587.891910464298,691.2740770731457,21.0,17.0,20.0,20.5,15.916666666666666,4.654746681256315,8.81587754960882
LATAM,Copiers,2013,27,7,3,Summer,1.0,0.002,1121.6857836077209,17,-0.12053668025532283,-0.992708874098054,2013-27,2013-07-01,1548.1055224051472,834.4768024051472,246.4905812025736,1669.9002677057906,1249.1222357384804,469.0698949655298,627.4956511364674,25.0,14.0,4.0,21.25,17.0,3.304037933599836,7.977240352174644
LATAM,Copiers,2013,28,7,3,Summer,1.0,0.002,669.8821012025736,8,-0.23931566428755743,-0.9709418174260521,2013-28,2013-07-08,1121.6857836077209,1759.7004424051472,246.4905812025736,1397.4456824051472,1284.4048624051472,672.0927408336731,575.7658337137309,17.0,22.0,3.0,17.75,17.416666666666668,7.2743842809317325,7.279589565519752
LATAM,Copiers,2013,29,7,3,Summer,1.0,0.10200000000000001,946.6235012025736,12,-0.3546048870425356,-0.9350162426854148,2013-29,2013-07-15,669.8821012025736,2250.109322405147,1386.9080236077207,1071.5742271045037,1247.7144855380516,368.13153963002395,582.6276210454818,8.0,21.0,17.0,15.5,17.0,7.325753658611971,7.4467808786444945
LATAM,Copiers,2013,30,7,3,Summer,1.0,0.202,586.8243200000001,7,-0.46472317204376806,-0.8854560256532101,2013-30,2013-07-22,946.6235012025736,1548.1055224051472,1425.8829648102944,831.2539265032171,1177.7929318038603,247.28357603074474,609.0505213135801,12.0,25.0,23.0,11.0,15.666666666666666,4.5460605656619535,7.702813338860885
LATAM,Copiers,2013,31,8,3,Summer,1.0,0.002,677.0432000000001,4,-0.5680647467311556,-0.8229838658936566,2013-31,2013-07-29,586.8243200000001,1121.6857836077209,246.4905812025736,720.0932806012868,1213.672316703646,156.4726053571899,559.898219254868,7.0,17.0,6.0,7.75,15.5,3.3040379335998367,7.948699150289815
LATAM,Copiers,2013,32,8,3,Summer,1.0,0.202,968.4937836077208,15,-0.663122658240795,-0.7485107481711013,2013-32,2013-08-05,677.0432000000001,669.8821012025736,881.34204,794.7462012025736,1220.9349620042892,191.78150920759848,555.7453899738036,4.0,8.0,9.0,9.5,16.0,4.932882862316248,7.687061147858063
LATAM,Copiers,2013,33,8,3,Summer,1.0,0.002,1220.0686236077208,19,-0.7485107481711011,-0.6631226582407952,2013-33,2013-08-12,968.4937836077208,946.6235012025736,2020.2528024051471,863.1074818038604,1154.2529471045038,288.37465897990745,495.90286534896666,15.0,12.0,30.0,11.25,15.083333333333334,6.946221994724903,6.416715859709098
LATAM,Copiers,2013,34,8,3,Summer,1.0,0.202,227.47788,3,-0.8229838658936564,-0.5680647467311559,2013-34,2013-08-19,1220.0686236077208,586.8243200000001,1268.0219624051472,773.2708718038604,1067.5409402374082,426.18070151566815,560.9129847456909,19.0,7.0,17.0,10.25,13.916666666666666,7.973915809270458,7.254570137422875
LATAM,Copiers,2013,35,8,3,Summer,1.0,0.13533333333333333,827.5150799999999,8,-0.8854560256532096,-0.4647231720437691,2013-35,2013-08-26,227.47788,677.0432000000001,834.4768024051472,810.8888418038605,1066.960796703646,421.4705184104468,561.1794902832695,3.0,4.0,14.0,11.25,13.416666666666666,7.135591542869216,7.452374037035357
LATAM,Copiers,2013,36,9,3,Spring,1.0,0.402,598.2152799999999,8,-0.9350162426854147,-0.3546048870425359,2013-36,2013-09-02,827.5150799999999,968.4937836077208,1759.7004424051472,718.3192159019302,970.1703665032169,415.9432562735614,530.1423580359428,8.0,15.0,22.0,9.5,12.25,6.757711644237765,7.072674690152741
LATAM,Copiers,2013,37,9,3,Summer,1.0,0.122,1010.1697812025736,11,-0.970941817426052,-0.23931566428755774,2013-37,2013-09-09,598.2152799999999,1220.0686236077208,2250.109322405147,665.8445053006434,866.8420714030026,337.36048012020154,347.3006951206523,8.0,19.0,21.0,7.5,11.416666666666666,3.316624790355401,6.515133897086814
LATAM,Copiers,2013,38,9,3,Summer,0.8888888888888888,0.04622222222222223,3032.7811624051474,26,-0.992708874098054,-0.12053668025532357,2013-38,2013-09-16,1010.1697812025736,227.47788,1548.1055224051472,1367.1703259019303,990.5650414030025,1123.1248809519652,698.718260149941,11.0,3.0,25.0,13.25,11.5,8.616843969807045,6.708203932499362
LATAM,Copiers,2013,39,9,3,Autumn,1.0,0.002,504.06984,2,-1.0,-1.8369701987210297e-16,2013-39,2013-09-23,3032.7811624051474,827.5150799999999,1121.6857836077209,1286.3090159019303,939.0970461023593,1184.8753736371193,710.823898099637,26.0,8.0,17.0,11.75,10.25,10.21028892833107,6.982120021884466
LATAM,Copiers,2013,40,10,4,Spring,0.75,0.2015,955.5341812025736,14,-0.992708874098054,0.1205366802553232,2013-40,2013-09-30,504.06984,598.2152799999999,669.8821012025736,1375.6387412025738,962.9013861023591,1127.8015126414261,705.7536583374783,2.0,8.0,8.0,13.25,10.75,9.912113800799505,7.021072179194177
LATAM,Copiers,2013,41,10,4,Autumn,1.0,0.002,570.7607412025736,8,-0.9709418174260521,0.23931566428755738,2013-41,2013-10-07,955.5341812025736,1010.1697812025736,946.6235012025736,1265.7864812025737,931.5794894356924,1194.6826236565864,714.8240133156817,14.0,11.0,12.0,12.5,10.416666666666666,10.246950765959598,7.051219537760606
LATAM,Copiers,2013,42,10,4,Autumn,1.0,0.042,1220.1040024051472,21,-0.9350162426854148,0.35460488704253557,2013-42,2013-10-14,570.7607412025736,3032.7811624051474,586.8243200000001,812.6171912025736,984.3527963027881,336.7327217420511,710.4209427489567,8.0,26.0,7.0,11.25,11.583333333333334,8.139410298049853,7.573378414291771
LATAM,Copiers,2013,43,10,4,Autumn,1.0,0.06866666666666667,1707.4726612025736,19,-0.8854560256532101,0.464723172043768,2013-43,2013-10-21,1220.1040024051472,504.06984,677.0432000000001,1113.467896503217,1070.221918069669,477.38420390381873,731.8505903788259,21.0,2.0,4.0,15.5,12.833333333333334,5.802298395176403,7.444745961027974
LATAM,Copiers,2013,44,10,4,Autumn,1.0,0.002,1728.27652,12,-0.822983865893657,0.5680647467311548,2013-44,2013-10-28,1707.4726612025736,955.5341812025736,968.4937836077208,1306.6534812025736,1133.5371461023592,543.8905952994176,754.7570097591794,19.0,14.0,15.0,15.0,12.583333333333334,6.0553007081949835,7.415687712034814
LATAM,Copiers,2013,45,11,4,Autumn,1.0,0.28200000000000003,1581.6324612025737,16,-0.7485107481711011,0.6631226582407952,2013-45,2013-11-04,1728.27652,570.7607412025736,1220.0686236077208,1559.3714112025737,1163.6674659019302,235.27348982879397,765.6635424345465,12.0,8.0,19.0,17.0,12.333333333333334,3.915780041490243,7.227892102295396
LATAM,Copiers,2013,46,11,4,Spring,1.0,0.002,288.08268,3,-0.6631226582407955,0.7485107481711007,2013-46,2013-11-11,1581.6324612025737,1220.1040024051472,227.47788,1326.3660806012867,1168.7178659019303,695.2140131174781,759.0986856683382,16.0,21.0,3.0,12.5,12.333333333333334,6.952217871538069,7.227892102295396
LATAM,Copiers,2013,47,11,4,Autumn,1.0,0.162,1643.1132612025735,19,-0.5680647467311559,0.8229838658936564,2013-47,2013-11-18,288.08268,1707.4726612025736,827.5150799999999,1310.276230601287,1236.6843810021446,684.109783990332,762.2775230902212,3.0,19.0,8.0,12.5,13.25,6.952217871538069,7.325236577004923
LATAM,Copiers,2013,48,11,4,Autumn,1.0,0.12200000000000003,1238.981642405147,20,-0.4647231720437684,0.88545602565321,2013-48,2013-11-25,1643.1132612025735,1728.27652,598.2152799999999,1187.9525112025735,1290.0815778692404,625.7062401032409,735.4580886130825,19.0,12.0,8.0,14.5,14.25,7.852812659593163,7.3623736291053135
LATAM,Copiers,2013,49,12,4,Autumn,1.0,0.002,438.3461012025736,6,-0.35460488704253595,0.9350162426854147,2013-49,2013-12-02,1238.981642405147,1581.6324612025737,1010.1697812025736,902.1309212025735,1242.429604535907,646.7031360041933,772.8188534496295,20.0,16.0,11.0,12.0,13.833333333333334,8.75595035770913,7.696910045104083
LATAM,Copiers,2013,50,12,4,Spring,0.8,0.0016,1296.426362405147,17,-0.2393156642875578,0.970941817426052,2013-50,2013-12-09,438.3461012025736,288.08268,3032.7811624051474,1154.2168418038605,1097.7333712025736,509.5420314100828,532.2381330095596,6.0,3.0,26.0,15.5,13.083333333333334,6.454972243679028,6.78847061813876
LATAM,Copiers,2013,51,12,4,Autumn,0.9090909090909091,0.0018181818181818182,2398.0510024051473,30,-0.12053668025532363,0.992708874098054,2013-51,2013-12-16,1296.426362405147,1643.1132612025735,504.06984,1342.9512771045038,1255.5651347363357,805.0921701323722,614.6329946545894,17.0,19.0,2.0,18.25,15.416666666666666,9.878427675158294,7.415687712034813
LATAM,Copiers,2013,52,12,4,Summer,1.0,0.002,476.0705012025736,11,6.432490598706546e-16,1.0,2013-52,2013-12-23,2398.0510024051473,1238.981642405147,955.5341812025736,1152.2234918038605,1215.6098280696692,920.0877584178983,650.4506893167076,30.0,20.0,14.0,16.0,15.166666666666666,10.36018017861337,7.517655985422011
LATAM,Copiers,2014,1,12,4,Winter,1.0,0.13533333333333333,1009.2479012025735,11,0.12053668025532305,0.992708874098054,2014-1,2013-12-30,476.0705012025736,438.3461012025736,570.7607412025736,1294.9489418038604,1252.150424736336,810.1488184189153,622.654099884174,11.0,6.0,8.0,17.25,15.416666666666666,8.958236433584458,7.304523297660189
LATAM,Copiers,2014,3,1,1,Winter,1.0,0.002,620.13724,7,0.3546048870425356,0.9350162426854148,2014-3,2014-01-13,1009.2479012025735,1296.426362405147,1220.1040024051472,1125.8766612025736,1202.153194535907,877.5059790500197,648.9919753875686,11.0,17.0,21.0,14.75,14.25,10.3400515794974,7.4483067020144
LATAM,Copiers,2014,4,1,1,Summer,1.0,0.402,382.51668,3,0.4647231720437685,0.8854560256532099,2014-4,2014-01-20,620.13724,2398.0510024051473,1707.4726612025736,621.9930806012868,1091.740196102359,276.05077180752585,667.6458175888883,7.0,30.0,19.0,8.0,12.916666666666666,3.8297084310253537,7.936776690976266
LATAM,Copiers,2014,9,2,1,Winter,1.0,0.10200000000000001,1103.9953812025735,15,0.8854560256532099,0.4647231720437686,2014-9,2014-02-24,382.51668,476.0705012025736,1728.27652,778.9743006012868,1039.7167678692401,337.1807085833939,637.1637985552201,3.0,11.0,12.0,9.0,13.166666666666666,5.163977794943223,7.952510562232795
LATAM,Copiers,2014,10,3,1,Autumn,1.0,0.402,143.52,3,0.9350162426854148,0.35460488704253557,2014-10,2014-03-03,1103.9953812025735,1009.2479012025735,1581.6324612025737,562.5423253006435,919.8740627690258,410.07215950815043,660.7780199783757,15.0,11.0,16.0,7.0,12.083333333333334,5.656854249492381,8.40409351916004
LATAM,Copiers,2014,12,3,1,Winter,1.0,0.10200000000000001,946.19652,9,0.992708874098054,0.120536680255323,2014-12,2014-03-17,143.52,620.13724,288.08268,644.0571453006435,974.7168827690258,455.2553244805565,630.1762531300142,3.0,7.0,3.0,7.5,12.583333333333334,5.7445626465380295,7.982461836407167
LATAM,Copiers,2014,13,3,1,Autumn,1.0,0.10200000000000001,1494.7939812025736,12,1.0,-1.6081226496766366e-16,2014-13,2014-03-24,946.19652,382.51668,1643.1132612025735,922.1264706012868,962.3569427690257,567.9881987277032,617.1957448675827,9.0,3.0,19.0,9.75,12.0,5.1234753829798,7.722458393307377
LATAM,Copiers,2014,14,4,2,Autumn,1.0,0.402,253.69552,2,0.992708874098054,-0.12053668025532288,2014-14,2014-03-31,1494.7939812025736,1103.9953812025735,1238.981642405147,709.5515053006434,880.2497659019301,632.6670934148499,642.0858897562186,12.0,15.0,20.0,6.5,10.5,4.795831523312721,7.7752521151757765
LATAM,Copiers,2014,15,4,2,Autumn,1.0,0.002,492.9811624051472,10,0.9709418174260521,-0.2393156642875575,2014-15,2014-04-07,253.69552,143.52,438.3461012025736,796.9167959019301,884.8026876688114,546.7428480530724,638.8531315984511,2.0,3.0,6.0,8.25,10.833333333333334,4.349329450233297,7.649519691794475
LATAM,Copiers,2014,16,4,2,Spring,1.0,0.06866666666666667,994.7472,6,0.9350162426854148,-0.35460488704253545,2014-16,2014-04-14,492.9811624051472,946.19652,1296.426362405147,809.0544659019303,859.6627574683824,551.6781568747758,627.0084901837191,10.0,9.0,17.0,7.5,9.916666666666666,4.434711565216691,7.501010032998987
LATAM,Copiers,2014,17,4,2,Spring,1.0,0.002,780.9440824051471,15,0.8854560256532099,-0.4647231720437685,2014-17,2014-04-21,994.7472,1494.7939812025736,2398.0510024051473,630.5919912025736,724.9038474683824,324.6549232803701,398.4258555568823,6.0,12.0,30.0,8.25,8.666666666666666,5.560275772537427,4.499158170416349
LATAM,Copiers,2014,18,4,2,Spring,1.0,0.002,128.32284,1,0.8229838658936565,-0.5680647467311557,2014-18,2014-04-28,780.9440824051471,253.69552,476.0705012025736,599.2488212025735,695.9248757015013,375.27600094364084,429.5968808864181,15.0,2.0,11.0,8.0,7.833333333333333,5.94418483337567,4.9328828623162435
LATAM,Copiers,2014,19,5,2,Spring,1.0,0.002,173.17296,2,0.7485107481711013,-0.663122658240795,2014-19,2014-05-05,128.32284,492.9811624051472,1009.2479012025735,519.2967706012868,626.2519639346201,434.80828467443735,441.78715074448866,1.0,10.0,11.0,6.0,7.083333333333333,6.377042156569664,5.089353117196244
LATAM,Copiers,2014,20,5,2,Spring,1.0,0.002,942.2961812025736,13,0.6631226582407952,-0.7485107481711012,2014-20,2014-05-12,173.17296,994.7472,620.13724,506.1840159019302,653.098542368168,416.07785588555936,451.07270572279566,2.0,6.0,7.0,7.75,7.583333333333333,7.2743842809317325,5.367551216393378
LATAM,Copiers,2014,21,5,2,Autumn,1.0,0.002,624.8124212025737,8,0.5680647467311558,-0.8229838658936564,2014-21,2014-05-19,942.2961812025736,780.9440824051471,382.51668,467.1511006012868,673.289854135049,388.0926336872102,443.214060316691,13.0,15.0,3.0,6.0,8.0,5.597618541248889,5.169842621131971
LATAM,Copiers,2014,22,5,2,Autumn,1.0,0.002,492.9811624051472,11,0.46472317204376906,-0.8854560256532096,2014-22,2014-05-26,624.8124212025737,128.32284,1103.9953812025735,558.3156812025736,622.3720025685968,318.57304544520065,423.91231703304766,8.0,1.0,15.0,8.5,7.666666666666667,4.795831523312721,4.792671172707025
LATAM,Copiers,2014,23,6,2,Autumn,0.7142857142857143,0.05857142857142857,1657.352602405147,22,0.35460488704253584,-0.9350162426854147,2014-23,2014-06-02,492.9811624051472,173.17296,143.52,929.3605918038604,748.5247194356925,520.6778567698498,488.7488371392139,11.0,2.0,3.0,13.5,9.25,6.027713773341709,6.077155435054967
LATAM,Copiers,2014,24,6,2,Autumn,1.0,0.20200000000000004,1720.4365412025736,19,0.23931566428755768,-0.970941817426052,2014-24,2014-06-09,1657.352602405147,942.2961812025736,946.19652,1123.8956818038605,813.0447212025737,655.1270906905734,562.721807974434,22.0,13.0,9.0,15.0,10.083333333333334,6.582805886043834,6.694072457077679
LATAM,Copiers,2014,25,6,2,Spring,0.8333333333333334,0.0016666666666666668,1317.2722824051473,17,0.12053668025532308,-0.992708874098054,2014-25,2014-06-16,1720.4365412025736,624.8124212025737,1494.7939812025736,1297.0106471045037,798.251246302788,564.5085646452765,545.2315089641526,19.0,8.0,12.0,17.25,10.5,4.645786621588787,6.973977605094783
LATAM,Copiers,2014,26,6,2,Summer,1.0,0.13533333333333333,1842.0446212025736,23,-3.216245299353273e-16,-1.0,2014-26,2014-06-23,1317.2722824051473,492.9811624051472,253.69552,1634.2765118038603,930.6136714030025,224.80756612654008,591.8213269633452,17.0,11.0,2.0,20.25,12.25,2.753785273643055,7.275425635783661
LATAM,Copiers,2014,27,6,2,Winter,1.0,0.202,492.9811624051472,10,-0.12053668025532283,-0.992708874098054,2014-27,2014-06-30,1842.0446212025736,1657.352602405147,492.9811624051472,1343.1836518038604,930.6136714030025,609.5620508181778,591.8213269633452,23.0,22.0,10.0,17.25,12.25,5.439056290693576,7.275425635783661
LATAM,Copiers,2014,28,7,3,Winter,1.0,0.26866666666666666,846.0812612025736,14,-0.23931566428755743,-0.9709418174260521,2014-28,2014-07-07,492.9811624051472,1720.4365412025736,994.7472,1124.5948318038604,918.2248431698837,585.481123139723,591.912780402294,10.0,19.0,6.0,16.0,12.916666666666666,5.477225575051664,7.012434842780525
LATAM,Copiers,2014,29,7,3,Winter,1.0,0.10200000000000001,1290.1039224051472,13,-0.3546048870425356,-0.9350162426854148,2014-29,2014-07-14,846.0812612025736,1317.2722824051473,780.9440824051471,1117.8027418038605,960.6548298365502,582.6515727871548,599.3794163901099,14.0,17.0,15.0,15.0,12.75,5.597618541248891,6.982120021884464
LATAM,Copiers,2014,30,7,3,Summer,0.75,0.1015,870.46316,9,-0.46472317204376806,-0.8854560256532101,2014-30,2014-07-21,1290.1039224051472,1842.0446212025736,128.32284,874.907376503217,1022.499856503217,326.14235170542287,541.149688654162,13.0,23.0,1.0,11.5,13.416666666666666,2.380476142847623,6.0821397749824975
LATAM,Copiers,2014,31,7,3,Summer,1.0,0.002,1708.0815412025736,13,-0.5680647467311556,-0.8229838658936566,2014-31,2014-07-28,870.46316,492.9811624051472,173.17296,1178.6824712025737,1150.4089049367647,407.5540143329086,502.14179580643025,9.0,10.0,2.0,12.25,14.333333333333334,2.217355782608352,4.923659639173298
LATAM,Copiers,2014,32,8,3,Summer,1.0,0.002,695.8700212025735,13,-0.663122658240795,-0.7485107481711013,2014-32,2014-08-04,1708.0815412025736,846.0812612025736,942.2961812025736,1141.1296612025735,1129.8733916034314,452.8223590705152,516.2667049821749,13.0,14.0,13.0,12.0,14.333333333333334,2.0000000000000075,4.923659639173298
LATAM,Copiers,2014,33,8,3,Summer,1.0,0.002,509.33928000000003,4,-0.7485107481711011,-0.6631226582407952,2014-33,2014-08-11,695.8700212025735,1290.1039224051472,624.8124212025737,945.9385006012867,1120.2506298365504,529.0594374908142,527.4905640446532,13.0,13.0,8.0,9.75,14.0,4.272001872658769,5.4937981562684
LATAM,Copiers,2014,34,8,3,Winter,1.0,0.002,752.7406024051472,13,-0.8229838658936564,-0.5680647467311559,2014-34,2014-08-18,509.33928000000003,870.46316,492.9811624051472,916.5078612025736,1141.8972498365504,537.8586914426338,504.22604673981397,4.0,9.0,11.0,10.75,14.166666666666666,4.5000000000000036,5.424411712272799
LATAM,Copiers,2014,35,8,3,Winter,1.0,0.002,761.6781412025736,12,-0.8854560256532096,-0.4647231720437691,2014-35,2014-08-25,752.7406024051472,1708.0815412025736,1657.352602405147,679.9070112025736,1067.2577114030025,117.38741886703235,486.98540112777647,13.0,13.0,22.0,10.5,13.333333333333334,4.358898943540677,4.849242365066053
LATAM,Copiers,2014,36,9,3,Summer,1.0,0.027000000000000003,2807.0113012025736,32,-0.9350162426854147,-0.3546048870425359,2014-36,2014-09-01,761.6781412025736,695.8700212025735,1720.4365412025736,1207.6923312025735,1157.805608069669,1072.602424812805,681.6034237843788,12.0,13.0,19.0,15.25,14.416666666666666,11.870832602082581,7.140897999721333
LATAM,Copiers,2014,37,9,3,Summer,1.0,0.10200000000000001,299.90012,3,-0.970941817426052,-0.23931566428755774,2014-37,2014-09-08,2807.0113012025736,509.33928000000003,1317.2722824051473,1155.3325412025736,1073.0245945359068,1122.0296207176925,722.0383938184476,32.0,4.0,17.0,15.0,13.25,12.192894105447923,7.794228634059942
LATAM,Copiers,2014,38,9,3,Spring,1.0,0.07472727272727274,2805.3309484180154,44,-0.992708874098054,-0.12053668025532357,2014-38,2014-09-15,299.90012,752.7406024051472,1842.0446212025736,1668.4801277057907,1153.2984551371937,1327.150343379401,856.3612583888703,3.0,13.0,23.0,22.75,15.0,18.64358692240668,11.607207792026152
LATAM,Copiers,2014,39,9,3,Autumn,1.0,0.0908888888888889,2719.1225436077207,24,-1.0,-1.8369701987210297e-16,2014-39,2014-09-22,2805.3309484180154,761.6781412025736,492.9811624051472,2157.8412283070775,1338.810236904075,1239.3071448777928,937.5844858137399,44.0,12.0,10.0,25.75,16.166666666666668,17.250603854165032,11.761519176251563
LATAM,Copiers,2014,40,10,4,Autumn,1.0,0.20200000000000004,1608.6638,16,-0.992708874098054,0.1205366802553232,2014-40,2014-09-29,2719.1225436077207,2807.0113012025736,846.0812612025736,1858.254353006434,1402.3587818038604,1173.1455548857605,926.9348040101123,24.0,32.0,14.0,21.75,16.333333333333332,17.173137938847017,11.742179860604578
LATAM,Copiers,2014,41,10,4,Autumn,1.0,0.127,2939.7233836077207,30,-0.9709418174260521,0.23931566428755738,2014-41,2014-10-06,1608.6638,299.90012,1290.1039224051472,2518.2101689083643,1539.8270702374084,613.1210080927867,1025.8215262661276,16.0,3.0,13.0,28.5,17.75,11.818065267490562,12.31499455578811
LATAM,Copiers,2014,42,10,4,Autumn,1.0,0.13533333333333333,1614.2653836077207,25,-0.9350162426854148,0.35460488704253557,2014-42,2014-10-13,2939.7233836077207,2805.3309484180154,870.46316,2220.4437777057906,1601.810588871385,708.9359749232001,1003.9375831939666,30.0,44.0,9.0,23.75,19.083333333333332,5.795112883571245,12.146517146403681
LATAM,Copiers,2014,43,10,4,Spring,1.0,0.035333333333333335,1515.4078212025736,13,-0.8854560256532101,0.464723172043768,2014-43,2014-10-20,1614.2653836077207,2719.1225436077207,1708.0815412025736,1919.5150971045039,1585.7544455380514,681.6483831585832,1003.6241467134513,25.0,24.0,13.0,21.0,19.083333333333332,7.874007874011818,12.146517146403681
LATAM,Copiers,2014,44,10,4,Autumn,1.0,0.06866666666666667,1712.5867436077208,24,-0.822983865893657,0.5680647467311548,2014-44,2014-10-27,1515.4078212025736,1608.6638,695.8700212025735,1945.4958330064342,1670.4808390718138,667.6886437068918,963.7957680939193,13.0,16.0,13.0,23.0,20.0,7.164728420068233,12.060453783110535
LATAM,Copiers,2014,45,11,4,Autumn,1.0,0.002,2117.110943607721,28,-0.7485107481711011,0.6631226582407952,2014-45,2014-11-03,1712.5867436077208,2939.7233836077207,509.33928000000003,1739.842723006434,1804.4618110391239,264.0800964397067,897.1542397256903,24.0,30.0,4.0,22.5,22.0,6.557438524302008,11.119188982851373
LATAM,Copiers,2014,46,11,4,Autumn,1.0,0.082,5042.028964810294,50,-0.6631226582407955,0.7485107481711007,2014-46,2014-11-10,2117.110943607721,1614.2653836077207,752.7406024051472,2596.7836183070776,2161.90250790622,1649.2916062399224,1232.0087212501608,28.0,25.0,13.0,28.75,25.083333333333332,15.521490478258418,13.310681516144921
LATAM,Copiers,2014,47,11,4,Autumn,1.0,0.10200000000000002,1588.0205648102944,21,-0.5680647467311559,0.8229838658936564,2014-47,2014-11-17,5042.028964810294,1515.4078212025736,761.6781412025736,2614.9368042090073,2230.7643765401963,1633.7481995035814,1168.0640201041595,50.0,13.0,12.0,30.75,25.833333333333332,13.14977819838292,12.74814306144825
LATAM,Copiers,2014,48,11,4,Autumn,1.0,0.10200000000000001,3308.3493812025736,29,-0.4647231720437684,0.88545602565321,2014-48,2014-11-24,1588.0205648102944,1712.5867436077208,2807.0113012025736,3013.8774636077205,2272.5425498735294,1531.5972391943621,1199.1016728658437,21.0,24.0,32.0,32.0,25.583333333333332,12.516655570345728,12.645217085978192
LATAM,Copiers,2014,49,12,4,Autumn,1.0,0.082,1576.8433812025737,21,-0.35460488704253595,0.9350162426854147,2014-49,2014-12-01,3308.3493812025736,2117.110943607721,299.90012,2878.810573006434,2378.9544883070776,1655.8255556446425,1056.2838035483476,29.0,28.0,3.0,30.25,27.083333333333332,13.696106502701175,10.629789473099825
LATAM,Copiers,2014,50,12,4,Autumn,1.0,0.002,458.36144,4,-0.2393156642875578,0.970941817426052,2014-50,2014-12-08,1576.8433812025737,5042.028964810294,2805.3309484180154,1732.8936918038605,2183.3736959389093,1176.411636079628,1180.1752113899568,21.0,50.0,44.0,18.75,23.75,10.531698185319724,11.103848636641903
LATAM,Copiers,2014,51,12,4,Spring,1.0,0.402,117.4472,2,-0.12053668025532363,0.992708874098054,2014-51,2014-12-15,458.36144,1588.0205648102944,2719.1225436077207,1365.2503506012868,1966.5674173049329,1437.5750011906364,1305.1615969176603,4.0,21.0,24.0,14.0,21.916666666666668,13.140268896284686,12.75259925971124
LATAM,Copiers,2014,52,12,4,Winter,0.875,0.07675,2460.634703607721,36,6.432490598706546e-16,1.0,2014-52,2014-12-22,117.4472,3308.3493812025736,1608.6638,1153.3216812025737,2037.564992605576,1071.5166271193991,1307.093734918218,2.0,29.0,16.0,15.75,23.583333333333332,15.966109941581474,13.207837434529901
LATAM,Machines,2011,34,8,3,Summer,0.0,0.0,773.08,9,-0.8229838658936564,-0.5680647467311559,2011-34,2011-08-22,129.84,358.16,201.26,367.51750000000004,335.74571510021445,337.96508107347427,226.07400294749223,4.0,2.0,1.0,6.25,4.666666666666667,2.2173557826083456,2.674231693686086
LATAM,Machines,2011,40,10,4,Autumn,0.0,0.0,458.48258120257356,10,-0.992708874098054,0.1205366802553232,2011-40,2011-10-03,773.08,51.63,246.4905812025736,469.23064530064335,353.41171510021445,264.42936404589017,226.74711817298154,9.0,5.0,4.0,7.5,5.166666666666667,2.645751311064591,3.0698929011029725
LATAM,Machines,2011,42,10,4,Spring,1.0,0.4,261.792,4,-0.9350162426854148,0.35460488704253557,2011-42,2011-10-17,458.48258120257356,515.52,250.712,405.7986453006434,354.33504843354785,279.6201461619107,226.31304180017364,10.0,7.0,4.0,6.75,5.166666666666667,3.2015621187164247,3.0698929011029725
LATAM,Machines,2011,45,11,4,Autumn,0.0,0.0,593.04,7,-0.7485107481711011,0.6631226582407952,2011-45,2011-11-07,261.792,129.84,358.0,521.5986453006434,373.92171510021444,215.8933914476533,236.59641388128802,4.0,4.0,2.0,7.5,5.583333333333333,2.6457513110645907,2.9374798516394764
LATAM,Machines,2011,46,11,4,Autumn,0.0,0.0,135.96,4,-0.6631226582407955,0.7485107481711007,2011-46,2011-11-14,593.04,773.08,348.04,362.3186453006434,356.2483817668811,203.16142087857196,246.42244729140106,7.0,9.0,2.0,6.25,5.75,2.8722813232690148,2.767506261797959
LATAM,Machines,2011,48,11,4,Autumn,0.0,0.0,533.22,3,-0.4647231720437684,0.88545602565321,2011-48,2011-11-28,135.96,458.48258120257356,214.368,381.00300000000004,382.8193817668811,217.8585464837219,246.92305431185525,4.0,10.0,4.0,4.5,5.666666666666667,1.7320508075688776,2.8391206491810212
LATAM,Machines,2011,50,12,4,Autumn,0.0,0.0,166.5,2,-0.2393156642875578,0.970941817426052,2011-50,2011-12-12,533.22,261.792,690.048,357.18000000000006,339.1903817668811,239.3861399496638,233.59711191245177,3.0,4.0,10.0,4.0,5.0,2.160246899469287,2.6628760937957843
LATAM,Machines,2011,51,12,4,Winter,0.0,0.0,246.4905812025736,7,-0.12053668025532363,0.992708874098054,2011-51,2011-12-19,166.5,593.04,93.06,270.54264530064347,351.9762635337623,181.21373652541143,222.85238909064597,2.0,7.0,3.0,4.0,5.333333333333333,2.160246899469287,2.6400183654090315
LATAM,Machines,2011,52,12,4,Winter,0.0,0.0,449.272,10,6.432490598706546e-16,1.0,2011-52,2011-12-26,246.4905812025736,135.96,358.16,348.87064530064345,359.5689302004289,171.08072791875506,224.62726687275963,7.0,4.0,2.0,5.5,6.0,3.696845502136472,2.730301348669311
LATAM,Machines,2012,7,2,1,Summer,0.0,0.0,436.32,4,0.7485107481711011,0.6631226582407953,2012-7,2012-02-13,449.272,533.22,51.63,324.6456453006434,391.62643020042896,140.3817995739927,203.10401311047494,10.0,3.0,5.0,5.75,5.916666666666667,3.5000000000000004,2.7784342658585564
LATAM,Machines,2012,10,3,1,Winter,0.0,0.0,151.992,3,0.9350162426854148,0.35460488704253557,2012-10,2012-03-05,436.32,166.5,515.52,321.0186453006434,361.3324302004289,145.90837826862608,209.94067729743924,4.0,2.0,7.0,6.0,5.583333333333333,3.1622776601683795,2.8749176536296686
LATAM,Machines,2012,11,3,1,Winter,0.0,0.0,344.64,3,0.970941817426052,0.23931566428755804,2012-11,2012-03-12,151.992,246.4905812025736,129.84,345.55600000000004,379.23243020042895,137.18961756634513,197.17803210921264,3.0,7.0,4.0,5.0,5.5,3.366501646120693,2.938769068226294
LATAM,Machines,2012,15,4,2,Autumn,0.0,0.0,208.96,1,0.9709418174260521,-0.2393156642875575,2012-15,2012-04-09,344.64,449.272,773.08,285.478,332.22243020042896,129.0051261617151,158.12206184418253,3.0,10.0,9.0,2.75,4.833333333333333,1.2583057392117922,2.979729497586632
LATAM,Machines,2012,18,5,2,Autumn,0.0,0.0,214.896,4,0.8229838658936565,-0.5680647467311557,2012-18,2012-04-30,208.96,436.32,458.48258120257356,230.122,311.92354843354775,81.44186176653892,156.0616955918606,1.0,4.0,10.0,2.75,4.333333333333333,1.2583057392117922,2.4984843890695507
LATAM,Machines,2012,24,6,2,Autumn,0.0,0.0,104.16,2,0.23931566428755768,-0.970941817426052,2012-24,2012-06-11,214.896,151.992,261.792,218.16400000000002,298.7875484335478,98.46908826631856,166.92122450654983,4.0,3.0,4.0,2.5,4.166666666666667,1.2909944487358063,2.587850400809464
LATAM,Machines,2012,26,6,2,Summer,0.0,0.0,752.944,10,-3.216245299353273e-16,-1.0,2012-26,2012-06-25,104.16,344.64,593.04,320.24,312.1128817668811,292.9185977662282,196.33747621787634,2.0,3.0,7.0,4.25,4.416666666666667,4.031128874149275,2.9987371079213077
LATAM,Machines,2012,32,8,3,Summer,0.0,0.0,570.5,7,-0.663122658240795,-0.7485107481711013,2012-32,2012-08-06,752.944,208.96,135.96,410.625,348.32454843354776,302.7501450877715,200.91406976488105,10.0,1.0,4.0,5.75,4.666666666666667,3.5000000000000004,3.084663922561341
LATAM,Machines,2012,36,9,3,Summer,0.0,0.0,594.38,7,-0.9350162426854147,-0.3546048870425359,2012-36,2012-09-03,570.5,214.896,533.22,505.496,353.4212151002144,279.53949218431853,206.722550739487,7.0,4.0,3.0,6.5,5.0,3.3166247903554003,3.1042492870843414
LATAM,Machines,2012,38,9,3,Autumn,0.0,0.0,414.0,2,-0.992708874098054,-0.12053668025532357,2012-38,2012-09-17,594.38,104.16,166.5,582.956,374.0462151002144,138.71759055962107,198.56345536057265,7.0,2.0,2.0,6.5,5.0,3.3166247903554003,3.1042492870843414
LATAM,Machines,2012,39,9,3,Autumn,0.0,0.0,823.0905812025736,19,-1.0,-1.8369701987210297e-16,2012-39,2012-09-24,414.0,752.944,246.4905812025736,600.4926453006434,422.09621510021447,168.5885237530846,231.86333687232698,2.0,10.0,7.0,8.75,6.0,7.22841614740048,5.099019513592785
LATAM,Machines,2012,40,10,4,Spring,0.0,0.0,137.68,4,-0.992708874098054,0.1205366802553232,2012-40,2012-10-01,823.0905812025736,570.5,449.272,492.2876453006434,396.13021510021446,289.6716352480179,245.58463438317293,19.0,7.0,10.0,8.0,5.5,7.615773105863909,4.963503161715891
LATAM,Machines,2012,42,10,4,Autumn,0.5,0.2,180.69599999999997,6,-0.9350162426854148,0.35460488704253557,2012-42,2012-10-15,137.68,594.38,436.32,388.8666453006434,374.8282151002145,313.9064937052036,252.76315159989713,4.0,7.0,4.0,7.75,5.666666666666667,7.675719293112969,4.94208887255606
LATAM,Machines,2012,45,11,4,Autumn,0.0,0.0,125.698,5,-0.7485107481711011,0.6631226582407952,2012-45,2012-11-05,180.69599999999997,414.0,151.992,316.79114530064345,372.63704843354776,338.35799577805034,254.97479191858716,6.0,2.0,3.0,8.5,5.833333333333333,7.047458170621992,4.877281905721546
LATAM,Machines,2012,46,11,4,Autumn,0.0,0.0,88.56,4,-0.6631226582407955,0.7485107481711007,2012-46,2012-11-12,125.698,823.0905812025736,344.64,133.15850000000003,351.2970484335478,37.969036204959636,267.918708359444,5.0,19.0,3.0,4.75,5.916666666666667,0.9574271077563431,4.832810839052219
LATAM,Machines,2012,49,12,4,Autumn,0.0,0.0,908.34,11,-0.35460488704253595,0.9350162426854147,2012-49,2012-12-03,88.56,137.68,208.96,325.8235,409.5787151002144,390.18442144324536,307.31398803750574,4.0,4.0,1.0,6.5,6.75,3.1091263510296065,4.769696007084729
LATAM,Machines,2013,1,1,1,Winter,0.0,0.0,98.96,4,0.12053668025532305,0.992708874098054,2013-1,2012-12-31,908.34,180.69599999999997,214.896,305.38950000000006,399.91738176688114,402.2712646805222,315.69883375098635,11.0,6.0,4.0,6.0,6.75,3.3665016461206942,4.769696007084729
LATAM,Machines,2013,2,1,1,Winter,0.0,0.0,525.48,3,0.23931566428755774,0.970941817426052,2013-2,2013-01-07,98.96,125.698,104.16,405.33500000000004,435.0273817668812,392.2842898970083,302.98879171844226,4.0,5.0,2.0,5.5,6.833333333333333,3.696845502136474,4.687184332805461
LATAM,Machines,2013,7,2,1,Summer,0.0,0.0,175.16,1,0.7485107481711011,0.6631226582407953,2013-7,2013-02-11,525.48,88.56,752.944,426.98500000000007,386.8787151002145,370.7740247554208,293.63936411140844,3.0,4.0,10.0,4.75,6.083333333333333,4.349329450233297,4.851585182997285
LATAM,Machines,2013,11,3,1,Winter,0.0,0.0,470.2665812025736,14,0.970941817426052,0.23931566428755804,2013-11,2013-03-11,175.16,908.34,570.5,317.46664530064345,378.52593020042895,211.82832001582392,289.33534640481656,1.0,11.0,7.0,5.5,6.666666666666667,5.802298395176405,5.365433699886599
LATAM,Machines,2013,15,4,2,Spring,0.0,0.0,459.52,4,0.9709418174260521,-0.2393156642875575,2013-15,2013-04-08,470.2665812025736,98.96,594.38,407.60664530064344,367.2875968670956,157.63548101340083,282.7327404476585,14.0,4.0,7.0,5.5,6.416666666666667,5.802298395176405,5.418123347254159
LATAM,Machines,2013,19,5,2,Autumn,0.0,0.0,156.04,2,0.7485107481711013,-0.663122658240795,2013-19,2013-05-06,459.52,525.48,414.0,315.2466453006435,345.79093020042893,173.02890462070044,288.60385655046446,4.0,3.0,2.0,5.25,6.416666666666667,5.9651767227244274,5.418123347254159
LATAM,Machines,2013,23,6,2,Autumn,0.0,0.0,418.8,2,0.35460488704253584,-0.9350162426854147,2013-23,2013-06-03,156.04,175.16,823.0905812025736,376.15664530064345,312.1000484335478,148.4092564280956,248.65246053464807,2.0,1.0,19.0,5.5,5.0,5.7445626465380295,3.8138503569823703
LATAM,Machines,2013,24,6,2,Autumn,0.0,0.0,409.7,5,0.23931566428755768,-0.970941817426052,2013-24,2013-06-10,418.8,470.2665812025736,137.68,361.01500000000004,334.76838176688113,138.35620826933186,243.65505883339577,2.0,14.0,4.0,3.25,5.083333333333333,1.5000000000000022,3.8009169547583785
LATAM,Machines,2013,25,6,2,Spring,0.0,0.0,20.964,2,0.12053668025532308,-0.992708874098054,2013-25,2013-06-17,409.7,459.52,180.69599999999997,251.37600000000006,321.45738176688116,196.0237463438213,256.84349022612906,5.0,4.0,6.0,2.75,4.75,1.5000000000000022,3.8876260575878914
LATAM,Machines,2013,26,6,2,Winter,0.0,0.0,161.36,2,-3.216245299353273e-16,-1.0,2013-26,2013-06-24,20.964,156.04,125.698,252.70600000000007,324.42921510021444,195.17750822605933,254.5687650920602,2.0,2.0,5.0,2.75,4.5,1.5000000000000022,3.9657625656704076
LATAM,Machines,2013,30,7,3,Summer,0.0,0.0,331.68,4,-0.46472317204376806,-0.8854560256532101,2013-30,2013-07-22,161.36,418.8,88.56,230.92600000000004,344.6892151002144,174.19814521783366,243.52533820288664,2.0,2.0,4.0,3.25,4.5,1.5000000000000022,3.9657625656704076
LATAM,Machines,2013,33,8,3,Summer,0.0,0.0,170.52,3,-0.7485107481711011,-0.6631226582407952,2013-33,2013-08-12,331.68,409.7,908.34,171.13100000000006,283.20421510021447,127.0458644899556,170.45882981625954,4.0,5.0,11.0,2.75,3.8333333333333335,0.9574271077563414,3.4067668846078414
LATAM,Machines,2013,34,8,3,Winter,0.0,0.0,246.4905812025736,4,-0.8229838658936564,-0.5680647467311559,2013-34,2013-08-19,170.52,20.964,98.96,227.51264530064347,295.49843020042897,79.23663701175407,161.0213217678515,3.0,2.0,4.0,3.25,3.8333333333333335,0.9574271077563414,3.4067668846078414
LATAM,Machines,2013,39,9,3,Spring,0.3333333333333333,0.13333333333333333,611.7719999999999,9,-1.0,-1.8369701987210297e-16,2013-39,2013-09-23,246.4905812025736,161.36,525.48,340.11564530064345,302.68943020042894,192.69723289181783,173.6567799469074,4.0,2.0,3.0,5.0,4.333333333333333,2.7080128015453213,3.7009417310962496
LATAM,Machines,2013,40,10,4,Autumn,0.0,0.0,139.44,4,-0.992708874098054,0.1205366802553232,2013-40,2013-09-30,611.7719999999999,331.68,175.16,292.05564530064345,299.71276353376226,217.83569557327826,176.32710919223658,9.0,4.0,1.0,5.0,4.583333333333333,2.7080128015453213,3.5537005893558176
LATAM,Machines,2013,41,10,4,Autumn,0.0,0.0,341.94,3,-0.9709418174260521,0.23931566428755738,2013-41,2013-10-07,139.44,170.52,470.2665812025736,334.9106453006434,289.0188817668811,202.26097206563708,168.7725659762384,4.0,3.0,14.0,5.0,3.6666666666666665,2.7080128015453213,1.9694638556693258
LATAM,Machines,2013,42,10,4,Spring,0.0,0.0,487.032,6,-0.9350162426854148,0.35460488704253557,2013-42,2013-10-14,341.94,246.4905812025736,459.52,395.04600000000005,291.3115484335478,202.9665471155285,171.46466827058703,3.0,4.0,4.0,5.5,3.8333333333333335,2.645751311064592,2.081665999466135
LATAM,Machines,2013,44,10,4,Autumn,0.0,0.0,940.8879999999999,13,-0.822983865893657,0.5680647467311548,2013-44,2013-10-28,487.032,611.7719999999999,156.04,477.32500000000005,356.7155484335478,340.3332936343431,247.8490070291369,6.0,9.0,2.0,6.5,4.75,4.509249752822895,3.2787192621510015
LATAM,Machines,2013,46,11,4,Autumn,0.0,0.0,201.72,5,-0.6631226582407955,0.7485107481711007,2013-46,2013-11-11,940.8879999999999,139.44,418.8,492.89500000000004,338.62554843354775,320.5736501273927,250.81006882183138,13.0,4.0,2.0,6.75,5.0,4.349329450233298,3.1622776601683804
LATAM,Machines,2013,47,11,4,Autumn,0.0,0.0,103.26,3,-0.5680647467311559,0.8229838658936564,2013-47,2013-11-18,201.72,341.94,409.7,433.2250000000001,313.0888817668811,375.5388932667295,258.4011160328329,5.0,3.0,5.0,6.75,4.833333333333333,4.349329450233298,3.2145502536643193
LATAM,Machines,2013,49,12,4,Autumn,0.0,0.0,489.5905812025736,16,-0.35460488704253595,0.9350162426854147,2013-49,2013-12-02,103.26,487.032,20.964,433.8646453006435,352.14109686709565,375.66324901382154,245.31936545556312,3.0,6.0,2.0,9.25,6.0,6.238322424070968,4.410730716621165
LATAM,Machines,2013,50,12,4,Spring,0.0,0.0,246.4905812025736,5,-0.2393156642875578,0.970941817426052,2013-50,2013-12-09,489.5905812025736,940.8879999999999,161.36,260.2652906012869,359.23531196731005,164.17271784797026,240.48401414012596,16.0,13.0,2.0,7.25,6.25,5.90903263374528,4.2453182769643165
LATAM,Machines,2013,51,12,4,Autumn,0.0,0.0,103.5,3,-0.12053668025532363,0.992708874098054,2013-51,2013-12-16,246.4905812025736,201.72,331.68,235.71029060128686,340.22031196731,182.20323546567863,251.6239227490526,5.0,5.0,4.0,6.75,6.166666666666667,6.238322424070968,4.302923600896432
LATAM,Machines,2013,52,12,4,Winter,0.0,0.0,30.24,3,6.432490598706546e-16,1.0,2013-52,2013-12-23,103.5,103.26,170.52,217.45529060128686,328.53031196731007,202.43191265369248,263.2161759711072,3.0,3.0,3.0,6.75,6.166666666666667,6.238322424070968,4.302923600896432
LATAM,Machines,2014,3,1,1,Winter,0.0,0.0,231.44,2,0.3546048870425356,0.9350162426854148,2014-3,2014-01-13,30.24,489.5905812025736,246.4905812025736,152.91764530064347,327.2760968670956,103.94479760015193,263.6780824499191,3.0,16.0,4.0,3.25,6.0,1.258305739211794,4.431293675255978
LATAM,Machines,2014,4,1,1,Winter,0.0,0.0,246.4905812025736,6,0.4647231720437685,0.8854560256532099,2014-4,2014-01-20,231.44,246.4905812025736,611.7719999999999,152.91764530064347,296.8359786339767,103.94479760015193,248.49668259617584,2.0,5.0,9.0,3.5,5.75,1.732050807568879,4.330127018922194
LATAM,Machines,2014,11,3,1,Winter,0.0,0.0,215.98000000000002,4,0.970941817426052,0.23931566428755804,2014-11,2014-03-10,246.4905812025736,103.5,139.44,181.03764530064348,303.21431196731004,101.30051358470807,245.04778966778326,6.0,3.0,4.0,3.75,5.75,1.7078251276599348,4.330127018922194
LATAM,Machines,2014,12,3,1,Spring,0.0,0.0,188.88,8,0.992708874098054,0.120536680255323,2014-12,2014-03-17,215.98000000000002,30.24,341.94,220.69764530064344,290.45931196731004,24.598729347865884,246.82584716412364,4.0,3.0,3.0,5.0,6.166666666666667,2.5819888974716125,4.281744192888377
LATAM,Machines,2014,13,3,1,Autumn,0.0,0.0,55.56,1,1.0,-1.6081226496766366e-16,2014-13,2014-03-24,188.88,231.44,487.032,176.72764530064345,254.50331196731008,84.13658056506112,247.01414110449016,8.0,2.0,6.0,4.75,5.75,2.9860788111948207,4.535215741084632
LATAM,Machines,2014,15,4,2,Spring,1.0,0.4,206.784,2,0.9709418174260521,-0.2393156642875575,2014-15,2014-04-07,55.56,246.4905812025736,940.8879999999999,166.80100000000004,193.32797863397673,75.00945863023021,119.62820465130737,1.0,6.0,13.0,3.75,4.833333333333333,3.0956959368344528,4.01889476740996
LATAM,Machines,2014,16,4,2,Spring,0.0,0.0,344.64,3,0.9350162426854148,-0.35460488704253545,2014-16,2014-04-14,206.784,215.98000000000002,201.72,198.96600000000007,205.23797863397672,118.24979722604263,127.40155037457887,2.0,4.0,5.0,3.5,4.666666666666667,3.109126351029606,4.052683360964983
LATAM,Machines,2014,17,4,2,Spring,0.0,0.0,48.372,4,0.8854560256532099,-0.4647231720437685,2014-17,2014-04-21,344.64,188.88,103.26,163.83900000000006,200.66397863397674,140.93762752366814,132.28724766095985,3.0,8.0,3.0,2.5,4.75,1.2909944487358078,4.02548698352702
LATAM,Machines,2014,18,4,2,Autumn,0.5,0.2,280.098,8,0.8229838658936565,-0.5680647467311557,2014-18,2014-04-28,48.372,55.56,489.5905812025736,219.97350000000006,183.20626353376227,127.51173728327988,100.75758266576635,4.0,1.0,16.0,4.25,4.083333333333333,2.6299556396765844,2.2746961169005497
LATAM,Machines,2014,19,5,2,Spring,0.0,0.0,101.97,3,0.7485107481711013,-0.663122658240795,2014-19,2014-05-05,280.098,206.784,246.4905812025736,193.77000000000004,171.16288176688113,141.1643237365596,101.14207119810224,8.0,2.0,5.0,4.5,3.9166666666666665,2.380476142847618,2.2746961169005497
LATAM,Machines,2014,21,5,2,Autumn,0.0,0.0,347.2905812025736,12,0.5680647467311558,-0.8229838658936564,2014-21,2014-05-19,101.97,344.64,103.5,194.43264530064346,191.47876353376228,142.11163973627535,110.37818647498898,3.0,3.0,3.0,6.75,4.666666666666667,4.112987559751023,3.2286595398465967
LATAM,Machines,2014,22,5,2,Autumn,0.0,0.0,425.968,6,0.46472317204376906,-0.8854560256532096,2014-22,2014-05-26,347.2905812025736,48.372,30.24,288.83164530064346,224.45609686709557,138.10307504627977,116.75693225744719,12.0,4.0,3.0,7.25,4.916666666666667,3.7749172176353754,3.2039275140289187
LATAM,Machines,2014,23,6,2,Spring,0.0,0.0,264.6,5,0.35460488704253584,-0.9350162426854147,2014-23,2014-06-02,425.968,280.098,231.44,284.95714530064345,227.21943020042895,138.64610474688652,117.32825725455915,6.0,8.0,2.0,6.5,5.166666666666667,3.8729833462074175,3.0698929011029743
LATAM,Machines,2014,26,6,2,Summer,0.0,0.0,98.88,3,-3.216245299353273e-16,-1.0,2014-26,2014-06-23,264.6,101.97,246.4905812025736,284.18464530064347,214.91854843354778,140.00743875167473,122.73734381360947,5.0,3.0,6.0,6.5,4.916666666666667,3.8729833462074175,3.1176428547376918
LATAM,Machines,2014,28,7,3,Summer,0.0,0.0,246.4905812025736,7,-0.23931566428755743,-0.9709418174260521,2014-28,2014-07-07,98.88,347.2905812025736,215.98000000000002,258.9846453006435,217.46109686709556,133.79657698608827,123.07688032427656,3.0,12.0,4.0,5.25,5.166666666666667,1.7078251276599348,3.157482695074825
LATAM,Machines,2014,31,7,3,Summer,0.0,0.0,926.0291624051472,19,-0.5680647467311556,-0.8229838658936566,2014-31,2014-07-28,246.4905812025736,425.968,188.88,383.99993590193026,278.8901937341912,368.89665560768975,237.9068802309091,7.0,6.0,8.0,8.5,6.083333333333333,7.187952884282609,5.071459057282922
LATAM,Machines,2014,36,9,3,Winter,0.0,0.0,246.4905812025736,7,-0.9350162426854147,-0.3546048870425359,2014-36,2014-09-01,926.0291624051472,264.6,55.56,379.4725812025737,294.8010755010723,370.95584540920265,227.78219377867754,19.0,5.0,1.0,9.0,6.583333333333333,6.92820323027551,4.813963276162629
LATAM,Machines,2014,37,9,3,Winter,0.0,0.0,156.24,3,-0.970941817426052,-0.23931566428755774,2014-37,2014-09-08,246.4905812025736,98.88,206.784,393.81258120257365,290.58907550107233,357.3526568224585,230.01408663683452,7.0,3.0,2.0,9.0,6.666666666666667,6.92820323027551,4.735424207422439
LATAM,Machines,2014,38,9,3,Spring,0.0,0.0,227.96,2,-0.992708874098054,-0.12053668025532357,2014-38,2014-09-15,156.24,246.4905812025736,344.64,389.17993590193026,280.865742167739,360.0093634948214,229.9876796484278,3.0,7.0,3.0,7.75,6.583333333333333,7.804912982645397,4.813963276162629
LATAM,Machines,2014,39,9,3,Autumn,0.0,0.0,429.76,7,-1.0,-1.8369701987210297e-16,2014-39,2014-09-22,227.96,926.0291624051472,48.372,265.11264530064346,312.64807550107236,116.46044339655126,221.1195521994367,2.0,19.0,4.0,4.75,6.833333333333333,2.6299556396765835,4.745013331398715
LATAM,Machines,2014,40,10,4,Autumn,0.0,0.0,709.6400000000001,9,-0.992708874098054,0.1205366802553232,2014-40,2014-09-29,429.76,246.4905812025736,280.098,380.9000000000001,348.443242167739,247.87096535630553,248.44973393856426,7.0,7.0,8.0,5.25,6.916666666666667,3.304037933599835,4.776045022883062
LATAM,Machines,2014,41,10,4,Spring,1.0,0.4,210.192,2,-0.9709418174260521,0.23931566428755738,2014-41,2014-10-06,709.6400000000001,156.24,101.97,394.3880000000001,357.46174216773903,232.56644031903403,240.52751118112022,9.0,3.0,3.0,5.0,6.833333333333333,3.559026084010437,4.858606858561476
LATAM,Machines,2014,42,10,4,Autumn,0.0,0.0,44.784,3,-0.9350162426854148,0.35460488704253557,2014-42,2014-10-13,210.192,227.96,347.2905812025736,348.5940000000001,332.25286040085786,287.7485959282283,256.9800815198294,2.0,2.0,12.0,5.25,6.083333333333333,3.304037933599835,4.679905463950652
LATAM,Machines,2014,43,10,4,Autumn,0.0,0.0,564.7305812025736,14,-0.8854560256532101,0.464723172043768,2014-43,2014-10-20,44.784,429.76,425.968,382.33664530064345,343.81640883440565,307.66356143597125,264.58976148814594,3.0,7.0,6.0,7.0,6.75,5.597618541248888,5.2070756057153975
LATAM,Machines,2014,44,10,4,Autumn,0.0,0.0,826.0905812025736,12,-0.822983865893657,0.5680647467311548,2014-44,2014-10-27,564.7305812025736,709.6400000000001,264.6,411.44929060128686,390.6072906012868,351.36423944002144,296.973469772272,14.0,9.0,5.0,7.75,7.333333333333333,6.13052471924984,5.382350506024015
LATAM,Machines,2014,45,11,4,Spring,0.0,0.0,140.232,4,-0.7485107481711011,0.6631226582407952,2014-45,2014-11-03,826.0905812025736,210.192,98.88,393.95929060128685,394.0532906012868,366.15170242798104,293.5002143881081,12.0,2.0,3.0,8.25,7.416666666666667,5.560275772537426,5.316498049952762
LATAM,Machines,2014,46,11,4,Autumn,0.0,0.0,140.76,4,-0.6631226582407955,0.7485107481711007,2014-46,2014-11-10,140.232,44.784,246.4905812025736,417.9532906012868,385.2424088344057,337.68074499603324,299.8510679582811,4.0,3.0,7.0,8.5,7.166666666666667,5.259911279353167,5.407626488804885
LATAM,Machines,2014,47,11,4,Autumn,0.0,0.0,74.22,3,-0.5680647467311559,0.8229838658936564,2014-47,2014-11-17,140.76,564.7305812025736,926.0291624051472,295.32564530064343,314.2583119673101,355.21997930232874,258.1115006377294,4.0,14.0,19.0,5.75,5.833333333333333,4.193248541803042,4.01889476740996
LATAM,Machines,2014,48,11,4,Autumn,0.0,0.0,515.96,14,-0.4647231720437684,0.88545602565321,2014-48,2014-11-24,74.22,826.0905812025736,246.4905812025736,217.79300000000006,336.71409686709563,201.21842031981112,263.3485372334052,3.0,12.0,7.0,6.25,6.416666666666667,5.188127472091128,4.660439568291491
LATAM,Machines,2014,49,12,4,Autumn,0.0,0.0,242.64,3,-0.35460488704253595,0.9350162426854147,2014-49,2014-12-01,515.96,140.232,156.24,243.39500000000007,343.9140968670956,194.46196980386725,259.112809541622,14.0,4.0,3.0,6.0,6.416666666666667,5.354126134736338,4.660439568291491
LATAM,Machines,2014,50,12,4,Summer,0.5,0.2,363.858,6,-0.2393156642875578,0.970941817426052,2014-50,2014-12-08,242.64,140.76,227.96,299.1695000000001,355.23893020042897,187.0655721424981,256.54120938602006,3.0,4.0,2.0,6.5,6.75,5.196152422706632,4.454313537562113
LATAM,Phones,2011,15,4,2,Spring,0.0,0.0,130.62,3,0.9709418174260521,-0.2393156642875575,2011-15,2011-04-11,292.8,86.96,441.6905812025736,356.9606453006434,343.70476353376233,246.78935863839024,204.5101098330278,6.0,2.0,8.0,6.5,5.833333333333333,3.3166247903553994,3.6390141855211615
LATAM,Phones,2011,16,4,2,Spring,0.25,0.1,976.116,15,0.9350162426854148,-0.35460488704253545,2011-16,2011-04-18,130.62,295.8465812025736,244.5,527.028,404.6727635337623,385.85047470749595,270.6163768940779,3.0,6.0,5.0,8.75,6.666666666666667,5.315072906367324,4.478906793025064
LATAM,Phones,2011,17,4,2,Spring,0.25,0.1,749.8,17,0.8854560256532099,-0.4647231720437685,2011-17,2011-04-25,976.116,708.576,587.2,537.3340000000001,418.2227635337622,392.8038525065659,284.31078468574657,15.0,11.0,6.0,10.25,7.583333333333333,6.800735254367722,5.36755121639338
LATAM,Phones,2011,18,5,2,Spring,1.0,0.4,167.724,3,0.8229838658936565,-0.5680647467311557,2011-18,2011-05-02,749.8,292.8,405.12,506.06499999999994,398.43976353376223,422.6063073878571,293.41878049619186,17.0,6.0,4.0,9.5,7.5,7.54983443527075,5.43557306504609
LATAM,Phones,2011,20,5,2,Spring,0.3333333333333333,0.06666666666666667,930.0691624051472,16,0.6631226582407952,-0.7485107481711012,2011-20,2011-05-16,167.724,130.62,500.96000000000004,705.9272906012868,434.19886040085777,371.8553096865848,330.81376949753485,3.0,3.0,7.0,12.75,8.25,6.551081335677848,5.956280108194436
LATAM,Phones,2011,21,5,2,Autumn,0.0,0.0,492.9811624051472,5,0.5680647467311558,-0.8229838658936564,2011-21,2011-05-23,930.0691624051472,976.116,494.7945812025736,585.1435812025736,434.04774216773893,331.0681757730326,330.78398534798407,16.0,15.0,14.0,10.25,7.5,7.274384280931732,5.728715546977509
LATAM,Phones,2011,22,5,2,Autumn,0.0,0.0,615.5705812025736,14,0.46472317204376906,-0.8854560256532096,2011-22,2011-05-30,492.9811624051472,749.8,333.66,551.586226503217,457.5402906012868,315.23964053250216,333.00949193686625,5.0,17.0,5.0,9.5,8.25,6.454972243679028,5.956280108194436
LATAM,Phones,2011,23,6,2,Autumn,0.5,0.2,561.9,10,0.35460488704253584,-0.9350162426854147,2011-23,2011-06-06,615.5705812025736,167.724,43.42,650.130226503217,500.7469572679534,193.25335541107648,307.0152617238943,14.0,3.0,1.0,11.25,9.0,4.856267428111155,5.510320894796996
LATAM,Phones,2011,24,6,2,Spring,0.0,0.0,491.20000000000005,8,0.23931566428755768,-0.970941817426052,2011-24,2011-06-13,561.9,930.0691624051472,86.96,540.4129359019303,534.4336239346201,59.95012306862385,278.32225934238954,10.0,16.0,2.0,9.25,9.5,3.774917217635375,5.07220590347757
LATAM,Phones,2011,25,6,2,Summer,0.3333333333333333,0.13333333333333333,605.1905812025736,8,0.12053668025532308,-0.992708874098054,2011-25,2011-06-20,491.20000000000005,492.9811624051472,295.8465812025736,568.4652906012868,560.2122906012868,56.51160218563165,268.36277595158356,8.0,5.0,6.0,10.0,9.666666666666666,2.8284271247461903,4.97874269147129
LATAM,Phones,2011,26,6,2,Summer,0.0,0.0,1224.02,16,-3.216245299353273e-16,-1.0,2011-26,2011-06-27,605.1905812025736,615.5705812025736,708.576,720.5776453006434,603.1659572679534,338.9007122783061,328.7293788499931,8.0,14.0,11.0,10.5,10.083333333333334,3.7859388972001824,5.299371031861548
LATAM,Phones,2011,27,7,3,Summer,0.0,0.0,115.58,1,-0.12053668025532283,-0.992708874098054,2011-27,2011-07-04,1224.02,561.9,292.8,608.9976453006434,588.3976239346201,460.2913021299287,347.3914276394131,16.0,10.0,6.0,8.25,9.666666666666666,6.13052471924984,5.820548760966432
LATAM,Phones,2011,28,7,3,Summer,0.0,0.0,246.4905812025736,6,-0.23931566428755743,-0.9709418174260521,2011-28,2011-07-11,115.58,491.20000000000005,130.62,547.8202906012868,598.0535057015012,496.0405426373863,334.89619616084576,1.0,8.0,3.0,7.75,9.916666666666666,6.238322424070967,5.567083998146987
LATAM,Phones,2011,29,7,3,Winter,1.0,0.4,146.064,4,-0.3546048870425356,-0.9350162426854148,2011-29,2011-07-18,246.4905812025736,605.1905812025736,976.116,433.0386453006434,528.8825057015013,530.2785815720879,335.43158373140244,6.0,8.0,15.0,6.75,9.0,6.5,5.559594491425692
LATAM,Phones,2011,30,7,3,Summer,0.0,0.0,464.66,5,-0.46472317204376806,-0.8854560256532101,2011-30,2011-07-25,146.064,1224.02,749.8,243.1986453006434,505.12083903483455,157.8793066589259,328.38480896215816,4.0,16.0,17.0,4.0,8.0,2.160246899469286,5.045249791095129
LATAM,Phones,2011,31,8,3,Summer,0.0,0.0,481.34000000000003,7,-0.5680647467311556,-0.8229838658936566,2011-31,2011-08-01,464.66,115.58,167.724,334.63864530064336,531.2555057015013,165.0831287594051,311.11749636978186,5.0,1.0,3.0,5.5,8.333333333333334,1.2909944487358045,4.811602139777887
LATAM,Phones,2011,32,8,3,Summer,0.5,0.1,550.1505812025737,9,-0.663122658240795,-0.7485107481711013,2011-32,2011-08-08,481.34000000000003,246.4905812025736,930.0691624051472,410.55364530064344,499.5956239346201,180.1668510158878,285.0855654271915,7.0,6.0,16.0,6.25,7.75,2.2173557826083443,4.180582821482277
LATAM,Phones,2011,33,8,3,Summer,0.0,0.0,316.568,4,-0.7485107481711011,-0.6631226582407952,2011-33,2011-08-15,550.1505812025737,146.064,492.9811624051472,453.1796453006434,484.8945270675245,98.30379470848109,289.9644913679534,9.0,4.0,5.0,6.25,7.666666666666667,2.2173557826083443,4.249777177759565
LATAM,Phones,2011,34,8,3,Summer,0.0,0.0,249.14,5,-0.8229838658936564,-0.5680647467311559,2011-34,2011-08-22,316.568,464.66,615.5705812025736,399.2996453006434,454.35864530064333,140.09409798733,294.21515840718115,4.0,5.0,14.0,6.25,6.916666666666667,2.2173557826083443,3.8009169547583763
LATAM,Phones,2011,35,9,3,Winter,0.3333333333333333,0.13333333333333333,707.504,16,-0.8854560256532096,-0.4647231720437691,2011-35,2011-08-29,249.14,481.34000000000003,561.9,455.84064530064336,466.49231196731006,211.62138723445187,301.9540710162492,5.0,7.0,10.0,8.5,7.416666666666667,5.44671154612273,4.561864318522204
LATAM,Phones,2011,36,9,3,Summer,1.0,0.4,311.3145812025736,5,-0.9350162426854147,-0.3546048870425359,2011-36,2011-09-05,707.504,550.1505812025737,491.20000000000005,396.1316453006434,451.5018604008579,209.8281797685546,305.0651146075249,16.0,9.0,8.0,7.5,7.166666666666667,5.686240703077327,4.608950449117915
LATAM,Phones,2011,37,9,3,Spring,0.0,0.0,912.46,14,-0.970941817426052,-0.23931566428755774,2011-37,2011-09-12,311.3145812025736,316.568,605.1905812025736,545.1046453006434,477.10764530064347,318.10709536882536,330.9361754687273,5.0,4.0,8.0,10.0,7.666666666666667,5.830951894845301,5.015128627614166
LATAM,Phones,2011,39,9,3,Spring,0.0,0.0,424.14,1,-1.0,-1.8369701987210297e-16,2011-39,2011-09-26,912.46,249.14,1224.02,588.8546453006434,410.4509786339768,272.6154168523537,232.83166878579792,14.0,5.0,16.0,9.0,6.416666666666667,7.164728420068226,4.601547829181222
LATAM,Phones,2011,40,10,4,Spring,0.3333333333333333,0.13333333333333333,658.1265812025736,8,-0.992708874098054,0.1205366802553232,2011-40,2011-10-03,424.14,707.504,115.58,576.5102906012868,455.6631937341912,266.5013420091294,222.82912801706814,1.0,16.0,1.0,7.0,7.0,5.477225575051661,4.285281363415518
LATAM,Phones,2011,41,10,4,Autumn,0.0,0.0,675.8105812025735,7,-0.9709418174260521,0.23931566428755738,2011-41,2011-10-10,658.1265812025736,311.3145812025736,246.4905812025736,667.6342906012868,491.43986040085787,199.48796605644685,220.64637999705135,8.0,5.0,6.0,7.5,7.083333333333333,5.32290647422377,4.273774855458755
LATAM,Phones,2011,42,10,4,Autumn,0.0,0.0,173.78,4,-0.9350162426854148,0.35460488704253557,2011-42,2011-10-17,675.8105812025735,912.46,146.064,482.9642906012868,493.7495270675245,235.88609014149972,216.81419827391406,7.0,14.0,4.0,5.0,7.083333333333333,3.162277660168379,4.273774855458755
LATAM,Phones,2011,43,10,4,Autumn,0.0,0.0,1268.3623248102945,22,-0.8854560256532101,0.464723172043768,2011-43,2011-10-24,173.78,424.14,464.66,694.0198718038604,560.7247208017158,448.00992701588495,310.78244791286534,4.0,1.0,5.0,10.25,8.5,8.0156097709407,5.992419453700725
LATAM,Phones,2011,44,11,4,Autumn,0.25,0.1,776.7,13,-0.822983865893657,0.5680647467311548,2011-44,2011-10-31,1268.3623248102945,658.1265812025736,481.34000000000003,723.663226503217,585.338054135049,448.76550873529703,315.58266780851267,22.0,8.0,7.0,11.5,9.0,7.937253933193772,6.105139414683932
LATAM,Phones,2011,45,11,4,Autumn,0.0,0.0,246.4905812025736,6,-0.7485107481711011,0.6631226582407952,2011-45,2011-11-07,776.7,675.8105812025735,550.1505812025737,616.333226503217,560.033054135049,511.0435035794553,330.48338670854815,13.0,7.0,9.0,11.25,8.75,8.139410298049853,6.166257152659728
LATAM,Phones,2011,46,11,4,Autumn,0.25,0.1,606.6479999999999,12,-0.6631226582407955,0.7485107481711007,2011-46,2011-11-14,246.4905812025736,173.78,316.568,724.550226503217,584.2063874683823,424.6147888067902,321.54421127563137,6.0,4.0,4.0,13.25,9.416666666666666,6.601767440112787,6.037132572419599
LATAM,Phones,2011,47,11,4,Autumn,0.25,0.05,938.192,10,-0.5680647467311559,0.8229838658936564,2011-47,2011-11-21,606.6479999999999,1268.3623248102945,249.14,642.0076453006434,641.6273874683824,296.3957123462234,317.7717523961069,12.0,22.0,5.0,10.25,9.833333333333334,3.0956959368344537,5.874959703278952
LATAM,Phones,2011,48,12,4,Autumn,0.3333333333333333,0.13333333333333333,517.284,11,-0.4647231720437684,0.88545602565321,2011-48,2011-11-28,938.192,776.7,707.504,577.1536453006433,625.7757208017158,285.27241186294134,318.92917405892047,10.0,13.0,16.0,9.75,9.416666666666666,2.6299556396765853,5.567083998146987
LATAM,Phones,2011,49,12,4,Autumn,0.0,0.0,764.9011624051473,25,-0.35460488704253595,0.9350162426854147,2011-49,2011-12-05,517.284,246.4905812025736,311.3145812025736,706.7562906012868,663.5746025685969,185.17085124715064,304.83960213892453,11.0,6.0,5.0,14.5,11.083333333333334,7.047458170621992,6.947312539043533
LATAM,Phones,2011,50,12,4,Autumn,0.0,0.0,1107.4011624051473,17,-0.2393156642875578,0.970941817426052,2011-50,2011-12-12,764.9011624051473,606.6479999999999,912.46,831.9445812025735,679.8196994356925,252.10509944314515,323.9065871863087,25.0,12.0,14.0,15.75,11.333333333333334,6.898067362191626,7.113793685935838
LATAM,Phones,2011,51,12,4,Autumn,0.75,0.25,877.4625812025736,23,-0.12053668025532363,0.992708874098054,2011-51,2011-12-19,1107.4011624051473,938.192,424.14,816.7622265032169,717.5965812025735,245.31089270673812,317.752867937382,17.0,10.0,1.0,19.0,13.166666666666666,6.324555320336759,7.043157005637499
LATAM,Phones,2011,52,12,4,Winter,0.4444444444444444,0.1111111111111111,1913.5051624051473,42,6.432490598706546e-16,1.0,2011-52,2011-12-26,877.4625812025736,517.284,658.1265812025736,1165.8175171045038,822.2114629694547,518.4373243880783,467.67948501623084,23.0,11.0,8.0,26.75,16.0,10.719919153924002,10.67707825203131
LATAM,Phones,2012,2,1,1,Winter,0.0,0.0,53.22,1,0.23931566428755774,0.970941817426052,2012-2,2012-01-09,1913.5051624051473,764.9011624051473,675.8105812025735,987.897226503217,770.3289145359071,765.2556370971968,517.29876840352,42.0,25.0,7.0,20.75,15.5,16.938614661968867,11.261357902943223
LATAM,Phones,2012,4,1,1,Winter,0.0,0.0,217.6,5,0.4647231720437685,0.8854560256532099,2012-4,2012-01-23,53.22,1107.4011624051473,173.78,765.4469359019303,773.9805812025735,844.1936329293214,512.8402908585341,1.0,17.0,4.0,17.75,15.583333333333334,18.786076404259266,11.17186672228979
LATAM,Phones,2012,5,2,1,Summer,0.0,0.0,151.92,3,0.5680647467311558,0.8229838658936564,2012-5,2012-01-30,217.6,877.4625812025736,1268.3623248102945,584.0612906012867,680.9437208017158,888.8669672933414,516.2568575605305,5.0,23.0,22.0,12.75,14.0,19.56825660774783,11.520732299957007
LATAM,Phones,2012,6,2,1,Summer,1.0,0.4,100.8,2,0.6631226582407952,0.7485107481711011,2012-6,2012-02-06,151.92,1913.5051624051473,776.7,130.885,624.6187208017158,70.47203204108828,541.1318085978995,3.0,42.0,13.0,2.75,13.083333333333334,1.707825127659933,12.033727853853353
LATAM,Phones,2012,7,2,1,Winter,0.0,0.0,246.4905812025736,6,0.7485107481711011,0.6631226582407953,2012-7,2012-02-13,100.8,53.22,246.4905812025736,179.20264530064338,624.6187208017158,65.55745747202779,541.1318085978995,2.0,1.0,6.0,4.0,13.083333333333334,1.8257418583505538,12.033727853853353
LATAM,Phones,2012,10,3,1,Winter,0.5,0.2,485.76,8,0.9350162426854148,0.35460488704253557,2012-10,2012-03-05,246.4905812025736,217.6,606.6479999999999,246.2426453006434,614.5447208017157,170.7033969228001,542.6199866359955,6.0,5.0,12.0,4.75,12.75,2.753785273643051,12.121543556074787
LATAM,Phones,2012,11,3,1,Summer,0.5,0.2,528.7080000000001,11,0.970941817426052,0.23931566428755804,2012-11,2012-03-12,485.76,151.92,938.192,340.4396453006434,580.4210541350491,202.333524257904,533.210536164872,8.0,3.0,10.0,6.75,12.833333333333334,3.774917217635375,12.10434432404959
LATAM,Phones,2012,13,3,1,Spring,0.0,0.0,546.6,6,1.0,-1.6081226496766366e-16,2012-13,2012-03-26,528.7080000000001,100.8,517.284,451.88964530064345,582.8640541350491,139.2923632338565,532.96206514838,11.0,2.0,11.0,7.75,12.416666666666666,2.362907813126304,12.258268699745145
LATAM,Phones,2012,14,4,2,Spring,0.5,0.1,352.91200000000003,8,0.992708874098054,-0.12053668025532288,2012-14,2012-04-02,546.6,246.4905812025736,764.9011624051473,478.49500000000006,548.5316239346201,87.52810312122715,533.4391028557881,6.0,6.0,25.0,8.25,11.0,2.0615528128088303,11.638494123147783
LATAM,Phones,2012,15,4,2,Autumn,0.5,0.1,864.8320000000001,18,0.9709418174260521,-0.2393156642875575,2012-15,2012-04-09,352.91200000000003,485.76,1107.4011624051473,573.2630000000001,528.3175270675246,213.12211566454928,514.5993579593988,8.0,8.0,17.0,10.75,11.083333333333334,5.251983752196243,11.688831758511535
LATAM,Phones,2012,16,4,2,Spring,0.0,0.0,592.5705812025735,16,0.9350162426854148,-0.35460488704253545,2012-16,2012-04-16,864.8320000000001,528.7080000000001,877.4625812025736,589.2286453006434,504.5765270675245,211.05381296676504,503.4788120937975,18.0,11.0,23.0,12.0,10.5,5.887840577551898,11.204706803190103
LATAM,Phones,2012,18,5,2,Spring,0.0,0.0,91.0,1,0.8229838658936565,-0.5680647467311557,2012-18,2012-04-30,592.5705812025735,546.6,1913.5051624051473,475.3286453006435,352.70109686709566,330.73296252484266,251.82460439854304,16.0,6.0,42.0,10.75,7.083333333333333,7.804912982645397,5.5507302276913215
LATAM,Phones,2012,19,5,2,Spring,0.2857142857142857,0.1142857142857143,1124.0491624051472,24,0.7485107481711013,-0.663122658240795,2012-19,2012-05-07,91.0,352.91200000000003,53.22,668.1129359019303,441.93686040085794,441.7171874085962,317.27599085345287,1.0,8.0,1.0,14.75,9.0,9.776672917374976,7.032392583932264
LATAM,Phones,2012,20,5,2,Spring,0.0,0.0,798.0411624051471,16,0.6631226582407952,-0.7485107481711012,2012-20,2012-05-14,1124.0491624051472,864.8320000000001,217.6,651.4152265032169,490.30695726795346,432.97802901243455,324.1368748219444,24.0,18.0,5.0,14.25,9.916666666666666,9.604686356149273,7.1789887023089
LATAM,Phones,2012,21,5,2,Autumn,0.0,0.0,246.4905812025736,2,0.5680647467311558,-0.8229838658936564,2012-21,2012-05-21,798.0411624051471,592.5705812025735,151.92,564.8952265032169,498.18783903483455,480.6136200434368,316.2144328015713,16.0,16.0,3.0,10.75,9.833333333333334,11.176612486199325,7.271780241370604
LATAM,Phones,2012,23,6,2,Autumn,0.25,0.1,1081.5,5,0.35460488704253584,-0.9350162426854147,2012-23,2012-06-04,246.4905812025736,91.0,100.8,812.5202265032169,579.9128390348345,404.14502310882517,330.5773898732187,2.0,1.0,2.0,11.75,10.083333333333334,10.1447851956888,7.0253868652239095
LATAM,Phones,2012,24,6,2,Autumn,0.0,0.0,593.52,6,0.23931566428755768,-0.970941817426052,2012-24,2012-06-11,1081.5,1124.0491624051472,246.4905812025736,679.8879359019302,608.8319572679535,351.447066841553,313.49561192641426,5.0,24.0,6.0,7.25,10.083333333333334,6.075908711186062,7.0253868652239095
LATAM,Phones,2012,25,6,2,Summer,0.0,0.0,1219.1611624051473,20,0.12053668025532308,-0.992708874098054,2012-25,2012-06-18,593.52,798.0411624051471,485.76,785.1679359019303,669.9487208017157,448.3544121431403,355.93748330389536,6.0,16.0,8.0,8.25,11.083333333333334,8.0156097709407,7.537281078784715
LATAM,Phones,2012,26,6,2,Summer,0.5,0.2,211.86,5,-3.216245299353273e-16,-1.0,2012-26,2012-06-25,1219.1611624051473,246.4905812025736,528.7080000000001,776.5102906012869,643.5447208017157,462.339671049432,378.4101541676442,20.0,2.0,11.0,9.0,10.583333333333334,7.3484692283495345,7.739606911950708
LATAM,Phones,2012,27,7,3,Winter,0.25,0.05,804.8451624051472,21,-0.12053668025532283,-0.992708874098054,2012-27,2012-07-02,211.86,1081.5,546.6,707.3465812025737,665.0651510021447,420.2870374748517,379.73659520622545,5.0,5.0,6.0,13.0,11.833333333333334,8.679477710861024,8.133358171844835
LATAM,Phones,2012,28,7,3,Summer,0.5,0.2,593.236,9,-0.23931566428755743,-0.9709418174260521,2012-28,2012-07-09,804.8451624051472,593.52,352.91200000000003,707.2755812025737,685.0921510021448,420.312699307823,367.9310172044489,21.0,6.0,8.0,13.75,11.916666666666666,7.973915809270458,8.09554684921771
LATAM,Phones,2012,30,7,3,Summer,0.0,0.0,354.9,7,-0.46472317204376806,-0.8854560256532101,2012-30,2012-07-23,593.236,1219.1611624051473,864.8320000000001,491.21029060128683,642.5978176688113,261.65700090803733,374.6703751920932,9.0,20.0,18.0,10.5,11.0,7.187952884282608,7.96583614283808
LATAM,Phones,2012,31,7,3,Summer,1.0,0.30000000000000004,725.088,13,-0.5680647467311556,-0.8229838658936566,2012-31,2012-07-30,354.9,211.86,592.5705812025735,619.5172906012868,653.6409359019302,196.8117641056479,375.0145804173097,7.0,5.0,16.0,12.5,10.75,6.191391873668903,7.840744398797397
LATAM,Phones,2012,32,8,3,Winter,0.0,0.0,412.67999999999995,9,-0.663122658240795,-0.7485107481711013,2012-32,2012-08-06,725.088,804.8451624051472,91.0,521.476,680.4476025685968,169.50071537312238,341.10375282790426,13.0,21.0,1.0,9.5,11.416666666666666,2.516611478423582,7.254570137422884
LATAM,Phones,2012,33,8,3,Summer,0.0,0.0,246.4905812025736,5,-0.7485107481711011,-0.6631226582407952,2012-33,2012-08-13,412.67999999999995,593.236,1124.0491624051472,434.78964530064343,607.3177208017158,205.42708692132592,331.28264084020657,9.0,9.0,24.0,8.5,9.833333333333334,3.4156502553198647,6.26437740261746
LATAM,Phones,2012,34,8,3,Winter,0.0,0.0,246.4905812025736,2,-0.8229838658936564,-0.5680647467311559,2012-34,2012-08-20,246.4905812025736,354.9,798.0411624051471,407.6872906012868,561.3551723681679,225.63753803825387,340.5477129212507,5.0,7.0,16.0,7.25,8.666666666666666,4.78713553878169,6.314965390149651
LATAM,Phones,2012,36,9,3,Winter,0.6666666666666666,0.26666666666666666,1732.316,34,-0.9350162426854147,-0.3546048870425359,2012-36,2012-09-03,246.4905812025736,725.088,246.4905812025736,659.4942906012868,685.1739572679535,719.4923771095813,463.55706167187395,2.0,13.0,2.0,12.5,11.333333333333334,14.617341299520465,9.296463974234635
LATAM,Phones,2012,37,9,3,Summer,0.375,0.125,1224.6985812025737,26,-0.970941817426052,-0.23931566428755774,2012-37,2012-09-10,1732.316,412.67999999999995,1081.5,862.4989359019303,697.107172368168,740.8785087473103,476.3536035625303,34.0,9.0,5.0,16.75,13.083333333333334,15.692354826475215,9.949493667640791
LATAM,Phones,2012,38,9,3,Summer,0.3333333333333333,0.06666666666666667,689.1225812025737,13,-0.992708874098054,-0.12053668025532357,2012-38,2012-09-17,1224.6985812025737,246.4905812025736,593.52,973.1569359019304,705.0740541350491,645.0620615166533,475.26185211684674,26.0,5.0,6.0,18.75,13.666666666666666,14.127396551853895,9.698484730132126
LATAM,Phones,2012,39,9,3,Autumn,0.2,0.08,1159.9891624051472,28,-1.0,-1.8369701987210297e-16,2012-39,2012-09-24,689.1225812025737,246.4905812025736,1219.1611624051473,1201.5315812025738,700.1430541350492,426.8323499797329,469.7177617331665,13.0,2.0,20.0,25.25,14.333333333333334,8.845903006477068,10.42142315646287
LATAM,Phones,2012,40,10,4,Autumn,0.2,0.08,1531.1905812025736,15,-0.992708874098054,0.1205366802553232,2012-40,2012-10-01,1159.9891624051472,1732.316,211.86,1151.2502265032172,810.0872692352635,348.03623541662614,498.5569556817633,28.0,34.0,5.0,20.5,15.166666666666666,7.593857166596345,9.998484733683243
LATAM,Phones,2012,41,10,4,Autumn,0.0,0.0,859.7011624051472,16,-0.9709418174260521,0.23931566428755738,2012-41,2012-10-08,1531.1905812025736,1224.6985812025737,804.8451624051472,1060.0008718038605,814.6586025685968,369.5438992980191,498.75597169315955,15.0,26.0,21.0,18.0,14.75,6.782329983125269,9.836157786452997
LATAM,Phones,2012,42,10,4,Autumn,0.2,0.08,1342.5825812025737,22,-0.9350162426854148,0.35460488704253557,2012-42,2012-10-15,859.7011624051472,689.1225812025737,593.236,1223.3658718038605,877.1041510021446,285.91216814056725,515.1535616029231,16.0,13.0,9.0,20.25,15.833333333333334,6.020797289396148,9.861157348020775
LATAM,Phones,2012,43,10,4,Autumn,0.25,0.05,1055.5785812025736,19,-0.8854560256532101,0.464723172043768,2012-43,2012-10-22,1342.5825812025737,1159.9891624051472,354.9,1197.263226503217,935.4940327690257,298.13189413348965,489.66208383040095,22.0,28.0,7.0,18.0,16.833333333333332,3.16227766016838,9.485235736116252
LATAM,Phones,2012,44,10,4,Autumn,0.3333333333333333,0.06666666666666667,305.072,4,-0.822983865893657,0.5680647467311548,2012-44,2012-10-29,1055.5785812025736,1531.1905812025736,725.088,890.7335812025736,900.4926994356924,437.91319213557927,520.1327313559783,19.0,15.0,13.0,15.25,16.083333333333332,7.889866919029751,10.148518327441899
LATAM,Phones,2012,45,11,4,Autumn,1.0,0.30000000000000004,355.2585812025736,13,-0.7485107481711011,0.6631226582407952,2012-45,2012-11-05,305.072,859.7011624051472,412.67999999999995,764.6229359019303,895.7075812025736,515.5769508408745,525.2672814155737,4.0,16.0,9.0,14.5,16.416666666666668,7.937253933193772,9.958626533023631
LATAM,Phones,2012,46,11,4,Autumn,0.3333333333333333,0.06666666666666667,1303.12,13,-0.6631226582407955,0.7485107481711007,2012-46,2012-11-12,355.2585812025736,1342.5825812025737,246.4905812025736,754.7572906012867,983.7600327690258,501.0027243214428,494.186773797648,13.0,22.0,5.0,12.25,17.083333333333332,6.184658438426491,9.375580790090552
LATAM,Phones,2012,48,11,4,Autumn,0.0,0.0,972.8000000000001,10,-0.4647231720437684,0.88545602565321,2012-48,2012-11-26,1303.12,1055.5785812025736,246.4905812025736,734.0626453006435,1044.2858176688112,485.9174450456075,436.82945203468813,13.0,19.0,2.0,10.0,17.75,4.2426406871192865,8.44366357367786
LATAM,Phones,2012,49,12,4,Autumn,0.3333333333333333,0.13333333333333333,901.1825812025736,9,-0.35460488704253595,0.9350162426854147,2012-49,2012-12-03,972.8000000000001,305.072,1732.316,883.0902906012868,975.0246994356926,393.0252040959284,380.01763670983183,10.0,4.0,34.0,11.25,15.666666666666666,2.0615528128088325,7.03670032864491
LATAM,Phones,2012,50,12,4,Autumn,0.0,0.0,183.92,2,-0.2393156642875578,0.970941817426052,2012-50,2012-12-10,901.1825812025736,355.2585812025736,1224.6985812025737,840.2556453006434,888.2931510021448,471.27486234133437,432.9380290132135,9.0,13.0,26.0,8.5,13.666666666666666,4.654746681256315,7.240458716424141
LATAM,Phones,2012,51,12,4,Autumn,0.4,0.16,1254.7091624051473,31,-0.12053668025532363,0.992708874098054,2012-51,2012-12-17,183.92,1303.12,689.1225812025737,828.1529359019303,935.4253661023591,455.79322516334594,440.0127204524342,2.0,13.0,13.0,13.0,15.166666666666666,12.516655570345725,8.788766935265954
LATAM,Phones,2012,52,12,4,Winter,0.2,0.08,1228.4305812025736,22,6.432490598706546e-16,1.0,2012-52,2012-12-24,1254.7091624051473,972.8000000000001,1159.9891624051472,892.0605812025735,941.1288176688113,498.7334170937947,443.6169458305447,31.0,10.0,28.0,16.0,14.666666666666666,12.987173159185437,8.13894490965654
LATAM,Phones,2013,1,1,1,Winter,0.0,0.0,246.4905812025736,5,0.12053668025532305,0.992708874098054,2013-1,2012-12-31,1228.4305812025736,901.1825812025736,1531.1905812025736,728.3875812025735,834.070484335478,593.2192046447808,443.29012609753386,22.0,9.0,15.0,15.0,13.833333333333334,13.832329280830953,8.600563758829816
LATAM,Phones,2013,4,1,1,Summer,0.0,0.0,968.124,14,0.4647231720437685,0.8854560256532099,2013-4,2013-01-21,246.4905812025736,183.92,859.7011624051472,924.4385812025736,843.1057208017158,470.11051870504974,444.96182494874967,5.0,2.0,16.0,18.0,13.666666666666666,11.105554165971787,8.574097708514373
LATAM,Phones,2013,5,1,1,Winter,0.0,0.0,130.56,3,0.5680647467311558,0.8229838658936564,2013-5,2013-01-28,968.124,1254.7091624051473,1342.5825812025737,643.4012906012869,742.1038390348346,537.9741039125922,458.62729877423493,14.0,31.0,22.0,11.0,12.083333333333334,8.755950357709132,8.649312461728154
LATAM,Phones,2013,6,2,1,Summer,0.0,0.0,677.7505812025736,8,0.6631226582407952,0.7485107481711011,2013-6,2013-02-04,130.56,1228.4305812025736,1055.5785812025736,505.7312906012868,710.618172368168,387.8818104977496,447.9963222598258,3.0,22.0,19.0,7.5,11.166666666666666,4.795831523312721,8.429745314100893
LATAM,Phones,2013,7,2,1,Summer,0.0,0.0,217.7,5,0.7485107481711011,0.6631226582407953,2013-7,2013-02-11,677.7505812025736,246.4905812025736,305.072,498.5336453006434,703.3371723681679,394.50642213168754,455.82813981686417,8.0,5.0,4.0,7.5,11.25,4.795831523312721,8.357087356903062
LATAM,Phones,2013,8,2,1,Winter,0.5,0.1,456.896,6,0.8229838658936564,0.5680647467311559,2013-8,2013-02-18,217.7,968.124,355.2585812025736,370.7266453006434,711.8069572679534,246.8373463051801,449.67522848802355,5.0,14.0,13.0,5.5,10.666666666666666,2.0816659994661366,8.467406314626079
LATAM,Phones,2013,10,3,1,Summer,0.0,0.0,456.66,9,0.9350162426854148,0.35460488704253557,2013-10,2013-03-04,456.896,130.56,1303.12,452.2516453006434,641.2686239346202,187.88759762853843,413.4144849397568,6.0,3.0,13.0,7.0,10.333333333333334,1.825741858350558,8.44590630621328
LATAM,Phones,2013,11,3,1,Winter,0.0,0.0,557.28,6,0.970941817426052,0.23931566428755804,2013-11,2013-03-11,456.66,677.7505812025736,972.8000000000001,422.134,606.6419572679534,144.28922689283982,400.31576888970824,9.0,8.0,10.0,6.5,10.0,1.7320508075688819,8.53868203583497
LATAM,Phones,2013,12,3,1,Spring,0.0,0.0,618.6105812025736,12,0.992708874098054,0.120536680255323,2013-12,2013-03-18,557.28,217.7,901.1825812025736,522.3616453006434,583.0942906012868,79.76132326511275,389.5819461685355,6.0,5.0,9.0,8.25,10.25,2.872281323269017,8.550651224534672
LATAM,Phones,2013,13,3,1,Spring,1.0,0.4,78.336,3,1.0,-1.6081226496766366e-16,2013-13,2013-03-25,618.6105812025736,456.896,183.92,427.7216453006434,574.2956239346202,242.3026417774739,400.4573339908283,12.0,6.0,2.0,7.5,10.333333333333334,3.872983346207419,8.467406314626079
LATAM,Phones,2013,15,4,2,Autumn,0.2,0.08,1275.28,18,0.9709418174260521,-0.2393156642875575,2013-15,2013-04-08,78.336,456.66,1254.7091624051473,632.3766453006433,576.0098604008579,491.9738376462049,403.6659384702,3.0,9.0,31.0,9.75,9.25,6.652067347825037,6.077155435054965
LATAM,Phones,2013,16,4,2,Spring,0.2,0.08,1175.084,18,0.9350162426854148,-0.35460488704253545,2013-16,2013-04-15,1275.28,557.28,1228.4305812025736,786.8276453006433,571.56431196731,553.6503384779861,396.0495792753297,18.0,6.0,22.0,12.75,8.916666666666666,7.0887234393789145,5.384461369758739
LATAM,Phones,2013,17,4,2,Spring,0.4,0.12000000000000002,1094.8451624051472,13,0.8854560256532099,-0.4647231720437685,2013-17,2013-04-22,1175.084,618.6105812025736,246.4905812025736,905.8862906012869,642.2605270675245,556.6159831207741,408.2760231346964,18.0,12.0,5.0,13.0,9.583333333333334,7.071067811865476,5.350587619952391
LATAM,Phones,2013,18,5,2,Spring,0.0,0.0,1353.14,23,0.8229838658936565,-0.5680647467311557,2013-18,2013-04-29,1094.8451624051472,78.336,968.124,1224.587290601287,674.3451937341912,113.10635922168173,449.2814398122367,13.0,3.0,14.0,18.0,10.333333333333334,4.082482904638634,6.527331813693901
LATAM,Phones,2013,19,5,2,Autumn,0.0,0.0,133.02,3,0.7485107481711013,-0.663122658240795,2013-19,2013-05-06,1353.14,1275.28,130.56,939.0222906012868,674.5501937341911,548.0690551726743,449.01124281370113,23.0,18.0,3.0,14.25,10.333333333333334,8.539125638299668,6.527331813693901
LATAM,Phones,2013,20,5,2,Spring,0.0,0.0,202.44,2,0.6631226582407952,-0.7485107481711012,2013-20,2013-05-13,133.02,1175.084,677.7505812025736,695.8612906012869,634.9409786339768,619.5316295968538,469.21338152289775,3.0,18.0,8.0,10.25,9.833333333333334,9.84462628374824,6.939129279060526
LATAM,Phones,2013,21,5,2,Spring,0.3333333333333333,0.13333333333333333,437.8505812025736,14,0.5680647467311558,-0.8229838658936564,2013-21,2013-05-20,202.44,1094.8451624051472,217.7,531.6126453006434,653.2868604008579,563.0065856587117,455.52057187117384,2.0,13.0,5.0,10.5,10.583333333333334,9.949874371066201,6.855102059227429
LATAM,Phones,2013,22,5,2,Spring,0.2,0.04,1854.8505812025735,23,0.46472317204376906,-0.8854560256532096,2013-22,2013-05-27,437.8505812025736,1353.14,456.896,657.0402906012869,769.7830755010723,809.1255176945175,566.072473105217,14.0,23.0,6.0,10.5,12.0,9.949874371066201,7.543811431172626
LATAM,Phones,2013,23,6,2,Spring,0.0,0.0,1334.02,18,0.35460488704253584,-0.9350162426854147,2013-23,2013-06-03,1854.8505812025735,133.02,456.66,957.2902906012869,842.8964088344056,771.8282024148838,578.4767635237037,23.0,3.0,9.0,14.25,12.75,8.95823643358446,7.664854858377937
LATAM,Phones,2013,24,6,2,Spring,0.0,0.0,1168.4,11,0.23931566428755768,-0.970941817426052,2013-24,2013-06-10,1334.02,202.44,557.28,1198.7802906012869,893.8230755010723,585.5638279785092,577.9464095664572,18.0,2.0,6.0,16.5,13.166666666666666,5.196152422706636,7.395739969534458
LATAM,Phones,2013,25,6,2,Spring,0.0,0.0,1263.0225812025735,23,0.12053668025532308,-0.992708874098054,2013-25,2013-06-17,1168.4,437.8505812025736,618.6105812025736,1405.0732906012868,947.5240755010724,307.43065980836815,579.9845895145978,11.0,14.0,12.0,18.75,14.083333333333334,5.678908345800278,7.902339507827383
LATAM,Phones,2013,26,6,2,Summer,0.125,0.05,1551.568,22,-3.216245299353273e-16,-1.0,2013-26,2013-06-24,1263.0225812025735,1854.8505812025735,78.336,1329.2526453006435,1070.2934088344057,162.99983588599164,533.3186670159236,23.0,23.0,3.0,18.5,15.666666666666666,5.446711546122735,7.364945637438476
LATAM,Phones,2013,27,7,3,Summer,1.0,0.4,275.76,5,-0.12053668025532283,-0.992708874098054,2013-27,2013-07-01,1551.568,1334.02,1275.28,1064.6876453006435,987.0000755010724,550.6215604896881,574.830195411658,22.0,18.0,18.0,15.25,14.583333333333334,8.732124598286493,7.925314256268068
LATAM,Phones,2013,28,7,3,Winter,0.0,0.0,143.7,3,-0.23931566428755743,-0.9709418174260521,2013-28,2013-07-08,275.76,1168.4,1175.084,808.5126453006434,901.0514088344056,703.4466993329903,619.5203910497595,5.0,11.0,18.0,13.25,13.333333333333334,10.719919153924003,8.499554355519123
LATAM,Phones,2013,29,7,3,Summer,0.0,0.0,667.5799999999999,6,-0.3546048870425356,-0.9350162426854148,2013-29,2013-07-15,143.7,1263.0225812025735,1094.8451624051472,659.652,865.4459786339767,634.8639062056266,619.648036762066,3.0,23.0,13.0,9.0,12.75,8.755950357709136,8.760707733967608
LATAM,Phones,2013,31,7,3,Summer,0.0,0.0,217.6,5,-0.5680647467311556,-0.8229838658936566,2013-31,2013-07-29,667.5799999999999,1551.568,1353.14,326.16,770.8176453006434,233.94066313205613,625.0821967779792,6.0,22.0,23.0,4.75,11.25,1.2583057392118167,8.378815277504652
LATAM,Phones,2013,32,8,3,Summer,0.7142857142857143,0.2571428571428572,2353.9585812025734,31,-0.663122658240795,-0.7485107481711013,2013-32,2013-08-05,217.6,275.76,133.02,845.7096453006434,955.8958604008579,1031.8081688309885,737.7180613300256,5.0,5.0,3.0,11.25,13.583333333333334,13.225606476327153,9.671498270065433
LATAM,Phones,2013,33,8,3,Winter,0.3333333333333333,0.13333333333333333,556.5625812025736,10,-0.7485107481711011,-0.6631226582407952,2013-33,2013-08-12,2353.9585812025734,143.7,202.44,948.9252906012869,985.4060755010723,956.0437396969447,711.4535964486928,31.0,3.0,2.0,13.0,14.25,12.192894105447923,9.056639954901991
LATAM,Phones,2013,35,8,3,Summer,0.0,0.0,1228.8705812025735,15,-0.8854560256532096,-0.4647231720437691,2013-35,2013-08-26,556.5625812025736,667.5799999999999,437.8505812025736,1089.2479359019303,1051.3244088344056,942.0741850991698,692.5016340685837,10.0,6.0,14.0,15.25,14.333333333333334,11.265729744080792,9.058730929915399
LATAM,Phones,2013,36,9,3,Summer,0.4,0.16,942.3251624051472,16,-0.9350162426854147,-0.3546048870425359,2013-36,2013-09-02,1228.8705812025735,217.6,1854.8505812025735,1270.4292265032168,975.28062393462,773.0935363082734,644.697130050096,15.0,5.0,23.0,18.0,13.75,9.055385138137417,8.666812353087854
LATAM,Phones,2013,37,9,3,Summer,0.0,0.0,183.72,2,-0.970941817426052,-0.23931566428755774,2013-37,2013-09-09,942.3251624051472,2353.9585812025734,1334.02,727.8695812025735,879.4222906012868,455.4990132744045,671.4696720311476,16.0,31.0,18.0,10.75,12.416666666666666,6.396613687465165,9.16969646898594
LATAM,Phones,2013,38,9,3,Summer,0.16666666666666666,0.06666666666666667,1300.4691624051472,24,-0.992708874098054,-0.12053668025532357,2013-38,2013-09-16,183.72,556.5625812025736,1168.4,913.8462265032169,890.428054135049,510.7553214071316,677.6902989894655,2.0,10.0,11.0,14.25,13.5,9.105858919765158,9.7374628018895
LATAM,Phones,2013,39,9,3,Autumn,0.0,0.0,1355.2505812025736,18,-1.0,-1.8369701987210297e-16,2013-39,2013-09-23,1300.4691624051472,1228.8705812025735,1263.0225812025735,945.441226503217,898.1137208017157,539.8201796990415,682.8037133887532,24.0,15.0,23.0,15.0,13.083333333333334,9.30949336251263,9.394953513197997
LATAM,Phones,2013,40,10,4,Autumn,0.0,0.0,731.72,7,-0.992708874098054,0.1205366802553232,2013-40,2013-09-30,1355.2505812025736,942.3251624051472,1551.568,892.7899359019302,829.7930541350491,550.3925564012071,651.7878792274881,18.0,16.0,22.0,12.75,11.833333333333334,10.04572877727976,9.093787423124073
LATAM,Phones,2013,41,10,4,Spring,0.0,0.0,1733.9891624051472,36,-0.9709418174260521,0.23931566428755738,2013-41,2013-10-07,731.72,183.72,275.76,1280.3572265032171,951.3121510021447,413.44013839939157,674.6391035807341,7.0,2.0,5.0,21.25,14.416666666666666,12.093386622447827,11.147428022425235
LATAM,Phones,2013,42,10,4,Autumn,0.4,0.12000000000000002,1214.8345812025736,18,-0.9350162426854148,0.35460488704253557,2013-42,2013-10-14,1733.9891624051472,1300.4691624051472,143.7,1258.9485812025737,1040.5733661023592,414.2678887009224,627.2677427035741,36.0,24.0,3.0,19.75,15.666666666666666,12.010412149464317,10.577276959538677
LATAM,Phones,2013,43,10,4,Autumn,0.0,0.0,667.0,7,-0.8854560256532101,0.464723172043768,2013-43,2013-10-21,1214.8345812025736,1355.2505812025736,667.5799999999999,1086.8859359019302,1040.5250327690258,495.83615666820094,627.2991175792059,18.0,18.0,6.0,17.0,15.75,13.686976778431875,10.497835274690935
LATAM,Phones,2013,44,10,4,Autumn,0.5,0.2,1047.8905812025737,22,-0.822983865893657,0.5680647467311548,2013-44,2013-10-28,667.0,731.72,217.6,1165.9285812025737,1109.715914535907,442.69903973129044,571.5963385261758,7.0,7.0,5.0,20.75,17.166666666666668,11.982626312012464,10.052890433134438
LATAM,Phones,2013,45,11,4,Autumn,0.4,0.12000000000000002,931.2560000000001,15,-0.7485107481711011,0.6631226582407952,2013-45,2013-11-04,1047.8905812025737,1733.9891624051472,2353.9585812025734,965.2452906012869,991.1573661023591,230.38415981634483,416.585764502143,22.0,36.0,31.0,15.5,15.833333333333334,6.35085296108589,9.063747301834656
LATAM,Phones,2013,46,11,4,Autumn,0.5714285714285714,0.2285714285714286,1371.0917436077207,28,-0.6631226582407955,0.7485107481711007,2013-46,2013-11-11,931.2560000000001,1214.8345812025736,556.5625812025736,1004.3095812025736,1059.034796302788,291.85786353244646,405.54901607407015,15.0,18.0,10.0,18.0,17.333333333333332,9.05538513813742,9.490026662797419
LATAM,Phones,2013,47,11,4,Autumn,0.16666666666666666,0.03333333333333333,1706.3519999999999,18,-0.5680647467311559,0.8229838658936564,2013-47,2013-11-18,1371.0917436077207,667.0,1228.8705812025735,1264.1475812025735,1098.824914535907,348.59991239292236,445.2115304280442,28.0,7.0,15.0,20.75,17.583333333333332,5.619905100029129,9.462445708582884
LATAM,Phones,2013,48,11,4,Spring,0.5,0.2,526.012,9,-0.4647231720437684,0.88545602565321,2013-48,2013-11-25,1706.3519999999999,1047.8905812025737,942.3251624051472,1133.6779359019301,1064.1321510021446,514.6369042246572,473.8167831201607,18.0,22.0,16.0,17.5,17.0,7.9372539331937775,9.779384624625596
LATAM,Phones,2013,49,12,4,Autumn,0.16666666666666666,0.06666666666666667,1244.833162405147,18,-0.35460488704253595,0.9350162426854147,2013-49,2013-12-02,526.012,931.2560000000001,183.72,1212.0722265032168,1152.5582478692402,497.1088461021382,385.32430122191977,9.0,15.0,2.0,18.25,18.333333333333332,7.762087348130017,8.563488385776743
LATAM,Phones,2013,50,12,4,Spring,0.0,0.0,246.4905812025736,6,-0.2393156642875578,0.970941817426052,2013-50,2013-12-09,1244.833162405147,1371.0917436077207,1300.4691624051472,930.92193590193,1064.7266994356926,666.3908707656971,461.1971965706488,18.0,28.0,24.0,12.75,16.833333333333332,6.1846584384264975,9.04366511918031
LATAM,Phones,2013,51,12,4,Autumn,0.16666666666666666,0.06666666666666667,1547.36,21,-0.12053668025532363,0.992708874098054,2013-51,2013-12-16,246.4905812025736,1706.3519999999999,1355.2505812025736,891.1739359019301,1080.7358176688113,606.798941568356,475.31680056648526,6.0,18.0,18.0,13.5,17.083333333333332,7.141428428542856,9.119991360974103
LATAM,Phones,2013,52,12,4,Winter,0.0,0.0,1005.46,14,6.432490598706546e-16,1.0,2013-52,2013-12-23,1547.36,526.012,731.72,1011.0359359019301,1103.547484335478,555.8373069237721,463.46487677235,21.0,9.0,7.0,14.75,17.666666666666668,6.500000000000006,8.626948616065954
LATAM,Phones,2014,1,12,4,Winter,0.0,0.0,135.96,3,0.12053668025532305,0.992708874098054,2014-1,2013-12-30,1005.46,1244.833162405147,1733.9891624051472,733.8176453006433,970.3783874683822,665.9735137884633,494.40113839309663,14.0,18.0,36.0,11.0,14.916666666666666,8.124038404635964,7.427936619562816
LATAM,Phones,2014,2,1,1,Summer,0.0,0.0,1007.2505812025736,20,0.23931566428755774,0.970941817426052,2014-2,2014-01-06,135.96,246.4905812025736,1214.8345812025736,924.0076453006434,953.0797208017157,583.9951831527276,488.6686127244775,3.0,6.0,18.0,14.5,15.083333333333334,8.2663978450915,7.525210155124422
LATAM,Phones,2014,3,1,1,Winter,0.0,0.0,771.78,8,0.3546048870425356,0.9350162426854148,2014-3,2014-01-13,1007.2505812025736,1547.36,667.0,730.1126453006434,961.8113874683823,411.24815526285687,484.0060313071032,20.0,21.0,7.0,11.25,15.166666666666666,7.3654599313281235,7.432524755587706
LATAM,Phones,2014,4,1,1,Winter,0.0,0.0,227.1,5,0.4647231720437685,0.8854560256532099,2014-4,2014-01-20,771.78,1005.46,1047.8905812025737,535.5226453006434,893.412172368168,421.55253480980866,526.8370444561375,8.0,14.0,22.0,9.0,13.75,7.615773105863914,7.629190353801987
LATAM,Phones,2014,5,1,1,Summer,0.0,0.0,48.86,1,0.5680647467311558,0.8229838658936564,2014-5,2014-01-27,227.1,135.96,931.2560000000001,513.7476453006434,819.8791723681678,450.33810969281615,579.9749976600108,5.0,3.0,15.0,8.5,12.583333333333334,8.185352771872456,8.447251659922324
LATAM,Phones,2014,6,2,1,Winter,0.0,0.0,824.8211624051471,16,0.6631226582407952,0.7485107481711011,2014-6,2014-02-03,48.86,1007.2505812025736,1371.0917436077207,468.1402906012868,774.3566239346201,388.7221377858251,553.6164140203621,1.0,20.0,28.0,7.5,11.583333333333334,6.350852961085891,7.0512195377606
LATAM,Phones,2014,7,2,1,Summer,0.5,0.2,263.108,5,0.7485107481711011,0.6631226582407953,2014-7,2014-02-10,824.8211624051471,771.78,1706.3519999999999,340.9722906012868,654.0862906012868,335.8913849167221,485.29117876954456,16.0,8.0,18.0,6.75,10.5,6.448514040717708,6.973977605094777
LATAM,Phones,2014,8,2,1,Winter,1.0,0.4,218.592,3,0.8229838658936564,0.5680647467311559,2014-8,2014-02-17,263.108,227.1,526.012,338.8452906012868,628.4679572679535,336.87832018336235,500.5414772847897,5.0,5.0,9.0,6.25,10.0,6.701989754294373,7.298816840606914
LATAM,Phones,2014,11,3,1,Winter,0.5,0.1,498.17999999999995,8,0.970941817426052,0.23931566428755804,2014-11,2014-03-10,218.592,48.86,1244.833162405147,451.17529060128675,566.2468604008578,277.65984770503667,461.87077908199933,3.0,1.0,18.0,8.0,9.166666666666666,5.715476066494089,6.860073327640594
LATAM,Phones,2014,12,3,1,Winter,0.0,0.0,953.32,12,0.992708874098054,0.120536680255323,2014-12,2014-03-17,498.17999999999995,824.8211624051471,246.4905812025736,483.3,625.14931196731,336.49916142936473,462.4557309500397,8.0,16.0,6.0,7.0,9.666666666666666,3.9157800414902546,6.8268631600509195
LATAM,Phones,2014,13,3,1,Autumn,0.3333333333333333,0.13333333333333333,307.8,7,1.0,-1.6081226496766366e-16,2014-13,2014-03-24,953.32,263.108,1547.36,494.473,521.8526453006434,327.3690304778371,366.14874654049777,12.0,5.0,21.0,7.5,8.5,3.6968455021364837,5.838742081211406
LATAM,Phones,2014,14,4,2,Spring,1.0,0.2,357.552,9,0.992708874098054,-0.12053668025532288,2014-14,2014-03-31,307.8,218.592,1005.46,529.213,467.86031196731005,294.00737520681196,334.77950876068746,7.0,3.0,14.0,9.0,8.083333333333334,2.1602468994693065,5.583389868551384
LATAM,Phones,2014,15,4,2,Autumn,0.125,0.05,2149.08,25,0.9709418174260521,-0.2393156642875575,2014-15,2014-04-07,357.552,498.17999999999995,135.96,941.938,635.62031196731,856.5355330492717,572.9882852595329,9.0,8.0,3.0,13.25,9.916666666666666,8.0983537421709,7.153617436251553
LATAM,Phones,2014,16,4,2,Autumn,0.0,0.0,496.6,8,0.9350162426854148,-0.35460488704253545,2014-16,2014-04-14,2149.08,953.32,1007.2505812025736,827.7579999999999,593.0660968670956,884.4974944091135,561.7309758032292,25.0,12.0,20.0,12.25,8.916666666666666,8.53912563829967,6.416715859709097
LATAM,Phones,2014,17,4,2,Autumn,0.375,0.15000000000000002,2162.9585812025734,34,0.8854560256532099,-0.4647231720437685,2014-17,2014-04-21,496.6,307.8,771.78,1291.5476453006431,708.9976453006434,999.8347168032835,722.5146017448022,8.0,7.0,8.0,19.0,11.083333333333334,12.675435561221033,9.652680582317135
LATAM,Phones,2014,18,4,2,Spring,0.0,0.0,770.98,9,0.8229838658936565,-0.5680647467311557,2014-18,2014-04-28,2162.9585812025734,357.552,227.1,1394.9046453006433,754.3209786339767,885.9873048135996,706.4164921562267,34.0,9.0,5.0,19.0,11.416666666666666,12.675435561221033,9.491224016602557
LATAM,Phones,2014,19,5,2,Spring,0.3333333333333333,0.13333333333333333,588.6691624051472,16,0.7485107481711013,-0.663122658240795,2014-19,2014-05-05,770.98,2149.08,48.86,1004.8019359019302,799.3050755010723,780.477461898711,673.8457719744802,9.0,25.0,1.0,16.75,12.666666666666666,12.038133853162904,8.967956424082482
LATAM,Phones,2014,20,5,2,Autumn,0.0,0.0,184.76,2,0.6631226582407952,-0.7485107481711012,2014-20,2014-05-12,588.6691624051472,496.6,824.8211624051471,926.8419359019301,745.9666453006434,859.7138532052156,696.590664332262,16.0,8.0,16.0,15.25,11.5,13.744695946679458,9.395356686828185
LATAM,Phones,2014,21,5,2,Autumn,0.3333333333333333,0.13333333333333333,735.2305812025736,11,0.5680647467311558,-0.8229838658936564,2014-21,2014-05-19,184.76,2162.9585812025734,263.108,569.9099359019302,785.3101937341912,268.60905181029744,679.9740572640931,2.0,34.0,5.0,9.5,12.0,5.80229839517641,9.175065023301906
LATAM,Phones,2014,23,6,2,Spring,0.2857142857142857,0.08571428571428573,2124.86,25,0.35460488704253584,-0.9350162426854147,2014-23,2014-06-02,735.2305812025736,770.98,218.592,908.3799359019303,944.1658604008579,843.7308488108977,754.1650773264073,11.0,9.0,3.0,13.5,13.833333333333334,9.609023536933053,9.408249120593657
LATAM,Phones,2014,24,6,2,Spring,0.5,0.20000000000000004,1237.6905812025736,19,0.23931566428755768,-0.970941817426052,2014-24,2014-06-09,2124.86,588.6691624051472,498.17999999999995,1070.635290601287,1005.7917421677389,823.92729404348,744.5617982073805,25.0,16.0,8.0,14.25,14.75,9.979144919948473,9.323723407620907
LATAM,Phones,2014,25,6,2,Spring,0.6,0.2,1614.5825812025737,19,0.12053668025532308,-0.992708874098054,2014-25,2014-06-16,1237.6905812025736,184.76,953.32,1428.0909359019302,1060.8969572679534,587.8134705938623,764.5277193404862,19.0,2.0,12.0,18.5,15.333333333333334,5.744562646538036,9.354953314429277
LATAM,Phones,2014,26,6,2,Summer,0.14285714285714285,0.014285714285714287,1430.5611624051471,27,-3.216245299353273e-16,-1.0,2014-26,2014-06-23,1614.5825812025737,735.2305812025736,307.8,1601.9235812025736,1154.4603874683824,381.0745794245477,731.9945467943072,19.0,11.0,7.0,22.5,17.0,4.12310562561767,9.515537533185098
LATAM,Phones,2014,27,7,3,Summer,1.0,0.4000000000000001,257.304,6,-0.12053668025532283,-0.992708874098054,2014-27,2014-06-30,1430.5611624051471,2124.86,357.552,1135.0345812025735,1146.1063874683823,605.0486129272289,742.4140792447112,27.0,25.0,9.0,17.75,16.75,8.693867570496655,9.780546554722322
LATAM,Phones,2014,28,7,3,Summer,0.3333333333333333,0.06666666666666667,969.692,12,-0.23931566428755743,-0.9709418174260521,2014-28,2014-07-07,257.304,1237.6905812025736,2149.08,1068.03493590193,1047.8240541350492,604.730126297831,672.3242101974777,6.0,19.0,25.0,16.0,15.666666666666666,9.05538513813742,9.499601267549288
LATAM,Phones,2014,30,7,3,Summer,1.0,0.30000000000000004,587.592,9,-0.46472317204376806,-0.8854560256532101,2014-30,2014-07-21,969.692,1614.5825812025737,496.6,811.2872906012868,1055.4067208017157,505.1498951008692,666.0257914460859,12.0,19.0,8.0,13.5,15.75,9.32737905308882,9.43036681056564
LATAM,Phones,2014,31,7,3,Summer,0.4,0.08,1152.389162405147,18,-0.5680647467311556,-0.8229838658936566,2014-31,2014-07-28,587.592,1430.5611624051471,2162.9585812025734,741.7442906012868,971.1926025685967,399.59758625163965,570.257052211769,9.0,27.0,34.0,11.25,14.416666666666666,5.123475382979806,7.561365116448369
LATAM,Phones,2014,32,8,3,Summer,0.4,0.08,1130.908,16,-0.663122658240795,-0.7485107481711013,2014-32,2014-08-04,1152.389162405147,257.304,770.98,960.1452906012867,1001.1866025685969,261.40945096758253,568.2310992007003,18.0,6.0,9.0,13.75,15.0,4.031128874149284,7.37317003490603
LATAM,Phones,2014,33,8,3,Summer,0.0,0.0,1028.32,16,-0.7485107481711011,-0.6631226582407952,2014-33,2014-08-11,1130.908,969.692,588.6691624051472,974.8022906012867,1037.8241723681679,263.75622830609734,553.1899433496059,16.0,12.0,16.0,14.75,15.0,3.9475730941090132,7.37317003490603
LATAM,Phones,2014,34,8,3,Summer,0.3333333333333333,0.06666666666666667,537.472,8,-0.8229838658936564,-0.5680647467311559,2014-34,2014-08-18,1028.32,587.592,184.76,962.2722906012866,1067.2168390348345,288.3285245691376,511.5464002436469,16.0,9.0,2.0,14.5,15.5,4.434711565216698,6.571287406727696
LATAM,Phones,2014,35,8,3,Summer,0.0,0.0,1326.9611624051472,19,-0.8854560256532096,-0.4647231720437691,2014-35,2014-08-25,537.472,1152.389162405147,735.2305812025736,1005.9152906012869,1116.5277208017158,335.9735687608649,505.11478416752624,8.0,18.0,11.0,14.75,16.166666666666668,4.71699056602831,6.478402347006304
LATAM,Phones,2014,36,9,3,Spring,0.0,0.0,506.3,11,-0.9350162426854147,-0.3546048870425359,2014-36,2014-09-01,1326.9611624051472,1130.908,2124.86,849.7632906012867,981.6477208017158,397.9502437497727,420.37676933829476,19.0,16.0,25.0,13.5,15.0,4.932882862316255,5.984829305684636
LATAM,Phones,2014,37,9,3,Summer,0.0,0.0,1230.4423248102944,14,-0.970941817426052,-0.23931566428755774,2014-37,2014-09-08,506.3,1028.32,1237.6905812025736,900.2938718038604,981.0436994356925,438.9054034640561,419.98044767390667,11.0,16.0,19.0,13.0,14.583333333333334,4.690415759823437,5.853644293527866
LATAM,Phones,2014,38,9,3,Summer,0.0,0.0,1074.7305812025736,13,-0.992708874098054,-0.12053668025532357,2014-38,2014-09-15,1230.4423248102944,537.472,1614.5825812025737,1034.6085171045038,936.0560327690258,367.2150227171552,372.13614028783053,14.0,8.0,19.0,14.25,14.083333333333334,3.4034296427770334,5.696224161404601
LATAM,Phones,2014,39,9,3,Spring,0.2857142857142857,0.1142857142857143,1526.6545812025736,21,-1.0,-1.8369701987210297e-16,2014-39,2014-09-22,1074.7305812025736,1326.9611624051472,1430.5611624051471,1084.5318718038602,944.0638176688113,428.6453519829843,384.57062275394463,13.0,19.0,27.0,14.75,13.583333333333334,4.349329450233305,4.621261798043956
LATAM,Phones,2014,40,10,4,Autumn,0.0,0.0,2189.931743607721,32,-0.992708874098054,0.1205366802553232,2014-40,2014-09-29,1526.6545812025736,506.3,257.304,1505.4398077057906,1105.1161296361213,493.32657551333875,466.72299339286496,21.0,11.0,6.0,20.0,15.75,8.755950357709136,6.4684549230020085
LATAM,Phones,2014,41,10,4,Autumn,0.3333333333333333,0.13333333333333333,1387.9665812025737,16,-0.9709418174260521,0.23931566428755738,2014-41,2014-10-06,2189.931743607721,1230.4423248102944,969.692,1544.8208718038604,1139.9723447363358,469.78229029746194,471.28635306784224,32.0,14.0,12.0,20.5,16.083333333333332,8.346656017032615,6.359793211808817
LATAM,Phones,2014,42,10,4,Autumn,0.3333333333333333,0.10000000000000002,1387.9625812025736,26,-0.9350162426854148,0.35460488704253557,2014-42,2014-10-13,1387.9665812025737,1074.7305812025736,587.592,1623.1288718038604,1206.6698931698836,383.4828424619727,441.71272533945097,16.0,13.0,9.0,23.75,17.5,6.8495741960115115,6.529652642856544
LATAM,Phones,2014,43,10,4,Autumn,0.5,0.13333333333333333,1189.1185812025735,21,-0.8854560256532101,0.464723172043768,2014-43,2014-10-20,1387.9625812025736,1526.6545812025736,1152.389162405147,1538.7448718038604,1209.730678069669,444.129214367821,441.42956598305227,26.0,21.0,18.0,23.75,17.75,6.8495741960115115,6.607502622707819
LATAM,Phones,2014,44,10,4,Autumn,0.5,0.2,458.69858120257356,11,-0.822983865893657,0.5680647467311548,2014-44,2014-10-27,1189.1185812025735,2189.931743607721,1130.908,1105.9365812025735,1153.713226503217,441.55628533027027,492.0865977327714,21.0,32.0,16.0,18.5,17.333333333333332,6.454972243679034,6.879922480183417
LATAM,Phones,2014,45,11,4,Autumn,0.375,0.125,1900.4331624051472,19,-0.7485107481711011,0.6631226582407952,2014-45,2014-11-03,458.69858120257356,1387.9665812025737,1028.32,1234.053226503217,1226.3893233703127,597.4792204961932,534.4603767183246,11.0,16.0,16.0,19.25,17.583333333333332,6.238322424070973,6.881573991904788
LATAM,Phones,2014,46,11,4,Autumn,0.4444444444444444,0.17777777777777778,1869.2811624051471,36,-0.6631226582407955,0.7485107481711007,2014-46,2014-11-10,1900.4331624051472,1387.9625812025736,537.472,1354.3828718038603,1337.3734202374083,681.3843271135013,516.370201790594,19.0,26.0,8.0,21.75,19.916666666666668,10.43631480296885,7.993842327161257
LATAM,Phones,2014,47,11,4,Autumn,0.5,0.20000000000000004,2580.1943248102943,41,-0.5680647467311559,0.8229838658936564,2014-47,2014-11-17,1869.2811624051471,1189.1185812025735,1326.9611624051472,1702.1518077057904,1441.8095171045036,891.5122555089777,628.6083217606428,36.0,21.0,19.0,26.75,21.75,14.103781998693355,10.02836885132281
LATAM,Phones,2014,48,11,4,Autumn,0.23076923076923078,0.07692307692307693,4200.557162405147,69,-0.4647231720437684,0.88545602565321,2014-48,2014-11-24,2580.1943248102943,458.69858120257356,506.3,2637.616453006434,1749.664280638266,1092.3765047863064,950.8297090984968,41.0,11.0,11.0,41.25,26.583333333333332,20.758532382292028,16.35658518113969
LATAM,Phones,2014,49,12,4,Autumn,0.3333333333333333,0.13333333333333333,853.304,9,-0.35460488704253595,0.9350162426854147,2014-49,2014-12-01,4200.557162405147,1900.4331624051472,1230.4423248102944,2375.8341624051473,1718.236086904075,1407.8436395127728,975.4656710656436,69.0,19.0,14.0,38.75,26.166666666666668,24.581497106563713,16.76486224400922
LATAM,Phones,2014,50,12,4,Autumn,0.14285714285714285,0.028571428571428574,1692.7625812025735,29,-0.2393156642875578,0.970941817426052,2014-50,2014-12-08,853.304,1869.2811624051471,1074.7305812025736,2331.704517104504,1769.7387535707414,1431.5809769633306,954.4910732113765,9.0,36.0,13.0,37.0,27.5,25.08651696296904,16.250874102364733
LATAM,Phones,2014,51,12,4,Autumn,0.2,0.08,1670.216,25,-0.12053668025532363,0.992708874098054,2014-51,2014-12-15,1692.7625812025735,2580.1943248102943,1526.6545812025736,2104.2099359019303,1781.7022051371935,1451.1003889728154,952.063914526753,29.0,41.0,21.0,33.0,27.833333333333332,25.508168626278657,16.146113145180465
LATAM,Phones,2014,52,12,4,Winter,0.4,0.12000000000000002,1373.7291624051472,17,6.432490598706546e-16,1.0,2014-52,2014-12-22,1670.216,4200.557162405147,2189.931743607721,1397.5029359019302,1713.6853233703125,390.84026899996314,949.3997033454519,25.0,69.0,32.0,20.0,26.583333333333332,8.869423130433384,16.373250542678843
US,Accessories,2011,16,4,2,Spring,1.0,0.2,227.976,3,0.9350162426854148,-0.35460488704253545,2011-16,2011-04-18,937.36,111.78,427.64058120257357,604.5509999999999,380.6786666666667,393.14446186442274,311.3473223714616,16.0,7.0,14.0,9.75,7.5,5.852349955359813,4.738622738153508
US,Accessories,2011,17,4,2,Spring,0.0,0.0,207.76999999999998,5,0.8854560256532099,-0.4647231720437685,2011-17,2011-04-25,227.976,302.274,468.9,580.925,358.91783333333336,419.33229838717,313.7371081844953,3.0,7.0,6.0,9.25,7.416666666666667,6.238322424070968,4.7760450228830615
US,Accessories,2011,19,5,2,Spring,0.4,0.08,490.716,14,0.7485107481711013,-0.663122658240795,2011-19,2011-05-09,207.76999999999998,950.594,349.81,465.95550000000003,370.66,339.67105647032486,315.9939536164922,5.0,13.0,10.0,9.5,7.75,6.454972243679029,5.101247619232699
US,Accessories,2011,20,5,2,Spring,0.5,0.1,77.184,5,0.6631226582407952,-0.7485107481711012,2011-20,2011-05-16,490.716,937.36,239.97,250.9115,357.0945,173.2769158110797,325.4666550350854,14.0,16.0,3.0,6.75,7.916666666666667,4.924428900898053,4.962739956796837
US,Accessories,2011,21,5,2,Spring,0.0,0.0,127.59,5,0.5680647467311558,-0.8229838658936564,2011-21,2011-05-23,77.184,227.976,62.31,225.815,362.53450000000004,184.6054230081013,320.6007528229408,5.0,3.0,3.0,7.25,8.083333333333334,4.5,4.813963276162628
US,Accessories,2011,23,6,2,Spring,1.0,0.2,63.984,2,0.35460488704253584,-0.9350162426854147,2011-23,2011-06-06,127.59,207.76999999999998,631.1700000000001,189.8685,315.269,202.42902764425864,319.2024591389667,5.0,5.0,6.0,6.5,7.75,5.196152422706632,5.101247619232699
US,Accessories,2011,25,6,2,Summer,1.0,0.20000000000000004,379.096,13,0.12053668025532308,-0.992708874098054,2011-25,2011-06-20,63.984,490.716,32.96,161.9635,344.1136666666667,147.32685441900955,306.7696272198506,2.0,14.0,2.0,6.25,8.666666666666666,4.7169905660283025,4.9604496374885825
US,Accessories,2011,26,6,2,Summer,0.0,0.0,223.96,4,-3.216245299353273e-16,-1.0,2011-26,2011-06-27,379.096,77.184,253.04000000000002,198.6575,341.6903333333334,137.09584232329348,307.6680126888052,13.0,5.0,14.0,6.0,7.833333333333333,4.8304589153964805,4.821039747028046
US,Accessories,2011,27,7,3,Summer,0.0,0.0,479.97,3,-0.12053668025532283,-0.992708874098054,2011-27,2011-07-04,223.96,127.59,111.78,286.7525,372.37283333333335,182.05221498881392,300.941127059712,4.0,5.0,7.0,5.5,7.5,5.066228051190222,5.018148879997303
US,Accessories,2011,28,7,3,Summer,0.5,0.1,26.81,7,-0.23931566428755743,-0.9709418174260521,2011-28,2011-07-11,479.97,63.984,302.274,277.459,349.41749999999996,197.50767840938906,316.8592516504048,3.0,2.0,7.0,6.75,7.5,4.5,5.018148879997303
US,Accessories,2011,29,7,3,Summer,0.3333333333333333,0.06666666666666667,1072.4305812025736,27,-0.3546048870425356,-0.9350162426854148,2011-29,2011-07-18,26.81,379.096,950.594,450.7926453006434,359.5705484335478,454.0555670362688,339.0488510858337,7.0,13.0,13.0,10.25,8.666666666666666,11.29527924990495,7.450849046595396
US,Accessories,2011,30,7,3,Summer,0.25,0.05,952.0360000000001,21,-0.46472317204376806,-0.8854560256532101,2011-30,2011-07-25,1072.4305812025736,223.96,937.36,632.8116453006435,360.7935484335478,478.1100152621989,341.3412142309484,27.0,4.0,16.0,14.5,9.083333333333334,11.357816691600549,8.016554840774901
US,Accessories,2011,31,8,3,Summer,0.0,0.0,555.87,17,-0.5680647467311556,-0.8229838658936566,2011-31,2011-08-01,952.0360000000001,479.97,227.976,651.7866453006434,388.1180484335478,471.48234531295805,342.86319177825555,21.0,3.0,3.0,18.0,10.25,8.40634680861233,8.069302098920101
US,Accessories,2011,32,8,3,Summer,0.6666666666666666,0.13333333333333333,527.514,23,-0.663122658240795,-0.7485107481711013,2011-32,2011-08-08,555.87,26.81,207.76999999999998,776.9626453006433,414.76338176688114,276.32020382169867,339.9856919874577,17.0,7.0,5.0,22.0,11.75,4.163331998932268,8.65631666367504
US,Accessories,2011,33,8,3,Summer,0.0,0.0,339.96,4,-0.7485107481711011,-0.6631226582407952,2011-33,2011-08-15,527.514,1072.4305812025736,490.716,593.845,402.2003817668812,257.29379309264294,339.70920403906297,23.0,27.0,14.0,16.25,10.916666666666666,8.539125638299666,8.897990920665316
US,Accessories,2011,34,8,3,Summer,0.0,0.0,421.87,16,-0.8229838658936564,-0.5680647467311559,2011-34,2011-08-22,339.96,952.0360000000001,77.184,461.3035,430.9242151002145,99.34099379913496,323.9355040528423,4.0,21.0,5.0,15.0,11.833333333333334,7.9582242575422155,8.799104637645947
US,Accessories,2011,35,9,3,Summer,0.5,0.1,1165.44,22,-0.8854560256532096,-0.4647231720437691,2011-35,2011-08-29,421.87,555.87,127.59,613.696,517.4117151002145,375.7558563003373,370.75071985305516,16.0,17.0,5.0,16.25,13.25,8.732124598286491,8.965844279060596
US,Accessories,2011,36,9,3,Summer,0.4,0.08,278.222,19,-0.9350162426854147,-0.3546048870425359,2011-36,2011-09-05,1165.44,527.514,63.984,551.373,535.2648817668811,413.58442623322566,351.59471234718944,22.0,23.0,2.0,15.25,14.666666666666666,7.8898669190297515,8.348471099367218
US,Accessories,2011,37,9,3,Summer,0.5,0.1,891.46,31,-0.970941817426052,-0.23931566428755774,2011-37,2011-09-12,278.222,339.96,379.096,689.248,577.9618817668811,411.5344786560008,361.86600937719265,19.0,4.0,13.0,22.0,16.166666666666668,6.480740698407862,9.552090045766121
US,Accessories,2011,38,9,3,Summer,0.0,0.0,59.98,2,-0.992708874098054,-0.12053668025532357,2011-38,2011-09-19,891.46,421.87,223.96,598.7755,564.2968817668811,516.3422667452921,379.1334865683956,31.0,16.0,4.0,18.5,16.0,12.124355652982143,9.797958971132712
US,Accessories,2011,39,9,3,Autumn,1.0,0.20000000000000004,164.13600000000002,14,-1.0,-1.8369701987210297e-16,2011-39,2011-09-26,59.98,1165.44,479.97,348.4495,537.9773817668812,372.81739210995323,396.10252602503033,2.0,22.0,3.0,16.5,16.916666666666668,12.013880860626733,8.948929172439199
US,Accessories,2011,40,10,4,Autumn,0.5,0.1,275.03000000000003,11,-0.992708874098054,0.1205366802553232,2011-40,2011-10-03,164.13600000000002,278.222,26.81,347.65150000000006,558.6623817668811,373.02117794525634,372.77633131229067,14.0,19.0,7.0,14.5,17.25,12.124355652982143,8.614206025777735
US,Accessories,2011,41,10,4,Autumn,0.0,0.0,750.71,15,-0.9709418174260521,0.23931566428755738,2011-41,2011-10-10,275.03000000000003,891.46,1072.4305812025736,312.46400000000006,531.8523333333334,305.0738854288689,342.83355431498023,11.0,31.0,27.0,10.5,16.25,5.916079783099618,8.058028181994535
US,Accessories,2011,42,10,4,Autumn,1.0,0.2,439.944,7,-0.9350162426854148,0.35460488704253557,2011-42,2011-10-17,750.71,59.98,952.0360000000001,407.45500000000004,489.17799999999994,255.35599107389908,316.647631646972,15.0,2.0,21.0,11.75,15.083333333333334,3.5939764421413063,8.317105411394182
US,Accessories,2011,43,10,4,Autumn,0.5,0.1,42.756,5,-0.8854560256532101,0.464723172043768,2011-43,2011-10-24,439.944,164.13600000000002,555.87,377.11,446.4185,297.62280113817434,340.56466880768915,7.0,14.0,17.0,9.5,14.083333333333334,4.434711565216692,8.774532707923779
US,Accessories,2011,44,11,4,Autumn,0.375,0.07500000000000001,1148.0765812025736,38,-0.822983865893657,0.5680647467311548,2011-44,2011-10-31,42.756,275.03000000000003,527.514,595.3716453006434,498.1320484335478,468.74106390266553,396.5170315886434,5.0,11.0,23.0,16.25,15.333333333333334,15.129992289048486,10.957217076457233
US,Accessories,2011,45,11,4,Autumn,0.5,0.1,320.616,13,-0.7485107481711011,0.6631226582407952,2011-45,2011-11-07,1148.0765812025736,750.71,339.96,487.84814530064335,496.5200484335478,470.5564092790146,397.25715140383204,38.0,15.0,4.0,15.75,16.083333333333332,15.217862311551295,10.405054133215812
US,Accessories,2011,46,11,4,Autumn,0.25,0.05,422.9665812025736,8,-0.6631226582407955,0.7485107481711007,2011-46,2011-11-14,320.616,439.944,421.87,483.60379060128673,496.6114302004289,471.208642739162,397.2385441290453,13.0,7.0,16.0,16.0,15.416666666666666,15.033296378372908,10.663943781251705
US,Accessories,2011,47,11,4,Autumn,0.4,0.08,266.986,19,-0.5680647467311559,0.8229838658936564,2011-47,2011-11-21,422.9665812025736,42.756,1165.44,539.6612906012867,421.7402635337623,410.73895784638216,340.3088107744142,8.0,5.0,22.0,19.5,15.166666666666666,13.12757911167681,10.529899708866548
US,Accessories,2011,48,12,4,Autumn,0.4,0.08,487.88,21,-0.4647231720437684,0.88545602565321,2011-48,2011-11-28,266.986,1148.0765812025736,278.222,374.6121453006434,439.2117635337623,99.4429974729104,337.64221066129824,19.0,38.0,19.0,15.25,15.333333333333334,5.909032633745278,10.611600284879776
US,Accessories,2011,49,12,4,Autumn,1.0,0.2,512.664,17,-0.35460488704253595,0.9350162426854147,2011-49,2011-12-05,487.88,320.616,891.46,422.62414530064336,407.64543020042896,110.43678665764072,307.91593443613647,21.0,13.0,31.0,16.25,14.166666666666666,5.737304826019501,9.437192700194588
US,Accessories,2011,50,12,4,Autumn,0.6,0.12000000000000002,1113.924,15,-0.2393156642875578,0.970941817426052,2011-50,2011-12-12,512.664,422.9665812025736,59.98,595.3634999999999,495.4740968670956,362.9181196629158,347.50096402963925,17.0,8.0,2.0,18.0,15.25,2.5819888974716094,8.624752960889001
US,Accessories,2011,51,12,4,Autumn,0.8,0.16,896.01,23,-0.12053668025532363,0.992708874098054,2011-51,2011-12-19,1113.924,266.986,164.13600000000002,752.6195,556.4635968670956,304.83187828211095,348.2858760423942,15.0,19.0,14.0,19.0,16.0,3.651483716701106,8.89330698283316
US,Accessories,2011,52,12,4,Winter,0.25,0.05,1136.5125812025735,30,6.432490598706546e-16,1.0,2011-52,2011-12-26,896.01,487.88,275.03000000000003,914.7776453006434,628.2538119673101,289.1788723475352,372.91718565560245,23.0,21.0,11.0,21.25,17.583333333333332,6.751543033509697,9.58652779433279
US,Accessories,2012,1,1,1,Winter,1.0,0.2,487.984,7,0.12053668025532305,0.992708874098054,2012-1,2012-01-02,1136.5125812025735,512.664,750.71,908.6076453006434,606.3599786339768,300.65396331364957,372.7865004183493,30.0,17.0,15.0,18.75,16.916666666666668,9.945685831890462,10.049498706026295
US,Accessories,2012,2,1,1,Winter,1.0,0.2,10.384,2,0.23931566428755774,0.970941817426052,2012-2,2012-01-09,487.984,1113.924,439.944,632.7226453006434,570.5633119673101,493.75405332977954,409.0769872937287,7.0,15.0,7.0,15.5,16.5,13.178264933847197,10.587299423880909
US,Accessories,2012,5,2,1,Winter,0.0,0.0,149.97,3,0.5680647467311558,0.8229838658936564,2012-5,2012-01-30,10.384,896.01,42.756,446.2126453006434,579.4978119673101,501.9844488092384,397.5086127013101,2.0,23.0,5.0,10.5,16.333333333333332,13.178264933847197,10.798428617445252
US,Accessories,2012,6,2,1,Winter,1.0,0.20000000000000004,519.28,10,0.6631226582407952,0.7485107481711011,2012-6,2012-02-06,149.97,1136.5125812025735,1148.0765812025736,291.9045,527.0980968670956,251.36028758934833,354.90583581243595,3.0,30.0,38.0,5.5,14.0,3.696845502136472,8.463826772587185
US,Accessories,2012,7,2,1,Winter,0.5,0.1,211.926,8,0.7485107481711011,0.6631226582407953,2012-7,2012-02-13,519.28,487.984,320.616,222.89,518.0405968670956,214.82036513639312,361.97109501286405,10.0,7.0,13.0,5.75,13.583333333333334,3.8622100754188224,8.638795510879271
US,Accessories,2012,8,2,1,Winter,0.0,0.0,29.99,1,0.8229838658936564,0.5680647467311559,2012-8,2012-02-20,211.926,10.384,422.9665812025736,227.79149999999998,485.29254843354784,208.48571412849034,388.1821163983132,8.0,2.0,8.0,5.5,13.0,4.203173404306164,9.263810329350543
US,Accessories,2012,9,2,1,Winter,0.0,0.0,538.92,9,0.8854560256532099,0.4647231720437686,2012-9,2012-02-27,29.99,149.97,266.986,325.029,507.9537151002144,247.19972425281253,382.1702052016304,1.0,3.0,19.0,7.0,12.166666666666666,4.08248290463863,9.12372863704441
US,Accessories,2012,10,3,1,Winter,0.6666666666666666,0.13333333333333333,243.682,9,0.9350162426854148,0.35460488704253557,2012-10,2012-03-05,538.92,519.28,487.88,256.12949999999995,487.60388176688116,210.72765205275408,389.76238914896135,9.0,10.0,21.0,6.75,11.166666666666666,3.862210075418823,8.716059715817519
US,Accessories,2012,11,3,1,Winter,0.0,0.0,15.02,1,0.970941817426052,0.23931566428755804,2012-11,2012-03-12,243.682,211.926,512.664,206.903,446.1335484335478,244.74835946879523,412.65569768654177,9.0,8.0,17.0,5.0,9.833333333333334,4.618802153517006,8.962886439832502
US,Accessories,2012,12,3,1,Spring,0.6666666666666666,0.13333333333333333,706.306,11,0.992708874098054,0.120536680255323,2012-12,2012-03-19,15.02,29.99,1113.924,375.98199999999997,412.1653817668812,307.38661446892337,366.9321902124635,1.0,1.0,15.0,7.5,9.5,4.43471156521669,8.826612652036506
US,Accessories,2012,13,3,1,Spring,0.3333333333333333,0.06666666666666667,236.26600000000002,7,1.0,-1.6081226496766366e-16,2012-13,2012-03-26,706.306,538.92,896.01,300.31850000000003,357.1867151002145,290.7068971472812,335.9646473293874,11.0,9.0,23.0,7.0,8.166666666666666,4.320493798938574,7.744010393181106
US,Accessories,2012,14,4,2,Spring,0.8,0.16,747.476,24,0.992708874098054,-0.12053668025532288,2012-14,2012-04-02,236.26600000000002,243.682,1136.5125812025735,426.267,324.767,359.0828772544483,265.25444936924606,7.0,9.0,30.0,10.75,7.666666666666667,9.742518497116988,6.25711715980412
US,Accessories,2012,15,4,2,Spring,0.0,0.0,285.1,7,0.9709418174260521,-0.2393156642875575,2012-15,2012-04-09,747.476,15.02,487.984,493.78700000000003,307.85999999999996,270.42544474216885,260.3254386382205,24.0,1.0,7.0,12.25,7.666666666666667,8.05708797684788,6.25711715980412
US,Accessories,2012,16,4,2,Spring,0.4,0.08,614.454,15,0.9350162426854148,-0.35460488704253545,2012-16,2012-04-16,285.1,706.306,10.384,470.82399999999996,358.1991666666666,249.45057328991345,255.94072535997074,7.0,11.0,2.0,13.25,8.75,8.098353742170895,6.31196554893237
US,Accessories,2012,18,5,2,Spring,0.5,0.1,367.512,7,0.8229838658936565,-0.5680647467311557,2012-18,2012-04-30,614.454,236.26600000000002,149.97,503.6355,376.32766666666674,214.49654340260696,247.4131319992879,15.0,7.0,3.0,13.25,9.083333333333334,8.098353742170895,6.082139774982506
US,Accessories,2012,19,5,2,Spring,1.0,0.2,46.688,4,0.7485107481711013,-0.663122658240795,2012-19,2012-05-07,367.512,747.476,519.28,328.4385,336.945,234.23149124672923,259.88823537891,7.0,24.0,10.0,8.25,8.583333333333334,4.716990566028302,6.244391422902977
US,Accessories,2012,20,5,2,Spring,1.0,0.2,255.968,4,0.6631226582407952,-0.7485107481711012,2012-20,2012-05-14,46.688,285.1,211.926,321.1555,340.61516666666665,236.47040259265694,258.2681352357499,4.0,7.0,8.0,7.5,8.25,5.196152422706631,6.383572667401855
US,Accessories,2012,21,5,2,Spring,1.0,0.2,375.928,9,0.5680647467311558,-0.8229838658936564,2012-21,2012-05-21,255.968,614.454,29.99,261.524,369.4433333333333,153.30482422502772,239.03460574316009,4.0,15.0,1.0,6.0,8.916666666666666,2.449489742783177,5.961365513695566
US,Accessories,2012,22,5,2,Spring,0.0,0.0,151.96,4,0.46472317204376906,-0.8854560256532096,2012-22,2012-05-28,375.928,367.512,538.92,207.63600000000002,337.19666666666666,141.02275840917787,240.19148795959137,9.0,7.0,9.0,5.25,8.5,2.499999999999999,6.127434581083226
US,Accessories,2012,23,6,2,Spring,0.5,0.1,441.4465812025736,13,0.35460488704253584,-0.9350162426854147,2012-23,2012-06-04,151.96,46.688,243.682,306.3256453006434,353.6770484335478,128.40924160409674,239.9763768244033,4.0,4.0,9.0,7.5,8.833333333333334,4.358898943540673,6.264377402617458
US,Accessories,2012,24,6,2,Spring,0.3333333333333333,0.06666666666666667,133.352,9,0.23931566428755768,-0.970941817426052,2012-24,2012-06-11,441.4465812025736,255.968,15.02,275.67164530064343,363.5380484335478,156.08984448321775,226.8685912058446,13.0,4.0,1.0,8.75,9.5,3.685557397915996,5.7603661499785055
US,Accessories,2012,25,6,2,Spring,0.5,0.1,394.984,5,0.12053668025532308,-0.992708874098054,2012-25,2012-06-18,133.352,375.928,706.306,280.4356453006434,337.5945484335478,160.40099458823727,200.3599332507804,9.0,9.0,11.0,7.75,9.0,4.112987559751021,5.877538136452587
US,Accessories,2012,26,6,2,Summer,0.0,0.0,41.9,2,-3.216245299353273e-16,-1.0,2012-26,2012-06-25,394.984,151.96,236.26600000000002,252.9206453006434,321.39738176688115,195.40590142765637,216.50209827330153,5.0,4.0,7.0,7.25,8.583333333333334,4.78713553878169,6.200562046860729
US,Accessories,2012,27,7,3,Summer,1.0,0.2,34.8,3,-0.12053668025532283,-0.992708874098054,2012-27,2012-07-02,41.9,441.4465812025736,747.476,151.25900000000001,262.00771510021445,168.5671239556122,184.35988134945086,2.0,13.0,24.0,4.75,6.833333333333333,3.09569593683445,4.041451884327385
US,Accessories,2012,29,7,3,Summer,0.0,0.0,1012.9411624051472,19,-0.3546048870425356,-0.9350162426854148,2012-29,2012-07-16,34.8,133.352,285.1,371.15629060128686,322.66114530064345,459.7103582833663,284.93953902242896,3.0,9.0,7.0,7.25,7.833333333333333,7.932002689527195,5.356955263670747
US,Accessories,2012,30,7,3,Summer,0.0,0.0,279.86,14,-0.46472317204376806,-0.8854560256532101,2012-30,2012-07-23,1012.9411624051472,394.984,614.454,342.37529060128685,294.77831196731006,461.32226972671657,269.75668988765193,19.0,5.0,15.0,9.5,7.75,8.34665601703261,5.241876832516456
US,Accessories,2012,31,7,3,Summer,0.0,0.0,896.1005812025736,22,-0.5680647467311556,-0.8229838658936566,2012-31,2012-07-30,279.86,41.9,367.512,555.9254359019302,338.8273604008579,473.41537385094,321.00266881065147,14.0,2.0,7.0,14.5,9.0,8.34665601703261,6.646940512883969
US,Accessories,2012,32,8,3,Summer,0.0,0.0,327.79,5,-0.663122658240795,-0.7485107481711013,2012-32,2012-08-06,896.1005812025736,34.8,46.688,629.1729359019301,362.25252706752457,379.2007475117731,307.7279500184348,22.0,3.0,4.0,15.0,9.083333333333334,7.438637868140465,6.5845319200426555
US,Accessories,2012,33,8,3,Summer,1.0,0.20000000000000004,314.056,9,-0.7485107481711011,-0.6631226582407952,2012-33,2012-08-13,327.79,1012.9411624051472,255.968,454.45164530064335,367.0931937341913,295.12152005670606,306.35788983862136,5.0,19.0,4.0,12.5,9.5,7.325753658611969,6.388910847568765
US,Accessories,2012,34,8,3,Summer,0.25,0.05,379.598,19,-0.8229838658936564,-0.5680647467311559,2012-34,2012-08-20,314.056,279.86,375.928,479.3861453006434,367.3990270675245,279.23946906239877,306.369342950593,9.0,14.0,9.0,13.75,10.333333333333334,8.05708797684788,6.945676658355487
US,Accessories,2012,35,8,3,Summer,0.0,0.0,151.03,8,-0.8854560256532096,-0.4647231720437691,2012-35,2012-08-27,379.598,896.1005812025736,151.96,293.1185,367.3215270675245,98.84050716684862,306.42890718063563,19.0,22.0,4.0,10.25,10.666666666666666,6.07590871118606,6.705944897603691
US,Accessories,2012,36,9,3,Summer,0.14285714285714285,0.028571428571428574,1224.4665812025735,31,-0.9350162426854147,-0.3546048870425359,2012-36,2012-09-03,151.03,327.79,441.4465812025736,517.2876453006434,432.57319373419114,481.1473267788086,394.39195857321977,8.0,5.0,13.0,16.75,12.166666666666666,10.719919153924002,8.922222851176752
US,Accessories,2012,37,9,3,Summer,0.0,0.0,241.93,7,-0.970941817426052,-0.23931566428755774,2012-37,2012-09-10,1224.4665812025735,314.056,133.352,499.25614530064337,441.62136040085784,492.51952293084764,388.0984246713885,31.0,9.0,9.0,16.25,12.0,11.236102527122116,9.005049088756211
US,Accessories,2012,38,9,3,Summer,0.6666666666666666,0.13333333333333333,1044.1997436077208,24,-0.992708874098054,-0.12053668025532357,2012-38,2012-09-17,241.93,379.598,394.984,665.4065812025735,495.72267236816793,547.7067419710291,424.54537187663516,7.0,19.0,5.0,17.5,13.583333333333334,11.902380714238083,9.326972941014905
US,Accessories,2012,39,9,3,Autumn,0.3333333333333333,0.06666666666666667,783.4305812025736,24,-1.0,-1.8369701987210297e-16,2012-39,2012-09-24,1044.1997436077208,151.03,41.9,823.5067265032169,557.5168874683824,427.9064536054472,406.04802931458477,24.0,8.0,2.0,21.5,15.416666666666666,10.214368964029708,8.999579114737767
US,Accessories,2012,40,10,4,Autumn,0.8571428571428571,0.17142857142857146,664.832,19,-0.992708874098054,0.1205366802553232,2012-40,2012-10-01,783.4305812025736,1224.4665812025735,34.8,683.5980812025737,610.019554135049,334.37650771870386,371.58508777943365,24.0,31.0,3.0,18.5,16.75,8.020806277010642,8.136617568409209
US,Accessories,2012,41,10,4,Autumn,0.0,0.0,296.3405812025736,8,-0.9709418174260521,0.23931566428755738,2012-41,2012-10-08,664.832,241.93,1012.9411624051472,697.2007265032171,550.3028390348346,310.68767610944144,358.2896105059085,19.0,7.0,19.0,18.75,15.833333333333334,7.544313531837516,8.47277279217841
US,Accessories,2012,42,10,4,Autumn,0.6,0.12000000000000002,1141.506,17,-0.9350162426854148,0.35460488704253557,2012-42,2012-10-15,296.3405812025736,1044.1997436077208,279.86,721.5272906012868,622.106672368168,348.4308767226507,384.5420248383879,8.0,24.0,14.0,17.0,16.083333333333332,6.683312551921139,8.458006785755066
US,Accessories,2012,43,10,4,Autumn,0.0,0.0,148.32,9,-0.8854560256532101,0.464723172043768,2012-43,2012-10-22,1141.506,783.4305812025736,896.1005812025736,562.7496453006435,559.7916239346201,442.7585668598927,396.50764330990467,17.0,24.0,22.0,13.25,15.0,5.560275772537423,8.463826772587185
US,Accessories,2012,44,11,4,Autumn,0.25,0.05,819.7505812025736,21,-0.822983865893657,0.5680647467311548,2012-44,2012-10-29,148.32,664.832,327.79,601.4792906012868,600.7883390348346,461.0618822517307,395.7715779912314,9.0,19.0,5.0,13.75,16.333333333333332,6.291528696058956,7.992420652016999
US,Accessories,2012,45,11,4,Autumn,0.0,0.0,832.2405812025736,14,-0.7485107481711011,0.6631226582407952,2012-45,2012-11-05,819.7505812025736,296.3405812025736,314.056,735.4542906012869,643.9703874683825,418.7593248963679,389.8676926944042,21.0,8.0,9.0,15.25,16.75,5.057996968497837,7.7003541831174545
US,Accessories,2012,46,11,4,Autumn,0.625,0.125,993.9745812025735,28,-0.6631226582407955,0.7485107481711007,2012-46,2012-11-12,832.2405812025736,1141.506,379.598,698.5714359019302,695.1684359019301,375.31830341140505,392.3264283604087,14.0,17.0,19.0,18.0,17.5,8.286535263104033,8.350285787161578
US,Accessories,2012,47,11,4,Autumn,0.4,0.08,472.012,13,-0.5680647467311559,0.8229838658936564,2012-47,2012-11-19,993.9745812025735,148.32,151.03,779.4944359019302,721.9169359019302,219.81044424299714,361.593274867324,28.0,9.0,8.0,19.0,17.916666666666668,6.976149845485449,7.948222595287726
US,Accessories,2012,48,11,4,Autumn,0.4,0.08,578.376,14,-0.4647231720437684,0.88545602565321,2012-48,2012-11-26,472.012,819.7505812025736,1224.4665812025735,719.1507906012868,668.076054135049,237.49564214065362,326.34455138655557,13.0,21.0,31.0,17.25,16.5,7.182153808805079,6.842381297339528
US,Accessories,2012,49,12,4,Autumn,0.4,0.08,606.2585812025736,20,-0.35460488704253595,0.9350162426854147,2012-49,2012-12-03,578.376,832.2405812025736,241.93,662.6552906012868,698.4367692352636,228.32792516545464,298.8870404843978,14.0,14.0,7.0,18.75,17.583333333333332,6.898067362191625,6.200562046860721
US,Accessories,2012,50,12,4,Autumn,0.4166666666666667,0.08333333333333333,1671.101162405147,58,-0.2393156642875578,0.970941817426052,2012-50,2012-12-10,606.2585812025736,993.9745812025735,1044.1997436077208,831.9369359019302,750.6785541350491,562.4252325189606,401.8640239144903,20.0,28.0,24.0,26.25,20.416666666666668,21.391197566600457,13.207837434529909
US,Accessories,2012,51,12,4,Autumn,0.5555555555555556,0.1111111111111111,1438.4477436077207,36,-0.12053668025532363,0.992708874098054,2012-51,2012-12-17,1671.101162405147,472.012,783.4305812025736,1073.5458718038603,805.2633176688113,563.8487726543025,448.4966237508097,58.0,13.0,24.0,32.0,21.416666666666668,19.6638416050035,13.937903411745664
US,Accessories,2012,52,12,4,Winter,0.6,0.12000000000000002,386.2665812025736,22,6.432490598706546e-16,1.0,2012-52,2012-12-24,1438.4477436077207,578.376,664.832,1025.5185171045036,782.0495327690256,624.9558462858996,463.3879377279421,36.0,14.0,19.0,34.0,21.666666666666668,17.511900715418264,13.917505871993358
US,Accessories,2013,1,1,1,Winter,1.0,0.2,221.55200000000002,8,0.12053668025532305,0.992708874098054,2013-1,2012-12-31,386.2665812025736,606.2585812025736,296.3405812025736,929.3418718038604,775.8171510021447,731.5036814189176,470.9555447817893,22.0,20.0,8.0,31.0,21.666666666666668,21.322914122292634,13.917505871993358
US,Accessories,2013,2,1,1,Winter,0.0,0.0,419.93,7,0.23931566428755774,0.970941817426052,2013-2,2013-01-07,221.55200000000002,1671.101162405147,1141.506,616.5490812025736,715.6858176688112,554.7459473552179,466.05972888320434,8.0,58.0,17.0,18.25,20.833333333333332,13.671747023210555,14.509140274845764
US,Accessories,2013,3,1,1,Winter,0.0,0.0,1063.5,14,0.3546048870425356,0.9350162426854148,2013-3,2013-01-14,419.93,1438.4477436077207,148.32,522.8121453006434,791.9508176688113,370.733713179005,438.86246669659914,7.0,36.0,9.0,12.75,21.25,6.898067362191625,14.207072502486534
US,Accessories,2013,4,1,1,Winter,0.5,0.1,155.156,5,0.4647231720437685,0.8854560256532099,2013-4,2013-01-21,1063.5,386.2665812025736,819.7505812025736,465.0345,736.5679359019301,414.5293649344994,475.4452995273273,14.0,22.0,21.0,8.5,19.916666666666668,3.8729833462074152,14.963339037511481
US,Accessories,2013,6,2,1,Winter,0.0,0.0,221.82999999999998,9,0.6631226582407952,0.7485107481711011,2013-6,2013-02-04,155.156,221.55200000000002,832.2405812025736,465.10400000000004,685.7003874683824,414.47495496189646,496.4677375824879,5.0,8.0,14.0,8.75,19.5,3.8622100754188207,15.210642207468961
US,Accessories,2013,7,2,1,Winter,0.0,0.0,89.97,3,0.7485107481711011,0.6631226582407953,2013-7,2013-02-11,221.82999999999998,419.93,993.9745812025735,382.614,610.366672368168,457.1049814327843,513.7245504888053,9.0,7.0,28.0,7.75,17.416666666666668,4.8562674281111535,15.646424705363394
US,Accessories,2013,8,2,1,Winter,0.0,0.0,49.230000000000004,2,0.8229838658936564,0.5680647467311559,2013-8,2013-02-18,89.97,1063.5,472.012,129.0465,575.1348390348345,75.69264690619706,537.999578934793,3.0,14.0,13.0,4.75,16.5,3.095695936834449,16.239682038983172
US,Accessories,2013,10,3,1,Winter,0.5,0.1,429.40999999999997,19,0.9350162426854148,0.35460488704253557,2013-10,2013-03-04,49.230000000000004,155.156,578.376,197.60999999999999,562.7210057015012,171.19272025020865,539.6341353820746,2.0,5.0,14.0,8.25,16.916666666666668,7.804912982645396,16.23384978333478
US,Accessories,2013,11,3,1,Winter,0.6,0.12000000000000002,576.7579999999999,14,0.970941817426052,0.23931566428755804,2013-11,2013-03-11,429.40999999999997,221.82999999999998,606.2585812025736,286.342,560.2626239346201,257.9366644533747,539.4849390266639,19.0,9.0,20.0,9.5,16.416666666666668,8.346656017032608,16.22264597481688
US,Accessories,2013,12,3,1,Spring,0.0,0.0,58.58,2,0.992708874098054,0.120536680255323,2013-12,2013-03-18,576.7579999999999,89.97,1671.101162405147,278.49449999999996,425.88586040085784,266.2462530834932,426.670174456221,14.0,3.0,58.0,9.25,11.75,8.616843969807043,10.055527652174018
US,Accessories,2013,13,3,1,Spring,0.5,0.1,366.4665812025736,8,1.0,-1.6081226496766366e-16,2013-13,2013-03-25,58.58,49.230000000000004,1438.4477436077207,357.8036453006433,336.55409686709555,218.0812660764991,283.64653599152626,2.0,2.0,36.0,10.75,9.416666666666666,7.365459931328117,6.556860852757529
US,Accessories,2013,14,4,2,Spring,0.5,0.1,121.95400000000001,5,0.992708874098054,-0.12053668025532288,2013-14,2013-04-01,366.4665812025736,429.40999999999997,386.2665812025736,280.9396453006434,314.5280484335478,237.72785772229537,289.63441532407586,8.0,19.0,22.0,7.25,8.0,5.123475382979798,5.308655025693243
US,Accessories,2013,15,4,2,Spring,1.0,0.2,431.928,9,0.9709418174260521,-0.2393156642875575,2013-15,2013-04-08,121.95400000000001,576.7579999999999,221.55200000000002,244.7321453006434,332.05938176688113,182.19829405026474,289.86189049982636,5.0,14.0,8.0,6.0,8.083333333333334,3.1622776601683777,5.316498049952756
US,Accessories,2013,16,4,2,Spring,1.0,0.20000000000000004,735.872,16,0.9350162426854148,-0.35460488704253545,2013-16,2013-04-15,431.928,58.58,419.93,414.0551453006434,358.3878817668811,252.63496552836412,312.0670349538967,9.0,2.0,7.0,9.5,8.833333333333334,4.654746681256313,5.765624358421574
US,Accessories,2013,17,4,2,Spring,0.5,0.1,358.68600000000004,4,0.8854560256532099,-0.4647231720437685,2013-17,2013-04-22,735.872,366.4665812025736,1063.5,412.11,299.65338176688107,253.15292735156376,220.05459427282787,16.0,8.0,14.0,8.5,8.0,5.44671154612273,5.672902095208248
US,Accessories,2013,18,5,2,Spring,1.0,0.2,564.496,8,0.8229838658936565,-0.5680647467311557,2013-18,2013-04-29,358.68600000000004,121.95400000000001,155.156,522.7455,333.76504843354775,165.65963811280668,227.2289831321788,4.0,5.0,5.0,9.25,8.25,4.991659710623979,5.594234044572545
US,Accessories,2013,19,5,2,Spring,0.5,0.1,378.218,11,0.7485107481711013,-0.663122658240795,2013-19,2013-05-06,564.496,431.928,221.82999999999998,509.318,346.7973817668811,177.24609635945745,224.69608319156532,8.0,9.0,9.0,9.75,8.416666666666666,5.0579969684978385,5.648142628467795
US,Accessories,2013,20,5,2,Spring,0.5,0.1,305.528,13,0.6631226582407952,-0.7485107481711012,2013-20,2013-05-13,378.218,735.872,89.97,401.732,364.76054843354774,112.77292172621115,210.46320805304993,11.0,16.0,3.0,9.0,9.25,3.915780041490243,5.512382754885911
US,Accessories,2013,21,5,2,Spring,0.0,0.0,161.36,7,0.5680647467311558,-0.8229838658936564,2013-21,2013-05-20,305.528,358.68600000000004,49.230000000000004,352.4005,374.10471510021443,167.6748324615221,197.25545875238544,13.0,4.0,2.0,9.75,9.666666666666666,2.75378527364305,5.087119801890636
US,Accessories,2013,22,5,2,Spring,0.5,0.10000000000000002,825.9425812025736,23,0.46472317204376906,-0.8854560256532096,2013-22,2013-05-27,161.36,564.496,429.40999999999997,417.7621453006434,407.1490968670956,286.6551768046903,236.64366860392684,7.0,8.0,19.0,13.5,10.0,6.8068592855540455,5.830951894845296
US,Accessories,2013,23,6,2,Spring,0.0,0.0,557.12,14,0.35460488704253584,-0.9350162426854147,2013-23,2013-06-03,825.9425812025736,378.218,576.7579999999999,462.4876453006434,405.5125968670956,292.3291307211977,235.42890047569247,23.0,11.0,14.0,14.25,10.0,6.601767440112787,5.830951894845296
US,Accessories,2013,24,6,2,Spring,0.25,0.05,677.6940000000001,9,0.23931566428755768,-0.970941817426052,2013-24,2013-06-10,557.12,305.528,58.58,555.5291453006434,457.105430200429,284.8505596306682,219.8084047936552,14.0,13.0,2.0,13.25,10.583333333333334,7.135591542869215,5.282188481256146
US,Accessories,2013,25,6,2,Summer,0.25,0.05,177.868,10,0.12053668025532308,-0.992708874098054,2013-25,2013-06-17,677.6940000000001,161.36,366.4665812025736,559.6561453006434,441.38888176688107,277.25440844855143,233.21217529002521,9.0,7.0,8.0,14.0,10.75,6.377042156569663,5.224505196231936
US,Accessories,2013,26,6,2,Summer,0.3333333333333333,0.06666666666666667,174.546,9,-3.216245299353273e-16,-1.0,2013-26,2013-06-24,177.868,825.9425812025736,121.95400000000001,396.807,445.7715484335478,259.44299475350294,227.07689774680836,10.0,23.0,5.0,10.5,11.083333333333334,2.3804761428476167,4.9443876968710345
US,Accessories,2013,27,7,3,Summer,0.5,0.1,80.96,10,-0.12053668025532283,-0.992708874098054,2013-27,2013-07-01,174.546,557.12,431.928,277.76700000000005,416.52421510021446,270.37565572119513,250.42401067450976,9.0,14.0,9.0,9.5,11.166666666666666,0.5773502691896261,4.914419106213379
US,Accessories,2013,29,7,3,Summer,0.2,0.04,938.926,13,-0.3546048870425356,-0.9350162426854148,2013-29,2013-07-15,80.96,677.6940000000001,735.872,343.07500000000005,433.44538176688116,399.7657914812949,279.1739019638811,10.0,9.0,16.0,10.5,10.916666666666666,1.7320508075688776,4.7185963500972905
US,Accessories,2013,30,7,3,Summer,0.0,0.0,234.2,8,-0.46472317204376806,-0.8854560256532101,2013-30,2013-07-22,938.926,177.868,358.68600000000004,357.1580000000001,423.07154843354783,392.9398398974914,284.4671418782295,13.0,10.0,4.0,10.0,11.25,2.160246899469287,4.309081319513682
US,Accessories,2013,31,8,3,Summer,0.0,0.0,167.28,12,-0.5680647467311556,-0.8229838658936566,2013-31,2013-07-29,234.2,174.546,564.496,355.34150000000005,389.9702151002145,394.0805615552056,289.57918754004584,8.0,9.0,8.0,10.75,11.583333333333334,2.217355782608345,4.1878250665325965
US,Accessories,2013,32,8,3,Summer,0.0,0.0,179.97,3,-0.663122658240795,-0.7485107481711013,2013-32,2013-08-05,167.28,80.96,378.218,380.09400000000005,373.4495484335478,373.68332289609367,295.8967803869396,12.0,10.0,11.0,9.0,10.916666666666666,4.546060565661952,4.870287154747339
US,Accessories,2013,33,8,3,Summer,0.6666666666666666,0.13333333333333333,598.4305812025735,14,-0.7485107481711011,-0.6631226582407952,2013-33,2013-08-12,179.97,938.926,305.528,294.97014530064337,397.8580968670956,204.37796142092384,301.80634257470723,3.0,13.0,13.0,9.25,11.0,4.856267428111155,4.917501213199457
US,Accessories,2013,34,8,3,Summer,0.3333333333333333,0.06666666666666667,503.4405812025736,12,-0.8229838658936564,-0.5680647467311559,2013-34,2013-08-19,598.4305812025735,234.2,161.36,362.28029060128677,426.36481196731006,221.3258102040386,293.47796418882234,14.0,8.0,7.0,10.25,11.416666666666666,4.924428900898052,4.756972553924169
US,Accessories,2013,35,8,3,Summer,0.5,0.10000000000000002,1081.834,18,-0.8854560256532096,-0.4647231720437691,2013-35,2013-08-26,503.4405812025736,167.28,825.9425812025736,590.9187906012868,447.68909686709566,373.08869161513655,331.9286932438037,12.0,12.0,23.0,11.75,11.0,6.34428877022476,3.765875486765081
US,Accessories,2013,36,9,3,Summer,0.25,0.05,1382.0305812025736,32,-0.9350162426854147,-0.3546048870425359,2013-36,2013-09-02,1081.834,179.97,557.12,891.4339359019302,516.4316453006435,413.653261377501,428.13078530578264,18.0,3.0,14.0,19.0,12.5,9.01849950564579,7.141428428542847
US,Accessories,2013,37,9,3,Summer,0.5,0.1,359.9425812025736,22,-0.970941817426052,-0.23931566428755774,2013-37,2013-09-09,1382.0305812025736,598.4305812025735,677.6940000000001,831.8119359019302,489.9523604008579,481.57381734745843,427.0751597026483,32.0,14.0,9.0,21.0,13.583333333333334,8.406346808612328,7.53728107878471
US,Accessories,2013,38,9,3,Summer,0.0,0.0,249.95,5,-0.992708874098054,-0.12053668025532357,2013-38,2013-09-16,359.9425812025736,503.4405812025736,177.868,768.4392906012869,495.9591937341913,550.8814820626594,422.7718719481858,22.0,12.0,10.0,19.25,13.166666666666666,11.176612486199327,7.8836232248576605
US,Accessories,2013,39,9,3,Autumn,0.3333333333333333,0.06666666666666667,1031.926,12,-1.0,-1.8369701987210297e-16,2013-39,2013-09-23,249.95,1081.834,174.546,755.9622906012868,567.4075270675245,541.9094395048292,435.7639286977765,5.0,18.0,9.0,17.75,13.416666666666666,11.786291472158098,7.786448990315664
US,Accessories,2013,40,9,3,Autumn,0.3333333333333333,0.06666666666666667,325.722,7,-0.992708874098054,0.1205366802553232,2013-40,2013-09-30,1031.926,1382.0305812025736,80.96,491.8851453006434,587.804360400858,362.9489267803523,416.2146020743269,12.0,32.0,10.0,11.5,13.166666666666666,7.593857166596347,7.952510562232797
US,Accessories,2013,41,10,4,Autumn,1.0,0.2,67.96,5,-0.9709418174260521,0.23931566428755738,2013-41,2013-10-07,325.722,359.9425812025736,938.926,418.8895,515.2238604008578,422.7631338464435,425.2611123299939,7.0,22.0,13.0,7.25,12.5,3.3040379335998407,8.295672475344103
US,Accessories,2013,42,10,4,Autumn,0.5,0.1,638.1705812025735,12,-0.9350162426854148,0.35460488704253557,2013-42,2013-10-14,67.96,249.95,234.2,515.9446453006434,548.8880755010723,415.5521768341497,416.89973546766646,5.0,5.0,8.0,9.0,12.833333333333334,3.5590260840104424,8.177945211285524
US,Accessories,2013,43,10,4,Autumn,0.16666666666666666,0.03333333333333333,1314.21,24,-0.8854560256532101,0.464723172043768,2013-43,2013-10-21,638.1705812025735,1031.926,167.28,586.5156453006434,644.4655755010723,538.2442410178696,451.49564646237144,12.0,12.0,12.0,12.0,13.833333333333334,8.52447456836295,8.778417058935284
US,Accessories,2013,44,11,4,Autumn,1.0,0.2,68.112,3,-0.822983865893657,0.5680647467311548,2013-44,2013-10-28,1314.21,325.722,179.97,522.1131453006434,635.1440755010723,592.5253510676442,462.9663375260393,24.0,7.0,3.0,11.0,13.833333333333334,9.48683298050514,8.778417058935284
US,Accessories,2013,45,11,4,Autumn,0.25,0.05,1876.556,26,-0.7485107481711011,0.6631226582407952,2013-45,2013-11-04,68.112,67.96,598.4305812025735,974.2621453006434,741.6545270675246,788.1971769866515,584.7562115659723,3.0,5.0,14.0,16.25,14.833333333333334,10.781929326423914,9.456439204279928
US,Accessories,2013,46,11,4,Autumn,0.5,0.1,1282.156,30,-0.6631226582407955,0.7485107481711007,2013-46,2013-11-11,1876.556,638.1705812025735,503.4405812025736,1135.2585000000001,806.5474786339768,761.9987206522501,598.953702331022,26.0,12.0,12.0,20.75,16.333333333333332,12.093386622447825,10.351401603237848
US,Accessories,2013,47,11,4,Autumn,0.5,0.10000000000000002,882.4531624051472,18,-0.5680647467311559,0.8229838658936564,2013-47,2013-11-18,1282.156,1314.21,1081.834,1027.3192906012869,789.9324088344057,758.7730355621761,593.3623138403758,30.0,24.0,18.0,19.25,16.333333333333332,11.926860441876563,10.351401603237848
US,Accessories,2013,48,11,4,Autumn,0.46153846153846156,0.09230769230769233,1964.7505812025736,57,-0.4647231720437684,0.88545602565321,2013-48,2013-11-25,882.4531624051472,68.112,1382.0305812025736,1501.4789359019303,838.4924088344056,512.054319975893,665.6635650066377,18.0,3.0,32.0,32.75,18.416666666666668,16.91892431568863,15.180479890206685
US,Accessories,2013,49,12,4,Autumn,0.3333333333333333,0.06666666666666667,490.2405812025736,9,-0.35460488704253595,0.9350162426854147,2013-49,2013-12-02,1964.7505812025736,1876.556,359.9425812025736,1154.9000812025738,849.3505755010724,629.2989421363231,658.1684227717877,57.0,26.0,22.0,28.5,17.333333333333332,20.85665361461421,15.36426392836982
US,Accessories,2013,50,12,4,Autumn,0.45454545454545453,0.09090909090909091,1461.984,45,-0.2393156642875578,0.970941817426052,2013-50,2013-12-09,490.2405812025736,1282.156,249.95,1199.8570812025737,950.3534088344055,647.5784154938801,650.7801049425125,9.0,30.0,5.0,32.25,20.666666666666668,22.5,16.724143317281445
US,Accessories,2013,51,12,4,Autumn,0.3333333333333333,0.06666666666666667,685.0165812025735,21,-0.12053668025532363,0.992708874098054,2013-51,2013-12-16,1461.984,882.4531624051472,1031.926,1150.4979359019303,921.4442906012869,686.2078413313126,654.5215389151849,45.0,18.0,12.0,33.0,21.416666666666668,21.908902300206645,16.50045913043487
US,Accessories,2013,52,12,4,Winter,0.5714285714285714,0.1142857142857143,1185.79,27,6.432490598706546e-16,1.0,2013-52,2013-12-23,685.0165812025735,1964.7505812025736,325.722,955.7577906012868,993.1166239346202,446.91045604091056,629.9879811346947,21.0,57.0,7.0,25.5,23.083333333333332,15.0,15.911450041534316
US,Accessories,2014,1,1,1,Winter,0.0,0.0,16.59,1,0.12053668025532305,0.992708874098054,2014-1,2013-12-30,1185.79,490.2405812025736,67.96,837.3451453006435,988.8357906012867,634.6732796077672,636.9817310175002,27.0,9.0,5.0,23.5,22.75,18.138357147217054,16.360290061887376
US,Accessories,2014,3,1,1,Winter,0.6,0.12000000000000002,451.56,25,0.3546048870425356,0.9350162426854148,2014-3,2014-01-13,16.59,1461.984,638.1705812025735,584.7391453006435,973.2849088344055,487.11662879121394,648.4947752750509,1.0,45.0,12.0,18.5,23.833333333333332,11.930353445448855,16.010413278030434
US,Accessories,2014,4,1,1,Winter,0.3333333333333333,0.06666666666666667,522.4445812025735,10,0.4647231720437685,0.8854560256532099,2014-4,2014-01-20,451.56,685.0165812025735,1314.21,544.0961453006435,907.3044572679534,482.7233386056845,650.9284454821143,25.0,21.0,24.0,15.75,22.666666666666668,12.419742348374221,16.49977042999157
US,Accessories,2014,5,1,1,Winter,0.3333333333333333,0.06666666666666667,761.856,15,0.5680647467311558,0.8229838658936564,2014-5,2014-01-27,522.4445812025735,1185.79,68.112,438.1126453006435,965.1164572679535,310.7967218695745,598.2999246177441,10.0,27.0,3.0,12.75,23.666666666666668,10.012492197250394,15.534906930308056
US,Accessories,2014,7,2,1,Winter,0.5,0.1,374.4745812025736,6,0.7485107481711011,0.6631226582407953,2014-7,2014-02-10,761.856,16.59,1876.556,527.5837906012869,839.9430057015012,167.46335550390677,545.0359344079404,15.0,1.0,26.0,14.0,22.0,8.205689083394114,16.315079472126946
US,Accessories,2014,8,2,1,Winter,0.6666666666666666,0.13333333333333333,189.426,5,0.8229838658936564,0.5680647467311559,2014-8,2014-02-17,374.4745812025736,451.56,1282.156,462.0502906012869,748.882172368168,241.8845746961685,555.6176747734638,6.0,25.0,30.0,9.0,19.916666666666668,4.546060565661953,16.789923023990166
US,Accessories,2014,9,2,1,Winter,1.0,0.2,246.4905812025736,5,0.8854560256532099,0.4647231720437686,2014-9,2014-02-24,189.426,522.4445812025735,882.4531624051472,393.06179060128693,695.8852906012868,257.75007783876225,571.8131507834341,5.0,10.0,18.0,7.75,18.833333333333332,4.856267428111155,17.335372840384814
US,Accessories,2014,10,3,1,Winter,0.0,0.0,1175.4605812025736,22,0.9350162426854148,0.35460488704253557,2014-10,2014-03-03,246.4905812025736,761.856,1964.7505812025736,496.46293590193034,630.1111239346201,459.23008725766914,443.6144430749779,5.0,15.0,57.0,9.5,15.916666666666666,8.34665601703261,12.638025833558698
US,Accessories,2014,11,3,1,Winter,0.0,0.0,590.77,15,0.970941817426052,0.23931566428755804,2014-11,2014-03-10,1175.4605812025736,374.4745812025736,490.2405812025736,550.5367906012868,638.4885755010722,452.7668847344485,441.6779256553409,22.0,6.0,9.0,11.75,16.416666666666668,8.301606270274847,12.456895376627456
US,Accessories,2014,12,3,1,Spring,0.25,0.05,1119.89,31,0.992708874098054,0.120536680255323,2014-12,2014-03-17,590.77,189.426,1461.984,783.1527906012869,609.980742167739,444.3402659660502,391.93268771863086,15.0,5.0,45.0,18.25,15.25,10.996211468804457,9.937303457175899
US,Accessories,2014,13,3,1,Spring,0.5,0.1,263.202,11,1.0,-1.6081226496766366e-16,2014-13,2014-03-24,1119.89,246.4905812025736,685.0165812025735,787.3306453006435,574.8295270675245,437.6404519873134,403.3407506551172,31.0,5.0,21.0,19.75,14.416666666666666,8.770214744615247,9.829994296986543
US,Accessories,2014,14,4,2,Spring,0.0,0.0,360.0,4,0.992708874098054,-0.12053668025532288,2014-14,2014-03-31,263.202,1175.4605812025736,1185.79,583.4655,506.01369373419124,383.10579002106715,357.4623911222521,11.0,22.0,27.0,15.25,12.5,11.4418821295566,9.385675739706182
US,Accessories,2014,15,4,2,Spring,0.6,0.12000000000000002,669.2865812025735,14,0.9709418174260521,-0.2393156642875575,2014-15,2014-04-07,360.0,590.77,16.59,603.0946453006435,560.4050755010722,385.60810326919204,324.3447081288297,4.0,15.0,1.0,15.0,13.583333333333334,11.460075625114056,8.65981664023115
US,Accessories,2014,16,4,2,Spring,0.0,0.0,300.87,13,0.9350162426854148,-0.35460488704253545,2014-16,2014-04-14,669.2865812025735,1119.89,451.56,398.33964530064344,547.8475755010724,184.972687541393,331.77392383182837,14.0,31.0,25.0,10.5,12.583333333333334,4.509249752822895,7.879297769048549
US,Accessories,2014,17,4,2,Spring,0.3333333333333333,0.06666666666666667,438.214,17,0.8854560256532099,-0.4647231720437685,2014-17,2014-04-21,300.87,263.202,522.4445812025735,442.0926453006434,540.8283604008578,161.5705896898164,333.2479663816814,13.0,11.0,10.0,12.0,13.166666666666666,5.597618541248888,7.9296146109875965
US,Accessories,2014,18,5,2,Spring,0.3333333333333333,0.06666666666666667,210.836,12,0.8229838658936565,-0.5680647467311557,2014-18,2014-04-28,438.214,360.0,761.856,404.80164530064343,494.9100270675245,199.5771573580799,337.95321065276283,17.0,4.0,15.0,14.0,12.916666666666666,2.160246899469287,7.913835219335059
US,Accessories,2014,19,5,2,Spring,0.5,0.1,880.682,14,0.7485107481711013,-0.663122658240795,2014-19,2014-05-05,210.836,669.2865812025735,374.4745812025736,457.6505000000001,537.0939786339768,297.1144280772409,352.819499015111,12.0,14.0,6.0,14.0,13.583333333333334,2.160246899469287,7.609304511682735
US,Accessories,2014,20,5,2,Spring,0.0,0.0,423.8605812025736,15,0.6631226582407952,-0.7485107481711012,2014-20,2014-05-12,880.682,300.87,189.426,488.3981453006435,556.6301937341913,281.4314083282982,337.99763343161993,14.0,13.0,5.0,14.5,14.416666666666666,2.081665999466133,7.11539091538813
US,Accessories,2014,21,5,2,Spring,0.2,0.04,508.598,18,0.5680647467311558,-0.8229838658936564,2014-21,2014-05-19,423.8605812025736,438.214,246.4905812025736,505.9941453006434,578.4724786339767,279.44112176942684,324.3261391250072,15.0,17.0,5.0,14.75,15.5,2.5,6.515715268068847
US,Accessories,2014,22,5,2,Spring,0.5,0.10000000000000002,575.76,25,0.46472317204376906,-0.8854560256532096,2014-22,2014-05-26,508.598,210.836,1175.4605812025736,597.2251453006434,528.4974302004289,198.92928719177488,264.69611857197,18.0,12.0,22.0,18.0,15.75,4.966554808583781,6.837397165588673
US,Accessories,2014,23,6,2,Spring,0.3333333333333333,0.06666666666666667,731.4925812025735,22,0.35460488704253584,-0.9350162426854147,2014-23,2014-06-02,575.76,880.682,590.77,559.9277906012868,540.2243119673101,130.17189802364055,270.7537137102779,25.0,14.0,15.0,20.0,16.333333333333332,4.39696865275764,7.062491619732223
US,Accessories,2014,24,6,2,Spring,0.6666666666666666,0.13333333333333333,285.98400000000004,13,0.23931566428755768,-0.970941817426052,2014-24,2014-06-09,731.4925812025735,423.8605812025736,1119.89,525.4586453006434,470.7321453006434,184.94377175207615,208.25229453662678,22.0,15.0,31.0,19.5,14.833333333333334,5.196152422706633,5.373898759633262
US,Accessories,2014,25,6,2,Spring,0.3333333333333333,0.06666666666666667,1196.66,34,0.12053668025532308,-0.992708874098054,2014-25,2014-06-16,285.98400000000004,508.598,263.202,697.4741453006434,548.52031196731,380.56197233343823,284.1813925386132,13.0,18.0,11.0,23.5,16.75,8.660254037844387,7.545317632930914
US,Accessories,2014,26,6,2,Summer,0.5,0.1,678.4185812025736,14,-3.216245299353273e-16,-1.0,2014-26,2014-06-23,1196.66,575.76,360.0,723.1387906012868,575.0551937341912,373.004168717611,279.81067551252244,34.0,25.0,4.0,20.75,17.583333333333332,9.7082439194738,6.487166818676186
US,Accessories,2014,27,7,3,Summer,0.2,0.04,651.6805812025736,21,-0.12053668025532283,-0.992708874098054,2014-27,2014-06-30,678.4185812025736,731.4925812025735,669.2865812025735,703.1857906012868,573.5880270675246,374.5398646691734,279.3173854763276,14.0,22.0,14.0,20.5,18.166666666666668,9.678154093971983,6.45027601006814
US,Accessories,2014,28,7,3,Summer,0.2857142857142857,0.05714285714285715,1367.6865812025735,27,-0.23931566428755743,-0.9709418174260521,2014-28,2014-07-07,651.6805812025736,285.98400000000004,300.87,973.6114359019302,662.4894088344057,363.2373781991357,346.35454028727264,21.0,13.0,13.0,24.0,19.333333333333332,8.524474568362947,6.692374674798081
US,Accessories,2014,29,7,3,Summer,0.0,0.0,182.87,5,-0.3546048870425356,-0.9350162426854148,2014-29,2014-07-14,1367.6865812025735,1196.66,438.214,720.1639359019302,641.210742167739,487.99009356201117,368.52014645991136,27.0,34.0,17.0,16.75,18.333333333333332,9.464847243000456,7.866307130972439
US,Accessories,2014,30,7,3,Summer,0.0,0.0,1196.1605812025737,18,-0.46472317204376806,-0.8854560256532101,2014-30,2014-07-21,182.87,678.4185812025736,210.836,849.5994359019303,723.3211239346201,539.2027853851996,373.64538480382515,5.0,14.0,12.0,17.75,18.833333333333332,9.287087810503355,7.613783354528609
US,Accessories,2014,31,7,3,Summer,0.3333333333333333,0.06666666666666667,366.94399999999996,10,-0.5680647467311556,-0.8229838658936566,2014-31,2014-07-28,1196.1605812025737,651.6805812025736,880.682,778.4152906012869,680.5096239346201,590.4051145591807,383.28341332112694,18.0,21.0,14.0,15.0,18.5,9.626352718795768,7.925792188682578
US,Accessories,2014,32,8,3,Summer,0.5,0.10000000000000002,438.756,17,-0.663122658240795,-0.7485107481711013,2014-32,2014-08-04,366.94399999999996,1367.6865812025735,423.8605812025736,546.1826453006435,681.7509088344057,446.5177754895629,382.39978108231765,10.0,27.0,15.0,12.5,18.666666666666668,6.137317546507322,7.866307130972438
US,Accessories,2014,33,8,3,Summer,0.5,0.1,176.534,7,-0.7485107481711011,-0.6631226582407952,2014-33,2014-08-11,438.756,182.87,508.598,544.5986453006435,654.0789088344056,448.2441217304446,407.27462684803027,17.0,5.0,18.0,13.0,17.75,5.354126134736337,8.561276455380618
US,Accessories,2014,34,8,3,Summer,0.0,0.0,647.5011624051472,21,-0.8229838658936564,-0.5680647467311559,2014-34,2014-08-18,176.534,1196.1605812025737,575.76,407.4337906012869,660.0573390348346,194.56580741836578,406.54635810260015,7.0,18.0,25.0,13.75,17.416666666666668,6.3966136874651625,8.32802861462787
US,Accessories,2014,35,8,3,Summer,0.5,0.1,318.4705812025736,16,-0.8854560256532096,-0.4647231720437691,2014-35,2014-08-25,647.5011624051472,366.94399999999996,731.4925812025735,395.3154359019303,625.6388390348346,199.37834356668677,417.2902059442735,21.0,10.0,22.0,15.25,16.916666666666668,5.909032633745278,8.207073815073228
US,Accessories,2014,36,9,3,Summer,0.36363636363636365,0.07272727272727274,1545.9591624051473,35,-0.9350162426854147,-0.3546048870425359,2014-36,2014-09-01,318.4705812025736,438.756,285.98400000000004,672.1162265032171,730.6367692352636,615.0540257224698,478.1376351408873,16.0,17.0,13.0,19.75,18.75,11.701139545645402,9.592847714455141
US,Accessories,2014,37,9,3,Summer,0.5833333333333334,0.11666666666666668,1579.314,48,-0.970941817426052,-0.23931566428755774,2014-37,2014-09-08,1545.9591624051473,176.534,1196.66,1022.8112265032171,762.5246025685968,637.7911070206515,522.7240679146024,35.0,7.0,34.0,30.0,19.916666666666668,14.445299120013633,12.131539161386009
US,Accessories,2014,38,9,3,Summer,0.3333333333333333,0.06666666666666667,1220.6845812025736,35,-0.992708874098054,-0.12053668025532357,2014-38,2014-09-15,1579.314,647.5011624051472,678.4185812025736,1166.1070812025737,807.7134359019302,587.7907510258187,538.0078859040686,48.0,21.0,14.0,33.5,21.666666666666668,13.178264933847197,12.70170592217176
US,Accessories,2014,39,9,3,Autumn,0.3076923076923077,0.06153846153846154,1607.7691624051472,54,-1.0,-1.8369701987210297e-16,2014-39,2014-09-22,1220.6845812025736,318.4705812025736,651.6805812025736,1488.4317265032173,887.3874843354779,180.27659391583467,581.8110286841879,35.0,16.0,21.0,43.0,24.416666666666668,9.556847457887633,15.750661361775672
US,Accessories,2014,40,10,4,Autumn,0.4,0.08,931.0600000000001,15,-0.992708874098054,0.1205366802553232,2014-40,2014-09-29,1607.7691624051472,1545.9591624051473,1367.6865812025735,1334.7069359019301,851.0019359019302,321.6248029323261,562.3714376426994,54.0,35.0,27.0,38.0,23.416666666666668,17.26267650163207,15.951393973473586
US,Accessories,2014,41,10,4,Autumn,0.2,0.04,906.2345812025735,21,-0.9709418174260521,0.23931566428755738,2014-41,2014-10-06,931.0600000000001,1579.314,182.87,1166.4370812025738,911.2823176688113,327.01911693178664,521.5295372845666,15.0,48.0,5.0,31.25,24.75,17.327723451163454,14.906526941395342
US,Accessories,2014,42,10,4,Autumn,0.3333333333333333,0.06666666666666668,1289.6231624051472,38,-0.9350162426854148,0.35460488704253557,2014-42,2014-10-13,906.2345812025735,1220.6845812025736,1196.1605812025737,1183.671726503217,919.0708661023591,332.6000580616194,526.8415211758886,21.0,35.0,18.0,32.0,26.416666666666668,17.60681686165901,15.198434927400381
US,Accessories,2014,43,10,4,Autumn,1.0,0.2,83.6,3,-0.8854560256532101,0.464723172043768,2014-43,2014-10-20,1289.6231624051472,1607.7691624051472,366.94399999999996,802.6294359019304,895.4588661023591,510.3576051078475,559.1925222293938,38.0,54.0,10.0,19.25,25.833333333333332,14.568802284333465,15.999053002277874
US,Accessories,2014,44,10,4,Autumn,0.75,0.15000000000000002,512.566,12,-0.822983865893657,0.5680647467311548,2014-44,2014-10-27,83.6,931.0600000000001,438.756,698.0059359019303,901.6096994356925,518.0903188048514,554.0950437086681,3.0,15.0,17.0,18.5,25.416666666666668,14.933184523068078,16.31206097748942
US,Accessories,2014,45,11,4,Autumn,0.23076923076923078,0.04615384615384616,1881.5125812025735,48,-0.7485107481711011,0.6631226582407952,2014-45,2014-11-03,512.566,906.2345812025735,176.534,941.8254359019304,1043.6912478692402,800.9972433876784,569.6460929230295,12.0,21.0,7.0,25.25,28.833333333333332,21.219095173922945,16.397523833761838
US,Accessories,2014,46,11,4,Autumn,0.5714285714285714,0.1142857142857143,1773.1245812025736,61,-0.6631226582407955,0.7485107481711007,2014-46,2014-11-10,1881.5125812025735,1289.6231624051472,647.5011624051472,1062.7007906012868,1137.4931994356923,901.1920543861098,590.760997170201,48.0,38.0,21.0,31.0,32.166666666666664,27.892651361962706,18.58070031625352
US,Accessories,2014,47,11,4,Autumn,0.5,0.10000000000000002,1026.56,23,-0.5680647467311559,0.8229838658936564,2014-47,2014-11-17,1773.1245812025736,83.6,318.4705812025736,1298.4407906012868,1196.5006510021447,647.2546548964048,534.1696774202702,61.0,3.0,16.0,36.0,32.75,22.464787260658994,18.131464364468727
US,Accessories,2014,48,11,4,Autumn,0.2,0.04,645.622,41,-0.4647231720437684,0.88545602565321,2014-48,2014-11-24,1026.56,512.566,1545.9591624051473,1331.704790601287,1121.472554135049,594.6884273664383,543.7667564926572,23.0,12.0,35.0,43.25,33.25,15.840349322747484,18.281262140633093
US,Accessories,2014,49,12,4,Autumn,0.5454545454545454,0.10909090909090911,1830.54,44,-0.35460488704253595,0.9350162426854147,2014-49,2014-12-01,645.622,1881.5125812025735,1579.314,1318.9616453006433,1142.4080541350493,579.3275945588642,567.3225354435219,41.0,48.0,48.0,42.25,32.916666666666664,15.56438241627338,18.022502769055286
US,Accessories,2014,50,12,4,Autumn,0.2727272727272727,0.05454545454545456,1255.4365812025735,41,-0.2393156642875578,0.970941817426052,2014-50,2014-12-08,1830.54,1773.1245812025736,1220.6845812025736,1189.5396453006433,1145.304054135049,495.86040728471244,567.8468938088562,44.0,61.0,35.0,37.25,33.416666666666664,9.604686356149273,18.16819565431121
US,Accessories,2014,51,12,4,Autumn,0.25,0.05,961.01,30,-0.12053668025532363,0.992708874098054,2014-51,2014-12-15,1255.4365812025735,1026.56,1607.7691624051472,1173.1521453006435,1091.4074572679535,504.05749140073203,550.3869091225354,41.0,23.0,54.0,39.0,31.416666666666668,6.164414002968976,16.97837305265587
US,Accessories,2014,52,12,4,Winter,0.2857142857142857,0.05714285714285715,1068.482,27,6.432490598706546e-16,1.0,2014-52,2014-12-22,961.01,645.622,931.0600000000001,1278.8671453006434,1102.8592906012866,387.3788000256496,548.1724830384843,30.0,41.0,15.0,35.5,32.416666666666664,8.266397845091497,16.261825533960483
US,Copiers,2012,16,4,2,Spring,1.0,0.2,246.4905812025736,4,0.9350162426854148,-0.35460488704253545,2012-16,2012-04-16,246.4905812025736,246.4905812025736,726.4745812025735,246.4905812025736,318.44819943569246,0.0,175.45715711887152,4.0,2.0,7.0,4.25,3.4166666666666665,2.0615528128088307,1.6213537179739277
US,Copiers,2012,19,5,2,Spring,1.0,0.2,246.4905812025736,7,0.7485107481711013,-0.663122658240795,2012-19,2012-05-07,246.4905812025736,246.4905812025736,246.4905812025736,246.4905812025736,318.44819943569246,0.0,175.45715711887152,4.0,7.0,3.0,4.25,3.75,2.0615528128088307,1.9128750375000736
US,Copiers,2012,24,6,2,Spring,0.0,0.0,246.4905812025736,3,0.23931566428755768,-0.970941817426052,2012-24,2012-06-11,246.4905812025736,246.4905812025736,559.992,246.4905812025736,292.3230812025736,0.0,158.76843727580115,7.0,2.0,1.0,4.5,3.9166666666666665,1.7320508075688779,1.7298624923456318
US,Copiers,2012,35,8,3,Summer,1.0,0.2,492.9811624051472,7,-0.8854560256532096,-0.4647231720437691,2012-35,2012-08-27,246.4905812025736,246.4905812025736,796.4805812025736,308.113226503217,267.0314629694547,123.2452906012868,71.15570170500654,3.0,4.0,4.0,5.25,4.166666666666667,2.0615528128088303,1.9462473604038069
US,Copiers,2012,37,9,3,Summer,1.0,0.2,726.4745812025735,4,-0.970941817426052,-0.23931566428755774,2012-37,2012-09-10,492.9811624051472,246.4905812025736,246.4905812025736,428.109226503217,307.0301296361214,230.36269778635227,149.89748126428032,7.0,4.0,3.0,5.25,4.25,2.0615528128088303,1.9128750375000731
US,Copiers,2012,44,10,4,Autumn,1.0,0.2,439.992,1,-0.822983865893657,0.5680647467311548,2012-44,2012-10-29,726.4745812025735,246.4905812025736,246.4905812025736,476.48458120257357,323.15524786924027,197.48087317526853,153.1652086571485,4.0,7.0,5.0,3.75,3.9166666666666665,2.5000000000000004,2.1087839379532687
US,Copiers,2012,45,11,4,Autumn,0.0,0.0,549.99,1,-0.7485107481711011,0.6631226582407952,2012-45,2012-11-05,439.992,246.4905812025736,246.4905812025736,552.3594359019302,348.44686610235914,124.46407522412595,164.0276957760987,1.0,3.0,2.0,3.25,3.8333333333333335,2.8722813232690148,2.208797835653566
US,Copiers,2012,48,11,4,Autumn,0.0,0.0,246.4905812025736,1,-0.4647231720437684,0.88545602565321,2012-48,2012-11-26,549.99,492.9811624051472,246.4905812025736,490.73679060128677,348.44686610235914,201.09242760517893,164.0276957760987,1.0,7.0,4.0,1.75,3.5833333333333335,1.5000000000000007,2.353269807709857
US,Copiers,2012,49,12,4,Autumn,0.0,0.0,246.4905812025736,2,-0.35460488704253595,0.9350162426854147,2012-49,2012-12-03,246.4905812025736,726.4745812025735,246.4905812025736,370.7407906012868,348.44686610235914,150.33544508254013,164.0276957760987,1.0,4.0,2.0,1.25,3.5833333333333335,0.5000000000000023,2.353269807709857
US,Copiers,2012,50,12,4,Autumn,1.0,0.2,246.4905812025736,2,-0.2393156642875578,0.970941817426052,2012-50,2012-12-10,246.4905812025736,439.992,246.4905812025736,322.3654359019302,348.44686610235914,151.7497093987132,164.0276957760987,2.0,1.0,7.0,1.5,3.1666666666666665,0.5773502691896278,2.124888588879783
US,Copiers,2012,52,12,4,Winter,0.5,0.1,492.9811624051472,12,6.432490598706546e-16,1.0,2012-52,2012-12-24,246.4905812025736,549.99,246.4905812025736,308.113226503217,368.9877478692403,123.2452906012868,165.5261252903009,2.0,1.0,2.0,4.25,4.0,5.188127472091128,3.2752515517548764
US,Copiers,2013,1,1,1,Winter,1.0,0.2,246.4905812025736,4,0.12053668025532305,0.992708874098054,2013-1,2012-12-31,492.9811624051472,246.4905812025736,246.4905812025736,308.113226503217,368.9877478692403,123.2452906012868,165.5261252903009,12.0,1.0,4.0,5.0,4.0,4.760952285695234,3.2752515517548764
US,Copiers,2013,15,4,2,Spring,1.0,0.2,246.4905812025736,3,0.9709418174260521,-0.2393156642875575,2013-15,2013-04-08,246.4905812025736,246.4905812025736,246.4905812025736,308.113226503217,368.9877478692403,123.2452906012868,165.5261252903009,4.0,2.0,4.0,5.25,3.9166666666666665,4.573474244670749,3.287948609787881
US,Copiers,2013,21,5,2,Spring,1.0,0.4,246.4905812025736,4,0.5680647467311558,-0.8229838658936564,2013-21,2013-05-20,246.4905812025736,246.4905812025736,246.4905812025736,308.113226503217,368.9877478692403,123.2452906012868,165.5261252903009,3.0,2.0,7.0,5.75,3.6666666666666665,4.193248541803042,3.1430539096216408
US,Copiers,2013,22,5,2,Spring,1.0,0.4,246.4905812025736,2,0.46472317204376906,-0.8854560256532096,2013-22,2013-05-27,246.4905812025736,492.9811624051472,246.4905812025736,246.4905812025736,368.9877478692403,0.0,165.5261252903009,4.0,12.0,3.0,3.25,3.5833333333333335,0.9574271077563413,3.175426480542942
US,Copiers,2013,27,7,3,Summer,0.0,0.0,246.4905812025736,5,-0.12053668025532283,-0.992708874098054,2013-27,2013-07-01,246.4905812025736,246.4905812025736,492.9811624051472,246.4905812025736,348.44686610235914,0.0,164.0276957760987,2.0,4.0,7.0,3.5,3.4166666666666665,1.290994448735808,3.0289011909011534
US,Copiers,2013,28,7,3,Summer,1.0,0.2,246.4905812025736,5,-0.23931566428755743,-0.9709418174260521,2013-28,2013-07-08,246.4905812025736,246.4905812025736,726.4745812025735,246.4905812025736,308.44819943569246,0.0,114.51373296887078,5.0,3.0,4.0,4.0,3.5,1.4142135623730974,3.0600059417648793
US,Copiers,2013,30,7,3,Summer,1.0,0.4,246.4905812025736,4,-0.46472317204376806,-0.8854560256532101,2013-30,2013-07-22,246.4905812025736,246.4905812025736,439.992,246.4905812025736,292.3230812025736,0.0,107.72949590059442,5.0,4.0,1.0,4.0,3.75,1.4142135623730974,2.958039891549808
US,Copiers,2013,36,9,3,Summer,0.5,0.1,492.9811624051472,7,-0.9350162426854147,-0.3546048870425359,2013-36,2013-09-02,246.4905812025736,246.4905812025736,549.99,308.113226503217,287.5723447363359,123.2452906012868,95.9463286059818,4.0,2.0,1.0,5.25,4.25,1.258305739211794,2.958039891549808
US,Copiers,2013,37,9,3,Summer,0.0,0.0,246.4905812025736,8,-0.970941817426052,-0.23931566428755774,2013-37,2013-09-09,492.9811624051472,246.4905812025736,246.4905812025736,308.113226503217,287.5723447363359,123.2452906012868,95.9463286059818,7.0,5.0,1.0,6.0,4.833333333333333,1.8257418583505554,2.9490625115398443
US,Copiers,2013,39,9,3,Autumn,1.0,0.2,479.976,3,-1.0,-1.8369701987210297e-16,2013-39,2013-09-23,246.4905812025736,246.4905812025736,246.4905812025736,366.4845812025736,307.02946296945476,138.65882261699295,109.56574596069606,8.0,5.0,2.0,5.5,4.916666666666667,2.380476142847618,2.8749176536296677
US,Copiers,2013,40,10,4,Autumn,0.0,0.0,492.9811624051472,14,-0.992708874098054,0.1205366802553232,2013-40,2013-09-30,479.976,246.4905812025736,246.4905812025736,428.107226503217,327.57034473633587,121.23287594974093,119.81088279582632,3.0,4.0,2.0,8.0,5.916666666666667,4.546060565661953,3.7284735685686643
US,Copiers,2013,46,11,4,Autumn,1.0,0.4,246.4905812025736,4,-0.6631226582407955,0.7485107481711007,2013-46,2013-11-11,492.9811624051472,492.9811624051472,492.9811624051472,366.4845812025736,307.02946296945476,138.65882261699295,109.56574596069606,14.0,7.0,12.0,7.25,5.25,4.9916597106239795,3.2227881773960316
US,Copiers,2013,49,12,4,Autumn,1.0,0.2,479.984,2,-0.35460488704253595,0.9350162426854147,2013-49,2013-12-02,246.4905812025736,246.4905812025736,246.4905812025736,424.8579359019302,326.48724786924026,119.06940713230827,118.227911841552,4.0,8.0,4.0,5.75,5.083333333333333,5.560275772537426,3.3427896171076075
US,Copiers,2013,52,12,4,Winter,0.0,0.0,246.4905812025736,4,6.432490598706546e-16,1.0,2013-52,2013-12-23,479.984,479.976,246.4905812025736,366.4865812025736,326.48724786924026,138.66100530826117,118.227911841552,2.0,3.0,3.0,6.0,5.166666666666667,5.416025603090641,3.2983007562664564
US,Copiers,2014,4,1,1,Winter,0.0,0.0,246.4905812025736,5,0.4647231720437685,0.8854560256532099,2014-4,2014-01-20,246.4905812025736,492.9811624051472,246.4905812025736,304.8639359019302,326.48724786924026,116.7467093987132,118.227911841552,4.0,14.0,4.0,3.75,5.25,1.258305739211794,3.278719262151
US,Copiers,2014,11,3,1,Winter,1.0,0.2,726.4745812025735,4,0.970941817426052,0.23931566428755804,2014-11,2014-03-10,246.4905812025736,246.4905812025736,246.4905812025736,424.85993590193016,366.4859145359069,229.23154967139723,161.84951221611888,5.0,4.0,2.0,3.75,5.416666666666667,1.258305739211794,3.146667308679955
US,Copiers,2014,13,3,1,Spring,0.6666666666666666,0.13333333333333333,972.9651624051471,11,1.0,-1.6081226496766366e-16,2014-13,2014-03-24,726.4745812025735,479.984,246.4905812025736,548.105226503217,427.02546296945474,362.5209788642688,233.07932040994092,4.0,2.0,5.0,6.0,5.916666666666667,3.366501646120694,3.5280263174995867
US,Copiers,2014,14,4,2,Spring,0.0,0.0,246.4905812025736,5,0.992708874098054,-0.12053668025532288,2014-14,2014-03-31,972.9651624051471,246.4905812025736,246.4905812025736,548.105226503217,427.02546296945474,362.5209788642688,233.07932040994092,11.0,4.0,5.0,6.25,5.916666666666667,3.2015621187164256,3.5280263174995867
US,Copiers,2014,19,5,2,Spring,1.0,0.2,246.4905812025736,6,0.7485107481711013,-0.663122658240795,2014-19,2014-05-05,246.4905812025736,246.4905812025736,246.4905812025736,548.105226503217,427.02546296945474,362.5209788642688,233.07932040994092,5.0,5.0,4.0,6.5,6.083333333333333,3.109126351029606,3.4761089357690342
US,Copiers,2014,29,7,3,Summer,1.0,0.30000000000000004,726.4745812025735,7,-0.3546048870425356,-0.9350162426854148,2014-29,2014-07-14,246.4905812025736,726.4745812025735,492.9811624051472,548.105226503217,446.4832478692403,362.5209788642688,248.33299144393422,6.0,4.0,7.0,7.25,6.083333333333333,2.6299556396765844,3.4761089357690342
US,Copiers,2014,30,7,3,Summer,1.0,0.2,246.4905812025736,5,-0.46472317204376806,-0.8854560256532101,2014-30,2014-07-21,726.4745812025735,972.9651624051471,246.4905812025736,366.4865812025736,446.4832478692403,239.992,248.33299144393422,7.0,11.0,8.0,5.75,5.833333333333333,0.9574271077563412,3.4333480435107044
US,Copiers,2014,33,8,3,Summer,0.0,0.0,299.99,1,-0.7485107481711011,-0.6631226582407952,2014-33,2014-08-11,246.4905812025736,246.4905812025736,479.976,379.8614359019302,431.484414535907,232.4476202894714,251.54087834134288,5.0,5.0,3.0,4.75,5.666666666666667,2.6299556396765844,3.626501778782846
US,Copiers,2014,35,8,3,Summer,1.0,0.2,246.4905812025736,2,-0.8854560256532096,-0.4647231720437691,2014-35,2014-08-25,299.99,246.4905812025736,492.9811624051472,379.8614359019302,410.9435327690258,232.4476202894714,256.0856892689372,1.0,6.0,14.0,3.75,4.666666666666667,2.753785273643052,2.64001836540903
US,Copiers,2014,37,9,3,Summer,1.0,0.2,319.984,2,-0.970941817426052,-0.23931566428755774,2014-37,2014-09-08,246.4905812025736,726.4745812025735,246.4905812025736,278.2387906012868,417.067984335478,37.55740148136878,252.6509340375619,2.0,7.0,4.0,2.5,4.5,1.7320508075688792,2.7468990781342044
US,Copiers,2014,43,10,4,Autumn,1.0,0.2,246.4905812025736,4,-0.8854560256532101,0.464723172043768,2014-43,2014-10-20,319.984,246.4905812025736,479.984,278.2387906012868,397.61019943569244,37.55740148136878,256.3294045283721,2.0,5.0,2.0,2.25,4.666666666666667,1.2583057392117942,2.64001836540903
US,Copiers,2014,45,11,4,Autumn,1.0,0.2,246.4905812025736,2,-0.7485107481711011,0.6631226582407952,2014-45,2014-11-03,246.4905812025736,299.99,246.4905812025736,264.8639359019302,397.61019943569244,36.746709398713215,256.3294045283721,4.0,1.0,4.0,2.5,4.5,1.000000000000003,2.7468990781342044
US,Copiers,2014,47,11,4,Autumn,0.5,0.2,492.9811624051472,6,-0.5680647467311559,0.8229838658936564,2014-47,2014-11-17,246.4905812025736,246.4905812025736,246.4905812025736,326.4865812025736,418.15108120257355,116.27761200981672,252.9728241894471,2.0,2.0,5.0,3.5,4.583333333333333,1.914854215512678,2.778434265858555
US,Copiers,2014,50,12,4,Autumn,0.5,0.1,492.9811624051472,5,-0.2393156642875578,0.970941817426052,2014-50,2014-12-08,492.9811624051472,319.984,726.4745812025735,369.7358718038604,398.693296302788,142.31140341001316,235.47643063764303,6.0,2.0,4.0,4.25,4.666666666666667,1.707825127659935,2.7743413086658415
US,Copiers,2014,51,12,4,Autumn,0.0,0.0,246.4905812025736,2,-0.12053668025532363,0.992708874098054,2014-51,2014-12-15,492.9811624051472,246.4905812025736,972.9651624051471,369.7358718038604,338.15374786924025,142.31140341001316,153.5452821681392,5.0,4.0,11.0,3.75,3.9166666666666665,2.061552812808832,2.020725942163691
US,Copiers,2014,52,12,4,Winter,1.0,0.2,246.4905812025736,6,6.432490598706546e-16,1.0,2014-52,2014-12-22,246.4905812025736,246.4905812025736,246.4905812025736,369.7358718038604,338.15374786924025,142.31140341001316,153.5452821681392,2.0,2.0,5.0,4.75,4.0,1.8929694486000932,2.0889318714683744
US,Machines,2011,50,12,4,Autumn,0.0,0.0,246.4905812025736,4,-0.2393156642875578,0.970941817426052,2011-50,2011-12-12,246.4905812025736,246.4905812025736,739.4717436077208,322.3584359019302,438.6443176688113,257.2488195609465,307.55806354957116,5.0,2.0,14.0,4.25,6.166666666666667,1.7078251276599334,4.725815626252609
US,Machines,2011,52,12,4,Winter,1.0,0.2,246.4905812025736,6,6.432490598706546e-16,1.0,2011-52,2011-12-26,246.4905812025736,101.994,287.968,358.48258120257367,435.1878661023591,223.984,309.63144191419684,4.0,2.0,4.0,5.25,6.333333333333333,0.957427107756339,4.677476657214644
US,Machines,2012,1,1,1,Winter,0.0,0.0,246.4905812025736,9,0.12053668025532305,0.992708874098054,2012-1,2012-01-02,246.4905812025736,694.4585812025737,65.97,246.4905812025736,450.23124786924024,0.0,294.05582659514175,6.0,6.0,3.0,6.0,6.833333333333333,2.1602468994692874,4.608950449117916
US,Machines,2012,5,1,1,Winter,1.0,0.2,246.4905812025736,3,0.5680647467311558,0.8229838658936564,2012-5,2012-01-30,246.4905812025736,246.4905812025736,625.791,246.4905812025736,418.62287963612135,0.0,293.85480120094434,9.0,5.0,5.0,5.5,6.666666666666667,2.6457513110645907,4.7161874689651855
US,Machines,2012,14,4,2,Spring,1.0,0.2,71.976,3,0.992708874098054,-0.12053668025532288,2012-14,2012-04-02,246.4905812025736,246.4905812025736,559.71,202.8619359019302,377.97837963612136,87.25729060128684,306.0439459149617,3.0,4.0,3.0,5.25,6.666666666666667,2.8722813232690148,4.7161874689651855
US,Machines,2012,17,4,2,Spring,0.0,0.0,246.4905812025736,8,0.8854560256532099,-0.4647231720437685,2012-17,2012-04-23,71.976,246.4905812025736,1102.4911624051472,202.8619359019302,306.6449978692403,87.25729060128684,204.85043715594253,3.0,6.0,17.0,5.75,5.916666666666667,3.2015621187164247,3.4761089357690356
US,Machines,2012,21,5,2,Spring,1.0,0.30000000000000004,646.0305812025736,9,0.5680647467311558,-0.8229838658936564,2012-21,2012-05-21,246.4905812025736,246.4905812025736,346.4055812025736,302.7469359019302,331.6137478692403,243.19295554221296,227.1805701722227,8.0,9.0,10.0,5.75,5.833333333333333,3.2015621187164247,3.3799766898963117
US,Machines,2012,28,7,3,Summer,0.0,0.0,464.97,3,-0.23931566428755743,-0.9709418174260521,2012-28,2012-07-09,646.0305812025736,246.4905812025736,739.4717436077208,357.36679060128677,308.7386025685969,250.76328269762146,193.73778064125372,9.0,3.0,13.0,5.75,5.0,3.2015621187164247,2.5936986577612933
US,Machines,2012,31,8,3,Summer,1.0,0.2,558.4,2,-0.5680647467311556,-0.8229838658936566,2012-31,2012-07-30,464.97,71.976,246.4905812025736,478.97279060128676,334.7310541350491,171.71783330508705,205.21082526558072,3.0,3.0,2.0,5.5,5.0,3.5118845842842465,2.5936986577612933
US,Machines,2012,34,8,3,Summer,0.0,0.0,246.4905812025736,7,-0.8229838658936564,-0.5680647467311559,2012-34,2012-08-20,558.4,246.4905812025736,101.994,478.97279060128676,346.77243590193024,171.71783330508703,194.259951673385,2.0,8.0,2.0,5.25,5.416666666666667,3.3040379335998353,2.466441431158125
US,Machines,2012,35,8,3,Summer,1.0,0.2,239.976,3,-0.8854560256532096,-0.4647231720437691,2012-35,2012-08-27,246.4905812025736,646.0305812025736,694.4585812025737,377.4591453006434,308.8988874683824,159.63721643486264,161.92399229873257,7.0,9.0,6.0,3.75,5.166666666666667,2.2173557826083456,2.5524794837866027
US,Machines,2012,39,9,3,Autumn,0.0,0.0,246.4905812025736,7,-1.0,-1.8369701987210297e-16,2012-39,2012-09-24,239.976,464.97,246.4905812025736,322.83929060128685,308.8988874683824,157.0704975431908,161.92399229873257,3.0,3.0,5.0,4.75,5.333333333333333,2.6299556396765835,2.6053557891157197
US,Machines,2012,44,10,4,Autumn,0.0,0.0,306.4845812025736,6,-0.822983865893657,0.5680647467311548,2012-44,2012-10-29,246.4905812025736,558.4,246.4905812025736,259.8604359019302,313.8983874683824,31.2341039331327,160.7438007520432,7.0,2.0,4.0,5.75,5.5,1.8929694486000919,2.5761140573281383
US,Machines,2012,45,11,4,Autumn,0.3333333333333333,0.13333333333333333,780.8911624051473,9,-0.7485107481711011,0.6631226582407952,2012-45,2012-11-05,306.4845812025736,246.4905812025736,246.4905812025736,393.4605812025736,358.4317692352636,260.01601065696786,207.57562448435553,6.0,7.0,6.0,6.25,5.75,2.5000000000000004,2.7675062617979593
US,Machines,2012,47,11,4,Autumn,0.6666666666666666,0.3,596.873,7,-0.5680647467311559,0.8229838658936564,2012-47,2012-11-19,780.8911624051473,239.976,246.4905812025736,482.6848312025736,387.6303041350491,250.86530628721428,214.91156243434313,9.0,3.0,9.0,7.25,5.583333333333333,1.2583057392117927,2.609713789020947
US,Machines,2012,49,12,4,Autumn,0.0,0.0,482.34,4,-0.35460488704253595,0.9350162426854147,2012-49,2012-12-03,596.873,246.4905812025736,246.4905812025736,541.6471859019302,407.28442236816795,199.25391153371643,211.5894113794224,7.0,7.0,3.0,6.5,5.666666666666667,2.0816659994661335,2.5346089292516965
US,Machines,2012,50,12,4,Autumn,0.0,0.0,246.4905812025736,2,-0.2393156642875578,0.970941817426052,2012-50,2012-12-10,482.34,306.4845812025736,71.976,526.6486859019302,421.82730413504913,223.62357838126456,191.49076536279657,4.0,6.0,3.0,5.5,5.583333333333333,3.1091263510296057,2.644319239884672
US,Machines,2012,51,12,4,Winter,1.0,0.3,246.4905812025736,2,-0.12053668025532363,0.992708874098054,2012-51,2012-12-17,246.4905812025736,780.8911624051473,246.4905812025736,393.0485406012868,421.82730413504913,175.5713016573414,191.49076536279657,2.0,9.0,8.0,3.75,5.083333333333333,2.3629078131263044,2.7122058561364057
US,Machines,2012,52,12,4,Winter,0.5,0.1,726.4785812025737,10,6.432490598706546e-16,1.0,2012-52,2012-12-24,246.4905812025736,596.873,646.0305812025736,425.4499359019302,428.5313041350491,229.4250974017761,201.21490392806444,2.0,7.0,9.0,4.5,5.166666666666667,3.7859388972001824,2.85508583960538
US,Machines,2013,5,2,1,Winter,0.0,0.0,246.4905812025736,5,0.5680647467311558,0.8229838658936564,2013-5,2013-01-28,726.4785812025737,482.34,464.97,366.4875812025736,410.32468590193025,239.99400000000006,207.40717267999102,10.0,4.0,3.0,4.75,5.333333333333333,3.774917217635375,2.7743413086658433
US,Machines,2013,9,3,1,Winter,0.0,0.0,246.4905812025736,7,0.8854560256532099,0.4647231720437686,2013-9,2013-02-25,246.4905812025736,246.4905812025736,558.4,366.4875812025736,384.332234335478,239.99400000000006,206.70644816136746,5.0,2.0,2.0,6.0,5.75,3.366501646120693,2.598076211353317
US,Machines,2013,10,3,1,Winter,1.0,0.4,287.91,3,0.9350162426854148,0.35460488704253557,2013-10,2013-03-04,246.4905812025736,246.4905812025736,246.4905812025736,376.84243590193023,387.78385256859684,233.90712138458431,204.52985439807526,7.0,2.0,7.0,6.25,5.416666666666667,2.9860788111948193,2.6784776318353734
US,Machines,2013,11,3,1,Winter,0.5,0.1,695.5905812025736,6,0.970941817426052,0.23931566428755804,2013-11,2013-03-11,287.91,726.4785812025737,239.976,369.1204359019302,425.751734335478,218.52082524645522,216.53388882409075,3.0,10.0,3.0,5.25,5.666666666666667,1.707825127659933,2.5702257889260647
US,Machines,2013,16,4,2,Spring,0.0,0.0,246.4905812025736,7,0.9350162426854148,-0.35460488704253545,2013-16,2013-04-15,695.5905812025736,246.4905812025736,246.4905812025736,369.1204359019302,425.751734335478,218.52082524645522,216.53388882409075,6.0,5.0,7.0,5.75,5.666666666666667,1.8929694486000912,2.5702257889260647
US,Machines,2013,18,5,2,Spring,0.0,0.0,224.937,3,0.8229838658936565,-0.5680647467311557,2013-18,2013-04-29,246.4905812025736,246.4905812025736,306.4845812025736,363.7320406012868,418.9561025685969,222.77694068912083,221.83202315728346,7.0,7.0,6.0,4.75,5.416666666666667,2.0615528128088303,2.6784776318353734
US,Machines,2013,19,5,2,Spring,0.0,0.0,246.4905812025736,5,0.7485107481711013,-0.663122658240795,2013-19,2013-05-06,224.937,287.91,780.8911624051473,353.37718590193015,374.42272080171574,228.3684025181169,194.52801034593233,3.0,3.0,9.0,5.25,5.083333333333333,1.7078251276599332,2.4293034292807394
US,Machines,2013,21,5,2,Spring,1.0,0.2,246.4905812025736,10,0.5680647467311558,-0.8229838658936564,2013-21,2013-05-20,246.4905812025736,695.5905812025736,596.873,241.1021859019302,345.22418590193024,10.776790601290578,184.12062924371338,5.0,6.0,7.0,6.25,5.333333333333333,2.9860788111948193,2.7743413086658437
US,Machines,2013,22,5,2,Spring,1.0,0.2,930.376,5,0.46472317204376906,-0.8854560256532096,2013-22,2013-05-27,246.4905812025736,246.4905812025736,482.34,412.0735406012868,382.5605192352635,345.68432474992926,248.59209832927345,10.0,7.0,4.0,5.75,5.416666666666667,2.9860788111948193,2.745519766433816
US,Machines,2013,23,6,2,Spring,0.0,0.0,246.4905812025736,3,0.35460488704253584,-0.9350162426854147,2013-23,2013-06-03,930.376,224.937,246.4905812025736,417.46193590193025,382.5605192352635,341.94270939871325,248.59209832927345,5.0,3.0,2.0,5.75,5.5,2.9860788111948193,2.6457513110645916
US,Machines,2013,24,6,2,Spring,1.0,0.4,492.9811624051472,5,0.23931566428755768,-0.970941817426052,2013-24,2013-06-10,246.4905812025736,246.4905812025736,246.4905812025736,479.08458120257364,403.10140100214466,322.5197654518318,246.50150310918474,3.0,5.0,2.0,5.75,5.75,2.9860788111948193,2.416797279646991
US,Machines,2013,25,6,2,Spring,1.0,0.5,91.475,1,0.12053668025532308,-0.992708874098054,2013-25,2013-06-17,492.9811624051472,246.4905812025736,726.4785812025737,440.3306859019302,350.18443590193016,366.14694605738805,238.80929100399197,5.0,10.0,10.0,3.5,5.0,1.914854215512676,2.374102701309201
US,Machines,2013,26,6,2,Summer,1.0,0.2,246.4905812025736,4,-3.216245299353273e-16,-1.0,2013-26,2013-06-24,91.475,930.376,246.4905812025736,269.35933120257357,350.18443590193016,166.027626346646,238.80929100399197,1.0,5.0,5.0,3.25,4.916666666666667,1.7078251276599328,2.3915887961137843
US,Machines,2013,28,7,3,Summer,0.0,0.0,341.991,3,-0.23931566428755743,-0.9709418174260521,2013-28,2013-07-08,246.4905812025736,246.4905812025736,246.4905812025736,293.23443590193017,358.14280413504906,168.49116220049453,236.620782449737,4.0,3.0,7.0,3.25,4.583333333333333,1.7078251276599328,2.3532698077098595
US,Machines,2013,30,7,3,Summer,1.0,0.5,265.475,1,-0.46472317204376806,-0.8854560256532101,2013-30,2013-07-22,341.991,492.9811624051472,287.91,236.3578953006434,356.27322080171575,105.03948982610179,237.31376863148148,3.0,5.0,3.0,2.25,4.416666666666667,1.4999999999999996,2.5390883594254277
US,Machines,2013,33,8,3,Summer,1.0,0.2,105.552,6,-0.7485107481711011,-0.6631226582407952,2013-33,2013-08-12,265.475,91.475,695.5905812025736,239.8771453006434,307.1033390348346,98.60607094433706,221.19691038819354,1.0,1.0,6.0,3.5,4.416666666666667,2.0816659994661326,2.5390883594254277
US,Machines,2013,34,8,3,Summer,1.0,0.2,246.4905812025736,3,-0.8229838658936564,-0.5680647467311559,2013-34,2013-08-19,105.552,246.4905812025736,246.4905812025736,239.8771453006434,307.1033390348346,98.60607094433706,221.19691038819354,6.0,4.0,7.0,3.25,4.083333333333333,2.06155281280883,2.4293034292807403
US,Machines,2013,36,9,3,Summer,1.0,0.3,246.4905812025736,3,-0.9350162426854147,-0.3546048870425359,2013-36,2013-09-02,246.4905812025736,341.991,224.937,216.0020406012868,308.8994708017157,74.17521463059745,220.55563942170005,3.0,3.0,3.0,3.25,4.083333333333333,2.06155281280883,2.4293034292807403
US,Machines,2013,38,9,3,Summer,0.0,0.0,396.0,4,-0.992708874098054,-0.12053668025532357,2013-38,2013-09-16,246.4905812025736,265.475,246.4905812025736,248.6332906012868,321.3585890348346,118.60070989988444,220.9322331410751,3.0,1.0,5.0,4.0,4.0,1.4142135623730947,2.412090756622112
US,Machines,2013,41,10,4,Autumn,0.5,0.1,492.9811624051472,9,-0.9709418174260521,0.23931566428755738,2013-41,2013-10-07,396.0,105.552,246.4905812025736,345.4905812025736,341.8994708017158,120.97750883356649,224.76402236690797,4.0,6.0,10.0,4.75,3.9166666666666665,2.872281323269014,2.193309385519078
US,Machines,2013,45,11,4,Autumn,0.5,0.1,426.4815812025736,5,-0.7485107481711011,0.6631226582407952,2013-45,2013-11-04,492.9811624051472,246.4905812025736,930.376,390.4883312025736,299.9082692352635,104.18897093179125,133.2795759879284,9.0,3.0,5.0,5.25,3.9166666666666665,2.629955639676583,2.193309385519078
US,Machines,2013,47,11,4,Autumn,0.0,0.0,30.345,7,-0.5680647467311559,0.8229838658936564,2013-47,2013-11-18,426.4815812025736,246.4905812025736,246.4905812025736,336.4519359019302,281.8961374683824,208.04980487674217,154.12968658872876,5.0,3.0,3.0,6.25,4.25,2.2173557826083448,2.34035739306473
US,Machines,2013,48,11,4,Autumn,0.0,0.0,812.9011624051473,21,-0.4647231720437684,0.88545602565321,2013-48,2013-11-25,30.345,396.0,492.9811624051472,440.677226503217,308.55613746838236,321.3826445333489,211.10013666996932,7.0,4.0,5.0,10.5,5.583333333333333,7.187952884282608,5.384461369758747
US,Machines,2013,52,12,4,Winter,0.5,0.1,281.53000000000003,3,6.432490598706546e-16,1.0,2013-52,2013-12-23,812.9011624051473,492.9811624051472,91.475,387.8144359019302,324.3940541350491,327.24845408036066,200.17993299953622,21.0,9.0,1.0,9.0,5.75,8.16496580927726,5.259191088854911
US,Machines,2014,1,1,1,Winter,1.0,0.5,246.4905812025736,2,0.12053668025532305,0.992708874098054,2014-1,2013-12-30,281.53000000000003,426.4815812025736,246.4905812025736,342.8166859019302,324.3940541350491,332.4919777754503,200.17993299953622,3.0,5.0,4.0,8.25,5.583333333333333,8.770214744615247,5.350587619952399
US,Machines,2014,2,1,1,Winter,1.0,0.1,246.4905812025736,2,0.23931566428755774,0.970941817426052,2014-2,2014-01-06,246.4905812025736,30.345,341.991,396.8530812025736,316.4356859019302,277.8567866982911,201.3119091506436,2.0,7.0,3.0,7.0,5.5,9.345230512584124,5.40201982427112
US,Machines,2014,4,1,1,Winter,1.0,0.1,350.973,3,0.4647231720437685,0.8854560256532099,2014-4,2014-01-20,246.4905812025736,812.9011624051473,265.475,281.37104060128684,323.56051923526354,49.25359856890792,200.85680289966578,2.0,21.0,1.0,2.5,5.666666666666667,0.5773502691896149,5.280036730818061
US,Machines,2014,6,2,1,Winter,1.0,0.2,239.984,2,0.6631226582407952,0.7485107481711011,2014-6,2014-02-03,350.973,281.53000000000003,105.552,270.9845406012868,334.76318590193017,53.413778648720445,191.1042864285038,3.0,3.0,6.0,2.25,5.333333333333333,0.49999999999998745,5.382350506024015
US,Machines,2014,11,3,1,Winter,1.0,0.3,209.986,2,0.970941817426052,0.23931566428755804,2014-11,2014-03-10,239.984,246.4905812025736,246.4905812025736,261.8583953006434,331.72113746838244,61.50018169314821,192.91910124617596,2.0,2.0,3.0,2.25,5.25,0.49999999999998745,5.429297627435131
US,Machines,2014,13,3,1,Spring,1.0,0.2,532.72,2,1.0,-1.6081226496766366e-16,2014-13,2014-03-24,209.986,246.4905812025736,246.4905812025736,333.41575,355.57358903483464,146.05345618271667,199.02137791769113,2.0,2.0,3.0,2.25,5.166666666666667,0.49999999999998745,5.474458600601248
US,Machines,2014,14,4,2,Spring,1.0,0.2,246.4905812025736,2,0.992708874098054,-0.12053668025532288,2014-14,2014-03-31,532.72,350.973,396.0,307.2951453006434,343.11447080171575,151.12182742433185,200.93116187103107,2.0,3.0,4.0,2.0,5.0,0.0,5.543218625245872
US,Machines,2014,16,4,2,Spring,0.0,0.0,246.4905812025736,5,0.9350162426854148,-0.35460488704253545,2014-16,2014-04-14,246.4905812025736,239.984,492.9811624051472,308.92179060128683,322.5735890348346,150.18792783925093,196.77390505654975,2.0,2.0,9.0,2.75,4.666666666666667,1.4999999999999958,5.399214308722628
US,Machines,2014,21,5,2,Spring,1.0,0.2,343.2,1,0.5680647467311558,-0.8229838658936564,2014-21,2014-05-19,246.4905812025736,209.986,426.4815812025736,342.2252906012868,315.6334572679535,134.93140669073858,194.22813663527404,5.0,2.0,5.0,2.5,4.333333333333333,1.7320508075688736,5.499311251640904
US,Machines,2014,23,6,2,Spring,0.0,0.0,78.66,6,0.35460488704253584,-0.9350162426854147,2014-23,2014-06-02,343.2,532.72,30.345,228.7102906012868,319.6597072679535,109.93219233610195,188.1833358962297,1.0,2.0,7.0,3.5,4.25,2.380476142847614,5.462683323322806
US,Machines,2014,24,6,2,Spring,1.0,0.2,385.8,5,0.23931566428755768,-0.970941817426052,2014-24,2014-06-09,78.66,246.4905812025736,812.9011624051473,263.53764530064336,284.0679437341912,136.33845172847347,110.9581283346727,6.0,2.0,21.0,4.25,2.9166666666666665,2.2173557826083425,1.5642792899510358
US,Machines,2014,25,6,2,Spring,0.0,0.0,246.4905812025736,5,0.12053668025532308,-0.992708874098054,2014-25,2014-06-16,385.8,246.4905812025736,281.53000000000003,263.53764530064336,281.147992167739,136.33845172847347,111.49075472860773,5.0,5.0,3.0,4.25,3.0833333333333335,2.2173557826083425,1.6764862244009282
US,Machines,2014,27,7,3,Summer,1.0,0.30000000000000004,492.9811624051472,9,-0.12053668025532283,-0.992708874098054,2014-27,2014-06-30,246.4905812025736,343.2,246.4905812025736,300.9829359019302,301.6888739346202,179.3080755676583,126.2541067855511,5.0,1.0,2.0,6.25,3.6666666666666665,1.892969448600088,2.34843597212092
US,Machines,2014,31,8,3,Summer,1.0,0.4,246.4905812025736,3,-0.5680647467311556,-0.8229838658936566,2014-31,2014-07-28,492.9811624051472,78.66,246.4905812025736,342.94058120257364,301.6888739346202,119.65827842549446,126.2541067855511,9.0,6.0,2.0,5.5,3.75,2.516611478423581,2.3011854652449375
US,Machines,2014,38,9,3,Summer,0.0,0.0,733.755,7,-0.992708874098054,-0.12053668025532357,2014-38,2014-09-15,246.4905812025736,385.8,350.973,429.9293312025736,333.58737393462013,233.51311200967308,177.7084268904103,3.0,5.0,3.0,6.0,4.083333333333333,2.581988897471609,2.466441431158126
US,Machines,2014,39,9,3,Autumn,1.0,0.2,506.28,3,-1.0,-1.8369701987210297e-16,2014-39,2014-09-22,733.755,246.4905812025736,239.984,494.87668590193016,355.77870726795345,199.0746380429561,181.54258780357014,7.0,5.0,2.0,5.5,4.166666666666667,2.999999999999998,2.4058010698889465
US,Machines,2014,40,10,4,Autumn,0.6666666666666666,0.20000000000000004,952.1605812025737,25,-0.992708874098054,0.1205366802553232,2014-40,2014-09-29,506.28,492.9811624051472,209.986,609.6715406012868,417.6265890348346,302.9222495217869,243.28223851904932,3.0,9.0,2.0,9.5,6.083333333333333,10.503967504392486,6.388317936719028
US,Machines,2014,41,10,4,Autumn,0.0,0.0,246.4905812025736,4,-0.9709418174260521,0.23931566428755738,2014-41,2014-10-06,952.1605812025737,246.4905812025736,532.72,609.6715406012868,393.7741374683824,302.9222495217869,244.997679014543,25.0,3.0,2.0,9.75,6.25,10.307764064044152,6.297546419764678
US,Machines,2014,42,10,4,Autumn,0.0,0.0,246.4905812025736,5,-0.9350162426854148,0.35460488704253557,2014-42,2014-10-13,246.4905812025736,733.755,246.4905812025736,487.85543590193015,393.7741374683824,332.8827214315069,244.997679014543,4.0,7.0,2.0,9.25,6.5,10.53169818531972,6.17178329908861
US,Machines,2014,45,11,4,Autumn,1.0,0.5,246.4905812025736,4,-0.7485107481711011,0.6631226582407952,2014-45,2014-11-03,246.4905812025736,506.28,246.4905812025736,422.9080812025736,393.7741374683824,352.83500000000015,244.997679014543,5.0,3.0,5.0,9.5,6.416666666666667,10.344080432788601,6.200562046860727
US,Machines,2014,46,11,4,Autumn,0.0,0.0,342.4845812025736,9,-0.6631226582407955,0.7485107481711007,2014-46,2014-11-10,246.4905812025736,952.1605812025737,343.2,270.48908120257363,393.7145192352635,47.99700000000187,245.011191302266,4.0,25.0,1.0,5.5,7.083333333333333,2.380476142847614,5.991787308601261
US,Machines,2014,47,11,4,Autumn,0.6666666666666666,0.13333333333333333,545.4211624051472,8,-0.5680647467311559,0.8229838658936564,2014-47,2014-11-17,342.4845812025736,246.4905812025736,78.66,345.22172650321704,432.6112827690258,140.9290414884997,226.82299455089844,9.0,4.0,6.0,6.5,7.25,2.380476142847614,5.986727744846018
US,Machines,2014,49,12,4,Autumn,1.0,0.5,246.4905812025736,2,-0.35460488704253595,0.9350162426854147,2014-49,2014-12-01,545.4211624051472,246.4905812025736,385.8,345.22172650321704,421.00216453590696,140.9290414884997,232.91975584087604,8.0,5.0,5.0,5.75,7.0,3.304037933599833,6.149648918286458
US,Machines,2014,52,12,4,Winter,0.5,0.25,599.97,5,6.432490598706546e-16,1.0,2014-52,2014-12-22,246.4905812025736,246.4905812025736,246.4905812025736,433.5915812025736,450.45878276902585,166.82815821824468,231.1887509828518,2.0,4.0,5.0,6.0,7.0,3.1622776601683773,6.149648918286458
US,Phones,2011,17,4,2,Spring,0.6666666666666666,0.13333333333333333,568.8465812025736,10,0.8854560256532099,-0.4647231720437685,2011-17,2011-04-25,1108.8611624051473,521.7651624051472,391.98,738.7422265032169,478.04926923526347,281.95859321000944,305.67395851607296,38.0,15.0,2.0,18.5,11.416666666666666,13.47837774610382,9.586527794332792
US,Phones,2011,19,5,2,Spring,1.0,0.20000000000000004,390.8825812025736,11,0.7485107481711013,-0.663122658240795,2011-19,2011-05-09,568.8465812025736,800.8105812025735,370.6905812025736,636.260226503217,479.73193590193017,323.33963347771396,305.0842544229528,10.0,17.0,10.0,17.0,11.5,14.023789311975088,9.577435602877877
US,Phones,2011,20,5,2,Spring,0.25,0.1,673.9111624051471,8,0.6631226582407952,-0.7485107481711012,2011-20,2011-05-16,390.8825812025736,476.4505812025736,343.33,685.6253718038604,507.2803661023591,305.3830139859705,306.5695111856063,11.0,9.0,15.0,16.75,10.916666666666666,14.221462653327892,9.558036440925543
US,Phones,2011,21,5,2,Spring,1.0,0.24000000000000005,644.6545812025736,24,0.5680647467311558,-0.8229838658936564,2011-21,2011-05-23,673.9111624051471,1108.8611624051473,180.96,569.5737265032169,545.9215812025735,127.08853793336259,290.50152380488584,8.0,38.0,5.0,13.25,12.5,7.274384280931735,10.04987562112089
US,Phones,2011,22,5,2,Spring,0.0,0.0,1310.6811624051472,21,0.46472317204376906,-0.8854560256532096,2011-22,2011-05-30,644.6545812025736,568.8465812025736,306.56,755.0323718038603,629.5983447363359,391.62675928489404,353.14742351422444,24.0,10.0,6.0,16.0,13.75,7.702813338860899,10.100630043355082
US,Phones,2011,23,6,2,Spring,1.0,0.20000000000000004,500.9731624051472,11,0.35460488704253584,-0.9350162426854147,2011-23,2011-06-06,1310.6811624051472,390.8825812025736,15.93,782.5550171045038,670.0186082700981,360.1044217223309,300.3322641570524,21.0,11.0,4.0,16.0,14.333333333333334,7.702813338860899,9.679719505077083
US,Phones,2011,24,6,2,Spring,1.0,0.2,139.8,5,0.23931566428755768,-0.970941817426052,2011-24,2011-06-13,500.9731624051472,673.9111624051471,246.4905812025736,649.027226503217,661.127726503217,489.5703643772959,315.2201780764121,11.0,8.0,3.0,15.25,14.5,8.808140174482544,9.482040440173778
US,Phones,2011,25,6,2,Summer,0.42857142857142855,0.1142857142857143,1572.6177436077207,24,0.12053668025532308,-0.992708874098054,2011-25,2011-06-20,139.8,644.6545812025736,795.896,881.0180171045038,725.854538470527,672.4975441325055,410.6954422154762,5.0,24.0,5.0,15.25,16.083333333333332,8.808140174482544,9.336714755428833
US,Phones,2011,26,7,3,Summer,0.5,0.1,649.9,4,-3.216245299353273e-16,-1.0,2011-26,2011-06-27,1572.6177436077207,1310.6811624051472,521.7651624051472,715.822726503217,736.5324416034314,610.0289675761459,406.55164224463954,24.0,21.0,15.0,11.0,15.166666666666666,9.201449161228178,9.971170564394255
US,Phones,2011,28,7,3,Summer,0.7142857142857143,0.2,1270.478,25,-0.23931566428755743,-0.9709418174260521,2011-28,2011-07-11,649.9,500.9731624051472,800.8105812025735,908.1989359019302,775.6713931698837,640.2743519513713,434.9201081990274,4.0,11.0,17.0,14.5,15.833333333333334,11.561430130683087,10.364566678074025
US,Phones,2011,29,7,3,Summer,0.5,0.1,944.8265812025736,13,-0.3546048870425356,-0.9350162426854148,2011-29,2011-07-18,1270.478,139.8,476.4505812025736,1109.4555812025735,814.702726503217,399.4752590981575,426.5623208456027,25.0,5.0,9.0,16.5,16.166666666666668,9.949874371066203,10.187633620614692
US,Phones,2011,30,7,3,Summer,1.0,0.2,246.4905812025736,2,-0.46472317204376806,-0.8854560256532101,2011-30,2011-07-25,944.8265812025736,1572.6177436077207,1108.8611624051473,777.9237906012868,742.8385114030025,435.61356640897014,444.75445942148866,13.0,24.0,38.0,11.0,13.166666666666666,10.488088481701519,8.299324543526891
US,Phones,2011,31,8,3,Summer,0.5,0.1,535.95,6,-0.5680647467311556,-0.8229838658936566,2011-31,2011-08-01,246.4905812025736,649.9,568.8465812025736,749.4362906012868,740.0971296361214,450.25644969345336,446.0239805228663,2.0,4.0,10.0,11.5,12.833333333333334,10.08298897483612,8.515582864088135
US,Phones,2011,32,8,3,Summer,0.8333333333333334,0.16666666666666666,1636.4731624051471,23,-0.663122658240795,-0.7485107481711013,2011-32,2011-08-08,535.95,1270.478,390.8825812025736,840.9350812025737,843.8963447363359,602.7864314310424,499.1410048396898,6.0,25.0,11.0,11.0,13.833333333333334,9.201449161228178,8.97302354366417
US,Phones,2011,34,8,3,Summer,0.75,0.15000000000000002,1183.5605812025735,24,-0.8229838658936564,-0.5680647467311559,2011-34,2011-08-22,1636.4731624051471,944.8265812025736,673.9111624051471,900.6185812025735,886.3671296361214,627.8016551271354,505.0104220633027,23.0,13.0,8.0,13.75,15.166666666666666,11.383467544352792,9.212968461836168
US,Phones,2011,36,9,3,Summer,0.6666666666666666,0.20000000000000004,991.47,16,-0.9350162426854147,-0.3546048870425359,2011-36,2011-09-05,1183.5605812025735,246.4905812025736,644.6545812025736,1086.8634359019302,915.268414535907,456.0799311694825,499.81715169197713,24.0,2.0,24.0,17.25,14.5,8.30160627027485,8.795660086863087
US,Phones,2011,37,9,3,Summer,0.0,0.0,304.96000000000004,4,-0.970941817426052,-0.23931566428755774,2011-37,2011-09-12,991.47,535.95,1310.6811624051472,1029.1159359019302,831.4583176688114,553.3398548931912,511.66613475564986,16.0,6.0,21.0,16.75,13.083333333333334,9.215023964519393,9.019759453891249
US,Phones,2011,38,9,3,Summer,0.6666666666666666,0.13333333333333333,1074.4531624051472,22,-0.992708874098054,-0.12053668025532357,2011-38,2011-09-19,304.96000000000004,1636.4731624051471,500.9731624051472,888.6109359019301,879.2483176688114,396.97230317365023,504.72711038490377,4.0,23.0,11.0,16.5,14.0,9.000000000000002,9.341987329938275
US,Phones,2011,39,10,4,Autumn,1.0,0.2,548.776,5,-1.0,-1.8369701987210297e-16,2011-39,2011-09-26,1074.4531624051472,1183.5605812025735,139.8,729.9147906012868,913.3296510021447,365.3836580565418,462.28028750701674,22.0,24.0,5.0,11.75,14.0,8.732124598286493,9.341987329938275
US,Phones,2011,40,10,4,Autumn,1.0,0.2,15.992,1,-0.992708874098054,0.1205366802553232,2011-40,2011-10-03,548.776,991.47,1572.6177436077207,486.0452906012868,783.6108390348346,448.66503614599605,478.5740310461424,5.0,16.0,24.0,8.0,12.083333333333334,9.48683298050514,9.462445708582889
US,Phones,2011,41,10,4,Autumn,1.0,0.2,492.9811624051472,13,-0.9709418174260521,0.23931566428755738,2011-41,2011-10-10,15.992,304.96000000000004,649.9,533.0505812025735,770.5342692352637,432.94309804990354,484.6647571859332,1.0,4.0,4.0,10.25,12.833333333333334,9.287087810503357,9.11375916187201
US,Phones,2011,42,10,4,Autumn,0.6666666666666666,0.13333333333333333,685.6185812025736,14,-0.9350162426854148,0.35460488704253557,2011-42,2011-10-17,492.9811624051472,1074.4531624051472,1270.478,435.8419359019302,721.7959843354779,291.365369283763,458.5214469656815,13.0,22.0,25.0,8.25,11.916666666666666,6.291528696058962,8.295215853768122
US,Phones,2011,43,10,4,Autumn,0.6666666666666666,0.13333333333333333,888.4305812025736,13,-0.8854560256532101,0.464723172043768,2011-43,2011-10-24,685.6185812025736,548.776,944.8265812025736,520.7555812025736,717.0963176688114,373.2391573071174,456.31134605615284,14.0,5.0,13.0,10.25,11.916666666666666,6.184658438426494,8.295215853768122
US,Phones,2011,44,11,4,Autumn,0.8461538461538461,0.2,2516.100906012868,62,-0.822983865893657,0.5680647467311548,2011-44,2011-10-31,888.4305812025736,15.992,246.4905812025736,1145.7828077057907,906.2305114030027,927.7037893808237,665.7946257702217,13.0,1.0,2.0,25.5,16.916666666666668,24.33789911502908,16.14400160675128
US,Phones,2011,45,11,4,Autumn,1.0,0.2,2352.1251624051474,31,-0.7485107481711011,0.6631226582407952,2011-45,2011-11-07,2516.100906012868,492.9811624051472,535.95,1610.5688077057907,1057.5784416034314,956.889186887207,771.9359755428321,62.0,13.0,6.0,30.0,19.0,22.87647991569799,16.22007734540465
US,Phones,2011,46,11,4,Autumn,0.3,0.1,2578.831743607721,46,-0.6631226582407955,0.7485107481711007,2011-46,2011-11-14,2352.1251624051474,685.6185812025736,1636.4731624051471,2083.8720983070775,1136.1083233703125,802.6719794748097,876.9692570973635,31.0,14.0,23.0,38.0,20.916666666666668,20.92844953645635,17.997264101843793
US,Phones,2011,47,11,4,Autumn,0.7142857142857143,0.2,2056.147162405147,28,-0.5680647467311559,0.8229838658936564,2011-47,2011-11-21,2578.831743607721,888.4305812025736,1183.5605812025735,2375.8012436077206,1208.8238718038604,233.5556091182713,916.5446472081089,46.0,13.0,24.0,41.75,21.25,15.62849960808778,18.09633312931857
US,Phones,2011,48,12,4,Autumn,0.4,0.08,1553.728,14,-0.4647231720437684,0.88545602565321,2011-48,2011-11-28,2056.147162405147,2516.100906012868,991.47,2135.2080171045036,1255.6787051371937,442.80345063381054,918.7920251742839,28.0,62.0,16.0,29.75,21.083333333333332,13.124404748406684,18.15818539859358
US,Phones,2011,49,12,4,Autumn,1.0,0.28,472.366,14,-0.35460488704253595,0.9350162426854147,2011-49,2011-12-05,1553.728,2352.1251624051474,304.96000000000004,1665.268226503217,1269.6292051371936,898.673390140693,904.1994943339303,14.0,31.0,4.0,25.5,21.916666666666668,15.176736583776279,17.521199280940344
US,Phones,2011,50,12,4,Autumn,1.0,0.2,287.1705812025736,7,-0.2393156642875578,0.970941817426052,2011-50,2011-12-12,472.366,2578.831743607721,1074.4531624051472,1092.35293590193,1204.0223233703125,851.3653124679005,947.1883793607253,14.0,46.0,22.0,15.75,20.666666666666668,8.808140174482538,18.042038452324384
US,Phones,2011,51,12,4,Autumn,1.0,0.2,1201.7811624051471,22,-0.12053668025532363,0.992708874098054,2011-51,2011-12-19,287.1705812025736,2056.147162405147,548.776,878.7614359019302,1258.439420237408,598.6258141350081,924.6103218157668,7.0,28.0,5.0,14.25,22.083333333333332,6.130524719249837,17.35437242957067
US,Phones,2011,52,12,4,Winter,1.0,0.2285714285714286,1810.188,28,6.432490598706546e-16,1.0,2011-52,2011-12-26,1201.7811624051471,1553.728,15.992,942.8764359019302,1407.9557535707415,700.1407584201874,847.2649051938687,22.0,14.0,1.0,17.75,24.333333333333332,9.178779875342908,16.075579069639847
US,Phones,2012,1,1,1,Winter,1.0,0.4,62.982,3,0.12053668025532305,0.992708874098054,2012-1,2012-01-02,1810.188,472.366,492.9811624051472,840.5304359019302,1372.1224900369791,812.7169613869553,897.106643975493,28.0,14.0,13.0,15.0,23.5,11.916375287812984,16.95180333662577
US,Phones,2012,2,1,1,Winter,1.0,0.4000000000000001,368.68199999999996,9,0.23931566428755774,0.970941817426052,2012-2,2012-01-09,62.982,287.1705812025736,685.6185812025736,860.9082906012868,1345.7111082700983,795.0470358831503,923.4342081438766,3.0,7.0,14.0,15.5,23.083333333333332,11.503622617824929,17.26509001810687
US,Phones,2012,4,1,1,Winter,1.0,0.4,587.346,5,0.4647231720437685,0.8854560256532099,2012-4,2012-01-23,368.68199999999996,1201.7811624051471,888.4305812025736,707.2995000000001,1320.620726503217,766.063256245201,940.9132862371375,9.0,22.0,13.0,11.25,22.416666666666668,11.441882129556598,17.834890897713212
US,Phones,2012,6,2,1,Winter,1.0,0.4,107.982,3,0.6631226582407952,0.7485107481711011,2012-6,2012-02-06,587.346,1810.188,2516.100906012868,281.748,1119.9441510021445,244.26818831767804,919.3160847435411,5.0,28.0,62.0,5.0,17.5,2.8284271247461845,13.54789483814569
US,Phones,2012,7,2,1,Winter,0.25,0.1,951.9331624051472,9,0.7485107481711011,0.6631226582407953,2012-7,2012-02-13,107.982,62.982,2352.1251624051474,503.9857906012868,1003.261484335478,357.179642168405,833.565300456256,3.0,3.0,31.0,6.5,15.666666666666666,2.9999999999999947,13.033755708880996
US,Phones,2012,9,2,1,Winter,0.6666666666666666,0.13333333333333333,217.804,8,0.8854560256532099,0.4647231720437686,2012-9,2012-02-27,951.9331624051472,368.68199999999996,2578.831743607721,466.2662906012868,806.5091723681679,383.24654777237566,694.9902786758731,9.0,9.0,46.0,6.25,12.5,2.7537852736430453,8.979775255337053
US,Phones,2012,10,3,1,Winter,0.5,0.13333333333333333,1374.8591624051471,22,0.9350162426854148,0.35460488704253557,2012-10,2012-03-05,217.804,587.346,2056.147162405147,663.1445812025736,749.735172368168,604.5577487063586,605.7207218837452,8.0,5.0,28.0,10.5,12.0,8.10349718742881,8.168676314267367
US,Phones,2012,11,3,1,Winter,0.5,0.1,102.676,5,0.970941817426052,0.23931566428755804,2012-11,2012-03-12,1374.8591624051471,107.982,1553.728,661.8180812025736,628.814172368168,606.1855368068491,574.6692304656154,22.0,3.0,14.0,11.0,11.25,7.527726527090808,8.378815277504655
US,Phones,2012,12,3,1,Spring,0.75,0.15000000000000002,916.0305812025737,10,0.992708874098054,0.120536680255323,2012-12,2012-03-19,102.676,951.9331624051472,472.366,652.8424359019302,665.7862208017158,600.6989542974766,577.9513989763004,5.0,9.0,14.0,11.25,10.916666666666666,7.455423082115011,8.33893750953194
US,Phones,2012,13,3,1,Spring,1.0,0.2,260.92,10,1.0,-1.6081226496766366e-16,2012-13,2012-03-26,916.0305812025737,217.804,287.1705812025736,663.6214359019302,663.598672368168,590.5922758185352,579.5621737095792,10.0,8.0,7.0,11.75,11.166666666666666,7.228416147400478,8.25539309491166
US,Phones,2012,14,4,2,Spring,0.75,0.25,155.588,13,0.992708874098054,-0.12053668025532288,2012-14,2012-04-02,260.92,1374.8591624051471,1201.7811624051471,358.80364530064344,576.4159088344057,377.2625236685133,569.8516461416351,10.0,22.0,22.0,9.5,10.416666666666666,3.316624790355395,7.5613651164483775
US,Phones,2012,15,4,2,Spring,0.75,0.15000000000000002,1000.462,8,0.9709418174260521,-0.2393156642875575,2012-15,2012-04-09,155.588,102.676,1810.188,583.2501453006435,508.93874216773906,436.5013109233616,444.6677393853658,13.0,5.0,28.0,10.25,8.75,2.0615528128088223,5.154433219877987
US,Phones,2012,16,4,2,Spring,0.625,0.15000000000000002,2124.344581202574,27,0.9350162426854148,-0.35460488704253545,2012-16,2012-04-16,1000.462,916.0305812025737,62.982,885.3286453006435,680.7189572679534,907.5284650289213,620.2331441596247,8.0,10.0,3.0,14.5,10.75,8.58292879305582,7.034008297355974
US,Phones,2012,17,4,2,Spring,1.0,0.2,311.976,3,0.8854560256532099,-0.4647231720437685,2012-17,2012-04-23,2124.344581202574,260.92,368.68199999999996,898.0926453006435,675.9934572679534,896.1062372427931,623.0363352811444,27.0,10.0,9.0,12.75,10.25,10.340051579497398,7.374711088331773
US,Phones,2012,18,4,2,Spring,0.8333333333333334,0.20000000000000004,969.4091624051472,33,0.8229838658936565,-0.5680647467311557,2012-18,2012-04-30,311.976,155.588,587.346,1101.5479359019305,707.8320541350491,752.1559770642826,627.8380708446784,3.0,13.0,5.0,17.75,12.583333333333334,14.5,9.64325796826074
US,Phones,2012,19,5,2,Spring,0.75,0.15000000000000002,1048.4285812025737,13,0.7485107481711013,-0.663122658240795,2012-19,2012-05-07,969.4091624051472,1000.462,107.982,1113.5395812025736,786.202602568597,750.3874427429735,604.4132893434739,33.0,8.0,3.0,19.0,13.416666666666666,13.564659966250536,9.15977702520728
US,Phones,2012,21,5,2,Spring,1.0,0.2,713.5305812025736,10,0.5680647467311558,-0.8229838658936564,2012-21,2012-05-21,1048.4285812025737,2124.344581202574,951.9331624051472,760.8360812025736,766.3357208017156,331.6249684437819,602.3852554649267,13.0,27.0,9.0,14.75,13.5,12.86791876463841,9.12040668949681
US,Phones,2012,22,5,2,Spring,0.0,0.0,756.69,11,0.46472317204376906,-0.8854560256532096,2012-22,2012-05-28,713.5305812025736,311.976,217.804,872.0145812025736,811.2428874683825,162.3006891843811,577.3414070945256,10.0,3.0,8.0,16.75,13.75,10.90489186863706,8.99621132376392
US,Phones,2012,23,6,2,Spring,1.0,0.2,140.376,3,0.35460488704253584,-0.9350162426854147,2012-23,2012-06-04,756.69,969.4091624051472,1374.8591624051471,664.7562906012869,708.3692906012869,379.91659351924244,577.7666606656572,11.0,33.0,22.0,9.25,12.166666666666666,4.349329450233295,9.083785087459495
US,Phones,2012,24,6,2,Spring,0.75,0.15000000000000002,665.124,9,0.23931566428755768,-0.970941817426052,2012-24,2012-06-11,140.376,1048.4285812025737,102.676,568.9301453006434,755.2399572679536,288.14056884099676,546.110289901444,3.0,13.0,5.0,8.25,12.5,3.593976442141302,8.867714679463003
US,Phones,2012,25,6,2,Summer,0.8571428571428571,0.17142857142857146,1390.9940000000001,25,0.12053668025532308,-0.992708874098054,2012-25,2012-06-18,665.124,713.5305812025736,916.0305812025737,738.296,794.8202421677391,512.9052824918073,575.257359541284,9.0,10.0,10.0,12.0,13.75,9.309493362512626,9.516731677323985
US,Phones,2012,26,6,2,Summer,0.5,0.1,516.4705812025736,5,-3.216245299353273e-16,-1.0,2012-26,2012-06-25,1390.9940000000001,756.69,260.92,678.2411453006434,816.1161239346202,523.9775190218286,558.1721970357123,25.0,11.0,10.0,10.5,13.333333333333334,9.983319421247957,9.801051273236256
US,Phones,2012,27,7,3,Summer,0.3333333333333333,0.06666666666666667,445.6805812025736,10,-0.12053668025532283,-0.992708874098054,2012-27,2012-07-02,516.4705812025736,140.376,155.588,754.5672906012868,840.2905057015014,434.0276876495794,532.663162965565,5.0,3.0,13.0,12.25,13.083333333333334,8.770214744615245,9.848473193466297
US,Phones,2012,28,7,3,Summer,0.8333333333333334,0.20000000000000004,1756.1551624051472,22,-0.23931566428755743,-0.9709418174260521,2012-28,2012-07-09,445.6805812025736,665.124,1000.462,1027.3250812025735,903.2649359019302,648.7760307727006,594.4129504653026,10.0,9.0,8.0,15.5,14.25,9.539392014169456,10.019299558170903
US,Phones,2012,29,7,3,Summer,0.5,0.1,289.574,3,-0.3546048870425356,-0.9350162426854148,2012-29,2012-07-16,1756.1551624051472,1390.9940000000001,2124.344581202574,751.9700812025736,750.3673874683824,676.1338835693756,475.93386222403,22.0,25.0,27.0,10.0,12.25,8.524474568362947,9.63068014212911
US,Phones,2012,30,7,3,Summer,0.5,0.1,276.4605812025736,8,-0.46472317204376806,-0.8854560256532101,2012-30,2012-07-23,289.574,516.4705812025736,311.976,691.9675812025736,747.4077692352635,713.61034082493,479.0083500566445,3.0,5.0,3.0,10.75,12.666666666666666,8.05708797684788,9.296463974234634
US,Phones,2012,31,8,3,Summer,0.0,0.0,128.85,3,-0.5680647467311556,-0.8229838658936566,2012-31,2012-07-30,276.4605812025736,445.6805812025736,969.4091624051472,612.7599359019302,677.3611723681679,765.73883171548,504.3798875111962,8.0,10.0,33.0,9.0,10.166666666666666,8.981462390204985,7.107401178711628
US,Phones,2012,32,8,3,Summer,0.3333333333333333,0.06666666666666667,1765.7525812025735,23,-0.663122658240795,-0.7485107481711013,2012-32,2012-08-06,128.85,1756.1551624051472,1048.4285812025737,615.1592906012868,737.138172368168,770.5158972416044,587.9405613403558,3.0,22.0,13.0,9.25,11.0,9.464847243000456,7.999999999999996
US,Phones,2012,33,8,3,Summer,1.0,0.30000000000000004,766.2825812025736,9,-0.7485107481711011,-0.6631226582407952,2012-33,2012-08-13,1765.7525812025735,289.574,713.5305812025736,734.3364359019301,741.534172368168,739.61790661672,587.9452139578224,23.0,3.0,10.0,10.75,10.916666666666666,8.578072821638514,8.016554840774898
US,Phones,2012,34,8,3,Summer,0.5,0.2,273.47258120257356,6,-0.8229838658936564,-0.5680647467311559,2012-34,2012-08-20,766.2825812025736,276.4605812025736,756.69,733.5894359019302,701.2660541350491,740.2357519916612,603.1635552828428,9.0,8.0,11.0,10.25,10.5,8.845903006477066,8.140806303599613
US,Phones,2012,35,8,3,Summer,1.0,0.20000000000000004,845.6265812025737,13,-0.8854560256532096,-0.4647231720437691,2012-35,2012-08-27,273.47258120257356,128.85,140.376,912.7835812025735,760.0369359019302,622.4273117754395,577.3499906752279,6.0,3.0,3.0,12.75,11.333333333333334,7.4105780251385704,7.808309482192475
US,Phones,2012,36,9,3,Summer,0.3333333333333333,0.13333333333333333,684.9605812025736,9,-0.9350162426854147,-0.3546048870425359,2012-36,2012-09-03,845.6265812025737,1765.7525812025735,665.124,642.5855812025736,761.689984335478,254.66752370100207,577.0818700278685,13.0,23.0,9.0,9.25,11.333333333333334,2.872281323269017,7.808309482192475
US,Phones,2012,37,9,3,Summer,0.0,0.0,59.97,3,-0.970941817426052,-0.23931566428755774,2012-37,2012-09-10,684.9605812025736,766.2825812025736,1390.9940000000001,466.00743590193025,650.7713176688113,362.39354526249207,573.0310412634678,9.0,9.0,25.0,7.75,9.5,4.272001872658768,6.829082195753947
US,Phones,2012,38,9,3,Summer,0.1111111111111111,0.022222222222222223,2157.3123248102943,46,-0.992708874098054,-0.12053668025532357,2012-38,2012-09-17,59.97,273.47258120257356,516.4705812025736,936.9673718038604,787.5081296361213,881.3279293233182,716.003806883362,3.0,6.0,5.0,17.75,12.916666666666666,19.276496915501358,12.37635820523317
US,Phones,2012,39,9,3,Autumn,0.5555555555555556,0.13333333333333336,1534.1897436077209,39,-1.0,-1.8369701987210297e-16,2012-39,2012-09-24,2157.3123248102943,845.6265812025737,445.6805812025736,1109.1081624051471,878.2172265032169,923.7637452682368,737.3925587629051,46.0,13.0,10.0,24.25,15.333333333333334,21.406774628607646,14.418002215244243
US,Phones,2012,40,10,4,Autumn,0.6666666666666666,0.13333333333333333,1388.74,9,-0.992708874098054,0.1205366802553232,2012-40,2012-10-01,1534.1897436077209,684.9605812025736,1756.1551624051472,1285.0530171045039,847.599296302788,882.1346831393282,704.5201225640274,39.0,9.0,22.0,24.25,14.25,21.406774628607646,14.359824004998998
US,Phones,2012,41,10,4,Autumn,0.0,0.0,830.8105812025735,27,-0.9709418174260521,0.23931566428755738,2012-41,2012-10-08,1388.74,59.97,289.574,1477.7631624051473,892.7023447363358,545.1127678321963,682.5295760477322,9.0,3.0,3.0,30.25,16.25,16.19413474070165,14.321788867443773
US,Phones,2012,42,10,4,Autumn,0.3333333333333333,0.06666666666666667,646.0245812025736,10,-0.9350162426854148,0.35460488704253557,2012-42,2012-10-15,830.8105812025735,2157.3123248102943,276.4605812025736,1099.941226503217,923.4993447363358,428.3488186441971,660.167154409306,27.0,46.0,8.0,21.25,16.416666666666668,14.430869689661813,14.22838605383512
US,Phones,2012,43,10,4,Autumn,0.8333333333333334,0.16666666666666666,551.446,16,-0.8854560256532101,0.464723172043768,2012-43,2012-10-22,646.0245812025736,1534.1897436077209,128.85,854.2552906012868,958.7156780696691,374.73415189569744,624.2159604443407,10.0,39.0,3.0,15.5,17.5,8.266397845091499,13.594785096432451
US,Phones,2012,44,11,4,Autumn,0.5,0.1,1777.4051624051472,26,-0.822983865893657,0.5680647467311548,2012-44,2012-10-29,551.446,1388.74,1765.7525812025735,951.4215812025736,959.686726503217,562.7443714821633,625.5930867098239,16.0,9.0,23.0,19.75,17.75,8.180260794538686,13.732013028619726
US,Phones,2012,45,11,4,Autumn,0.0,0.0,1040.1399999999999,11,-0.7485107481711011,0.6631226582407952,2012-45,2012-11-05,1777.4051624051472,830.8105812025735,766.2825812025736,1003.7539359019302,982.5081780696692,557.4982588983166,622.885627434418,26.0,27.0,9.0,15.75,17.916666666666668,7.320063751999251,13.627901414733563
US,Phones,2012,46,11,4,Autumn,0.625,0.125,1920.392,24,-0.6631226582407955,0.7485107481711007,2012-46,2012-11-12,1040.1399999999999,646.0245812025736,273.47258120257356,1322.3457906012868,1119.7514629694547,642.5638478887264,633.799330755048,11.0,10.0,6.0,19.25,19.416666666666668,6.994045086119097,13.180276816884275
US,Phones,2012,47,11,4,Autumn,0.5,0.15000000000000002,738.1845812025736,18,-0.5680647467311559,0.8229838658936564,2012-47,2012-11-19,1920.392,551.446,845.6265812025737,1369.03043590193,1110.7979629694546,570.6443442373924,638.7633194364082,24.0,16.0,13.0,19.75,19.833333333333332,6.7515430335097,13.037242690450196
US,Phones,2012,48,11,4,Autumn,0.8,0.24000000000000005,849.3511624051472,24,-0.4647231720437684,0.88545602565321,2012-48,2012-11-26,738.1845812025736,1777.4051624051472,684.9605812025736,1137.0169359019303,1124.4971780696692,536.9296900454588,630.5098436773576,18.0,26.0,9.0,19.25,21.083333333333332,6.184658438426493,12.616427482621319
US,Phones,2012,49,12,4,Autumn,0.6,0.14,1994.3917436077209,41,-0.35460488704253595,0.9350162426854147,2012-49,2012-12-03,849.3511624051472,1040.1399999999999,59.97,1375.5798718038604,1285.6989900369792,674.0271504895379,578.7632146411737,24.0,11.0,3.0,26.75,24.25,9.912113800799506,12.432545267087589
US,Phones,2012,50,12,4,Autumn,0.6666666666666666,0.16666666666666666,1423.48,14,-0.2393156642875578,0.970941817426052,2012-50,2012-12-10,1994.3917436077209,1920.392,2157.3123248102943,1251.3518718038604,1224.546296302788,579.2758646525098,513.3697429533643,41.0,24.0,46.0,24.25,21.583333333333332,11.898879499067691,10.646880322707714
US,Phones,2012,51,12,4,Autumn,1.0,0.2,748.8105812025736,15,-0.12053668025532363,0.992708874098054,2012-51,2012-12-17,1423.48,738.1845812025736,1534.1897436077209,1254.0083718038604,1159.0980327690256,576.1540403844211,520.3213278654266,14.0,18.0,39.0,23.5,19.583333333333332,12.50333288900737,9.238834374858158
US,Phones,2012,52,12,4,Winter,0.6666666666666666,0.13333333333333333,1331.4025812025736,22,6.432490598706546e-16,1.0,2012-52,2012-12-24,748.8105812025736,849.3511624051472,1388.74,1374.521226503217,1154.319914535907,509.9050397517903,518.2800739753669,15.0,24.0,9.0,23.0,20.666666666666668,12.516655570345726,8.62694861606597
US,Phones,2013,1,1,1,Winter,0.6666666666666666,0.13333333333333333,472.124,9,0.12053668025532305,0.992708874098054,2013-1,2012-12-31,1331.4025812025736,1994.3917436077209,830.8105812025735,993.9542906012869,1124.4293661023592,458.53606703325687,548.118121336072,22.0,41.0,27.0,15.0,19.166666666666668,5.35412613473634,8.983149208210325
US,Phones,2013,2,1,1,Winter,1.0,0.26666666666666666,502.3,13,0.23931566428755774,0.970941817426052,2013-2,2013-01-07,472.124,1423.48,646.0245812025736,763.6592906012868,1112.4523176688115,398.26893453342507,560.9424405724055,9.0,14.0,10.0,14.75,19.416666666666668,5.439056290693577,8.743395776068345
US,Phones,2013,4,1,1,Winter,1.0,0.4,110.376,4,0.4647231720437685,0.8854560256532099,2013-4,2013-01-21,502.3,748.8105812025736,551.446,604.0506453006434,1075.696484335478,516.5634287069306,613.0725598868692,13.0,15.0,16.0,12.0,18.416666666666668,7.61577310586391,9.792931897624696
US,Phones,2013,5,1,1,Winter,1.0,0.2,356.0825812025736,5,0.5680647467311558,0.8229838658936564,2013-5,2013-01-28,110.376,1331.4025812025736,1777.4051624051472,360.2206453006434,957.2529359019301,178.0902151388812,602.3846710643348,4.0,22.0,26.0,7.75,16.666666666666668,4.112987559751026,10.183170905811693
US,Phones,2013,6,2,1,Winter,0.5,0.10000000000000002,1333.1091624051471,20,0.6631226582407952,0.7485107481711011,2013-6,2013-02-04,356.0825812025736,472.124,1040.1399999999999,575.4669359019301,981.6670327690258,530.3502671615603,611.9109613900735,5.0,9.0,11.0,10.5,17.416666666666668,7.505553499465138,10.058540770123788
US,Phones,2013,7,2,1,Winter,0.0,0.0,69.93,7,0.7485107481711011,0.6631226582407953,2013-7,2013-02-11,1333.1091624051471,502.3,1920.392,467.3744359019302,827.4618661023592,590.8447219763272,586.4759409978077,20.0,13.0,24.0,9.0,16.0,7.438637868140468,10.242513895967674
US,Phones,2013,8,2,1,Winter,0.5,0.1,485.94,7,0.8229838658936564,0.5680647467311559,2013-8,2013-02-18,69.93,110.376,738.1845812025736,561.2654359019302,806.4414843354781,543.1166768051794,594.4331751641726,7.0,4.0,18.0,9.75,15.083333333333334,6.898067362191629,10.535294217174204
US,Phones,2013,9,3,1,Winter,1.0,0.2,159.984,2,0.8854560256532099,0.4647231720437686,2013-9,2013-02-25,485.94,356.0825812025736,849.3511624051472,512.2407906012868,748.9942208017156,575.685185213014,622.5550416428663,7.0,5.0,24.0,9.0,13.25,7.702813338860898,10.754491662049439
US,Phones,2013,10,3,1,Winter,0.75,0.225,1923.0925812025735,28,0.9350162426854148,0.35460488704253557,2013-10,2013-03-04,159.984,1333.1091624051471,1994.3917436077209,659.7366453006434,743.0526239346201,860.9874331297734,609.798097572179,2.0,20.0,41.0,11.0,12.166666666666666,11.575836902790227,8.009464098896698
US,Phones,2013,11,3,1,Winter,1.0,0.26666666666666666,989.5845812025735,13,0.970941817426052,0.23931566428755804,2013-11,2013-03-11,1923.0925812025735,69.93,1423.48,889.6502906012868,706.8946723681679,768.8486467479438,577.8092434631868,28.0,7.0,14.0,12.5,12.083333333333334,11.269427669584648,7.9938423271612695
US,Phones,2013,12,3,1,Spring,0.75,0.15000000000000002,311.54,7,0.992708874098054,0.120536680255323,2013-12,2013-03-18,989.5845812025735,485.94,748.8105812025736,846.0502906012867,670.4554572679534,803.5360174835895,588.612645968235,13.0,7.0,15.0,12.5,11.416666666666666,11.269427669584648,8.061787906067995
US,Phones,2013,13,3,1,Spring,1.0,0.26666666666666666,808.0345812025736,16,1.0,-1.6081226496766366e-16,2013-13,2013-03-25,311.54,159.984,1331.4025812025736,1008.0629359019301,626.8414572679535,673.9872017312575,553.5311488060636,7.0,2.0,22.0,16.0,10.916666666666666,8.83176086632785,7.513119837788403
US,Phones,2013,14,4,2,Spring,0.2857142857142857,0.1142857142857143,1104.0945812025734,23,0.992708874098054,-0.12053668025532288,2013-14,2013-04-01,808.0345812025736,1923.0925812025735,472.124,803.3134359019302,679.5056723681679,349.77594657710034,567.3635100405285,16.0,28.0,9.0,14.75,12.083333333333334,6.652067347825038,8.240237566448863
US,Phones,2013,15,4,2,Spring,0.0,0.0,517.9,2,0.9709418174260521,-0.2393156642875575,2013-15,2013-04-08,1104.0945812025734,989.5845812025735,502.3,685.3922906012867,680.8056723681678,345.52951740644363,566.9382795333602,23.0,13.0,13.0,12.0,11.166666666666666,9.345230512584127,8.726483550177305
US,Phones,2013,16,4,2,Spring,0.5,0.1,132.292,12,0.9350162426854148,-0.35460488704253545,2013-16,2013-04-15,517.9,311.54,110.376,640.5802906012867,682.6320057015013,414.84691035641424,564.9655140350794,2.0,7.0,4.0,13.25,11.833333333333334,8.770214744615249,8.429745314100895
US,Phones,2013,17,4,2,Spring,1.0,0.4,82.8,2,0.8854560256532099,-0.4647231720437685,2013-17,2013-04-22,132.292,808.0345812025736,356.0825812025736,459.27164530064334,659.8584572679534,471.8334772622808,584.4956370365495,12.0,16.0,5.0,9.75,11.583333333333334,10.012492197250396,8.691253004479776
US,Phones,2013,18,4,2,Spring,1.0,0.2,369.576,3,0.8229838658936565,-0.5680647467311557,2013-18,2013-04-29,82.8,1104.0945812025734,1333.1091624051471,275.642,579.5640270675245,204.32799969982867,548.6858426887444,2.0,23.0,20.0,4.75,10.166666666666666,4.856267428111159,8.57939745005793
US,Phones,2013,19,5,2,Spring,1.0,0.25,689.2745812025736,10,0.7485107481711013,-0.663122658240795,2013-19,2013-05-06,369.576,517.9,69.93,318.4856453006434,631.1760755010722,277.07427180072966,525.0074991030741,3.0,2.0,7.0,6.75,10.416666666666666,4.991659710623982,8.522252512029187
US,Phones,2013,20,5,2,Spring,0.5,0.1,290.0905812025736,9,0.6631226582407952,-0.7485107481711012,2013-20,2013-05-13,689.2745812025736,132.292,485.94,357.93529060128685,614.8552906012868,251.8091634148893,532.9174416545609,10.0,12.0,7.0,6.0,10.583333333333334,4.082482904638634,8.468748252823254
US,Phones,2013,21,5,2,Spring,0.7142857142857143,0.17142857142857146,1495.9031624051472,29,0.5680647467311558,-0.8229838658936564,2013-21,2013-05-20,290.0905812025736,82.8,159.984,711.2110812025736,726.1818874683823,550.8417427183042,567.6606799498825,9.0,2.0,2.0,12.75,12.833333333333334,11.265729744080794,9.504384952922166
US,Phones,2013,22,5,2,Spring,0.5,0.10000000000000002,1129.7085812025734,22,0.46472317204376906,-0.8854560256532096,2013-22,2013-05-27,1495.9031624051472,369.576,1923.0925812025735,901.244226503217,660.066554135049,524.1676322543374,449.4854491862933,29.0,3.0,28.0,17.5,12.333333333333334,9.678154093971985,8.762869323907479
US,Phones,2013,23,6,2,Spring,1.0,0.2,1084.2985812025736,18,0.35460488704253584,-0.9350162426854147,2013-23,2013-06-03,1129.7085812025734,689.2745812025736,989.5845812025735,1000.0002265032169,667.9593874683824,507.8785603569919,456.57340146148925,22.0,10.0,13.0,19.5,12.75,8.346656017032611,8.915002676795597
US,Phones,2013,24,6,2,Spring,0.3333333333333333,0.06666666666666667,623.49,13,0.23931566428755768,-0.970941817426052,2013-24,2013-06-10,1084.2985812025736,290.0905812025736,311.54,1083.3500812025736,693.9552208017157,357.68764272191225,443.1176046023119,18.0,9.0,7.0,20.5,13.25,6.757711644237768,8.72952149058271
US,Phones,2013,25,6,2,Spring,0.0,0.0,588.77,5,0.12053668025532308,-0.992708874098054,2013-25,2013-06-17,623.49,1495.9031624051472,808.0345812025736,856.5667906012868,675.6831723681679,290.11958315879036,442.506162643429,13.0,29.0,16.0,14.5,12.333333333333334,7.325753658611973,8.98820776283452
US,Phones,2013,26,6,2,Summer,0.6666666666666666,0.13333333333333333,1423.1505812025737,26,-3.216245299353273e-16,-1.0,2013-26,2013-06-24,588.77,1129.7085812025734,1104.0945812025734,929.9272906012868,702.2711723681679,398.91177794717834,478.6930003926109,5.0,22.0,23.0,15.5,12.583333333333334,8.812869377601526,9.346446415941225
US,Phones,2013,27,7,3,Summer,1.0,0.2,249.456,6,-0.12053668025532283,-0.992708874098054,2013-27,2013-07-01,1423.1505812025737,1084.2985812025736,517.9,721.2166453006434,679.9008390348346,497.44747390331463,494.11634112540645,26.0,18.0,2.0,12.5,12.916666666666666,9.678154093971985,8.999579114737767
US,Phones,2013,28,7,3,Summer,1.0,0.24000000000000005,756.7191624051472,22,-0.23931566428755743,-0.9709418174260521,2013-28,2013-07-08,249.456,623.49,132.292,754.5239359019303,731.9364359019302,493.16474494453,463.11138640124517,6.0,13.0,12.0,14.75,13.75,10.812801055539063,9.362643371884399
US,Phones,2013,29,7,3,Summer,0.8,0.2,1998.7425812025735,38,-0.3546048870425356,-0.9350162426854148,2013-29,2013-07-15,756.7191624051472,588.77,82.8,1107.0170812025735,891.5983176688113,764.4680933127371,542.444837400184,22.0,5.0,2.0,23.0,16.75,13.216151734399341,10.897247358851683
US,Phones,2013,30,7,3,Summer,0.5,0.1,412.68600000000004,13,-0.46472317204376806,-0.8854560256532101,2013-30,2013-07-22,1998.7425812025735,1423.1505812025737,369.576,854.4009359019302,895.1908176688113,791.6501731857527,538.8038311464344,38.0,26.0,3.0,19.75,17.583333333333332,13.817259737975064,10.10362971081845
US,Phones,2013,31,8,3,Summer,0.5,0.1,945.5471624051472,10,-0.5680647467311556,-0.8229838658936566,2013-31,2013-07-29,412.68600000000004,249.456,689.2745812025736,1028.423726503217,916.5468661023592,683.4577584247239,534.9652961044433,13.0,6.0,10.0,20.75,17.583333333333332,12.579745625409126,10.10362971081845
US,Phones,2013,32,8,3,Summer,1.0,0.20000000000000004,558.336,8,-0.663122658240795,-0.7485107481711013,2013-32,2013-08-05,945.5471624051472,756.7191624051472,290.0905812025736,978.8279359019302,938.9006510021446,716.161912169918,511.4984933514176,10.0,22.0,9.0,17.25,17.5,13.98511113053212,10.184658694687453
US,Phones,2013,33,8,3,Summer,1.0,0.28,991.1505812025736,17,-0.7485107481711011,-0.6631226582407952,2013-33,2013-08-12,558.336,1998.7425812025735,1495.9031624051472,726.9299359019302,896.8379359019301,285.6450055582326,481.3980387830606,8.0,38.0,29.0,12.0,16.5,3.915780041490247,9.520313211043197
US,Phones,2013,34,8,3,Summer,0.5,0.1,178.714,10,-0.8229838658936564,-0.5680647467311559,2013-34,2013-08-19,991.1505812025736,412.68600000000004,1129.7085812025734,668.4369359019302,817.5883874683824,379.8617926434039,516.5701701815574,17.0,13.0,22.0,11.25,15.5,3.9475730941090075,9.520313211043197
US,Phones,2013,35,8,3,Summer,0.42857142857142855,0.1142857142857143,1064.374,27,-0.8854560256532096,-0.4647231720437691,2013-35,2013-08-26,178.714,945.5471624051472,1084.2985812025736,698.1436453006434,815.9280057015012,412.04007543422176,515.6661954681862,10.0,10.0,18.0,15.5,16.25,8.582928793055824,10.073592841050939
US,Phones,2013,36,9,3,Summer,0.5714285714285714,0.17142857142857146,990.8245812025735,19,-0.9350162426854147,-0.3546048870425359,2013-36,2013-09-02,1064.374,558.336,623.49,806.2657906012868,846.5392208017157,419.7957561440971,514.1046714116123,27.0,8.0,13.0,18.25,16.75,6.9940450861190975,10.046482876201908
US,Phones,2013,37,9,3,Summer,0.5555555555555556,0.13333333333333336,2062.0931624051473,45,-0.970941817426052,-0.23931566428755774,2013-37,2013-09-09,990.8245812025735,991.1505812025736,588.77,1074.00143590193,969.3161510021446,771.33562291817,613.3052082788267,19.0,17.0,5.0,25.25,20.083333333333332,14.885675440951054,12.198795270870239
US,Phones,2013,38,9,3,Summer,0.75,0.15000000000000002,857.0020000000001,9,-0.992708874098054,-0.12053668025532357,2013-38,2013-09-16,2062.0931624051473,178.714,1423.1505812025737,1243.5734359019302,922.1371025685968,552.3906948014201,596.7727213687217,45.0,10.0,26.0,25.0,18.666666666666668,15.231546211727817,12.434068545977242
US,Phones,2013,39,9,3,Autumn,0.75,0.15000000000000002,453.1425812025736,20,-1.0,-1.8369701987210297e-16,2013-39,2013-09-23,857.0020000000001,1064.374,249.456,1090.7655812025737,939.110984335478,686.7008022692013,578.5179445664851,9.0,27.0,6.0,23.25,19.833333333333332,15.326991442115007,11.776967763264436
US,Phones,2013,40,10,4,Autumn,0.6666666666666666,0.13333333333333333,369.0705812025736,8,-0.992708874098054,0.1205366802553232,2013-40,2013-09-30,453.1425812025736,990.8245812025735,756.7191624051472,935.3270812025736,906.8069359019302,780.7869824577625,600.0507402783256,20.0,19.0,22.0,20.5,18.666666666666668,17.21433511156714,12.227638836470087
US,Phones,2013,41,10,4,Autumn,1.0,0.30000000000000004,39.968,5,-0.9709418174260521,0.23931566428755738,2013-41,2013-10-07,369.0705812025736,2062.0931624051473,1998.7425812025735,429.7957906012868,743.5757208017158,336.00767618304906,539.3618225875481,8.0,45.0,38.0,10.5,15.916666666666666,6.557438524302003,11.14742802242524
US,Phones,2013,42,10,4,Autumn,0.0,0.0,701.9605812025736,11,-0.9350162426854148,0.35460488704253557,2013-42,2013-10-14,39.968,857.0020000000001,412.68600000000004,391.0354359019302,767.6819359019302,273.41210828487687,529.604777988326,5.0,9.0,13.0,11.0,15.75,6.480740698407862,11.209776577126364
US,Phones,2013,43,10,4,Autumn,0.6,0.16,1039.2985812025736,24,-0.8854560256532101,0.464723172043768,2013-43,2013-10-21,701.9605812025736,453.1425812025736,945.5471624051472,537.5744359019302,775.4945541350489,430.0215641275179,533.1467944461417,11.0,20.0,10.0,12.0,16.916666666666668,8.366600265340757,11.28521424723787
US,Phones,2013,44,10,4,Autumn,0.5,0.1,324.176,5,-0.822983865893657,0.5680647467311548,2013-44,2013-10-28,1039.2985812025736,369.0705812025736,558.336,526.3507906012868,755.9812208017157,436.4237617215408,545.948874250507,24.0,8.0,8.0,11.25,16.666666666666668,8.95823643358446,11.531248716843157
US,Phones,2013,45,11,4,Autumn,0.3333333333333333,0.13333333333333333,647.918,9,-0.7485107481711011,0.6631226582407952,2013-45,2013-11-04,324.176,39.968,991.1505812025736,678.3382906012869,727.3785057015012,292.8063445171201,541.4809284087817,5.0,5.0,17.0,12.25,16.0,8.220908303425684,11.73959887807849
US,Phones,2013,46,11,4,Autumn,0.3333333333333333,0.08888888888888889,1684.2011624051472,32,-0.6631226582407955,0.7485107481711007,2013-46,2013-11-11,647.918,701.9605812025736,178.714,923.8984359019303,852.8357692352635,585.1522965828069,576.1013256063231,9.0,11.0,10.0,17.5,17.833333333333332,12.662279942148388,12.415776864599135
US,Phones,2013,47,11,4,Autumn,0.75,0.15000000000000002,1370.6385812025735,31,-0.5680647467311559,0.8229838658936564,2013-47,2013-11-18,1684.2011624051472,1039.2985812025736,1064.374,1006.7334359019302,878.3578176688114,628.761387060897,592.8647661643525,32.0,24.0,27.0,19.25,18.166666666666668,14.2448821218944,12.733872747578214
US,Phones,2013,48,11,4,Autumn,0.875,0.225,1600.0985812025738,19,-0.4647231720437684,0.88545602565321,2013-48,2013-11-25,1370.6385812025735,324.176,990.8245812025735,1325.7140812025737,929.1306510021446,470.89474394433574,628.3963232735188,31.0,5.0,19.0,22.75,18.166666666666668,10.904891868637062,12.733872747578214
US,Phones,2013,49,12,4,Autumn,0.45454545454545453,0.09090909090909091,2702.1137436077206,47,-0.35460488704253595,0.9350162426854147,2013-49,2013-12-02,1600.0985812025738,647.918,2062.0931624051473,1839.263017104504,982.4656994356925,590.3005009695257,748.9040960487272,19.0,9.0,45.0,32.25,18.333333333333332,11.470977871713178,13.124116131855288
US,Phones,2013,50,12,4,Autumn,0.5555555555555556,0.1111111111111111,1758.7297436077208,37,-0.2393156642875578,0.970941817426052,2013-50,2013-12-09,2702.1137436077206,1684.2011624051472,857.0020000000001,1857.8951624051472,1057.6096780696691,584.9264473241928,779.7736333509683,47.0,32.0,9.0,33.5,20.666666666666668,11.704699910719627,13.786246989685267
US,Phones,2013,51,12,4,Autumn,1.0,0.2,95.656,10,-0.12053668025532363,0.992708874098054,2013-51,2013-12-16,1758.7297436077208,1370.6385812025735,453.1425812025736,1539.1495171045037,1027.8191296361213,1078.2840674476874,811.1630706028477,37.0,31.0,20.0,28.25,19.833333333333332,16.800297616411445,14.128200897710245
US,Phones,2013,52,12,4,Winter,0.8571428571428571,0.2,1866.6711624051472,26,6.432490598706546e-16,1.0,2013-52,2013-12-23,95.656,1600.0985812025738,369.0705812025736,1605.7926624051472,1152.6191780696693,1091.4638480496953,815.7909299879962,10.0,19.0,8.0,30.0,21.333333333333332,15.853495934125489,13.70688833684684
US,Phones,2014,1,12,4,Winter,0.5,0.1,710.5319999999999,16,0.12053668025532305,0.992708874098054,2014-1,2013-12-30,1866.6711624051472,2702.1137436077206,39.968,1107.897226503217,1208.4995114030025,852.8095283612827,753.2137415507648,26.0,47.0,5.0,22.25,22.25,11.842719282327014,12.856727987534565
US,Phones,2014,3,1,1,Winter,0.6666666666666666,0.13333333333333333,187.70399999999998,11,0.3546048870425356,0.9350162426854148,2014-3,2014-01-13,710.5319999999999,1758.7297436077208,701.9605812025736,715.1407906012869,1165.644796302788,814.042261802922,797.954419641874,16.0,37.0,11.0,15.75,22.25,7.320063751999252,12.856727987534565
US,Phones,2014,4,1,1,Winter,0.8333333333333334,0.20000000000000004,1312.046,18,0.4647231720437685,0.8854560256532099,2014-4,2014-01-20,187.70399999999998,95.656,1039.2985812025736,1019.2382906012867,1188.37374786924,728.1546715727483,797.9128738942572,11.0,10.0,24.0,17.75,21.75,6.23832242407097,12.899083829340892
US,Phones,2014,5,1,1,Winter,0.5,0.13333333333333333,1192.3937436077208,24,0.5680647467311558,0.8229838658936564,2014-5,2014-01-27,1312.046,1866.6711624051472,324.176,850.6689359019302,1260.7252265032168,512.7720437376785,750.3742140974074,18.0,26.0,5.0,17.25,23.333333333333332,5.377421934967229,11.773107516966821
US,Phones,2014,6,2,1,Winter,0.6666666666666666,0.20000000000000004,658.63,16,0.6631226582407952,0.7485107481711011,2014-6,2014-02-03,1192.3937436077208,710.5319999999999,647.918,837.6934359019302,1261.6178931698837,518.1288913690978,749.5848836452069,24.0,16.0,9.0,17.25,23.916666666666668,5.377421934967229,11.155580204407558
US,Phones,2014,7,2,1,Winter,1.0,0.2,88.776,3,0.7485107481711011,0.6631226582407953,2014-7,2014-02-10,658.63,187.70399999999998,1684.2011624051472,812.9614359019301,1128.665796302788,560.1538526547635,807.1002439645413,16.0,11.0,32.0,15.25,21.5,8.845903006477068,12.325140604029269
US,Phones,2014,8,2,1,Winter,0.75,0.17500000000000002,1382.392,18,0.8229838658936564,0.5680647467311559,2014-8,2014-02-17,88.776,1312.046,1370.6385812025735,830.5479359019303,1129.6452478692402,581.7346592193069,807.427648759252,3.0,18.0,31.0,15.25,20.416666666666668,8.845903006477068,11.980729476450039
US,Phones,2014,9,2,1,Winter,1.0,0.20000000000000004,577.0265812025737,15,0.8854560256532099,0.4647231720437686,2014-9,2014-02-24,1382.392,1192.3937436077208,1600.0985812025738,676.7061453006434,1044.3892478692403,533.5157429116504,807.2496241876335,18.0,24.0,19.0,13.0,20.083333333333332,6.78232998312527,12.078969954077838
US,Phones,2014,10,3,1,Winter,1.0,0.2,403.15999999999997,5,0.9350162426854148,0.35460488704253557,2014-10,2014-03-03,577.0265812025737,658.63,2702.1137436077206,612.8386453006434,852.8097692352635,551.3926792400681,631.7985581014213,15.0,16.0,47.0,10.25,16.583333333333332,7.36545993132812,9.346446415941227
US,Phones,2014,11,3,1,Winter,0.7777777777777778,0.2222222222222222,938.9165812025735,32,0.970941817426052,0.23931566428755804,2014-11,2014-03-10,403.15999999999997,88.776,1758.7297436077208,825.3737906012868,784.4920057015012,433.24437764742476,565.8123026023981,5.0,3.0,37.0,17.5,16.166666666666668,11.15048578911849,8.418954084610977
US,Phones,2014,12,3,1,Winter,0.8333333333333334,0.23333333333333336,1640.0411624051471,32,0.992708874098054,0.120536680255323,2014-12,2014-03-17,938.9165812025735,1382.392,95.656,889.7860812025735,913.1907692352637,547.6981956781657,570.5091852899794,32.0,18.0,10.0,21.0,18.0,13.341664064126334,9.302980949429841
US,Phones,2014,13,3,1,Spring,0.4,0.08,1477.594,17,1.0,-1.6081226496766366e-16,2014-13,2014-03-24,1640.0411624051471,577.0265812025737,1866.6711624051472,1114.9279359019301,880.767672368168,561.2082697947945,520.2358814401088,32.0,15.0,26.0,21.5,17.25,13.076696830622021,8.955699048904304
US,Phones,2014,14,4,2,Spring,0.375,0.07500000000000001,1310.7791624051472,26,0.992708874098054,-0.12053668025532288,2014-14,2014-03-31,1477.594,403.15999999999997,710.5319999999999,1341.8327265032171,930.7882692352637,300.3692941539712,531.1226593308428,17.0,5.0,16.0,26.75,18.083333333333332,7.088723439378915,9.28790350483636
US,Phones,2014,15,4,2,Spring,1.0,0.2,219.184,2,0.9709418174260521,-0.2393156642875575,2014-15,2014-04-07,1310.7791624051472,938.9165812025735,187.70399999999998,1161.8995812025735,933.4116025685968,642.6922888588549,527.181863917338,26.0,32.0,11.0,19.25,17.333333333333332,13.04798835069989,10.227710428344196
US,Phones,2014,17,4,2,Spring,1.0,0.30000000000000004,674.3820000000001,13,0.8854560256532099,-0.4647231720437685,2014-17,2014-04-21,219.184,1640.0411624051471,1312.046,920.4847906012869,880.2729359019303,581.6899948421441,517.5972115479384,2.0,32.0,18.0,14.5,16.916666666666668,9.949874371066201,10.29967637032025
US,Phones,2014,18,4,2,Spring,1.0,0.30000000000000004,492.9811624051472,7,0.8229838658936565,-0.5680647467311557,2014-18,2014-04-28,674.3820000000001,1477.594,1192.3937436077208,674.3315812025737,821.9885541350491,463.7214757564497,518.6333699553973,13.0,17.0,24.0,12.0,15.5,10.360180178613371,10.405418169046705
US,Phones,2014,19,5,2,Spring,1.0,0.20000000000000004,850.3945812025736,16,0.7485107481711013,-0.663122658240795,2014-19,2014-05-05,492.9811624051472,1310.7791624051472,658.63,559.2354359019303,837.9689359019302,269.60278616966934,516.0904352297443,7.0,26.0,16.0,9.5,15.5,6.2449979983984,10.405418169046705
US,Phones,2014,20,5,2,Spring,0.6,0.12000000000000002,835.1645812025736,10,0.6631226582407952,-0.7485107481711012,2014-20,2014-05-12,850.3945812025736,219.184,88.776,713.2305812025736,900.1679843354781,167.0338109426339,459.45974800246324,16.0,2.0,3.0,11.5,16.083333333333332,3.8729833462074206,9.820741809912818
US,Phones,2014,21,5,2,Spring,0.375,0.07500000000000001,1578.8165812025736,29,0.5680647467311558,-0.8229838658936564,2014-21,2014-05-19,835.1645812025736,674.3820000000001,1382.392,939.3392265032171,916.5366994356924,457.139772647942,481.18646538029816,10.0,13.0,18.0,15.5,17.0,9.746794344808967,10.505409861763432
US,Phones,2014,22,5,2,Spring,0.8,0.16,1249.4660000000001,16,0.46472317204376906,-0.8854560256532096,2014-22,2014-05-26,1578.8165812025736,492.9811624051472,577.0265812025737,1128.4604359019304,972.5733176688113,356.279890950105,477.192368958317,29.0,7.0,15.0,17.75,17.083333333333332,8.015609770940701,10.492060490358096
US,Phones,2014,23,6,2,Spring,1.0,0.28,1207.666,15,0.35460488704253584,-0.9350162426854147,2014-23,2014-06-02,1249.4660000000001,850.3945812025736,403.15999999999997,1217.778290601287,1039.615484335478,304.32891594911155,445.3741373602539,16.0,16.0,5.0,17.5,17.916666666666668,8.103497187428815,9.82074180991282
US,Phones,2014,24,6,2,Spring,1.0,0.20000000000000004,887.792,18,0.23931566428755768,-0.970941817426052,2014-24,2014-06-09,1207.666,835.1645812025736,938.9165812025735,1230.9351453006434,1035.355102568597,282.63849543832384,446.6676246070646,15.0,10.0,32.0,19.5,16.75,6.454972243679032,8.771078507334101
US,Phones,2014,25,6,2,Spring,0.5714285714285714,0.1142857142857143,1416.3325812025735,22,0.12053668025532308,-0.992708874098054,2014-25,2014-06-16,887.792,1578.8165812025736,1640.0411624051471,1190.3141453006433,1016.7127208017158,220.91024613383885,423.1870189497824,18.0,29.0,32.0,17.75,15.916666666666666,3.0956959368344594,7.585372686155822
US,Phones,2014,26,6,2,Summer,0.6,0.2,1836.4859999999999,30,-3.216245299353273e-16,-1.0,2014-26,2014-06-23,1416.3325812025735,1249.4660000000001,1477.594,1337.0691453006434,1046.6203874683824,397.61581722896454,468.9294225390006,22.0,16.0,17.0,21.25,17.0,6.5000000000000036,8.612886750783282
US,Phones,2014,27,7,3,Summer,0.6,0.12000000000000002,790.3805812025736,14,-0.12053668025532283,-0.992708874098054,2014-27,2014-06-30,1836.4859999999999,1207.666,1310.7791624051472,1232.7477906012869,1003.2538390348345,487.471861153252,466.3352214304974,30.0,15.0,26.0,21.0,16.0,6.8313005106397355,8.157539736063475
US,Phones,2014,28,7,3,Summer,0.6666666666666666,0.20000000000000004,576.4225812025736,10,-0.23931566428755743,-0.9709418174260521,2014-28,2014-07-07,790.3805812025736,887.792,219.184,1154.90543590193,1033.0237208017159,577.4706343272618,420.923053437489,14.0,18.0,2.0,19.0,16.666666666666668,8.869423130433383,7.177405625652736
US,Phones,2014,29,7,3,Summer,0.75,0.25,1026.4405812025736,15,-0.3546048870425356,-0.9350162426854148,2014-29,2014-07-14,576.4225812025736,1416.3325812025735,674.3820000000001,1057.4324359019301,1062.36193590193,550.930160186048,405.6452849821448,10.0,22.0,13.0,17.25,16.833333333333332,8.770214744615249,7.107401178711635
US,Phones,2014,30,7,3,Summer,0.6,0.16,830.9125812025736,31,-0.46472317204376806,-0.8854560256532101,2014-30,2014-07-21,1026.4405812025736,1836.4859999999999,492.9811624051472,806.0390812025736,1090.5228874683824,184.53946091012668,372.93515616672767,15.0,30.0,7.0,17.5,18.833333333333332,9.255628917943216,7.456947137137333
US,Phones,2014,31,7,3,Summer,0.7,0.16,2179.4345812025736,38,-0.5680647467311556,-0.8229838658936566,2014-31,2014-07-28,830.9125812025736,790.3805812025736,850.3945812025736,1153.3025812025735,1201.2762208017157,708.4647003598697,477.75596670112236,31.0,14.0,16.0,23.5,20.666666666666668,13.178264933847199,9.198155282776035
US,Phones,2014,32,8,3,Summer,0.6666666666666666,0.13333333333333333,652.9411624051472,13,-0.663122658240795,-0.7485107481711013,2014-32,2014-08-04,2179.4345812025736,576.4225812025736,835.1645812025736,1172.432226503217,1186.0909359019302,688.4460609884794,493.1001087729372,38.0,10.0,10.0,24.25,20.916666666666668,12.20314167199032,8.918401134053058
US,Phones,2014,33,8,3,Summer,0.6666666666666666,0.13333333333333333,642.6985812025736,19,-0.7485107481711011,-0.6631226582407952,2014-33,2014-08-11,652.9411624051472,1026.4405812025736,1578.8165812025736,1076.496726503217,1108.0811025685969,740.3520852712757,499.33048807189437,13.0,15.0,29.0,25.25,20.083333333333332,11.324751652906127,8.554194434559136
US,Phones,2014,34,8,3,Summer,0.8333333333333334,0.16666666666666666,932.1845812025736,25,-0.8229838658936564,-0.5680647467311559,2014-34,2014-08-18,642.6985812025736,830.9125812025736,1249.4660000000001,1101.814726503217,1081.640984335478,730.8246595134398,499.5635584533293,19.0,31.0,16.0,23.75,20.833333333333332,10.688779163215976,8.558178792384764
US,Phones,2014,35,8,3,Summer,0.5,0.1,383.13800000000003,7,-0.8854560256532096,-0.4647231720437691,2014-35,2014-08-25,932.1845812025736,2179.4345812025736,1207.666,652.7405812025736,1012.9303176688113,224.25832048771397,536.0267534255319,25.0,38.0,15.0,16.0,20.166666666666668,7.745966692414835,9.33062731334856
US,Phones,2014,36,9,3,Summer,0.6666666666666666,0.13333333333333333,941.2711624051472,17,-0.9350162426854147,-0.3546048870425359,2014-36,2014-09-01,383.13800000000003,652.9411624051472,887.792,724.8230812025736,1017.3869145359068,266.67189062915656,535.1132917585658,7.0,13.0,18.0,17.0,20.083333333333332,7.483314773547884,9.356167954236332
US,Phones,2014,37,9,3,Summer,1.0,0.2666666666666667,1876.6425812025736,35,-0.970941817426052,-0.23931566428755774,2014-37,2014-09-08,941.2711624051472,642.6985812025736,1416.3325812025735,1033.3090812025735,1055.7460812025736,619.8470160857396,580.854709804432,17.0,19.0,22.0,21.0,21.166666666666668,11.88836966675134,10.302985739654076
US,Phones,2014,38,9,3,Summer,0.46153846153846156,0.09230769230769233,3201.3197436077207,47,-0.992708874098054,-0.12053668025532357,2014-38,2014-09-15,1876.6425812025736,932.1845812025736,1836.4859999999999,1600.5928718038604,1169.482226503217,1232.265047454954,828.4714689743963,35.0,25.0,30.0,26.5,22.583333333333332,17.916472867168917,12.551409434317684
US,Phones,2014,39,9,3,Autumn,0.4444444444444444,0.1111111111111111,2315.6051624051474,25,-1.0,-1.8369701987210297e-16,2014-39,2014-09-22,3201.3197436077207,383.13800000000003,790.3805812025736,2083.7096624051474,1296.5842749367648,940.0124678119739,880.3942960705573,47.0,7.0,14.0,31.0,23.5,12.96148139681572,12.265991417514755
US,Phones,2014,40,10,4,Autumn,0.5,0.1,150.774,3,-0.992708874098054,0.1205366802553232,2014-40,2014-09-29,2315.6051624051474,941.2711624051472,576.4225812025736,1886.0853718038604,1261.1135598365502,1281.3695052167948,919.7423326701695,25.0,17.0,10.0,27.5,22.916666666666668,18.645821694595995,13.104186238362805
US,Phones,2014,41,10,4,Autumn,0.7142857142857143,0.14285714285714285,790.962,32,-0.9709418174260521,0.23931566428755738,2014-41,2014-10-06,150.774,1876.6425812025736,1026.4405812025736,1614.6652265032171,1241.490344736336,1394.0652637490623,927.6821447724911,3.0,35.0,15.0,26.75,24.333333333333332,18.300728582946274,13.089435944047914
US,Phones,2014,42,10,4,Autumn,1.0,0.20000000000000004,454.32,10,-0.9350162426854148,0.35460488704253557,2014-42,2014-10-13,790.962,3201.3197436077207,830.9125812025736,927.9152906012869,1210.1076296361214,961.367163462307,948.9602124558025,32.0,47.0,31.0,17.5,22.583333333333332,13.32916601542147,13.51402189870906
US,Phones,2014,43,10,4,Autumn,0.6,0.18,1533.2697436077208,41,-0.8854560256532101,0.464723172043768,2014-43,2014-10-20,454.32,2315.6051624051474,2179.4345812025736,732.3314359019303,1156.2605598365503,594.5415952766059,906.3325329353594,10.0,25.0,38.0,21.5,22.833333333333332,17.935068069752806,13.848750080345843
US,Phones,2014,44,10,4,Autumn,1.0,0.2571428571428572,1032.424,23,-0.822983865893657,0.5680647467311548,2014-44,2014-10-27,1533.2697436077208,150.774,652.9411624051472,952.7439359019302,1187.8841296361213,453.8571510549988,893.7067720529474,41.0,3.0,13.0,26.5,23.666666666666668,13.228756555322953,13.49971941347021
US,Phones,2014,45,11,4,Autumn,0.875,0.225,2197.4937436077207,38,-0.7485107481711011,0.6631226582407952,2014-45,2014-11-03,1032.424,790.962,642.6985812025736,1304.3768718038605,1317.4503931698837,740.8564285668896,919.8055639000399,23.0,32.0,19.0,28.0,25.25,14.352700094407323,14.007303289875095
US,Phones,2014,46,11,4,Autumn,0.75,0.18333333333333335,2292.0311624051474,42,-0.6631226582407955,0.7485107481711007,2014-46,2014-11-10,2197.4937436077207,454.32,932.1845812025736,1763.8046624051472,1430.7709416034315,593.0636493614339,951.2548840501154,38.0,10.0,25.0,36.0,26.666666666666668,8.831760866327848,14.816043720074253
US,Phones,2014,47,11,4,Autumn,0.4444444444444444,0.08888888888888889,1658.9851624051473,33,-0.5680647467311559,0.8229838658936564,2014-47,2014-11-17,2292.0311624051474,1533.2697436077208,383.13800000000003,1795.2335171045038,1537.091538470527,579.9606779044497,893.0358089708565,42.0,41.0,7.0,34.0,28.833333333333332,8.205689083394114,13.523268387441997
US,Phones,2014,48,11,4,Autumn,0.6153846153846154,0.15384615384615385,2063.1157436077206,56,-0.4647231720437684,0.88545602565321,2014-48,2014-11-24,1658.9851624051473,1032.424,941.2711624051472,2052.906453006434,1630.5785869040749,278.9051953932247,883.663043673851,33.0,23.0,17.0,42.25,32.083333333333336,9.878427675158298,15.02397074576815
US,Phones,2014,49,12,4,Autumn,0.6875,0.1625,2974.405162405147,53,-0.35460488704253595,0.9350162426854147,2014-49,2014-12-01,2063.1157436077206,2197.4937436077207,1876.6425812025736,2247.1343077057904,1722.0588020042894,550.975157548751,964.5706977708555,56.0,38.0,35.0,46.0,33.583333333333336,10.551461194229612,16.194602542673028
US,Phones,2014,50,12,4,Autumn,0.625,0.15000000000000002,1357.34,25,-0.2393156642875578,0.970941817426052,2014-50,2014-12-08,2974.405162405147,2292.0311624051474,3201.3197436077207,2013.4615171045036,1568.3938233703127,702.8577767234219,847.2315720927734,53.0,42.0,47.0,41.75,31.75,15.129992289048488,15.77757326656474
US,Phones,2014,51,12,4,Autumn,1.0,0.2,249.45600000000002,6,-0.12053668025532363,0.992708874098054,2014-51,2014-12-15,1357.34,1658.9851624051473,2315.6051624051474,1661.079226503217,1396.214726503217,1150.5645029460281,890.4206975162042,25.0,33.0,25.0,35.0,30.166666666666668,23.84673283002656,17.387735140993307
US,Phones,2014,52,12,4,Winter,0.5,0.16666666666666666,1345.3385812025736,21,6.432490598706546e-16,1.0,2014-52,2014-12-22,249.45600000000002,2063.1157436077206,150.774,1481.63493590193,1495.7617749367646,1122.594288038511,800.7887932262049,6.0,56.0,3.0,26.25,31.666666666666668,19.619293225462194,15.505619704618148
